v 4.360109 -2.447335 -10.255016
v 4.531539 -2.113091 -10.255016
v 4.531539 -2.113091 -3.732508
newmtl 1
Ka 0.0 0.0 0.0
Kd 0.0 0.0 0.0
Ks 0.0 0.0 0.0
d 0.0
endmtl
v -2.810417 -4.135403 2.79
v -3.097236 -3.916905 2.79
v -3.101177 -3.922078 -3.732508
v -1.856839 4.642429 2.79
v -1.799962 4.661681 2.79
v -1.800889 4.664419 -3.732508
v 2.857945 4.1027 -10.255016
v 2.541868 4.305683 -10.255016
v 2.541868 4.305683 -3.732508
v -1.969447 4.595789 -6.580458
v -1.928751 4.613016 -6.468913
v -1.800663 4.66385 -6.468004
v -1.800786 4.664144 -6.22018
v -1.819283 4.657275 -6.172629
v -1.875429 4.63495 -6.173028
v -2.478978 4.342196 -3.732508
v -2.027464 4.570491 -6.58087
v -1.628794 4.727264 -6.443007
v -1.608463 4.734221 -6.484932
v -1.661479 4.715876 -6.578274
v -1.577976 4.74447 -6.520701
v -1.759379 4.680233 -6.467711
v -1.800889 4.664419 -10.255016
v -1.719496 4.695033 -6.578685
v -1.445623 4.786458 -10.255016
v -1.082198 4.88148 -10.255016
v -1.535236 4.758471 -6.550881
v -1.488732 4.773225 -6.568651
v -1.419637 4.794229 -6.576559
v -1.307762 4.825946 -6.575765
v -1.254591 4.840042 -5.818841
v -1.214707 4.850204 -5.929815
v -1.423963 4.792946 -5.820043
v -1.464659 4.780667 -5.931588
v -1.15669 4.864367 -5.929404
v -1.081973 4.880501 -6.167401
v -1.224557 4.847727 -6.168412
v -1.224225 4.847811 -6.215199
v -1.580075 4.743771 -6.224794
v -1.594334 4.738997 -6.238943
v -1.619259 4.730539 -6.274587
v -1.634026 4.725459 -6.313491
v -1.638992 4.723738 -6.341259
v -1.640396 4.723251 -6.369544
v -1.638989 4.723739 -6.395459
v -1.082149 4.881269 -6.344373
v -1.211761 4.850942 -6.345292
v -1.310647 4.825164 -6.169022
v -1.426681 4.792138 -6.169846
v -1.522676 4.762505 -5.932
v -1.488739 4.773223 -6.177145
v -1.537701 4.757675 -6.195425
v -1.11447 4.874213 -5.625717
v -1.129238 4.870813 -5.66462
v -1.314495 4.824117 -5.523759
v -1.089546 4.879845 -5.590072
v -1.135607 4.869332 -5.720674
v -1.134201 4.86966 -5.746589
v -1.370641 4.808466 -5.524158
v -1.231255 4.84603 -6.528848
v -1.21143 4.851024 -6.391872
v -1.082136 4.881217 -6.527791
v -1.082148 4.881265 -6.390955
v -1.065001 4.885261 -6.527669
v -1.065972 4.885049 -6.39084
v -1.082147 4.881262 -6.214192
v -1.067226 4.884775 -6.214086
v -1.066302 4.884977 -6.344261
v -1.124006 4.872023 -5.794137
v -1.103675 4.876669 -5.836062
v -1.082194 4.88146 -5.861266
v -1.015051 4.895883 -6.166925
v -0.687973 4.952443 -6.704046
v -0.386664 4.985026 -6.569232
v -0.339108 4.988471 -6.568895
v -0.607127 4.963003 -6.561987
v -0.580177 4.966226 -6.572091
v -1.230926 4.846114 -6.57522
v -1.081952 4.880413 -6.574164
v -1.012166 4.89648 -6.573668
v -0.761556 4.941663 -6.698701
v -0.741398 4.944727 -6.706217
v -0.712665 4.94895 -10.255016
v -0.720799 4.947772 -6.708438
v -0.339109 4.988487 -10.255016
v -0.709555 4.949397 -6.707955
v -0.825119 4.931448 -6.616221
v -0.801737 4.935303 -6.660974
v -0.959329 4.907106 -6.282778
v -0.782528 4.938379 -6.682869
v -0.779439 4.938874 -6.686391
v -0.65246 4.957247 -6.492094
v -0.649891 4.957584 -6.512547
v -0.792371 4.936816 -6.571486
v -0.769642 4.94041 -6.624146
v -0.64352 4.958416 -6.528648
v -0.759363 4.942 -6.642615
v -0.633929 4.959651 -6.542017
v -0.749797 4.94346 -6.653088
v -0.619263 4.961503 -6.554662
v -0.688294 4.952399 -6.658714
v -0.698693 4.950942 -6.662203
v -0.717157 4.948301 -6.664742
v -0.730096 4.946409 -6.663293
v -0.74121 4.944756 -6.659021
v -0.706642 4.949814 -5.743002
v -0.561184 4.968408 -5.74197
v -0.560213 4.968517 -5.878799
v -0.510263 4.973895 -5.518055
v -0.339109 4.988487 -3.732508
v -0.385748 4.985098 -5.514495
v -0.428782 4.981581 -5.527252
v -0.428393 4.981614 -5.58215
v -0.507378 4.97419 -5.924798
v -1.082198 4.88148 -3.732508
v -0.719769 4.947922 -5.519541
v -0.719437 4.94797 -5.566329
v -0.562437 4.968266 -5.565216
v -0.561514 4.96837 -5.695391
v -0.706973 4.949767 -5.696422
v -0.726466 4.946943 -5.879978
v -0.53975 4.970781 -6.53559
v -0.541976 4.970533 -6.535375
v -0.534067 4.971395 -6.442593
v -0.568138 4.967617 -6.53285
v -0.581318 4.966092 -6.528131
v -0.585984 4.965544 -6.525346
v -0.591867 4.964846 -6.520198
v -0.594335 4.964551 -6.517064
v -0.567421 4.967699 -6.456841
v -0.596361 4.964308 -6.513652
v -0.599001 4.96399 -6.506426
v -0.600126 4.963854 -6.496714
v -0.599672 4.963909 -6.490373
v -0.597413 4.964181 -6.482401
v -0.593523 4.964648 -6.475619
v -0.587221 4.965397 -6.468964
v -0.479917 4.976915 -6.412454
v -0.456147 4.979149 -6.506922
v -0.503798 4.974554 -6.428458
v -0.476855 4.977209 -6.519842
v -0.508758 4.974049 -6.531854
v -0.471644 4.977705 -6.403677
v -0.387989 4.984924 -6.382289
v -0.455774 4.979184 -6.559533
v -0.486326 4.976293 -6.571094
v -0.534465 4.971353 -6.577144
v -0.465076 4.978323 -6.393013
v -0.459568 4.978835 -6.377415
v -0.384664 4.985181 -6.345249
v -0.457518 4.979024 -6.357619
v -0.459656 4.978827 -6.339421
v -0.465838 4.978252 -6.323061
v -0.475401 4.977348 -6.309358
v -0.507523 4.974175 -6.286125
v -0.536009 4.971187 -6.276689
v -0.802974 4.935102 -5.926895
v -0.490605 4.975873 -6.295883
v -0.571244 4.967261 -6.273371
v -0.606962 4.963023 -6.276796
v -0.914849 4.915593 -5.927689
v -0.639983 4.958873 -6.286752
v -0.983944 4.90223 -5.919781
v -1.030448 4.892666 -5.902011
v -0.639632 4.958918 -6.336243
v -0.680473 4.953479 -6.280801
v -1.073188 4.883469 -5.871831
v -0.811802 4.933658 -6.500087
v -0.817871 4.932655 -6.524045
v -0.819222 4.932431 -6.524055
v -0.90651 4.917137 -6.282403
v -0.73745 4.945318 -6.281205
v -0.825627 4.931363 -6.500601
v -0.821916 4.931982 -6.514189
v -0.726138 4.946991 -5.92635
v -0.805858 4.934632 -5.520152
v -0.921893 4.914277 -5.520975
v -0.983951 4.902228 -5.528275
v -1.032912 4.892146 -5.546555
v -1.075287 4.883007 -5.575924
v -1.082197 4.881474 -5.58278
v -0.377008 4.985766 -6.321476
v -0.339109 4.988484 -6.282792
v -0.353472 4.98749 -6.291364
v -0.36683 4.986526 -6.304656
v -0.339109 4.988485 -5.883013
v -0.340189 4.988414 -5.882981
v -0.423881 4.982 -5.579673
v -0.38626 4.985058 -5.874753
v -0.426443 4.981781 -5.857055
v -0.426086 4.981812 -5.907378
v -0.419123 4.982402 -5.910785
v -0.635749 4.959417 -6.443937
v -0.645158 4.958202 -6.458039
v -0.518014 4.973094 -6.331985
v -0.5136 4.973552 -6.338438
v -0.517904 4.973105 -6.339331
v -0.511036 4.973816 -6.345298
v -0.510057 4.973917 -6.353416
v -0.56596 4.967865 -6.314717
v -0.550871 4.969562 -6.315741
v -0.537216 4.971056 -6.319252
v -0.525749 4.972282 -6.325246
v -0.510473 4.973874 -6.360197
v -0.512438 4.973671 -6.368125
v -0.51606 4.973297 -6.375025
v -0.52099 4.972783 -6.380528
v -0.538872 4.970877 -6.391885
v -0.598191 4.964087 -6.318468
v -0.570305 4.967369 -6.405833
v -0.626966 4.960536 -6.328944
v -0.589975 4.965071 -6.413955
v -0.623678 4.96095 -6.433013
v -0.650488 4.957506 -6.473099
v -0.382735 4.98533 -5.563682
v -0.339107 4.98846 -5.558159
v -0.332701 4.988919 -5.557348
v -0.313015 4.990192 -5.558203
v -0.278116 4.992259 -5.565525
v -0.246404 4.993925 -5.580934
v -0.185038 4.996575 -5.66784
v -0.177945 4.996832 -5.723656
v -0.321237 4.98967 -5.883551
v -0.221545 4.99509 -5.601686
v -0.218772 4.995212 -5.604681
v -0.198911 4.996042 -5.632807
v -0.178522 4.996812 -5.742617
v -0.185354 4.996563 -5.782468
v -0.269157 4.99275 -5.861762
v -0.198817 4.996046 -5.814836
v -0.217048 4.995287 -5.839973
v -0.286141 4.991806 -5.879742
v -0.228717 4.994766 -5.851263
v -0.256205 4.993432 -5.869369
v -0.165171 4.997271 -6.442565
v -0.17572 4.996911 -6.428238
v -0.183193 4.996643 -6.347147
v -0.191856 4.996318 -6.414948
v -0.214408 4.995401 -6.404094
v -0.212902 4.995465 -6.327963
v -0.250851 4.993703 -6.395665
v -0.295928 4.991235 -6.31461
v -0.278682 4.992228 -6.31268
v -0.244751 4.994006 -6.316401
v -0.337026 4.988628 -6.384215
v -0.335414 4.988737 -6.361675
v -0.330275 4.98908 -6.343497
v -0.324363 4.989468 -6.332963
v -0.316719 4.989959 -6.324715
v -0.307716 4.990522 -6.318822
v -0.085315 4.999272 -6.337303
v -0.084985 4.999278 -6.383883
v -0.157776 4.99751 -6.460284
v -0.098111 4.999037 -6.160423
v -0.09778 4.999044 -6.207211
v 0.05922 4.999649 -6.206097
v 0.060143 4.999638 -6.336271
v -0.214864 4.995381 -6.571337
v -0.195383 4.996181 -6.563834
v -0.10448 4.998909 -6.567231
v -0.178311 4.996819 -6.551742
v -0.172739 4.997015 -6.546024
v -0.162244 4.997367 -6.530326
v -0.104809 4.998901 -6.520859
v -0.156177 4.997561 -6.513081
v -0.153795 4.997634 -6.489805
v -0.154091 4.997625 -6.481856
v 0.061444 4.999622 -6.51968
v 0.060473 4.999634 -6.382852
v -0.336035 4.988695 -6.523955
v -0.334684 4.988786 -6.523945
v -0.335717 4.988717 -6.568871
v -0.321915 4.989626 -6.541847
v -0.305088 4.990684 -6.557355
v 0.036361 4.999867 -10.255016
v 0.411625 4.983027 -10.255016
v -0.294306 4.991331 -6.564038
v -0.273995 4.992487 -6.571795
v -0.245315 4.993979 -6.575093
v -0.375351 4.985891 -5.924798
v -0.339103 4.988394 -5.928004
v -0.313315 4.990173 -5.930285
v -0.206461 4.995735 -5.901168
v -0.104794 4.998902 -5.921944
v -0.244714 4.994008 -5.919549
v -0.288723 4.991657 -5.928946
v 0.111394 4.998759 -6.158937
v -0.183544 4.99663 -6.297656
v -0.194156 4.996229 -6.291612
v -0.232153 4.994607 -6.277213
v -0.283758 4.991941 -6.271333
v -0.315641 4.990027 -6.274575
v -0.336773 4.988646 -6.281398
v 0.109703 4.998796 -5.920422
v 0.411625 4.983027 -3.732508
v 0.114279 4.998694 -6.56568
v 0.106818 4.998859 -5.513679
v 0.054312 4.999705 -5.514051
v -0.173969 4.996973 -5.873772
v -0.170647 4.997087 -5.870093
v -0.105123 4.998895 -5.875571
v -0.146622 4.99785 -5.835199
v 0.056867 4.999677 -5.874423
v -0.133285 4.998223 -5.652115
v -0.152925 4.997661 -5.607071
v -0.130364 4.9983 -5.792635
v -0.122817 4.998491 -5.726384
v -0.123684 4.99847 -5.705149
v -0.182683 4.996662 -5.568761
v -0.192797 4.996282 -5.559244
v -0.231062 4.994658 -5.532847
v -0.273687 4.992504 -5.516655
v -0.332517 4.988931 -5.509933
v -0.339107 4.988457 -5.510498
v 0.623851 4.960928 -6.161482
v 0.62508 4.960773 -6.136186
v 0.968418 4.90532 -6.219771
v 0.638256 4.959096 -6.080542
v 0.664785 4.955609 -6.03045
v 0.697913 4.951052 -5.992918
v 0.742544 4.944555 -5.961279
v 0.870955 4.92356 -5.934149
v 1.05698 4.887002 -6.065864
v 0.847819 4.927596 -5.934314
v 0.79288 4.936734 -5.941485
v 1.023464 4.894131 -6.392051
v 1.003564 4.898251 -6.384352
v 1.041336 4.89036 -6.404528
v 0.981134 4.902792 -6.381636
v 0.978378 4.903341 -6.382165
v 0.969659 4.905075 -6.383842
v 0.963803 4.906229 -6.38465
v 0.833668 4.93001 -6.385573
v 0.781738 4.93851 -6.376012
v 0.730537 4.946343 -6.352746
v 0.687523 4.952506 -6.318139
v 0.683623 4.953045 -6.314011
v 0.651488 4.957375 -6.26913
v 0.631191 4.96 -6.217731
v 0.88806 4.920503 -5.853571
v 0.932002 4.912369 -5.760067
v 1.152335 4.86233 -6.114819
v 0.996662 4.89966 -5.681664
v 1.004016 4.898158 -5.674868
v 0.993513 4.900299 -5.471148
v 0.882686 4.92147 -5.549424
v 0.782665 4.938364 -5.668668
v 0.728144 4.946697 -5.778992
v 0.713901 4.948772 -5.783895
v 0.628152 4.960386 -5.827235
v 0.550202 4.969635 -5.89415
v 0.491779 4.975757 -5.976852
v 0.553481 4.969271 -6.433834
v 0.632667 4.959812 -6.499901
v 0.49554 4.975384 -6.354326
v 0.457073 4.979064 -6.065431
v 0.444532 4.9802 -6.159862
v 0.458549 4.978929 -6.263037
v 0.721213 4.947712 -6.542447
v 0.817567 4.932705 -6.562103
v 0.784566 4.938062 -10.255016
v 0.988189 4.901376 -6.560892
v 1.153079 4.865224 -10.255016
v 1.004462 4.898067 -6.558151
v 1.023538 4.894116 -6.550486
v 1.042199 4.890176 -6.537018
v 1.048873 4.888749 -6.530128
v 1.061349 4.886055 -6.511873
v 1.068827 4.884425 -6.492208
v 1.071419 4.883857 -6.470649
v 1.152065 4.861014 -6.315182
v 1.070603 4.884036 -6.459241
v 1.068341 4.884531 -6.448102
v 1.06464 4.88534 -6.437272
v 1.053379 4.88778 -6.417621
v 1.404064 4.798813 -5.409621
v 1.274918 4.834727 -5.396256
v 1.153079 4.865224 -3.732508
v 1.153028 4.865016 -5.41206
v 1.136471 4.869131 -5.414207
v 1.538667 4.757363 -5.456679
v 1.868537 4.637733 -3.732508
v 1.622746 4.729344 -5.506579
v 1.817365 4.658024 -5.626665
v 1.784211 4.670688 -5.629785
v 1.691119 4.705328 -5.564296
v 1.750893 4.683415 -5.63292
v 2.080548 4.546572 -6.485302
v 2.169952 4.504588 -6.407908
v 1.976439 4.592786 -6.537032
v 1.868537 4.637733 -10.255016
v 1.868537 4.637733 -6.663813
v 2.211443 4.484364 -10.255016
v 1.911031 4.620385 -6.610604
v 1.939584 4.608472 -6.54836
v 2.281231 4.449268 -6.008994
v 2.267946 4.456054 -5.955458
v 2.235362 4.472488 -6.313076
v 2.258857 4.460669 -6.260676
v 2.276008 4.451941 -6.205114
v 2.286055 4.446792 -6.148953
v 2.289176 4.445185 -6.09183
v 2.288156 4.44571 -6.064005
v 2.22104 4.479619 -5.851685
v 2.150918 4.513707 -5.763117
v 2.131227 4.523038 -5.744744
v 2.038779 4.565455 -5.680745
v 1.931354 4.611927 -5.639922
v 1.868397 4.637387 -5.6326
v 1.376777 4.806713 -6.489816
v 1.375007 4.80722 -6.459819
v 1.374802 4.807278 -6.4309
v 1.38316 4.804879 -6.525915
v 1.394181 4.801693 -6.561091
v 1.428835 4.791496 -6.625315
v 1.473645 4.777904 -6.674855
v 1.531531 4.759665 -6.714526
v 1.596206 4.738367 -6.738837
v 1.515084 4.764926 -10.255016
v 1.666248 4.714193 -6.746958
v 1.6772 4.710217 -6.745382
v 1.74561 4.685387 -6.735537
v 1.812133 4.660061 -6.707027
v 1.868399 4.637789 -6.663987
v 1.496129 4.770912 -6.219183
v 1.44593 4.786365 -6.265549
v 1.47453 4.777631 -5.620352
v 1.37978 4.805851 -5.582739
v 1.273257 4.835165 -5.56979
v 1.084871 4.880887 -5.617913
v 1.153043 4.865068 -5.591244
v 1.175313 4.859901 -5.582531
v 1.55253 4.752857 -5.676498
v 1.617933 4.730993 -5.753532
v 1.557258 4.75131 -6.185856
v 1.662741 4.715432 -5.844664
v 1.626939 4.727903 -6.168025
v 1.662125 4.715649 -6.165686
v 1.748071 4.684469 -5.809051
v 1.815704 4.658671 -5.800199
v 1.731207 4.690727 -6.173698
v 1.845723 4.64686 -5.801543
v 1.79526 4.666588 -6.197672
v 1.868488 4.637613 -5.806761
v 1.854686 4.64329 -6.238328
v 1.683391 4.708099 -5.833187
v 1.902892 4.623743 -6.292648
v 2.096001 4.539469 -6.167991
v 2.0836 4.545175 -6.202781
v 2.049517 4.560645 -6.261746
v 1.998043 4.583429 -6.315377
v 1.935318 4.610265 -6.354623
v 1.868516 4.637682 -6.253912
v 1.917238 4.617813 -5.817935
v 1.981947 4.590413 -5.851674
v 2.032117 4.568424 -5.895777
v 2.072605 4.550199 -5.953095
v 2.097831 4.538624 -6.017418
v 2.104519 4.535526 -6.051924
v 2.106945 4.5344 -6.087338
v 2.103816 4.535853 -6.131848
v 4.16407 2.767766 -10.255016
v 4.16407 2.767766 -3.732508
v 4.360109 2.447335 -10.255016
v 4.531539 2.113091 -3.732508
v 4.531539 2.113091 -10.255016
v 4.531539 2.113091 2.79
v 4.276822 2.590135 2.79
v 4.158324 2.763846 2.79
v 3.972073 3.036879 2.79
v 3.944527 3.072574 -10.255016
v 3.70272 3.360039 -3.732508
v 3.15544 3.873319 2.79
v 3.227288 3.81898 2.79
v 3.157892 3.87656 -3.732508
v 3.620859 3.448098 2.79
v 3.698874 3.356754 2.79
v 3.70272 3.360039 -10.255016
v 3.440014 3.62854 -10.255016
v 3.157892 3.87656 -10.255016
v 2.795964 4.145188 2.79
v 1.840623 4.648882 2.79
v 1.867895 4.636338 2.79
v 2.331933 4.422905 2.79
v 2.538157 4.299482 2.79
v 1.32778 4.820477 2.79
v 0.26168 4.993148 2.79
v 0.411001 4.97719 2.79
v 0.799406 4.935681 2.79
v 1.151694 4.85887 2.79
v -0.279108 4.992204 2.79
v -1.344599 4.815813 2.79
v -1.080615 4.874337 2.79
v -0.81663 4.932861 2.79
v -0.338792 4.985615 2.79
v -2.347358 4.414738 2.79
v -2.145989 4.516053 -10.255016
v -2.478978 4.342196 -10.255016
v -2.797974 4.143832 -10.255016
v -3.101177 3.922078 -3.732508
v -3.101177 3.922078 -10.255016
v -3.386877 3.678188 -10.255016
v -3.653461 3.413536 -3.732508
v -3.2406 3.807692 2.79
v -3.097236 3.916905 2.79
v -2.810417 4.135403 2.79
v -2.475945 4.337169 2.79
v -3.653461 3.413536 -10.255016
v -3.899422 3.129617 -10.255016
v -4.123375 2.828034 -3.732508
v -3.98265 3.022995 2.79
v -3.652289 3.412543 2.79
v -3.632873 3.435438 2.79
v -4.500327 2.178774 -10.255016
v -4.500327 2.178774 -3.732508
v -4.324054 2.510489 -10.255016
v -4.123375 2.828034 -10.255016
v -4.538887 2.09726 2.79
v -4.496735 2.176872 2.79
v -4.285837 2.57519 2.79
v -4.117391 2.823983 2.79
v -4.738842 1.594797 2.79
v -4.775818 1.480393 -3.732508
v -4.651199 1.834761 -10.255016
v -4.943637 0.748635 -10.255016
v -4.943637 0.748635 -3.732508
v -4.873481 1.117668 -10.255016
v -4.775818 1.480393 -10.255016
v -4.970755 0.539997 2.79
v -4.936773 0.747511 2.79
v -4.883361 1.073677 2.79
v -4.770944 1.479041 2.79
v -4.985889 0.375377 -10.255016
v -5.0 -0.0 -3.732508
v -5.0 0.0 -10.255016
v -4.985889 -0.375377 -10.255016
v -4.943637 -0.748635 -3.732508
v -4.970755 -0.539997 2.79
v -5.0 -0.0 2.79
v -4.775818 -1.480393 -10.255016
v -4.775818 -1.480393 -3.732508
v -4.873481 -1.117668 -10.255016
v -4.943637 -0.748635 -10.255016
v -4.738842 -1.594797 2.79
v -4.770944 -1.479041 2.79
v -4.883361 -1.073677 2.79
v -4.936773 -0.747511 2.79
v -4.538887 -2.09726 2.79
v -4.500327 -2.178774 -3.732508
v -4.651199 -1.834761 -10.255016
v -4.123375 -2.828034 -10.255016
v -4.123375 -2.828034 -3.732508
v -4.324054 -2.510489 -10.255016
v -4.500327 -2.178774 -10.255016
v -3.98265 -3.022995 2.79
v -4.117391 -2.823983 2.79
v -4.285837 -2.57519 2.79
v -4.496735 -2.176872 2.79
v -3.899422 -3.129617 -10.255016
v -3.653461 -3.413536 -3.732508
v -3.101177 -3.922078 -10.255016
v -3.386877 -3.678188 -10.255016
v -3.653461 -3.413536 -10.255016
v -3.2406 -3.807692 2.79
v -3.632873 -3.435438 2.79
v -3.652289 -3.412543 2.79
v -2.475945 -4.337169 2.79
v -2.478978 -4.342196 -3.732508
v -2.797974 -4.143832 -10.255016
v -2.478978 -4.342196 -10.255016
v -2.145989 -4.516053 -10.255016
v -1.800889 -4.664419 -3.732508
v -1.856839 -4.642429 2.79
v -2.347358 -4.414738 2.79
v -1.800889 -4.664419 -10.255016
v -1.445623 -4.786458 -10.255016
v -1.082198 -4.88148 -3.732508
v -1.344599 -4.815813 2.79
v -1.799962 -4.661681 2.79
v -0.339109 -4.988487 -10.255016
v -0.339109 -4.988487 -3.732508
v -0.712665 -4.94895 -10.255016
v -1.082198 -4.88148 -10.255016
v -0.279108 -4.992204 2.79
v -0.338792 -4.985615 2.79
v -0.81663 -4.932861 2.79
v -1.080615 -4.874337 2.79
v 0.26168 -4.993148 2.79
v 0.411625 -4.983027 -3.732508
v 0.036361 -4.999867 -10.255016
v 0.411625 -4.983027 -10.255016
v 0.784566 -4.938062 -10.255016
v 1.153079 -4.865224 -3.732508
v 1.32778 -4.820477 2.79
v 1.151694 -4.85887 2.79
v 0.799406 -4.935681 2.79
v 0.411001 -4.97719 2.79
v 1.153079 -4.865224 -10.255016
v 1.515084 -4.764926 -10.255016
v 1.868537 -4.637733 -3.732508
v 1.868537 -4.637733 -10.255016
v 2.211443 -4.484364 -10.255016
v 2.541868 -4.305683 -3.732508
v 2.331933 -4.422905 2.79
v 1.867895 -4.636338 2.79
v 1.840623 -4.648882 2.79
v 3.157892 -3.87656 -10.255016
v 3.157892 -3.87656 -3.732508
v 2.857945 -4.1027 -10.255016
v 2.541868 -4.305683 -10.255016
v 3.227288 -3.81898 2.79
v 3.15544 -3.873319 2.79
v 2.795964 -4.145188 2.79
v 2.538157 -4.299482 2.79
v 3.620859 -3.448098 2.79
v 3.70272 -3.360039 -3.732508
v 3.440014 -3.62854 -10.255016
v 4.16407 -2.767766 -10.255016
v 4.16407 -2.767766 -3.732508
v 3.944527 -3.072574 -10.255016
v 3.70272 -3.360039 -10.255016
v 4.276822 -2.590135 2.79
v 4.158324 -2.763846 2.79
v 3.972073 -3.036879 2.79
v 3.698874 -3.356754 2.79
v 4.531539 -2.113091 2.79
v 2.4063 3.319596 -12.51
v 2.930589 2.867341 -12.51
v 3.706799 1.728509 -12.51
newmtl 2
Ka 1.0 1.0 1.0
Kd 1.0 1.0 1.0
Ks 0.8784313725490196 0.8784313725490196 0.8784313725490196
d 0.0
endmtl
v 3.3713 2.333311 -12.51
v 3.715862 1.732735 -12.51
v -0.201177 -4.095061 -12.51
v 3.3713 -2.333311 -12.51
v 0.490785 -4.070519 -12.51
v 2.930589 -2.867341 -12.51
v 2.4063 -3.319596 -12.51
v 1.813384 -3.677178 -12.51
v 1.16875 -3.929888 -12.51
v 3.706799 -1.728509 -12.51
v 3.715862 -1.732735 -12.51
v -1.548319 -3.796407 -12.51
v -0.887402 -4.002814 -12.51
v 2.789778 -0.077646 -12.51
v 2.8 0.0 -12.51
v 2.789778 0.077646 -12.51
v 2.759808 0.15 -12.51
v -4.041535 0.689925 -12.51
v -3.867807 1.360173 -12.51
v -2.712132 0.212132 -12.51
v -2.165078 -3.481729 -12.51
v 2.287868 -0.212132 -12.51
v 2.240192 -0.15 -12.51
v -2.35 -0.259808 -12.51
v -2.287868 -0.212132 -12.51
v 2.210222 0.077646 -12.51
v -2.240192 -0.15 -12.51
v 2.35 0.259808 -12.51
v 2.422354 0.289778 -12.51
v 2.5 0.3 -12.51
v -2.65 0.259808 -12.51
v -3.583771 1.99163 -12.51
v -2.577646 0.289778 -12.51
v -3.197526 2.566286 -12.51
v -2.5 0.3 -12.51
v -2.72009 3.067753 -12.51
v -2.422354 0.289778 -12.51
v 2.712132 0.212132 -12.51
v 2.65 0.259808 -12.51
v 2.577646 0.289778 -12.51
v -2.210222 0.077646 -12.51
v -2.240192 0.15 -12.51
v 1.813384 3.677178 -12.51
v -2.287868 0.212132 -12.51
v 1.16875 3.929888 -12.51
v -2.759808 0.15 -12.51
v -2.789778 0.077646 -12.51
v -4.1 0.0 -12.51
v -2.8 0.0 -12.51
v -4.041535 -0.689925 -12.51
v -2.72009 -3.067753 -12.51
v -3.197526 -2.566286 -12.51
v 2.210222 -0.077646 -12.51
v -3.583771 -1.99163 -12.51
v -3.867807 -1.360173 -12.51
v 0.490785 4.070519 -12.51
v -2.35 0.259808 -12.51
v -0.201177 4.095061 -12.51
v -2.789778 -0.077646 -12.51
v -2.759808 -0.15 -12.51
v -2.712132 -0.212132 -12.51
v -2.65 -0.259808 -12.51
v 2.2 0.0 -12.51
v -2.5 -0.3 -12.51
v -2.422354 -0.289778 -12.51
v 2.35 -0.259808 -12.51
v 2.422354 -0.289778 -12.51
v 2.5 -0.3 -12.51
v 2.577646 -0.289778 -12.51
v 2.65 -0.259808 -12.51
v 3.918177 -1.173025 -12.51
v -2.165078 3.481729 -12.51
v -1.548319 3.796407 -12.51
v -0.887402 4.002814 -12.51
v 4.046816 0.592771 -12.51
v 4.09 0.0 -12.51
v 2.759808 -0.15 -12.51
v 2.287868 0.212132 -12.51
v 2.240192 0.15 -12.51
v -2.2 0.0 -12.51
v -2.210222 -0.077646 -12.51
v -2.577646 -0.289778 -12.51
v 3.918177 1.173025 -12.51
v 2.712132 -0.212132 -12.51
v 4.046816 -0.592771 -12.51
v -0.028868 0.05 3.29
v 2.006546 3.57544 3.29
v 1.813384 3.677178 3.29
v 1.16875 3.929888 3.29
v 0.490785 4.070519 3.29
v -0.201177 4.095061 3.29
v -0.887402 4.002814 3.29
v -1.548319 3.796407 3.29
v -2.165078 3.481729 3.29
v -2.72009 3.067753 3.29
v -3.197526 2.566286 3.29
v -3.583771 1.99163 3.29
v -3.867807 1.360173 3.29
v -4.041535 0.689925 3.29
v -4.099695 0.05 3.29
v 3.706799 -1.728509 3.29
v 2.093149 -3.52544 3.29
v 2.4063 -3.319596 3.29
v 3.715862 -1.732735 3.29
v 3.3713 -2.333311 3.29
v 2.930589 -2.867341 3.29
v 4.046816 -0.592771 3.29
v 4.09 -0.0 3.29
v 0.057735 -0.0 3.29
v 2.930589 2.867341 3.29
v 3.706799 1.728509 3.29
v 3.3713 2.333311 3.29
v 3.715862 1.732735 3.29
v 3.918177 -1.173025 3.29
v 2.4063 3.319596 3.29
v 2.093149 3.52544 3.29
v 3.918177 1.173025 3.29
v 4.046816 0.592771 3.29
v 5.005575 -0.210524 -8.077321
v 5.002894 -0.266746 -8.127353
v 5.006978 -0.173996 -8.199824
v 4.999415 -0.325499 -8.209097
v 4.997814 -0.349227 -8.261518
v 5.009932 0.026185 -7.999825
v 5.01 0.0 -8.000676
v 5.009298 -0.083843 -8.01523
v 5.007369 -0.162354 -8.047001
v 4.996552 -0.36684 -8.325009
v 4.996028 -0.373898 -8.399824
v 4.996028 -0.373898 -9.699824
v 5.000296 -0.311671 -9.914089
v 5.002944 -0.265799 -9.973309
v 5.006978 -0.173996 -9.899824
v 5.00562 -0.209462 -10.023104
v 5.007905 -0.144875 -10.061441
v 5.009449 -0.074336 -10.087008
v 5.01 0.0 -10.098971
v 5.009932 0.026185 -10.099824
v 4.996558 -0.366751 -9.775102
v 4.998049 -0.345844 -9.846986
v 5.002117 0.280945 -10.008134
v 4.998138 0.344546 -9.941884
v 5.004885 0.226324 -9.899824
v 4.996057 0.373516 -9.898075
v 4.994066 0.399247 -9.843916
v 5.008348 0.128655 -10.086454
v 5.004987 0.224061 -10.047404
v 4.992497 0.418419 -9.777845
v 4.991847 0.426102 -9.699824
v 4.991847 0.426102 -8.399824
v 5.004885 0.226324 -8.199824
v 5.00047 0.30887 -8.116907
v 5.003839 0.248377 -8.067268
v 5.006796 0.179143 -8.030259
v 5.008912 0.104393 -8.007561
v 4.992505 0.418327 -8.321343
v 4.994358 0.395591 -8.246601
v 4.997153 0.358554 -8.177392
v 5.009287 -0.084527 0.769053
v 4.996594 -0.366262 0.532476
v 4.995187 -0.38498 0.467141
v 5.006296 -0.192623 -1.109961
v 5.009995 0.007542 -1.309961
v 5.005229 -0.218599 -1.239917
v 5.007734 -0.15068 -1.277348
v 5.009406 -0.077144 -1.300899
v 5.01 -0.0 -1.30989
v 4.996855 -0.362688 -1.061446
v 4.999351 -0.32648 -1.130063
v 5.002286 -0.277904 -1.190201
v 4.994603 -0.392482 0.390039
v 4.994603 -0.392482 -0.909961
v 4.995194 -0.38489 -0.987522
v 5.00223 -0.278926 0.669233
v 4.998374 -0.341112 0.586144
v 5.005185 -0.219609 0.7193
v 5.007148 -0.16903 0.748969
v 5.009247 -0.086852 0.778747
v 5.003127 0.26234 -1.218288
v 4.999385 0.325954 -1.152033
v 5.005693 0.207696 -1.109961
v 4.997412 0.354927 -1.108221
v 4.995517 0.380662 -1.054058
v 5.008791 0.110022 -1.296604
v 5.005786 0.205445 -1.25756
v 4.99402 0.399835 -0.987985
v 4.993399 0.407518 -0.909961
v 4.993399 0.407518 0.390039
v 5.005693 0.207696 0.590039
v 5.001584 0.29027 0.672973
v 5.004729 0.229765 0.722615
v 5.007428 0.160517 0.759622
v 5.009266 0.085756 0.782313
v 5.009995 0.007542 0.790039
v 4.994027 0.399743 0.468523
v 4.995795 0.377005 0.543269
v 4.998453 0.339963 0.612482
v 5.009935 1.0E-6 0.789137
v 4.547985 -2.101412 -3.633193
v 4.540602 -2.117317 -3.632598
v 4.540602 -2.117317 -3.851002
v 4.799528 -1.436884 -4.076595
v 4.568519 -2.056389 -3.650138
v 4.562097 -2.070597 -3.641986
v 4.555177 -2.085776 -3.636311
v 4.682441 -1.78181 -4.08196
v 4.799528 -1.436884 -4.319402
v 4.891243 -1.084363 -4.319266
v 4.891243 -1.084363 -4.562072
v 4.957103 -0.726109 -4.565882
v 4.957103 -0.726109 -4.808689
v 4.996758 -0.364016 -4.815141
v 4.996758 -0.364016 -5.057947
v 5.009701 9.0E-6 -5.06573
v 5.01 -0.0 -5.30853
v 5.009994 0.00823 -5.07139
v 5.009993 0.008568 -5.314428
v 4.996458 0.368121 -4.82217
v 4.996445 0.368289 -5.065326
v 4.957103 0.726109 -4.574267
v 4.957103 0.726109 -4.81754
v 4.891243 1.084363 -4.326181
v 4.891243 1.084363 -4.569454
v 4.799528 1.436884 -4.082064
v 4.540602 2.117317 -3.632508
v 4.547545 2.102363 -3.633633
v 4.540602 2.117317 -3.854145
v 4.554316 2.087656 -3.637009
v 4.799528 1.436884 -4.325336
v 4.682441 1.78181 -4.086479
v 4.566718 2.060387 -3.650296
v 4.560723 2.073621 -3.64256
newmtl 3
Ka 0.7450980392156863 0.9215686274509803 0.9882352941176471
Kd 0.7450980392156863 0.9215686274509803 0.9882352941176471
Ks 0.37254901960784315 0.4588235294117647 0.49411764705882355
d 0.0
endmtl
v 4.957103 -0.726109 -10.255016
v 4.891243 -1.084363 -10.255016
v 4.799528 -1.436884 -10.255016
v 4.682441 -1.78181 -10.255016
v 4.540602 -2.117317 -10.255016
v 5.01 0.0 -10.255016
v 4.996758 -0.364016 -10.255016
v 4.957103 0.726109 -10.255016
v 4.996758 0.364016 -10.255016
v 4.540602 2.117317 -10.255016
v 4.682441 1.78181 -10.255016
v 4.799528 1.436884 -10.255016
v 4.891243 1.084363 -10.255016
v 3.706799 -1.728509 3.4
v 3.918177 -1.173025 3.4
v 4.046816 -0.592771 3.4
v 4.09 -0.0 3.4
v 4.046816 0.592771 3.4
v 3.918177 1.173025 3.4
v 3.706799 1.728509 3.4
v 4.793888 1.435196 2.79
v 4.724254 1.667792 2.79
v 4.704653 1.660873 2.94788
v 4.353543 0.6377 3.4
v 4.39483 0.213234 3.4
v 4.509756 0.660582 3.379215
v 4.552524 0.220886 3.379215
v 4.655323 0.681904 3.318275
v 4.699472 0.228015 3.318275
v 4.780324 0.700214 3.221335
v 4.825658 0.234138 3.221335
v 4.876241 0.714264 3.095
v 4.922485 0.238836 3.095
v 4.936537 0.723096 2.94788
v 4.983353 0.241789 2.94788
v 4.957103 0.726109 2.79
v 4.39483 -0.213234 3.4
v 4.353543 -0.6377 3.4
v 4.552524 -0.220886 3.379215
v 4.509756 -0.660582 3.379215
v 4.699472 -0.228015 3.318275
v 4.655323 -0.681904 3.318275
v 4.825658 -0.234138 3.221335
v 4.780324 -0.700214 3.221335
v 4.922485 -0.238836 3.095
v 4.876241 -0.714264 3.095
v 4.983353 -0.241789 2.94788
v 4.936537 -0.723096 2.94788
v 4.271358 -1.056175 3.4
v 4.424621 -1.094072 3.379215
v 4.56744 -1.129387 3.318275
v 4.690082 -1.159713 3.221335
v 4.784188 -1.182982 3.095
v 4.843345 -1.19761 2.94788
v 3.987754 1.85952 3.4
v 4.149045 1.464728 3.4
v 4.130842 1.926243 3.379215
v 4.29792 1.517285 3.379215
v 4.264178 1.988419 3.318275
v 4.436649 1.56626 3.318275
v 4.378677 2.041811 3.221335
v 4.555779 1.608316 3.221335
v 4.466535 2.082779 3.095
v 4.64719 1.640587 3.095
v 4.521764 2.108533 2.94788
v 4.540602 2.117317 2.79
v 4.863523 1.202599 2.79
v 4.843345 1.19761 2.94788
v 4.784188 1.182982 3.095
v 4.690082 1.159713 3.221335
v 4.56744 1.129387 3.318275
v 4.424621 1.094072 3.379215
v 4.271358 1.056175 3.4
v 5.004113 -0.242797 2.79
v 5.004113 -0.0 2.79
v 5.004113 0.242797 2.79
v 4.793888 -1.435196 2.79
v 4.863523 -1.202599 2.79
v 4.957103 -0.726109 2.79
v 4.724254 -1.667792 2.79
v 4.704653 -1.660873 2.94788
v 4.64719 -1.640587 3.095
v 4.555779 -1.608316 3.221335
v 4.436649 -1.56626 3.318275
v 4.29792 -1.517285 3.379215
v 4.149045 -1.464728 3.4
v 3.987754 -1.85952 3.4
v 4.130842 -1.926243 3.379215
v 4.264178 -1.988419 3.318275
v 4.378677 -2.041811 3.221335
v 4.466535 -2.082779 3.095
v 4.521764 -2.108533 2.94788
v 4.540602 -2.117317 2.79
v 3.706799 -1.728509 -12.62
v 3.918177 -1.173025 -12.62
v 4.046816 -0.592771 -12.62
v 4.09 0.0 -12.62
v 4.046816 0.592771 -12.62
v 3.918177 1.173025 -12.62
v 3.706799 1.728509 -12.62
v 3.987754 -1.85952 -12.62
v 4.149045 -1.464728 -12.62
v 4.271358 -1.056175 -12.62
v 4.271358 1.056175 -12.62
v 4.149045 1.464728 -12.62
v 3.987754 1.85952 -12.62
v 4.353543 0.6377 -12.62
v 4.39483 0.213234 -12.62
v 4.39483 -0.213234 -12.62
v 4.353543 -0.6377 -12.62
v 4.130842 1.926243 -12.599215
v 4.29792 1.517285 -12.599215
v 4.264178 1.988419 -12.538276
v 4.436649 1.56626 -12.538276
v 4.378677 2.041811 -12.441336
v 4.555779 1.608316 -12.441336
v 4.466535 2.082779 -12.315001
v 4.64719 1.640587 -12.315001
v 4.521764 2.108533 -12.167879
v 4.704653 1.660873 -12.167879
v 4.540602 2.117317 -12.009999
v 4.724254 1.667792 -12.009999
v 4.793888 1.435196 -12.009999
v 4.843345 1.19761 -12.167879
v 4.863523 1.202599 -12.009999
v 4.957103 0.726109 -12.009999
v 4.936537 0.723096 -12.167879
v 5.004113 0.242797 -12.009999
v 4.983353 0.241789 -12.167879
v 5.004113 0.0 -12.009999
v 4.983353 -0.241789 -12.167879
v 4.863523 -1.202599 -12.009999
v 4.936537 -0.723096 -12.167879
v 4.957103 -0.726109 -12.009999
v 5.004113 -0.242797 -12.009999
v 4.793888 -1.435196 -12.009999
v 4.704653 -1.660873 -12.167879
v 4.843345 -1.19761 -12.167879
v 4.724254 -1.667792 -12.009999
v 4.540602 -2.117317 -12.009999
v 4.521764 -2.108533 -12.167879
v 4.784188 1.182982 -12.315001
v 4.876241 0.714264 -12.315001
v 4.922485 0.238836 -12.315001
v 4.922485 -0.238836 -12.315001
v 4.876241 -0.714264 -12.315001
v 4.784188 -1.182982 -12.315001
v 4.64719 -1.640587 -12.315001
v 4.466535 -2.082779 -12.315001
v 4.690082 1.159713 -12.441336
v 4.780324 0.700214 -12.441336
v 4.825658 0.234138 -12.441336
v 4.825658 -0.234138 -12.441336
v 4.780324 -0.700214 -12.441336
v 4.690082 -1.159713 -12.441336
v 4.555779 -1.608316 -12.441336
v 4.378677 -2.041811 -12.441336
v 4.56744 1.129387 -12.538276
v 4.655323 0.681904 -12.538276
v 4.699472 0.228015 -12.538276
v 4.699472 -0.228015 -12.538276
v 4.655323 -0.681904 -12.538276
v 4.56744 -1.129387 -12.538276
v 4.436649 -1.56626 -12.538276
v 4.264178 -1.988419 -12.538276
v 4.424621 1.094072 -12.599215
v 4.509756 0.660582 -12.599215
v 4.552524 0.220886 -12.599215
v 4.552524 -0.220886 -12.599215
v 4.509756 -0.660582 -12.599215
v 4.424621 -1.094072 -12.599215
v 4.29792 -1.517285 -12.599215
v 4.130842 -1.926243 -12.599215
v 4.540602 -2.117317 -11.764983
v 4.682441 -1.78181 -11.764983
v 4.799528 -1.436884 -11.764983
v 4.891243 -1.084363 -11.764983
v 4.957103 -0.726109 -11.764983
v 4.996758 -0.364016 -11.764983
v 5.01 0.0 -11.764983
v 4.996758 0.364016 -11.764983
v 4.957103 0.726109 -11.764983
v 4.891243 1.084363 -11.764983
v 4.799528 1.436884 -11.764983
v 4.682441 1.78181 -11.764983
v 4.540602 2.117317 -11.764983
v 4.52312 2.109165 -11.612795
v 4.664412 1.77495 -11.612795
v 4.471778 2.085224 -11.470232
v 4.611467 1.754803 -11.470232
v 4.389825 2.047009 -11.346311
v 4.526954 1.722643 -11.346311
v 4.583553 1.555907 -11.346311
v 4.726779 1.415105 -11.470232
v 4.640152 1.389171 -11.346311
v 4.728823 1.048355 -11.346311
v 4.817105 1.067926 -11.470232
v 4.792496 0.701997 -11.346311
v 4.881966 0.715103 -11.470232
v 4.811665 0.526963 -11.346311
v 4.921021 0.358499 -11.470232
v 4.830834 0.351929 -11.346311
v 4.843637 0.0 -11.346311
v 4.934062 0.0 -11.470232
v 4.830834 -0.351929 -11.346311
v 4.921021 -0.358499 -11.470232
v 4.811665 -0.526963 -11.346311
v 4.881966 -0.715103 -11.470232
v 4.792496 -0.701997 -11.346311
v 4.728823 -1.048355 -11.346311
v 4.817105 -1.067926 -11.470232
v 4.640152 -1.389171 -11.346311
v 4.726779 -1.415105 -11.470232
v 4.583553 -1.555907 -11.346311
v 4.611467 -1.754803 -11.470232
v 4.526954 -1.722643 -11.346311
v 4.389825 -2.047009 -11.346311
v 4.471778 -2.085224 -11.470232
v 4.781048 1.431352 -11.612795
v 4.872411 1.080187 -11.612795
v 4.938016 0.723313 -11.612795
v 4.97752 0.362615 -11.612795
v 4.99071 0.0 -11.612795
v 4.97752 -0.362615 -11.612795
v 4.938016 -0.723313 -11.612795
v 4.872411 -1.080187 -11.612795
v 4.781048 -1.431352 -11.612795
v 4.664412 -1.77495 -11.612795
v 4.52312 -2.109165 -11.612795
v 4.521013 -1.720258 -10.67369
v 4.389825 -2.047009 -10.67369
v 4.323994 -2.016311 -10.773233
v 4.786179 -0.700954 -10.67369
v 4.728823 -1.048355 -10.67369
v 4.657908 -1.032633 -10.773233
v 4.824441 0.35158 -10.67369
v 4.843637 0.0 -10.67369
v 4.771 0.0 -10.773233
v 4.633987 1.387446 -10.67369
v 4.728823 1.048355 -10.67369
v 4.657908 1.032633 -10.773233
v 4.389825 2.047009 -10.67369
v 4.521013 1.720258 -10.67369
v 4.517804 1.533588 -10.773233
v 4.586586 1.556936 -10.67369
v 4.786179 0.700954 -10.67369
v 4.742642 0.519404 -10.773233
v 4.814847 0.527312 -10.67369
v 4.824441 -0.35158 -10.67369
v 4.742642 -0.519404 -10.773233
v 4.814847 -0.527312 -10.67369
v 4.633987 -1.387446 -10.67369
v 4.517804 -1.533588 -10.773233
v 4.586586 -1.556936 -10.67369
v 4.517804 1.533588 -11.246767
v 4.323994 2.016311 -10.773233
v 4.474713 1.518961 -10.887751
v 4.282753 1.99708 -10.887751
v 4.460041 1.51398 -11.009999
v 4.26871 1.990532 -11.009999
v 4.474713 1.518961 -11.13225
v 4.282753 1.99708 -11.13225
v 4.323994 2.016311 -11.246767
v 4.613482 1.022784 -10.887751
v 4.598354 1.019431 -11.009999
v 4.613482 1.022784 -11.13225
v 4.657908 1.032633 -11.246767
v 4.742642 0.519404 -11.246767
v 4.697408 0.51445 -10.887751
v 4.682005 0.512763 -11.009999
v 4.697408 0.51445 -11.13225
v 4.725495 0.0 -10.887751
v 4.71 0.0 -11.009999
v 4.725495 0.0 -11.13225
v 4.771 0.0 -11.246767
v 4.742642 -0.519404 -11.246767
v 4.697408 -0.51445 -10.887751
v 4.682005 -0.512763 -11.009999
v 4.697408 -0.51445 -11.13225
v 4.613482 -1.022784 -10.887751
v 4.598354 -1.019431 -11.009999
v 4.613482 -1.022784 -11.13225
v 4.657908 -1.032633 -11.246767
v 4.517804 -1.533588 -11.246767
v 4.474713 -1.518961 -10.887751
v 4.460041 -1.51398 -11.009999
v 4.474713 -1.518961 -11.13225
v 4.282753 -1.99708 -10.887751
v 4.26871 -1.990532 -11.009999
v 4.282753 -1.99708 -11.13225
v 4.323994 -2.016311 -11.246767
v 4.471778 2.085224 -10.549767
v 4.611467 1.754803 -10.549767
v 4.52312 2.109165 -10.407205
v 4.664412 1.77495 -10.407205
v 4.881966 0.715103 -10.549767
v 4.817105 1.067926 -10.549767
v 4.726779 1.415105 -10.549767
v 4.921021 -0.358499 -10.549767
v 4.934062 0.0 -10.549767
v 4.921021 0.358499 -10.549767
v 4.726779 -1.415105 -10.549767
v 4.817105 -1.067926 -10.549767
v 4.881966 -0.715103 -10.549767
v 4.781048 1.431352 -10.407205
v 4.872411 1.080187 -10.407205
v 4.938016 0.723313 -10.407205
v 4.97752 0.362615 -10.407205
v 4.99071 0.0 -10.407205
v 4.97752 -0.362615 -10.407205
v 4.938016 -0.723313 -10.407205
v 4.872411 -1.080187 -10.407205
v 4.781048 -1.431352 -10.407205
v 4.664412 -1.77495 -10.407205
v 4.52312 -2.109165 -10.407205
v 4.611467 -1.754803 -10.549767
v 4.471778 -2.085224 -10.549767
v 3.715862 -1.732735 -12.61
v 3.987754 -1.85952 -12.61
v 4.128496 -1.925149 -12.589555
v 4.259646 -1.986306 -12.529615
v 4.372268 -2.038822 -12.434264
v 4.458685 -2.079119 -12.31
v 4.51301 -2.104451 -12.165291
v 4.531539 -2.113091 -12.009999
v 4.531539 -2.113091 -11.764983
v 4.514343 -2.105073 -11.615291
v 4.463843 -2.081525 -11.475065
v 4.383234 -2.043936 -11.353174
v 4.31606 -2.012612 -11.251599
v 4.273976 -1.992988 -11.134745
v 4.259646 -1.986306 -11.009999
v 4.273976 -1.992988 -10.885256
v 4.31606 -2.012612 -10.7684
v 4.383234 -2.043936 -10.666826
v 4.463843 -2.081525 -10.544935
v 4.514343 -2.105073 -10.40471
v 3.715862 -1.732735 3.39
v 3.987754 -1.85952 3.39
v 4.128496 -1.925149 3.369555
v 4.259646 -1.986306 3.309615
v 4.372268 -2.038822 3.214264
v 4.458685 -2.079119 3.09
v 4.51301 -2.104451 2.945291
v 3.715862 1.732735 3.39
v 3.987754 1.85952 3.39
v 4.128496 1.925149 3.369555
v 4.259646 1.986306 3.309615
v 4.372268 2.038822 3.214264
v 4.458685 2.079119 3.09
v 4.51301 2.104451 2.945291
v 4.514343 2.105073 -10.40471
v 4.463843 2.081525 -10.544935
v 4.383234 2.043936 -10.666826
v 4.31606 2.012612 -10.7684
v 4.273976 1.992988 -10.885256
v 4.259646 1.986306 -11.009999
v 4.273976 1.992988 -11.134745
v 4.31606 2.012612 -11.251599
v 4.383234 2.043936 -11.353174
v 4.463843 2.081525 -11.475065
v 4.514343 2.105073 -11.615291
v 4.531539 2.113091 -11.764983
v 4.531539 2.113091 -12.009999
v 4.51301 2.104451 -12.165291
v 4.458685 2.079119 -12.31
v 4.372268 2.038822 -12.434264
v 4.259646 1.986306 -12.529615
v 4.128496 1.925149 -12.589555
v 3.987754 1.85952 -12.61
v 3.715862 1.732735 -12.61
v 1.813384 -3.677178 3.39
v 2.4063 -3.319596 3.39
v 3.3713 -2.333311 3.39
v 2.930589 -2.867341 3.39
v 2.006546 -3.57544 3.29
v 1.813384 -3.677178 3.29
v 1.16875 -3.929888 3.39
v 1.16875 -3.929888 3.29
v 0.490785 -4.070519 3.39
v 0.490785 -4.070519 3.29
v -0.201177 -4.095061 3.39
v -0.201177 -4.095061 3.29
v -0.887402 -4.002814 3.39
v -0.887402 -4.002814 3.29
v -1.548319 -3.796407 3.39
v -1.548319 -3.796407 3.29
v -2.165078 -3.481729 3.39
v -2.165078 -3.481729 3.29
v -2.72009 -3.067753 3.39
v -2.72009 -3.067753 3.29
v -3.197526 -2.566286 3.39
v -3.197526 -2.566286 3.29
v -3.583771 -1.99163 3.39
v -3.583771 -1.99163 3.29
v -3.867807 -1.360173 3.39
v -3.867807 -1.360173 3.29
v -4.041535 -0.689925 3.39
v -4.041535 -0.689925 3.29
v -4.099695 -0.05 3.29
v -4.1 -0.0 3.39
v -4.1 -0.0 3.29
v -4.041535 0.689925 3.39
v -3.867807 1.360173 3.39
v -3.583771 1.99163 3.39
v -3.197526 2.566286 3.39
v -2.72009 3.067753 3.39
v -2.165078 3.481729 3.39
v -1.548319 3.796407 3.39
v -0.887402 4.002814 3.39
v -0.201177 4.095061 3.39
v 0.490785 4.070519 3.39
v 1.16875 3.929888 3.39
v 1.813384 3.677178 3.39
v 2.4063 3.319596 3.39
v 2.930589 2.867341 3.39
v 3.3713 2.333311 3.39
v -0.028868 -0.05 3.29
v 3.3713 -2.333311 -12.61
v 2.930589 -2.867341 -12.61
v 2.4063 -3.319596 -12.61
v 1.813384 -3.677178 -12.61
v 1.16875 -3.929888 -12.61
v 0.490785 -4.070519 -12.61
v -0.201177 -4.095061 -12.61
v -0.887402 -4.002814 -12.61
v -1.548319 -3.796407 -12.61
v -2.165078 -3.481729 -12.61
v -2.72009 -3.067753 -12.61
v -3.197526 -2.566286 -12.61
v -3.583771 -1.99163 -12.61
v -3.867807 -1.360173 -12.61
v -4.041535 -0.689925 -12.61
v -4.1 0.0 -12.61
v -4.041535 0.689925 -12.61
v -3.867807 1.360173 -12.61
v -3.583771 1.99163 -12.61
v -3.197526 2.566286 -12.61
v -2.72009 3.067753 -12.61
v -2.165078 3.481729 -12.61
v -1.548319 3.796407 -12.61
v -0.887402 4.002814 -12.61
v -0.201177 4.095061 -12.61
v 0.490785 4.070519 -12.61
v 1.16875 3.929888 -12.61
v 1.813384 3.677178 -12.61
v 2.4063 3.319596 -12.61
v 2.930589 2.867341 -12.61
v 3.3713 2.333311 -12.61
v 3.763603 2.279319 -12.61
v 2.052101 3.892156 -12.61
v -4.374264 -0.475197 -12.61
v -4.4 0.0 -12.61
v -3.994221 -1.845589 -12.61
v -4.170181 -1.403421 -12.61
v -4.297358 -0.944835 -12.61
v 2.460449 3.647765 -12.61
v 2.840014 3.360703 -12.61
v 3.186356 3.034326 -12.61
v 3.495424 2.672454 -12.61
v -3.504732 -2.660236 -12.61
v -3.771536 -2.266167 -12.61
v 1.619748 -4.091016 -12.61
v 1.168447 -4.24202 -12.61
v 2.460449 -3.647765 -12.61
v 2.052101 -3.892156 -12.61
v 0.703477 4.3434 -12.61
v 1.168447 4.24202 -12.61
v 1.619748 4.091016 -12.61
v -0.718634 4.340917 -12.61
v -0.245615 4.393139 -12.61
v 0.230278 4.39397 -12.61
v 0.703477 -4.3434 -12.61
v 0.230278 -4.39397 -12.61
v -0.245615 -4.393139 -12.61
v 3.763603 -2.279319 -12.61
v 3.495424 -2.672454 -12.61
v 3.186356 -3.034326 -12.61
v 2.840014 -3.360703 -12.61
v -3.196929 3.023185 -12.61
v -2.851728 3.350769 -12.61
v -3.771536 2.266167 -12.61
v -3.504732 2.660236 -12.61
v -2.473167 -3.639155 -12.61
v -2.851728 -3.350769 -12.61
v -3.196929 -3.023185 -12.61
v -2.473167 3.639155 -12.61
v -2.065675 3.884969 -12.61
v -1.634019 4.085338 -12.61
v -1.183247 4.237916 -12.61
v -4.374264 0.475197 -12.61
v -4.297358 0.944835 -12.61
v -4.170181 1.403421 -12.61
v -3.994221 1.845589 -12.61
v -0.718634 -4.340917 -12.61
v -1.183247 -4.237916 -12.61
v -1.634019 -4.085338 -12.61
v -2.065675 -3.884969 -12.61
v 4.158324 -2.763846 -12.009999
v 3.972073 -3.036879 -12.009999
v 3.955832 -3.024462 -12.165291
v 3.15544 -3.873319 -12.009999
v 2.795964 -4.145188 -12.009999
v 2.784532 -4.128239 -12.165291
v 1.867895 -4.636338 -12.009999
v 1.840623 -4.648882 -12.009999
v 1.833097 -4.629874 -12.165291
v 1.151694 -4.85887 -12.009999
v 0.799406 -4.935681 -12.009999
v 0.796137 -4.9155 -12.165291
v -0.338792 -4.985615 -12.009999
v -0.81663 -4.932861 -12.009999
v -0.813291 -4.912691 -12.165291
v -1.799962 -4.661681 -12.009999
v -1.856839 -4.642429 -12.009999
v -1.849247 -4.623446 -12.165291
v -2.475945 -4.337169 -12.009999
v -2.810417 -4.135403 -12.009999
v -2.798925 -4.118494 -12.165291
v -3.652289 -3.412543 -12.009999
v -3.98265 -3.022995 -12.009999
v -3.966365 -3.010635 -12.165291
v -4.117391 -2.823983 -12.009999
v -4.285837 -2.57519 -12.009999
v -4.268312 -2.564661 -12.165291
v -4.496735 -2.176872 -12.009999
v -4.538887 -2.09726 -12.009999
v -4.520328 -2.088685 -12.165291
v -4.770944 -1.479041 -12.009999
v -4.883361 -1.073677 -12.009999
v -4.863394 -1.069286 -12.165291
v -4.936773 0.747511 -12.009999
v -4.883361 1.073677 -12.009999
v -4.863394 1.069286 -12.165291
v -4.496735 2.176872 -12.009999
v -4.285837 2.57519 -12.009999
v -4.268312 2.564661 -12.165291
v -3.652289 3.412543 -12.009999
v -3.632873 3.435438 -12.009999
v -3.618019 3.421391 -12.165291
v -3.097236 3.916905 -12.009999
v -2.810417 4.135403 -12.009999
v -2.798925 4.118494 -12.165291
v -1.799962 4.661681 -12.009999
v -1.344599 4.815813 -12.009999
v -1.339101 4.796121 -12.165291
v -0.338792 4.985615 -12.009999
v -0.279108 4.992204 -12.009999
v -0.277966 4.971791 -12.165291
v 0.411001 4.97719 -12.009999
v 0.799406 4.935681 -12.009999
v 0.796137 4.9155 -12.165291
v 1.867895 4.636338 -12.009999
v 2.331933 4.422905 -12.009999
v 2.322398 4.40482 -12.165291
v 2.538157 4.299482 -12.009999
v 2.795964 4.145188 -12.009999
v 2.784532 4.128239 -12.165291
v 3.15544 3.873319 -12.009999
v 3.227288 3.81898 -12.009999
v 3.214092 3.803365 -12.165291
v 3.698874 3.356754 -12.009999
v 3.972073 3.036879 -12.009999
v 3.955832 3.024462 -12.165291
v 3.896433 2.359764 -12.589555
v 3.61879 2.766774 -12.589555
v 4.020212 2.434727 -12.529615
v 3.733749 2.854666 -12.529615
v 4.126503 2.499099 -12.434264
v 3.832466 2.930141 -12.434264
v 4.208063 2.548494 -12.31
v 3.908214 2.988055 -12.31
v 4.259334 2.579544 -12.165291
v 1.209685 4.391736 -12.589555
v 0.728305 4.496693 -12.589555
v 1.248114 4.531249 -12.529615
v 0.751442 4.63954 -12.529615
v 1.281113 4.651051 -12.434264
v 0.771309 4.762206 -12.434264
v 1.306434 4.742979 -12.31
v 0.786554 4.856331 -12.31
v 1.322351 4.800767 -12.165291
v -0.743997 4.494123 -12.589555
v -1.225008 4.387486 -12.589555
v -0.767632 4.636889 -12.529615
v -1.263923 4.526864 -12.529615
v -0.787928 4.759484 -12.434264
v -1.29734 4.64655 -12.434264
v -0.803501 4.853556 -12.31
v -1.322982 4.738389 -12.31
v -0.813291 4.912691 -12.165291
v -2.13858 4.022084 -12.589555
v -2.560453 3.767593 -12.589555
v -2.206517 4.149854 -12.529615
v -2.641792 3.887279 -12.529615
v -2.264855 4.259573 -12.434264
v -2.711639 3.990055 -12.434264
v -2.309619 4.343762 -12.31
v -2.765234 4.068918 -12.31
v -2.337759 4.396687 -12.165291
v -3.628426 2.754125 -12.589555
v -3.904647 2.346148 -12.589555
v -3.743691 2.841616 -12.529615
v -4.028687 2.420679 -12.529615
v -3.842671 2.916746 -12.434264
v -4.135201 2.48468 -12.434264
v -3.918621 2.974395 -12.31
v -4.216933 2.533789 -12.31
v -3.966365 3.010635 -12.165291
v -4.317361 1.452953 -12.589555
v -4.449027 0.978182 -12.589555
v -4.454512 1.499109 -12.529615
v -4.59036 1.009256 -12.529615
v -4.572285 1.538744 -12.434264
v -4.711725 1.03594 -12.434264
v -4.662656 1.569157 -12.31
v -4.804852 1.056415 -12.31
v -4.719466 1.588276 -12.165291
v -4.528647 -0.491969 -12.589555
v -4.449027 -0.978182 -12.589555
v -4.67251 -0.507597 -12.529615
v -4.59036 -1.009256 -12.529615
v -4.796047 -0.521017 -12.434264
v -4.711725 -1.03594 -12.434264
v -4.89084 -0.531315 -12.31
v -4.804852 -1.056415 -12.31
v -4.95043 -0.537789 -12.165291
v -2.952375 -3.469029 -12.589555
v -2.560453 -3.767593 -12.589555
v -3.046164 -3.57923 -12.529615
v -2.641792 -3.887279 -12.529615
v -3.126702 -3.673862 -12.434264
v -2.711639 -3.990055 -12.434264
v -3.188501 -3.746475 -12.31
v -2.765234 -4.068918 -12.31
v -3.227349 -3.792122 -12.165291
v -1.225008 -4.387486 -12.589555
v -0.743997 -4.494123 -12.589555
v -1.263923 -4.526864 -12.529615
v -0.767632 -4.636889 -12.529615
v -1.29734 -4.64655 -12.434264
v -0.787928 -4.759484 -12.434264
v -1.322982 -4.738389 -12.31
v -0.803501 -4.853556 -12.31
v -1.339101 -4.796121 -12.165291
v 0.238406 -4.549048 -12.589555
v 0.728305 -4.496693 -12.589555
v 0.245979 -4.693559 -12.529615
v 0.751442 -4.63954 -12.529615
v 0.252482 -4.817653 -12.434264
v 0.771309 -4.762206 -12.434264
v 0.257473 -4.912873 -12.31
v 0.786554 -4.856331 -12.31
v 0.26061 -4.972731 -12.165291
v 2.124527 -4.029524 -12.589555
v 2.547287 -3.776508 -12.589555
v 2.192017 -4.157531 -12.529615
v 2.628207 -3.896477 -12.529615
v 2.249972 -4.267452 -12.434264
v 2.697694 -3.999496 -12.434264
v 2.294443 -4.351798 -12.31
v 2.751014 -4.078546 -12.31
v 2.322398 -4.40482 -12.165291
v 3.298814 -3.141418 -12.589555
v 3.61879 -2.766774 -12.589555
v 3.403608 -3.241212 -12.529615
v 3.733749 -2.854666 -12.529615
v 3.493596 -3.326907 -12.434264
v 3.832466 -2.930141 -12.434264
v 3.562647 -3.392663 -12.31
v 3.908214 -2.988055 -12.31
v 3.606054 -3.433999 -12.165291
v 4.276822 2.590135 -12.009999
v 4.158324 2.763846 -12.009999
v 3.620859 3.448098 -12.009999
v 3.606054 3.433999 -12.165291
v 3.562647 3.392663 -12.31
v 3.493596 3.326907 -12.434264
v 3.403608 3.241212 -12.529615
v 3.298814 3.141418 -12.589555
v 2.940248 3.479314 -12.589555
v 3.033651 3.589841 -12.529615
v 3.113858 3.684754 -12.434264
v 3.175403 3.757582 -12.31
v 2.751014 4.078546 -12.31
v 2.697694 3.999496 -12.434264
v 2.628207 3.896477 -12.529615
v 2.547287 3.776508 -12.589555
v 2.294443 4.351798 -12.31
v 2.249972 4.267452 -12.434264
v 2.192017 4.157531 -12.529615
v 2.124527 4.029524 -12.589555
v 1.840623 4.648882 -12.009999
v 1.833097 4.629874 -12.165291
v 1.811031 4.574142 -12.31
v 1.77593 4.485487 -12.434264
v 1.730185 4.369949 -12.529615
v 1.676915 4.235403 -12.589555
v 1.32778 4.820477 -12.009999
v 1.151694 4.85887 -12.009999
v 0.26168 4.993148 -12.009999
v 0.26061 4.972731 -12.165291
v 0.257473 4.912873 -12.31
v 0.252482 4.817653 -12.434264
v 0.245979 4.693559 -12.529615
v 0.238406 4.549048 -12.589555
v -0.254283 4.548189 -12.589555
v -0.262361 4.692672 -12.529615
v -0.269298 4.816741 -12.434264
v -0.27462 4.911944 -12.31
v -0.81663 4.932861 -12.009999
v -1.080615 4.874337 -12.009999
v -1.856839 4.642429 -12.009999
v -1.849247 4.623446 -12.165291
v -1.826987 4.567793 -12.31
v -1.791577 4.47926 -12.434264
v -1.745429 4.363883 -12.529615
v -1.691689 4.229524 -12.589555
v -2.347358 4.414738 -12.009999
v -2.475945 4.337169 -12.009999
v -3.2406 3.807692 -12.009999
v -3.227349 3.792122 -12.165291
v -3.188501 3.746475 -12.31
v -3.126702 3.673862 -12.434264
v -3.046164 3.57923 -12.529615
v -2.952375 3.469029 -12.589555
v -3.309759 3.129884 -12.589555
v -3.414901 3.229311 -12.529615
v -3.505188 3.314692 -12.434264
v -3.574468 3.380206 -12.31
v -3.98265 3.022995 -12.009999
v -4.117391 2.823983 -12.009999
v -4.538887 2.09726 -12.009999
v -4.520328 2.088685 -12.165291
v -4.465916 2.063543 -12.31
v -4.379358 2.023548 -12.434264
v -4.266554 1.971425 -12.529615
v -4.135191 1.910726 -12.589555
v -4.738842 1.594797 -12.009999
v -4.770944 1.479041 -12.009999
v -4.970755 0.539997 -12.009999
v -4.95043 0.537789 -12.165291
v -4.89084 0.531315 -12.31
v -4.796047 0.521017 -12.434264
v -4.67251 0.507597 -12.529615
v -4.528647 0.491969 -12.589555
v -4.555292 0.0 -12.589555
v -4.7 0.0 -12.529615
v -4.824264 0.0 -12.434264
v -4.919615 0.0 -12.31
v -4.979556 0.0 -12.165291
v -5.0 0.0 -12.009999
v -4.970755 -0.539997 -12.009999
v -4.936773 -0.747511 -12.009999
v -4.738842 -1.594797 -12.009999
v -4.719466 -1.588276 -12.165291
v -4.662656 -1.569157 -12.31
v -4.572285 -1.538744 -12.434264
v -4.454512 -1.499109 -12.529615
v -4.317361 -1.452953 -12.589555
v -4.135191 -1.910726 -12.589555
v -4.266554 -1.971425 -12.529615
v -4.379358 -2.023548 -12.434264
v -4.465916 -2.063543 -12.31
v -4.216933 -2.533789 -12.31
v -4.135201 -2.48468 -12.434264
v -4.028687 -2.420679 -12.529615
v -3.904647 -2.346148 -12.589555
v -3.918621 -2.974395 -12.31
v -3.842671 -2.916746 -12.434264
v -3.743691 -2.841616 -12.529615
v -3.628426 -2.754125 -12.589555
v -3.632873 -3.435438 -12.009999
v -3.618019 -3.421391 -12.165291
v -3.574468 -3.380206 -12.31
v -3.505188 -3.314692 -12.434264
v -3.414901 -3.229311 -12.529615
v -3.309759 -3.129884 -12.589555
v -3.2406 -3.807692 -12.009999
v -3.097236 -3.916905 -12.009999
v -2.347358 -4.414738 -12.009999
v -2.337759 -4.396687 -12.165291
v -2.309619 -4.343762 -12.31
v -2.264855 -4.259573 -12.434264
v -2.206517 -4.149854 -12.529615
v -2.13858 -4.022084 -12.589555
v -1.691689 -4.229524 -12.589555
v -1.745429 -4.363883 -12.529615
v -1.791577 -4.47926 -12.434264
v -1.826987 -4.567793 -12.31
v -1.344599 -4.815813 -12.009999
v -1.080615 -4.874337 -12.009999
v -0.279108 -4.992204 -12.009999
v -0.277966 -4.971791 -12.165291
v -0.27462 -4.911944 -12.31
v -0.269298 -4.816741 -12.434264
v -0.262361 -4.692672 -12.529615
v -0.254283 -4.548189 -12.589555
v 0.26168 -4.993148 -12.009999
v 0.411001 -4.97719 -12.009999
v 1.32778 -4.820477 -12.009999
v 1.322351 -4.800767 -12.165291
v 1.306434 -4.742979 -12.31
v 1.281113 -4.651051 -12.434264
v 1.248114 -4.531249 -12.529615
v 1.209685 -4.391736 -12.589555
v 1.676915 -4.235403 -12.589555
v 1.730185 -4.369949 -12.529615
v 1.77593 -4.485487 -12.434264
v 1.811031 -4.574142 -12.31
v 2.331933 -4.422905 -12.009999
v 2.538157 -4.299482 -12.009999
v 3.227288 -3.81898 -12.009999
v 3.214092 -3.803365 -12.165291
v 3.175403 -3.757582 -12.31
v 3.113858 -3.684754 -12.434264
v 3.033651 -3.589841 -12.529615
v 2.940248 -3.479314 -12.589555
v 3.620859 -3.448098 -12.009999
v 3.698874 -3.356754 -12.009999
v 4.276822 -2.590135 -12.009999
v 4.259334 -2.579544 -12.165291
v 4.208063 -2.548494 -12.31
v 4.126503 -2.499099 -12.434264
v 4.020212 -2.434727 -12.529615
v 3.896433 -2.359764 -12.589555
v 4.360109 2.447335 -11.764983
v 4.16407 2.767766 -11.764983
v 3.944527 3.072574 -11.764983
v 3.70272 3.360039 -11.764983
v 3.440014 3.62854 -11.764983
v 3.157892 3.87656 -11.764983
v 2.857945 4.1027 -11.764983
v 2.541868 4.305683 -11.764983
v 2.211443 4.484364 -11.764983
v 1.868537 4.637733 -11.764983
v 1.515084 4.764926 -11.764983
v 1.153079 4.865224 -11.764983
v 0.784566 4.938062 -11.764983
v 0.411625 4.983027 -11.764983
v 0.036361 4.999867 -11.764983
v -0.339109 4.988487 -11.764983
v -0.712665 4.94895 -11.764983
v -1.082198 4.88148 -11.764983
v -1.445623 4.786458 -11.764983
v -1.800889 4.664419 -11.764983
v -2.145989 4.516053 -11.764983
v -2.478978 4.342196 -11.764983
v -2.797974 4.143832 -11.764983
v -3.101177 3.922078 -11.764983
v -3.386877 3.678188 -11.764983
v -3.653461 3.413536 -11.764983
v -3.899422 3.129617 -11.764983
v -4.123375 2.828034 -11.764983
v -4.324054 2.510489 -11.764983
v -4.500327 2.178774 -11.764983
v -4.651199 1.834761 -11.764983
v -4.775818 1.480393 -11.764983
v -4.873481 1.117668 -11.764983
v -4.943637 0.748635 -11.764983
v -4.985889 0.375377 -11.764983
v -5.0 0.0 -11.764983
v -4.985889 -0.375377 -11.764983
v -4.943637 -0.748635 -11.764983
v -4.873481 -1.117668 -11.764983
v -4.775818 -1.480393 -11.764983
v -4.651199 -1.834761 -11.764983
v -4.500327 -2.178774 -11.764983
v -4.324054 -2.510489 -11.764983
v -4.123375 -2.828034 -11.764983
v -3.899422 -3.129617 -11.764983
v -3.653461 -3.413536 -11.764983
v -3.386877 -3.678188 -11.764983
v -3.101177 -3.922078 -11.764983
v -2.797974 -4.143832 -11.764983
v -2.478978 -4.342196 -11.764983
v -2.145989 -4.516053 -11.764983
v -1.800889 -4.664419 -11.764983
v -1.445623 -4.786458 -11.764983
v -1.082198 -4.88148 -11.764983
v -0.712665 -4.94895 -11.764983
v -0.339109 -4.988487 -11.764983
v 0.036361 -4.999867 -11.764983
v 0.411625 -4.983027 -11.764983
v 0.784566 -4.938062 -11.764983
v 1.153079 -4.865224 -11.764983
v 1.515084 -4.764926 -11.764983
v 1.868537 -4.637733 -11.764983
v 2.211443 -4.484364 -11.764983
v 2.541868 -4.305683 -11.764983
v 2.857945 -4.1027 -11.764983
v 3.157892 -3.87656 -11.764983
v 3.440014 -3.62854 -11.764983
v 3.70272 -3.360039 -11.764983
v 3.944527 -3.072574 -11.764983
v 4.16407 -2.767766 -11.764983
v 4.360109 -2.447335 -11.764983
v 4.343564 2.438048 -11.615291
v 4.13131 2.514497 -11.353174
v 4.211765 2.364216 -11.353174
v 4.294975 2.410775 -11.475065
v 4.022186 2.673333 -11.353174
v 4.101863 2.726418 -11.475065
v 3.829067 2.954431 -11.353174
v 3.885601 3.026673 -11.475065
v 3.814543 2.971247 -11.353174
v 3.647406 3.309845 -11.475065
v 3.577065 3.246209 -11.353174
v 2.660023 4.039145 -11.353174
v 2.761248 3.964158 -11.353174
v 2.815252 4.041411 -11.475065
v 3.053203 3.747882 -11.353174
v 3.110717 3.81865 -11.475065
v 3.088916 3.721426 -11.353174
v 3.388625 3.574334 -11.475065
v 3.322609 3.50459 -11.353174
v 3.480185 3.358381 -11.353174
v 2.455018 4.15848 -11.353174
v 2.503896 4.241362 -11.475065
v 2.198732 4.307666 -11.353174
v 2.178407 4.417373 -11.475065
v 2.137764 4.334655 -11.353174
v 1.840623 4.568451 -11.475065
v 1.805516 4.481731 -11.353174
v 0.678209 4.788574 -11.353174
v 0.758147 4.772711 -11.353174
v 0.772846 4.864294 -11.475065
v 1.114545 4.701983 -11.353174
v 1.135854 4.792544 -11.475065
v 1.201754 4.684677 -11.353174
v 1.492451 4.693744 -11.475065
v 1.463279 4.601963 -11.353174
v 1.710661 4.523721 -11.353174
v 0.397527 4.812628 -11.353174
v 0.405476 4.908588 -11.475065
v 0.146404 4.834147 -11.353174
v 0.035818 4.925177 -11.475065
v 0.035292 4.831376 -11.353174
v -0.334043 4.913966 -11.475065
v -0.327938 4.822318 -11.353174
v -1.433772 4.618952 -11.353174
v -1.397848 4.627963 -11.353174
v -1.424027 4.714954 -11.475065
v -1.045436 4.716362 -11.353174
v -1.066031 4.808557 -11.475065
v -0.916057 4.748816 -11.353174
v -0.702018 4.875019 -11.475065
v -0.688366 4.779824 -11.353174
v -0.387184 4.82084 -11.353174
v -1.739508 4.505199 -11.353174
v -1.773986 4.594738 -11.475065
v -1.934023 4.432828 -11.353174
v -2.113931 4.448588 -11.475065
v -2.073018 4.362816 -11.353174
v -2.441945 4.27733 -11.475065
v -2.39749 4.199377 -11.353174
v -3.05485 3.863488 -11.475065
v -2.858052 3.901532 -11.353174
v -2.756176 4.081929 -11.475065
v -2.702759 4.002616 -11.353174
v -2.410719 4.192714 -11.353174
v -3.64326 3.180733 -11.353174
v -3.529415 3.297453 -11.353174
v -3.598882 3.362542 -11.475065
v -3.275745 3.557528 -11.353174
v -3.336282 3.62324 -11.475065
v -3.270574 3.56283 -11.353174
v -2.995528 3.788657 -11.353174
v -3.766358 3.022944 -11.353174
v -3.84117 3.082865 -11.475065
v -3.971573 2.759896 -11.353174
v -4.061777 2.785787 -11.475065
v -3.987112 2.734669 -11.353174
v -4.259458 2.472986 -11.475065
v -4.177665 2.425325 -11.353174
v -4.653261 1.318172 -11.353174
v -4.614701 1.430287 -11.353174
v -4.704473 1.458278 -11.475065
v -4.496531 1.773873 -11.353174
v -4.581716 1.807352 -11.475065
v -4.479667 1.822909 -11.353174
v -4.433098 2.146226 -11.475065
v -4.346567 2.104406 -11.353174
v -4.251511 2.305442 -11.353174
v -4.706845 1.079487 -11.353174
v -4.800678 1.100972 -11.475065
v -4.770178 0.797381 -11.353174
v -4.869785 0.737452 -11.475065
v -4.778342 0.723746 -11.353174
v -4.911407 0.369769 -11.475065
v -4.818381 0.362612 -11.353174
v -4.770178 -0.797381 -11.353174
v -4.778342 -0.723746 -11.353174
v -4.869785 -0.737452 -11.475065
v -4.818381 -0.362612 -11.353174
v -4.911407 -0.369769 -11.475065
v -4.828995 -0.266877 -11.353174
v -4.925306 0.0 -11.475065
v -4.828995 0.0 -11.353174
v -4.828995 0.266877 -11.353174
v -4.706845 -1.079487 -11.353174
v -4.800678 -1.100972 -11.475065
v -4.653261 -1.318172 -11.353174
v -4.704473 -1.458278 -11.475065
v -4.614701 -1.430287 -11.353174
v -4.581716 -1.807352 -11.475065
v -4.496531 -1.773873 -11.353174
v -3.971573 -2.759896 -11.353174
v -3.987112 -2.734669 -11.353174
v -4.061777 -2.785787 -11.475065
v -4.177665 -2.425325 -11.353174
v -4.259458 -2.472986 -11.475065
v -4.251511 -2.305442 -11.353174
v -4.433098 -2.146226 -11.475065
v -4.346567 -2.104406 -11.353174
v -4.479667 -1.822909 -11.353174
v -3.766358 -3.022944 -11.353174
v -3.84117 -3.082865 -11.475065
v -3.64326 -3.180733 -11.353174
v -3.598882 -3.362542 -11.475065
v -3.529415 -3.297453 -11.353174
v -3.336282 -3.62324 -11.475065
v -3.275745 -3.557528 -11.353174
v -3.05485 -3.863488 -11.475065
v -2.995528 -3.788657 -11.353174
v -3.270574 -3.56283 -11.353174
v -1.934023 -4.432828 -11.353174
v -2.073018 -4.362816 -11.353174
v -2.113931 -4.448588 -11.475065
v -2.39749 -4.199377 -11.353174
v -2.441945 -4.27733 -11.475065
v -2.410719 -4.192714 -11.353174
v -2.756176 -4.081929 -11.475065
v -2.702759 -4.002616 -11.353174
v -2.858052 -3.901532 -11.353174
v -1.739508 -4.505199 -11.353174
v -1.773986 -4.594738 -11.475065
v -1.433772 -4.618952 -11.353174
v -1.424027 -4.714954 -11.475065
v -1.397848 -4.627963 -11.353174
v -1.066031 -4.808557 -11.475065
v -1.045436 -4.716362 -11.353174
v 0.146404 -4.834147 -11.353174
v 0.035292 -4.831376 -11.353174
v 0.035818 -4.925177 -11.475065
v -0.327938 -4.822318 -11.353174
v -0.334043 -4.913966 -11.475065
v -0.387184 -4.82084 -11.353174
v -0.702018 -4.875019 -11.475065
v -0.688366 -4.779824 -11.353174
v -0.916057 -4.748816 -11.353174
v 0.397527 -4.812628 -11.353174
v 0.405476 -4.908588 -11.475065
v 0.678209 -4.788574 -11.353174
v 0.772846 -4.864294 -11.475065
v 0.758147 -4.772711 -11.353174
v 1.135854 -4.792544 -11.475065
v 1.114545 -4.701983 -11.353174
v 2.198732 -4.307666 -11.353174
v 2.137764 -4.334655 -11.353174
v 2.178407 -4.417373 -11.475065
v 1.805516 -4.481731 -11.353174
v 1.840623 -4.568451 -11.475065
v 1.710661 -4.523721 -11.353174
v 1.492451 -4.693744 -11.475065
v 1.463279 -4.601963 -11.353174
v 1.201754 -4.684677 -11.353174
v 2.455018 -4.15848 -11.353174
v 2.503896 -4.241362 -11.475065
v 2.660023 -4.039145 -11.353174
v 2.815252 -4.041411 -11.475065
v 2.761248 -3.964158 -11.353174
v 3.110717 -3.81865 -11.475065
v 3.053203 -3.747882 -11.353174
v 3.829067 -2.954431 -11.353174
v 3.814543 -2.971247 -11.353174
v 3.885601 -3.026673 -11.475065
v 3.577065 -3.246209 -11.353174
v 3.647406 -3.309845 -11.475065
v 3.480185 -3.358381 -11.353174
v 3.388625 -3.574334 -11.475065
v 3.322609 -3.50459 -11.353174
v 3.088916 -3.721426 -11.353174
v 4.148268 2.757263 -11.615291
v 3.929559 3.060914 -11.615291
v 3.688669 3.347289 -11.615291
v 3.42696 3.614771 -11.615291
v 3.145909 3.86185 -11.615291
v 2.8471 4.087132 -11.615291
v 2.532222 4.289344 -11.615291
v 2.203052 4.467347 -11.615291
v 1.861446 4.620134 -11.615291
v 1.509335 4.746844 -11.615291
v 1.148704 4.846762 -11.615291
v 0.781589 4.919323 -11.615291
v 0.410063 4.964119 -11.615291
v 0.036223 4.980895 -11.615291
v -0.337822 4.969558 -11.615291
v -0.70996 4.930171 -11.615291
v -1.078092 4.862956 -11.615291
v -1.440137 4.768294 -11.615291
v -1.794055 4.646719 -11.615291
v -2.137846 4.498915 -11.615291
v -2.469571 4.325719 -11.615291
v -2.787357 4.128108 -11.615291
v -3.08941 3.907195 -11.615291
v -3.374025 3.66423 -11.615291
v -3.639597 3.400583 -11.615291
v -3.884625 3.117742 -11.615291
v -4.107728 2.817303 -11.615291
v -4.307646 2.500963 -11.615291
v -4.48325 2.170506 -11.615291
v -4.633549 1.827799 -11.615291
v -4.757695 1.474775 -11.615291
v -4.854988 1.113427 -11.615291
v -4.924878 0.745795 -11.615291
v -4.966969 0.373953 -11.615291
v -4.981027 0.0 -11.615291
v -4.966969 -0.373953 -11.615291
v -4.924878 -0.745795 -11.615291
v -4.854988 -1.113427 -11.615291
v -4.757695 -1.474775 -11.615291
v -4.633549 -1.827799 -11.615291
v -4.48325 -2.170506 -11.615291
v -4.307646 -2.500963 -11.615291
v -4.107728 -2.817303 -11.615291
v -3.884625 -3.117742 -11.615291
v -3.639597 -3.400583 -11.615291
v -3.374025 -3.66423 -11.615291
v -3.08941 -3.907195 -11.615291
v -2.787357 -4.128108 -11.615291
v -2.469571 -4.325719 -11.615291
v -2.137846 -4.498915 -11.615291
v -1.794055 -4.646719 -11.615291
v -1.440137 -4.768294 -11.615291
v -1.078092 -4.862956 -11.615291
v -0.70996 -4.930171 -11.615291
v -0.337822 -4.969558 -11.615291
v 0.036223 -4.980895 -11.615291
v 0.410063 -4.964119 -11.615291
v 0.781589 -4.919323 -11.615291
v 1.148704 -4.846762 -11.615291
v 1.509335 -4.746844 -11.615291
v 1.861446 -4.620134 -11.615291
v 2.203052 -4.467347 -11.615291
v 2.532222 -4.289344 -11.615291
v 2.8471 -4.087132 -11.615291
v 3.145909 -3.86185 -11.615291
v 3.42696 -3.614771 -11.615291
v 3.688669 -3.347289 -11.615291
v 3.929559 -3.060914 -11.615291
v 4.148268 -2.757263 -11.615291
v 4.343564 -2.438048 -11.615291
v 4.101863 -2.726418 -11.475065
v 4.294975 -2.410775 -11.475065
v 4.022186 -2.673333 -11.353174
v 4.13131 -2.514497 -11.353174
v 4.211765 -2.364216 -11.353174
v 0.75889 -4.776453 -10.666826
v 0.677925 -4.786215 -10.666826
v 0.667815 -4.715188 -10.7684
v -0.328011 -4.825228 -10.666826
v -0.386988 -4.818986 -10.666826
v -0.381251 -4.746959 -10.7684
v -1.398312 -4.62981 -10.666826
v -1.433365 -4.617768 -10.666826
v -1.411798 -4.548164 -10.7684
v -2.397847 -4.200089 -10.666826
v -2.410436 -4.19226 -10.666826
v -2.373773 -4.128459 -10.7684
v -4.781845 0.724135 -10.666826
v -4.767999 0.796967 -10.666826
v -4.697073 0.785161 -10.7684
v -4.498978 1.774715 -10.666826
v -4.478136 1.822237 -10.666826
v -4.411015 1.794972 -10.7684
v -3.988428 2.735481 -10.666826
v -3.970751 2.759285 -10.666826
v -3.910707 2.717599 -10.7684
v -3.276034 3.55781 -10.666826
v -3.270396 3.562623 -10.666826
v -3.220451 3.508229 -10.7684
v 1.115342 4.705999 -10.666826
v 1.201079 4.682244 -10.666826
v 1.183336 4.612883 -10.7684
v 2.139069 4.337603 -10.666826
v 2.197759 4.305866 -10.666826
v 2.165036 4.24165 -10.7684
v 3.054543 3.749691 -10.666826
v 3.087947 3.720324 -10.666826
v 3.041577 3.664394 -10.7684
v 3.815433 2.972017 -10.666826
v 3.82843 2.953973 -10.666826
v 3.770385 2.909153 -10.7684
v 3.770385 -2.909153 -11.251599
v 3.041577 -3.664394 -11.251599
v 2.165036 -4.24165 -11.251599
v 1.183336 -4.612883 -11.251599
v -3.220451 -3.508229 -11.251599
v -3.910707 -2.717599 -11.251599
v -4.411015 -1.794972 -11.251599
v -4.697073 -0.785161 -11.251599
v -2.373773 4.128459 -11.251599
v -1.411798 4.548164 -11.251599
v -0.381251 4.746959 -11.251599
v 0.667815 4.715188 -11.251599
v 4.067996 2.475961 -11.251599
v 3.770385 2.909153 -11.251599
v 3.42685 3.306913 -11.251599
v 3.041577 3.664394 -11.251599
v 2.619258 3.977243 -11.251599
v 2.165036 4.24165 -11.251599
v 1.684444 4.454393 -11.251599
v 1.183336 4.612883 -11.251599
v 0.14416 4.760062 -11.251599
v -0.902018 4.676038 -11.251599
v -1.904384 4.364894 -11.251599
v -2.814251 3.84174 -11.251599
v -3.220451 3.508229 -11.251599
v -3.587426 3.131988 -11.251599
v -3.910707 2.717599 -11.251599
v -4.186356 2.27011 -11.251599
v -4.411015 1.794972 -11.251599
v -4.581948 1.297971 -11.251599
v -4.697073 0.785161 -11.251599
v -4.754989 0.262787 -11.251599
v -4.754989 -0.262787 -11.251599
v -4.581948 -1.297971 -11.251599
v -4.186356 -2.27011 -11.251599
v -3.587426 -3.131988 -11.251599
v -2.814251 -3.84174 -11.251599
v -2.373773 -4.128459 -11.251599
v -1.904384 -4.364894 -11.251599
v -1.411798 -4.548164 -11.251599
v -0.902018 -4.676038 -11.251599
v -0.381251 -4.746959 -11.251599
v 0.14416 -4.760062 -11.251599
v 0.667815 -4.715188 -11.251599
v 1.684444 -4.454393 -11.251599
v 2.619258 -3.977243 -11.251599
v 3.42685 -3.306913 -11.251599
v 4.067996 -2.475961 -11.251599
v 4.027791 2.677184 -10.666826
v 4.128409 2.512722 -10.666826
v 4.067996 2.475961 -10.7684
v 4.217415 2.36724 -10.666826
v 4.028331 2.45182 -11.134745
v 4.014825 2.443599 -11.009999
v 4.028331 2.45182 -10.885256
v 3.733622 2.880788 -11.134745
v 3.721104 2.87113 -11.009999
v 3.733622 2.880788 -10.885256
v 3.327432 3.509788 -10.666826
v 3.477828 3.356074 -10.666826
v 3.42685 3.306913 -10.7684
v 3.58154 3.250074 -10.666826
v 3.393437 3.274669 -11.134745
v 3.38206 3.26369 -11.009999
v 3.393437 3.274669 -10.885256
v 3.011921 3.628665 -11.134745
v 3.001822 3.616499 -11.009999
v 3.011921 3.628665 -10.885256
v 2.458679 4.16477 -10.666826
v 2.658352 4.036541 -10.666826
v 2.619258 3.977243 -10.7684
v 2.764413 3.96843 -10.666826
v 2.593719 3.938463 -11.134745
v 2.585023 3.925259 -11.009999
v 2.593719 3.938463 -10.885256
v 2.143926 4.200292 -11.134745
v 2.136738 4.18621 -11.009999
v 2.143926 4.200292 -10.885256
v 1.465499 4.608983 -10.666826
v 1.709717 4.5211 -10.666826
v 1.684444 4.454393 -10.7684
v 1.807385 4.485953 -10.666826
v 1.66802 4.410962 -11.134745
v 1.662428 4.396173 -11.009999
v 1.66802 4.410962 -10.885256
v 1.171798 4.567906 -11.134745
v 1.16787 4.552591 -11.009999
v 1.171798 4.567906 -10.885256
v 0.667815 4.715188 -10.7684
v 0.677925 4.786215 -10.666826
v 0.75889 4.776453 -10.666826
v 0.661304 4.669213 -11.134745
v 0.659087 4.653558 -11.009999
v 0.661304 4.669213 -10.885256
v 0.035171 4.836236 -10.666826
v 0.146274 4.83125 -10.666826
v 0.14416 4.760062 -10.7684
v 0.398154 4.819947 -10.666826
v 0.142755 4.71365 -11.134745
v 0.142276 4.697846 -11.009999
v 0.142755 4.71365 -10.885256
v -0.381251 4.746959 -10.7684
v -0.386988 4.818986 -10.666826
v -0.328011 4.825228 -10.666826
v -0.377533 4.700675 -11.134745
v -0.376267 4.684915 -11.009999
v -0.377533 4.700675 -10.885256
v -1.046781 4.721723 -10.666826
v -0.915487 4.745694 -10.666826
v -0.902018 4.676038 -10.7684
v -0.689341 4.786984 -10.666826
v -0.893223 4.630445 -11.134745
v -0.890228 4.614921 -11.009999
v -0.893223 4.630445 -10.885256
v -1.411798 4.548164 -10.7684
v -1.433365 4.617768 -10.666826
v -1.398312 4.62981 -10.666826
v -1.398033 4.503818 -11.134745
v -1.393346 4.488718 -11.009999
v -1.398033 4.503818 -10.885256
v -2.075757 4.368255 -10.666826
v -1.932703 4.429757 -10.666826
v -1.904384 4.364894 -10.7684
v -1.74195 4.511765 -10.666826
v -1.885815 4.322335 -11.134745
v -1.879493 4.307843 -11.009999
v -1.885815 4.322335 -10.885256
v -2.373773 4.128459 -10.7684
v -2.410436 4.19226 -10.666826
v -2.397847 4.200089 -10.666826
v -2.350628 4.088205 -11.134745
v -2.342747 4.074498 -11.009999
v -2.350628 4.088205 -10.885256
v -2.999684 3.79372 -10.666826
v -2.856037 3.898778 -10.666826
v -2.814251 3.84174 -10.7684
v -2.706404 4.008215 -10.666826
v -2.786811 3.804281 -11.134745
v -2.777467 3.791527 -11.009999
v -2.786811 3.804281 -10.885256
v -3.189051 3.474022 -11.134745
v -3.178358 3.462375 -11.009999
v -3.189051 3.474022 -10.885256
v -3.771805 3.027194 -10.666826
v -3.640707 3.178522 -10.666826
v -3.587426 3.131988 -10.7684
v -3.533893 3.30182 -10.666826
v -3.552448 3.10145 -11.134745
v -3.540537 3.091051 -11.009999
v -3.552448 3.10145 -10.885256
v -3.872576 2.691102 -11.134745
v -3.859592 2.682079 -11.009999
v -3.872576 2.691102 -10.885256
v -4.353044 2.107469 -10.666826
v -4.248649 2.303921 -10.666826
v -4.186356 2.27011 -10.7684
v -4.182539 2.428328 -10.666826
v -4.145537 2.247976 -11.134745
v -4.131638 2.240439 -11.009999
v -4.145537 2.247976 -10.885256
v -4.368006 1.77747 -11.134745
v -4.353361 1.771511 -11.009999
v -4.368006 1.77747 -10.885256
v -4.713985 1.08109 -10.666826
v -4.650362 1.317392 -10.666826
v -4.581948 1.297971 -10.7684
v -4.619518 1.431944 -10.666826
v -4.537272 1.285315 -11.134745
v -4.522059 1.281006 -11.009999
v -4.537272 1.285315 -10.885256
v -4.651275 0.777505 -11.134745
v -4.635681 0.774898 -11.009999
v -4.651275 0.777505 -10.885256
v -4.754989 0.262787 -10.7684
v -4.826335 0.266777 -10.666826
v -4.822715 0.363092 -10.666826
v -4.708626 0.260225 -11.134745
v -4.692839 0.259352 -11.009999
v -4.708626 0.260225 -10.885256
v -4.822715 -0.363092 -10.666826
v -4.826335 -0.266777 -10.666826
v -4.754989 -0.262787 -10.7684
v -4.836364 0.0 -10.666826
v -4.708626 -0.260225 -11.134745
v -4.692839 -0.259352 -11.009999
v -4.708626 -0.260225 -10.885256
v -4.697073 -0.785161 -10.7684
v -4.767999 -0.796967 -10.666826
v -4.781845 -0.724135 -10.666826
v -4.651275 -0.777505 -11.134745
v -4.635681 -0.774898 -11.009999
v -4.651275 -0.777505 -10.885256
v -4.619518 -1.431944 -10.666826
v -4.650362 -1.317392 -10.666826
v -4.581948 -1.297971 -10.7684
v -4.713985 -1.08109 -10.666826
v -4.537272 -1.285315 -11.134745
v -4.522059 -1.281006 -11.009999
v -4.537272 -1.285315 -10.885256
v -4.411015 -1.794972 -10.7684
v -4.478136 -1.822237 -10.666826
v -4.498978 -1.774715 -10.666826
v -4.368006 -1.77747 -11.134745
v -4.353361 -1.771511 -11.009999
v -4.368006 -1.77747 -10.885256
v -4.182539 -2.428328 -10.666826
v -4.248649 -2.303921 -10.666826
v -4.186356 -2.27011 -10.7684
v -4.353044 -2.107469 -10.666826
v -4.145537 -2.247976 -11.134745
v -4.131638 -2.240439 -11.009999
v -4.145537 -2.247976 -10.885256
v -3.910707 -2.717599 -10.7684
v -3.970751 -2.759285 -10.666826
v -3.988428 -2.735481 -10.666826
v -3.872576 -2.691102 -11.134745
v -3.859592 -2.682079 -11.009999
v -3.872576 -2.691102 -10.885256
v -3.533893 -3.30182 -10.666826
v -3.640707 -3.178522 -10.666826
v -3.587426 -3.131988 -10.7684
v -3.771805 -3.027194 -10.666826
v -3.552448 -3.10145 -11.134745
v -3.540537 -3.091051 -11.009999
v -3.552448 -3.10145 -10.885256
v -3.220451 -3.508229 -10.7684
v -3.270396 -3.562623 -10.666826
v -3.276034 -3.55781 -10.666826
v -3.189051 -3.474022 -11.134745
v -3.178358 -3.462375 -11.009999
v -3.189051 -3.474022 -10.885256
v -2.706404 -4.008215 -10.666826
v -2.856037 -3.898778 -10.666826
v -2.814251 -3.84174 -10.7684
v -2.999684 -3.79372 -10.666826
v -2.786811 -3.804281 -11.134745
v -2.777467 -3.791527 -11.009999
v -2.786811 -3.804281 -10.885256
v -2.350628 -4.088205 -11.134745
v -2.342747 -4.074498 -11.009999
v -2.350628 -4.088205 -10.885256
v -1.74195 -4.511765 -10.666826
v -1.932703 -4.429757 -10.666826
v -1.904384 -4.364894 -10.7684
v -2.075757 -4.368255 -10.666826
v -1.885815 -4.322335 -11.134745
v -1.879493 -4.307843 -11.009999
v -1.885815 -4.322335 -10.885256
v -1.398033 -4.503818 -11.134745
v -1.393346 -4.488718 -11.009999
v -1.398033 -4.503818 -10.885256
v -0.689341 -4.786984 -10.666826
v -0.915487 -4.745694 -10.666826
v -0.902018 -4.676038 -10.7684
v -1.046781 -4.721723 -10.666826
v -0.893223 -4.630445 -11.134745
v -0.890228 -4.614921 -11.009999
v -0.893223 -4.630445 -10.885256
v -0.377533 -4.700675 -11.134745
v -0.376267 -4.684915 -11.009999
v -0.377533 -4.700675 -10.885256
v 0.398154 -4.819947 -10.666826
v 0.146274 -4.83125 -10.666826
v 0.14416 -4.760062 -10.7684
v 0.035171 -4.836236 -10.666826
v 0.142755 -4.71365 -11.134745
v 0.142276 -4.697846 -11.009999
v 0.142755 -4.71365 -10.885256
v 0.661304 -4.669213 -11.134745
v 0.659087 -4.653558 -11.009999
v 0.661304 -4.669213 -10.885256
v 1.183336 -4.612883 -10.7684
v 1.201079 -4.682244 -10.666826
v 1.115342 -4.705999 -10.666826
v 1.171798 -4.567906 -11.134745
v 1.16787 -4.552591 -11.009999
v 1.171798 -4.567906 -10.885256
v 1.807385 -4.485953 -10.666826
v 1.709717 -4.5211 -10.666826
v 1.684444 -4.454393 -10.7684
v 1.465499 -4.608983 -10.666826
v 1.66802 -4.410962 -11.134745
v 1.662428 -4.396173 -11.009999
v 1.66802 -4.410962 -10.885256
v 2.165036 -4.24165 -10.7684
v 2.197759 -4.305866 -10.666826
v 2.139069 -4.337603 -10.666826
v 2.143926 -4.200292 -11.134745
v 2.136738 -4.18621 -11.009999
v 2.143926 -4.200292 -10.885256
v 2.764413 -3.96843 -10.666826
v 2.658352 -4.036541 -10.666826
v 2.619258 -3.977243 -10.7684
v 2.458679 -4.16477 -10.666826
v 2.593719 -3.938463 -11.134745
v 2.585023 -3.925259 -11.009999
v 2.593719 -3.938463 -10.885256
v 3.041577 -3.664394 -10.7684
v 3.087947 -3.720324 -10.666826
v 3.054543 -3.749691 -10.666826
v 3.011921 -3.628665 -11.134745
v 3.001822 -3.616499 -11.009999
v 3.011921 -3.628665 -10.885256
v 3.58154 -3.250074 -10.666826
v 3.477828 -3.356074 -10.666826
v 3.42685 -3.306913 -10.7684
v 3.327432 -3.509788 -10.666826
v 3.393437 -3.274669 -11.134745
v 3.38206 -3.26369 -11.009999
v 3.393437 -3.274669 -10.885256
v 3.770385 -2.909153 -10.7684
v 3.82843 -2.953973 -10.666826
v 3.815433 -2.972017 -10.666826
v 3.733622 -2.880788 -11.134745
v 3.721104 -2.87113 -11.009999
v 3.733622 -2.880788 -10.885256
v 4.217415 -2.36724 -10.666826
v 4.128409 -2.512722 -10.666826
v 4.067996 -2.475961 -10.7684
v 4.027791 -2.677184 -10.666826
v 4.028331 -2.45182 -11.134745
v 4.014825 -2.443599 -11.009999
v 4.028331 -2.45182 -10.885256
v 4.343564 2.438048 -10.40471
v 4.294975 2.410775 -10.544935
v 4.101863 2.726418 -10.544935
v 3.885601 3.026673 -10.544935
v 3.647406 3.309845 -10.544935
v 3.388625 3.574334 -10.544935
v 3.110717 3.81865 -10.544935
v 2.815252 4.041411 -10.544935
v 2.503896 4.241362 -10.544935
v 2.178407 4.417373 -10.544935
v 1.840623 4.568451 -10.544935
v 1.492451 4.693744 -10.544935
v 1.135854 4.792544 -10.544935
v 0.772846 4.864294 -10.544935
v 0.405476 4.908588 -10.544935
v 0.035818 4.925177 -10.544935
v -0.334043 4.913966 -10.544935
v -0.702018 4.875019 -10.544935
v -1.066031 4.808557 -10.544935
v -1.424027 4.714954 -10.544935
v -1.773986 4.594738 -10.544935
v -2.113931 4.448588 -10.544935
v -2.441945 4.27733 -10.544935
v -2.756176 4.081929 -10.544935
v -3.05485 3.863488 -10.544935
v -3.336282 3.62324 -10.544935
v -3.598882 3.362542 -10.544935
v -3.84117 3.082865 -10.544935
v -4.061777 2.785787 -10.544935
v -4.259458 2.472986 -10.544935
v -4.433098 2.146226 -10.544935
v -4.581716 1.807352 -10.544935
v -4.704473 1.458278 -10.544935
v -4.800678 1.100972 -10.544935
v -4.869785 0.737452 -10.544935
v -4.911407 0.369769 -10.544935
v -4.925306 0.0 -10.544935
v -4.911407 -0.369769 -10.544935
v -4.869785 -0.737452 -10.544935
v -4.800678 -1.100972 -10.544935
v -4.704473 -1.458278 -10.544935
v -4.581716 -1.807352 -10.544935
v -4.433098 -2.146226 -10.544935
v -4.259458 -2.472986 -10.544935
v -4.061777 -2.785787 -10.544935
v -3.84117 -3.082865 -10.544935
v -3.598882 -3.362542 -10.544935
v -3.336282 -3.62324 -10.544935
v -3.05485 -3.863488 -10.544935
v -2.756176 -4.081929 -10.544935
v -2.441945 -4.27733 -10.544935
v -2.113931 -4.448588 -10.544935
v -1.773986 -4.594738 -10.544935
v -1.424027 -4.714954 -10.544935
v -1.066031 -4.808557 -10.544935
v -0.702018 -4.875019 -10.544935
v -0.334043 -4.913966 -10.544935
v 0.035818 -4.925177 -10.544935
v 0.405476 -4.908588 -10.544935
v 0.772846 -4.864294 -10.544935
v 1.135854 -4.792544 -10.544935
v 1.492451 -4.693744 -10.544935
v 1.840623 -4.568451 -10.544935
v 2.178407 -4.417373 -10.544935
v 2.503896 -4.241362 -10.544935
v 2.815252 -4.041411 -10.544935
v 3.110717 -3.81865 -10.544935
v 3.388625 -3.574334 -10.544935
v 3.647406 -3.309845 -10.544935
v 3.885601 -3.026673 -10.544935
v 4.101863 -2.726418 -10.544935
v 4.294975 -2.410775 -10.544935
v 4.148268 2.757263 -10.40471
v 3.929559 3.060914 -10.40471
v 3.688669 3.347289 -10.40471
v 3.42696 3.614771 -10.40471
v 3.145909 3.86185 -10.40471
v 2.8471 4.087132 -10.40471
v 2.532222 4.289344 -10.40471
v 2.203052 4.467347 -10.40471
v 1.861446 4.620134 -10.40471
v 1.509335 4.746844 -10.40471
v 1.148704 4.846762 -10.40471
v 0.781589 4.919323 -10.40471
v 0.410063 4.964119 -10.40471
v 0.036223 4.980895 -10.40471
v -0.337822 4.969558 -10.40471
v -0.70996 4.930171 -10.40471
v -1.078092 4.862956 -10.40471
v -1.440137 4.768294 -10.40471
v -1.794055 4.646719 -10.40471
v -2.137846 4.498915 -10.40471
v -2.469571 4.325719 -10.40471
v -2.787357 4.128108 -10.40471
v -3.08941 3.907195 -10.40471
v -3.374025 3.66423 -10.40471
v -3.639597 3.400583 -10.40471
v -3.884625 3.117742 -10.40471
v -4.107728 2.817303 -10.40471
v -4.307646 2.500963 -10.40471
v -4.48325 2.170506 -10.40471
v -4.633549 1.827799 -10.40471
v -4.757695 1.474775 -10.40471
v -4.854988 1.113427 -10.40471
v -4.924878 0.745795 -10.40471
v -4.966969 0.373953 -10.40471
v -4.981027 0.0 -10.40471
v -4.966969 -0.373953 -10.40471
v -4.924878 -0.745795 -10.40471
v -4.854988 -1.113427 -10.40471
v -4.757695 -1.474775 -10.40471
v -4.633549 -1.827799 -10.40471
v -4.48325 -2.170506 -10.40471
v -4.307646 -2.500963 -10.40471
v -4.107728 -2.817303 -10.40471
v -3.884625 -3.117742 -10.40471
v -3.639597 -3.400583 -10.40471
v -3.374025 -3.66423 -10.40471
v -3.08941 -3.907195 -10.40471
v -2.787357 -4.128108 -10.40471
v -2.469571 -4.325719 -10.40471
v -2.137846 -4.498915 -10.40471
v -1.794055 -4.646719 -10.40471
v -1.440137 -4.768294 -10.40471
v -1.078092 -4.862956 -10.40471
v -0.70996 -4.930171 -10.40471
v -0.337822 -4.969558 -10.40471
v 0.036223 -4.980895 -10.40471
v 0.410063 -4.964119 -10.40471
v 0.781589 -4.919323 -10.40471
v 1.148704 -4.846762 -10.40471
v 1.509335 -4.746844 -10.40471
v 1.861446 -4.620134 -10.40471
v 2.203052 -4.467347 -10.40471
v 2.532222 -4.289344 -10.40471
v 2.8471 -4.087132 -10.40471
v 3.145909 -3.86185 -10.40471
v 3.42696 -3.614771 -10.40471
v 3.688669 -3.347289 -10.40471
v 3.929559 -3.060914 -10.40471
v 4.148268 -2.757263 -10.40471
v 4.343564 -2.438048 -10.40471
v 3.896433 2.359764 3.369555
v 4.020212 2.434727 3.309615
v 4.126503 2.499099 3.214264
v 4.208063 2.548494 3.09
v 4.259334 2.579544 2.945291
v 3.606054 3.433999 2.945291
v 3.955832 3.024462 2.945291
v 3.214092 3.803365 2.945291
v 2.784532 4.128239 2.945291
v 2.322398 4.40482 2.945291
v 1.833097 4.629874 2.945291
v 1.322351 4.800767 2.945291
v 0.796137 4.9155 2.945291
v 0.26061 4.972731 2.945291
v -0.277966 4.971791 2.945291
v -0.813291 4.912691 2.945291
v -1.339101 4.796121 2.945291
v -1.849247 4.623446 2.945291
v -2.337759 4.396687 2.945291
v -2.798925 4.118494 2.945291
v -3.227349 3.792122 2.945291
v -3.618019 3.421391 2.945291
v -3.966365 3.010635 2.945291
v -4.268312 2.564661 2.945291
v -4.520328 2.088685 2.945291
v -4.719466 1.588276 2.945291
v -4.863394 1.069286 2.945291
v -4.95043 0.537789 2.945291
v -4.979556 -0.0 2.945291
v -4.95043 -0.537789 2.945291
v -4.863394 -1.069286 2.945291
v -4.719466 -1.588276 2.945291
v -4.520328 -2.088685 2.945291
v -4.268312 -2.564661 2.945291
v -3.966365 -3.010635 2.945291
v -3.618019 -3.421391 2.945291
v -3.227349 -3.792122 2.945291
v -2.798925 -4.118494 2.945291
v -2.337759 -4.396687 2.945291
v -1.849247 -4.623446 2.945291
v -1.339101 -4.796121 2.945291
v -0.813291 -4.912691 2.945291
v -0.277966 -4.971791 2.945291
v 0.26061 -4.972731 2.945291
v 0.796137 -4.9155 2.945291
v 1.322351 -4.800767 2.945291
v 1.833097 -4.629874 2.945291
v 2.322398 -4.40482 2.945291
v 2.784532 -4.128239 2.945291
v 3.214092 -3.803365 2.945291
v 3.606054 -3.433999 2.945291
v 3.955832 -3.024462 2.945291
v 4.259334 -2.579544 2.945291
v 3.908214 2.988055 3.09
v 3.562647 3.392663 3.09
v 3.175403 3.757582 3.09
v 2.751014 4.078546 3.09
v 2.294443 4.351798 3.09
v 1.811031 4.574142 3.09
v 1.306434 4.742979 3.09
v 0.786554 4.856331 3.09
v 0.257473 4.912873 3.09
v -0.27462 4.911944 3.09
v -0.803501 4.853556 3.09
v -1.322982 4.738389 3.09
v -1.826987 4.567793 3.09
v -2.309619 4.343762 3.09
v -2.765234 4.068918 3.09
v -3.188501 3.746475 3.09
v -3.574468 3.380206 3.09
v -3.918621 2.974395 3.09
v -4.216933 2.533789 3.09
v -4.465916 2.063543 3.09
v -4.662656 1.569157 3.09
v -4.804852 1.056415 3.09
v -4.89084 0.531315 3.09
v -4.919615 -0.0 3.09
v -4.89084 -0.531315 3.09
v -4.804852 -1.056415 3.09
v -4.662656 -1.569157 3.09
v -4.465916 -2.063543 3.09
v -4.216933 -2.533789 3.09
v -3.918621 -2.974395 3.09
v -3.574468 -3.380206 3.09
v -3.188501 -3.746475 3.09
v -2.765234 -4.068918 3.09
v -2.309619 -4.343762 3.09
v -1.826987 -4.567793 3.09
v -1.322982 -4.738389 3.09
v -0.803501 -4.853556 3.09
v -0.27462 -4.911944 3.09
v 0.257473 -4.912873 3.09
v 0.786554 -4.856331 3.09
v 1.306434 -4.742979 3.09
v 1.811031 -4.574142 3.09
v 2.294443 -4.351798 3.09
v 2.751014 -4.078546 3.09
v 3.175403 -3.757582 3.09
v 3.562647 -3.392663 3.09
v 3.908214 -2.988055 3.09
v 4.208063 -2.548494 3.09
v 3.832466 2.930141 3.214264
v 3.493596 3.326907 3.214264
v 3.113858 3.684754 3.214264
v 2.697694 3.999496 3.214264
v 2.249972 4.267452 3.214264
v 1.77593 4.485487 3.214264
v 1.281113 4.651051 3.214264
v 0.771309 4.762206 3.214264
v 0.252482 4.817653 3.214264
v -0.269298 4.816741 3.214264
v -0.787928 4.759484 3.214264
v -1.29734 4.64655 3.214264
v -1.791577 4.47926 3.214264
v -2.264855 4.259573 3.214264
v -2.711639 3.990055 3.214264
v -3.126702 3.673862 3.214264
v -3.505188 3.314692 3.214264
v -3.842671 2.916746 3.214264
v -4.135201 2.48468 3.214264
v -4.379358 2.023548 3.214264
v -4.572285 1.538744 3.214264
v -4.711725 1.03594 3.214264
v -4.796047 0.521017 3.214264
v -4.824264 -0.0 3.214264
v -4.796047 -0.521017 3.214264
v -4.711725 -1.03594 3.214264
v -4.572285 -1.538744 3.214264
v -4.379358 -2.023548 3.214264
v -4.135201 -2.48468 3.214264
v -3.842671 -2.916746 3.214264
v -3.505188 -3.314692 3.214264
v -3.126702 -3.673862 3.214264
v -2.711639 -3.990055 3.214264
v -2.264855 -4.259573 3.214264
v -1.791577 -4.47926 3.214264
v -1.29734 -4.64655 3.214264
v -0.787928 -4.759484 3.214264
v -0.269298 -4.816741 3.214264
v 0.252482 -4.817653 3.214264
v 0.771309 -4.762206 3.214264
v 1.281113 -4.651051 3.214264
v 1.77593 -4.485487 3.214264
v 2.249972 -4.267452 3.214264
v 2.697694 -3.999496 3.214264
v 3.113858 -3.684754 3.214264
v 3.493596 -3.326907 3.214264
v 3.832466 -2.930141 3.214264
v 4.126503 -2.499099 3.214264
v 3.733749 2.854666 3.309615
v 3.403608 3.241212 3.309615
v 3.033651 3.589841 3.309615
v 2.628207 3.896477 3.309615
v 2.192017 4.157531 3.309615
v 1.730185 4.369949 3.309615
v 1.248114 4.531249 3.309615
v 0.751442 4.63954 3.309615
v 0.245979 4.693559 3.309615
v -0.262361 4.692672 3.309615
v -0.767632 4.636889 3.309615
v -1.263923 4.526864 3.309615
v -1.745429 4.363883 3.309615
v -2.206517 4.149854 3.309615
v -2.641792 3.887279 3.309615
v -3.046164 3.57923 3.309615
v -3.414901 3.229311 3.309615
v -3.743691 2.841616 3.309615
v -4.028687 2.420679 3.309615
v -4.266554 1.971425 3.309615
v -4.454512 1.499109 3.309615
v -4.59036 1.009256 3.309615
v -4.67251 0.507597 3.309615
v -4.7 -0.0 3.309615
v -4.67251 -0.507597 3.309615
v -4.59036 -1.009256 3.309615
v -4.454512 -1.499109 3.309615
v -4.266554 -1.971425 3.309615
v -4.028687 -2.420679 3.309615
v -3.743691 -2.841616 3.309615
v -3.414901 -3.229311 3.309615
v -3.046164 -3.57923 3.309615
v -2.641792 -3.887279 3.309615
v -2.206517 -4.149854 3.309615
v -1.745429 -4.363883 3.309615
v -1.263923 -4.526864 3.309615
v -0.767632 -4.636889 3.309615
v -0.262361 -4.692672 3.309615
v 0.245979 -4.693559 3.309615
v 0.751442 -4.63954 3.309615
v 1.248114 -4.531249 3.309615
v 1.730185 -4.369949 3.309615
v 2.192017 -4.157531 3.309615
v 2.628207 -3.896477 3.309615
v 3.033651 -3.589841 3.309615
v 3.403608 -3.241212 3.309615
v 3.733749 -2.854666 3.309615
v 4.020212 -2.434727 3.309615
v 3.61879 2.766774 3.369555
v 3.298814 3.141418 3.369555
v 2.940248 3.479314 3.369555
v 2.547287 3.776508 3.369555
v 2.124527 4.029524 3.369555
v 1.676915 4.235403 3.369555
v 1.209685 4.391736 3.369555
v 0.728305 4.496693 3.369555
v 0.238406 4.549048 3.369555
v -0.254283 4.548189 3.369555
v -0.743997 4.494123 3.369555
v -1.225008 4.387486 3.369555
v -1.691689 4.229524 3.369555
v -2.13858 4.022084 3.369555
v -2.560453 3.767593 3.369555
v -2.952375 3.469029 3.369555
v -3.309759 3.129884 3.369555
v -3.628426 2.754125 3.369555
v -3.904647 2.346148 3.369555
v -4.135191 1.910726 3.369555
v -4.317361 1.452953 3.369555
v -4.449027 0.978182 3.369555
v -4.528647 0.491969 3.369555
v -4.555292 -0.0 3.369555
v -4.528647 -0.491969 3.369555
v -4.449027 -0.978182 3.369555
v -4.317361 -1.452953 3.369555
v -4.135191 -1.910726 3.369555
v -3.904647 -2.346148 3.369555
v -3.628426 -2.754125 3.369555
v -3.309759 -3.129884 3.369555
v -2.952375 -3.469029 3.369555
v -2.560453 -3.767593 3.369555
v -2.13858 -4.022084 3.369555
v -1.691689 -4.229524 3.369555
v -1.225008 -4.387486 3.369555
v -0.743997 -4.494123 3.369555
v -0.254283 -4.548189 3.369555
v 0.238406 -4.549048 3.369555
v 0.728305 -4.496693 3.369555
v 1.209685 -4.391736 3.369555
v 1.676915 -4.235403 3.369555
v 2.124527 -4.029524 3.369555
v 2.547287 -3.776508 3.369555
v 2.940248 -3.479314 3.369555
v 3.298814 -3.141418 3.369555
v 3.61879 -2.766774 3.369555
v 3.896433 -2.359764 3.369555
v 3.763603 2.279319 3.39
v 3.495424 2.672454 3.39
v 3.186356 3.034326 3.39
v 2.840014 3.360703 3.39
v 2.460449 3.647765 3.39
v 2.052101 3.892156 3.39
v 1.619748 4.091016 3.39
v 1.168447 4.24202 3.39
v 0.703477 4.3434 3.39
v 0.230278 4.39397 3.39
v -0.245615 4.393139 3.39
v -0.718634 4.340917 3.39
v -1.183247 4.237916 3.39
v -1.634019 4.085338 3.39
v -2.065675 3.884969 3.39
v -2.473167 3.639155 3.39
v -2.851728 3.350769 3.39
v -3.196929 3.023185 3.39
v -3.504732 2.660236 3.39
v -3.771536 2.266167 3.39
v -3.994221 1.845589 3.39
v -4.170181 1.403421 3.39
v -4.297358 0.944835 3.39
v -4.374264 0.475197 3.39
v -4.4 -0.0 3.39
v -4.374264 -0.475197 3.39
v -4.297358 -0.944835 3.39
v -4.170181 -1.403421 3.39
v -3.994221 -1.845589 3.39
v -3.771536 -2.266167 3.39
v -3.504732 -2.660236 3.39
v -3.196929 -3.023185 3.39
v -2.851728 -3.350769 3.39
v -2.473167 -3.639155 3.39
v -2.065675 -3.884969 3.39
v -1.634019 -4.085338 3.39
v -1.183247 -4.237916 3.39
v -0.718634 -4.340917 3.39
v -0.245615 -4.393139 3.39
v 0.230278 -4.39397 3.39
v 0.703477 -4.3434 3.39
v 1.168447 -4.24202 3.39
v 1.619748 -4.091016 3.39
v 2.052101 -3.892156 3.39
v 2.460449 -3.647765 3.39
v 2.840014 -3.360703 3.39
v 3.186356 -3.034326 3.39
v 3.495424 -2.672454 3.39
v 3.763603 -2.279319 3.39
v 2.02062 -3.581247 3.29
v 2.006699 -3.575704 3.29
v 2.093301 -3.525704 3.29
v 2.091141 -3.540532 3.29
v 2.085271 -3.554319 3.29
v 2.076079 -3.566153 3.29
v 2.035495 -3.583057 3.29
v 2.05034 -3.581013 3.29
v 2.064173 -3.575252 3.29
v -4.120084 -0.032017 3.29
v -4.126358 -0.019976 3.29
v -4.129586 -0.006789 3.29
v -4.129586 0.006789 3.29
v -4.126358 0.019976 3.29
v -4.1 0.05 3.29
v -4.111127 0.04222 3.29
v -4.120084 0.032017 3.29
v -4.1 -0.05 3.29
v -4.111127 -0.04222 3.29
v -4.1 0.05 3.19
v -4.111127 0.04222 3.19
v -4.120084 0.032017 3.19
v -4.126358 0.019976 3.19
v -4.129586 0.006789 3.19
v -4.129586 -0.006789 3.19
v -4.126358 -0.019976 3.19
v -4.120084 -0.032017 3.19
v -4.111127 -0.04222 3.19
v -4.1 -0.05 3.19
v -0.028868 0.05 3.19
v 2.006699 3.575704 3.19
v 2.006699 3.575704 3.29
v 2.093301 3.525704 3.19
v 2.093301 3.525704 3.29
v 2.095943 3.538181 3.19
v 2.095943 3.538181 3.29
v 2.095402 3.550923 3.19
v 2.095402 3.550923 3.29
v 2.09171 3.563131 3.19
v 2.09171 3.563131 3.29
v 2.0851 3.574039 3.19
v 2.0851 3.574039 3.29
v 2.075987 3.58296 3.19
v 2.075987 3.58296 3.29
v 2.064941 3.589337 3.19
v 2.064941 3.589337 3.29
v 2.052658 3.592769 3.19
v 2.052658 3.592769 3.29
v 2.039907 3.59304 3.19
v 2.039907 3.59304 3.29
v 2.027489 3.590133 3.19
v 2.027489 3.590133 3.29
v 2.016183 3.584231 3.19
v 2.016183 3.584231 3.29
v 0.057735 -0.0 3.19
v 2.093301 -3.525704 3.19
v 2.006699 -3.575704 3.19
v 2.02062 -3.581247 3.19
v 2.035495 -3.583057 3.19
v 2.05034 -3.581013 3.19
v 2.064173 -3.575252 3.19
v 2.076079 -3.566153 3.19
v 2.085271 -3.554319 3.19
v 2.091141 -3.540532 3.19
v -0.028868 -0.05 3.19
v -2.789778 -0.077646 -16.01
newmtl 4
Ka 0.7686274509803922 0.7686274509803922 0.7686274509803922
Kd 0.7686274509803922 0.7686274509803922 0.7686274509803922
Ks 0.615686274509804 0.615686274509804 0.615686274509804
d 0.0
endmtl
v -2.759808 -0.15 -16.01
v -2.712132 -0.212132 -16.01
v -2.65 -0.259808 -16.01
v -2.577646 -0.289778 -16.01
v -2.5 -0.3 -16.01
v -2.422354 -0.289778 -16.01
v -2.35 -0.259808 -16.01
v -2.287868 -0.212132 -16.01
v -2.240192 -0.15 -16.01
v -2.210222 -0.077646 -16.01
v -2.2 0.0 -16.01
v -2.210222 0.077646 -16.01
v -2.240192 0.15 -16.01
v -2.287868 0.212132 -16.01
v -2.35 0.259808 -16.01
v -2.422354 0.289778 -16.01
v -2.5 0.3 -16.01
v -2.577646 0.289778 -16.01
v -2.65 0.259808 -16.01
v -2.712132 0.212132 -16.01
v -2.759808 0.15 -16.01
v -2.789778 0.077646 -16.01
v -2.8 0.0 -16.01
v -2.5 0.0 -16.01
v 2.210222 -0.077646 -16.01
v 2.240192 -0.15 -16.01
v 2.287868 -0.212132 -16.01
v 2.35 -0.259808 -16.01
v 2.422354 -0.289778 -16.01
v 2.5 -0.3 -16.01
v 2.577646 -0.289778 -16.01
v 2.65 -0.259808 -16.01
v 2.712132 -0.212132 -16.01
v 2.759808 -0.15 -16.01
v 2.789778 -0.077646 -16.01
v 2.8 0.0 -16.01
v 2.789778 0.077646 -16.01
v 2.759808 0.15 -16.01
v 2.712132 0.212132 -16.01
v 2.65 0.259808 -16.01
v 2.577646 0.289778 -16.01
v 2.5 0.3 -16.01
v 2.422354 0.289778 -16.01
v 2.35 0.259808 -16.01
v 2.287868 0.212132 -16.01
v 2.240192 0.15 -16.01
v 2.210222 0.077646 -16.01
v 2.2 0.0 -16.01
v 2.5 0.0 -16.01
v 0.553481 4.970278 -6.433834
v 0.49554 4.976388 -6.354326
v 0.458549 4.979933 -6.263037
v 0.444532 4.981204 -6.159862
v 0.817567 4.933719 -6.562103
v 0.721213 4.948722 -6.542447
v 0.632667 4.96082 -6.499901
v 0.988189 4.902395 -6.560892
v 1.071419 4.884881 -6.470649
v 1.068827 4.885448 -6.492208
v 1.061349 4.887079 -6.511873
v 1.048873 4.889772 -6.530128
v 1.042199 4.891199 -6.537018
v 1.023538 4.895138 -6.550486
v 1.004462 4.899087 -6.558151
v 0.981134 4.903812 -6.381636
v 1.003564 4.899271 -6.384352
v 1.023464 4.895153 -6.392051
v 1.041336 4.891382 -6.404528
v 1.053379 4.888803 -6.417621
v 1.06464 4.886363 -6.437272
v 1.068314 4.885561 -6.448
v 1.070603 4.88506 -6.459241
v 0.963803 4.907248 -6.38465
v 0.969602 4.9061 -6.383535
v 0.978321 4.904375 -6.381859
v 0.833668 4.931024 -6.385573
v 0.623851 4.961936 -6.161482
v 0.631191 4.961008 -6.217731
v 0.651488 4.958383 -6.26913
v 0.683623 4.954055 -6.314011
v 0.687523 4.953515 -6.318139
v 0.730537 4.947354 -6.352746
v 0.781738 4.939523 -6.376012
v 0.847819 4.928611 -5.934314
v 0.79288 4.937747 -5.941485
v 0.742544 4.945566 -5.961279
v 0.697913 4.952062 -5.992918
v 0.664785 4.956618 -6.03045
v 0.638256 4.960104 -6.080542
v 0.62508 4.961782 -6.136186
v 0.870955 4.924575 -5.934149
v 1.273257 4.836199 -5.56979
v 1.175313 4.860929 -5.582531
v 1.084871 4.881911 -5.617913
v 1.077068 4.883577 -5.62341
v 1.004016 4.899179 -5.674868
v 0.996662 4.900681 -5.681664
v 0.932002 4.913387 -5.760067
v 0.88806 4.921519 -5.853571
v 1.662741 4.716492 -5.844664
v 1.617933 4.732049 -5.753532
v 1.55253 4.753909 -5.676498
v 1.47453 4.778678 -5.620352
v 1.37978 4.806891 -5.582739
v 1.815704 4.659745 -5.800199
v 1.748071 4.685536 -5.809051
v 1.702863 4.702048 -5.825921
v 1.683391 4.709161 -5.833187
v 2.106945 4.535503 -6.087338
v 2.104522 4.536627 -6.051949
v 2.097831 4.539725 -6.017418
v 2.072605 4.551298 -5.953095
v 2.032117 4.569519 -5.895777
v 1.981947 4.591502 -5.851674
v 1.917238 4.618896 -5.817935
v 1.845723 4.647936 -5.801543
v 1.935318 4.61135 -6.354623
v 1.998043 4.58452 -6.315377
v 2.049517 4.561741 -6.261746
v 2.0836 4.546275 -6.202781
v 2.095992 4.540575 -6.168023
v 2.103816 4.536955 -6.131848
v 1.662125 4.716709 -6.165686
v 1.702853 4.70202 -6.17041
v 1.731207 4.691793 -6.173698
v 1.79526 4.667659 -6.197672
v 1.854686 4.644366 -6.238328
v 1.902892 4.624825 -6.292648
v 1.44593 4.787409 -6.265549
v 1.496129 4.771959 -6.219183
v 1.557258 4.752363 -6.185856
v 1.626939 4.728961 -6.168025
v 1.076886 4.882876 -6.076085
v 1.05698 4.888026 -6.065864
v 0.968418 4.90634 -6.219771
v 1.076286 4.880321 -6.275812
v 1.374802 4.808318 -6.4309
v 1.375007 4.808259 -6.459819
v 1.666248 4.715254 -6.746958
v 1.596206 4.739422 -6.738837
v 1.531531 4.760715 -6.714526
v 1.473645 4.778951 -6.674855
v 1.428835 4.79254 -6.625315
v 1.394181 4.802734 -6.561091
v 1.383241 4.805897 -6.526245
v 1.378696 4.807201 -6.489578
v 1.939584 4.609557 -6.54836
v 1.911031 4.621468 -6.610604
v 1.868399 4.638867 -6.663987
v 1.812133 4.661134 -6.707027
v 1.74561 4.686453 -6.735537
v 1.702837 4.701976 -6.741693
v 1.6772 4.711279 -6.745382
v 2.169952 4.505698 -6.407908
v 2.080548 4.547672 -6.485302
v 1.976439 4.593875 -6.537032
v 2.289176 4.44631 -6.09183
v 2.286054 4.447916 -6.14896
v 2.276008 4.453065 -6.205114
v 2.258913 4.461761 -6.260528
v 2.235362 4.473607 -6.313076
v 2.281255 4.450379 -6.009125
v 2.267946 4.457176 -5.955458
v 2.22104 4.480735 -5.851685
v 2.150918 4.514815 -5.763117
v 2.286526 4.447671 -6.064161
v 1.817365 4.659097 -5.626665
v 1.931354 4.613011 -5.639922
v 2.038779 4.566551 -5.680745
v 2.131227 4.524143 -5.744744
v 1.750893 4.684483 -5.63292
v 1.784211 4.671759 -5.629785
v 1.622746 4.730401 -5.506579
v 1.691119 4.706391 -5.564296
v 1.702875 4.702082 -5.577794
v 1.274918 4.835761 -5.396256
v 1.404064 4.799854 -5.409621
v 1.538667 4.758414 -5.456679
v 0.882686 4.922486 -5.549424
v 1.136471 4.870158 -5.414207
v 1.07697 4.883128 -5.437906
v 0.993513 4.90132 -5.471148
v 0.728144 4.947708 -5.778992
v 0.782665 4.939376 -5.668668
v 0.457073 4.980069 -6.065431
v 0.491779 4.976761 -5.976852
v 0.550202 4.970642 -5.89415
v 0.628152 4.961393 -5.827235
v 0.713901 4.949782 -5.783895
v 1.667909 4.713605 -6.573424
v 1.693523 4.704464 -6.570271
v 1.667909 4.714666 -6.573424
v 1.693523 4.705526 -6.570271
v 1.702891 4.702125 -6.566692
v 1.720156 4.694791 -6.560096
v 1.720156 4.695856 -6.560096
v 1.743059 4.686336 -6.543931
v 1.743059 4.687403 -6.543931
v 1.761263 4.679525 -6.522742
v 1.761263 4.680593 -6.522742
v 1.77332 4.674969 -6.498743
v 1.77332 4.676038 -6.498743
v 1.779344 4.672679 -6.471941
v 1.779344 4.673749 -6.471941
v 1.779862 4.673552 -6.457834
v 1.779862 4.672482 -6.457825
v 1.778645 4.674016 -6.44373
v 1.778645 4.672945 -6.44373
v 1.775609 4.67517 -6.429662
v 1.775611 4.674099 -6.429668
v 1.770855 4.676972 -6.41627
v 1.770855 4.675903 -6.41627
v 1.75649 4.681319 -6.391876
v 1.75649 4.682386 -6.391876
v 1.741752 4.686822 -6.376175
v 1.741752 4.687889 -6.376175
v 1.718885 4.695257 -6.360516
v 1.718885 4.696321 -6.360516
v 1.702892 4.702126 -6.354525
v 1.693482 4.704479 -6.351001
v 1.693482 4.705541 -6.351001
v 1.66631 4.714171 -6.347856
v 1.66631 4.715232 -6.347856
v 1.646455 4.721142 -6.349771
v 1.646455 4.722201 -6.349771
v 1.619282 4.730531 -6.358561
v 1.619282 4.731588 -6.358561
v 1.595479 4.738613 -6.373615
v 1.595479 4.739668 -6.373615
v 1.576259 4.74504 -6.393826
v 1.576259 4.746094 -6.393826
v 1.562974 4.749433 -6.417194
v 1.562974 4.750485 -6.417194
v 1.555591 4.751856 -6.443592
v 1.555591 4.752908 -6.443592
v 1.554861 4.752095 -6.47163
v 1.554861 4.753147 -6.47163
v 1.557195 4.752383 -6.485859
v 1.557194 4.751331 -6.485855
v 1.561279 4.751043 -6.499518
v 1.561279 4.74999 -6.499518
v 1.574354 4.745673 -6.524669
v 1.574354 4.746726 -6.524669
v 1.592965 4.739458 -6.545578
v 1.592965 4.740513 -6.545578
v 1.615245 4.731911 -6.560832
v 1.615245 4.732968 -6.560832
v 1.640509 4.723212 -6.570291
v 1.640509 4.72427 -6.570291
v 1.610697 4.733461 -6.409743
v 1.723748 4.693473 -6.522683
v -1.522676 4.763555 -5.932
v -1.464659 4.781713 -5.931588
v -1.423963 4.793989 -5.820043
v -1.254591 4.841075 -5.818841
v -1.214707 4.851235 -5.929815
v -1.15669 4.865395 -5.929404
v -1.314495 4.825153 -5.523759
v -1.370641 4.809506 -5.524158
v -1.333575 4.818877 -5.604374
v -1.333575 4.819915 -5.604374
v -1.271552 4.835613 -5.773003
v -1.271552 4.836648 -5.773003
v -1.336535 4.818056 -5.592095
v -1.336535 4.819093 -5.592095
v -1.340432 4.816975 -5.575933
v -1.340432 4.818012 -5.575933
v -1.341679 4.816627 -5.575942
v -1.341679 4.817665 -5.575942
v -1.345361 4.815599 -5.593051
v -1.345361 4.816638 -5.593051
v -1.34782 4.814913 -5.604475
v -1.34782 4.815951 -5.604475
v -1.408069 4.797639 -5.773972
v -1.408069 4.798681 -5.773972
v -0.104809 4.999902 -6.520859
v -0.10448 4.999908 -6.567231
v 0.061444 5.000622 -6.51968
v 0.060473 5.000635 -6.382852
v -0.084985 5.000278 -6.383883
v -0.085315 5.000272 -6.337303
v 0.060143 5.000638 -6.336271
v 0.05922 5.000649 -6.206097
v -0.09778 5.000044 -6.207211
v -0.098111 5.000038 -6.160423
v 0.111394 4.999759 -6.158937
v 0.114279 4.999694 -6.56568
v -0.36683 4.987528 -6.304656
v -0.377008 4.986769 -6.321476
v -0.384664 4.986184 -6.345249
v -0.387989 4.985927 -6.382289
v -0.336773 4.989648 -6.281398
v -0.353472 4.988492 -6.291364
v -0.315641 4.991029 -6.274575
v -0.283758 4.992943 -6.271333
v -0.386664 4.98603 -6.569232
v -0.335717 4.989719 -6.568871
v -0.336035 4.989697 -6.523955
v -0.334684 4.989789 -6.523945
v -0.245315 4.994979 -6.575093
v -0.273995 4.993488 -6.571795
v -0.294306 4.992333 -6.564038
v -0.305088 4.991685 -6.557355
v -0.321915 4.990628 -6.541847
v -0.178311 4.99782 -6.551742
v -0.195383 4.997182 -6.563834
v -0.214864 4.996382 -6.571337
v -0.153795 4.998634 -6.489805
v -0.156177 4.99856 -6.513081
v -0.162244 4.998368 -6.530326
v -0.172739 4.998016 -6.546024
v -0.250851 4.994705 -6.395665
v -0.214408 4.996402 -6.404094
v -0.191856 4.997319 -6.414948
v -0.17572 4.997912 -6.428238
v -0.165171 4.998272 -6.442565
v -0.157776 4.998511 -6.460284
v -0.154091 4.998626 -6.481856
v -0.337026 4.989631 -6.384215
v -0.278682 4.993229 -6.31268
v -0.295928 4.992237 -6.31461
v -0.307716 4.991524 -6.318822
v -0.316719 4.990961 -6.324715
v -0.324363 4.990469 -6.332963
v -0.330275 4.990082 -6.343497
v -0.335414 4.989739 -6.361675
v -0.183193 4.997643 -6.347147
v -0.212902 4.996466 -6.327963
v -0.244751 4.995007 -6.316401
v -0.183544 4.997631 -6.297656
v -0.232153 4.995609 -6.277213
v -0.194156 4.99723 -6.291612
v -0.336751 4.988647 -6.423101
v -0.336751 4.989649 -6.423101
v -0.268687 4.992775 -6.431768
v -0.268687 4.993777 -6.431768
v -0.336553 4.98866 -6.450965
v -0.336553 4.989663 -6.450965
v -0.33648 4.988665 -6.454346
v -0.33648 4.989668 -6.454346
v -0.333038 4.988896 -6.477055
v -0.333038 4.989898 -6.477055
v -0.325436 4.989398 -6.495178
v -0.325436 4.9904 -6.495178
v -0.314298 4.990112 -6.510076
v -0.314298 4.991114 -6.510076
v -0.307865 4.990513 -6.516273
v -0.307865 4.991515 -6.516273
v -0.293399 4.991384 -6.525886
v -0.293399 4.992386 -6.525886
v -0.277902 4.992271 -6.531392
v -0.277902 4.993272 -6.531392
v -0.258816 4.993297 -6.533389
v -0.258816 4.994298 -6.533389
v -0.241622 4.994159 -6.531328
v -0.241622 4.99516 -6.531328
v -0.230127 4.994701 -6.527018
v -0.230127 4.995702 -6.527018
v -0.220023 4.995157 -6.520013
v -0.220023 4.996158 -6.520013
v -0.220023 4.995147 -6.520013
v -0.215722 4.995344 -6.515627
v -0.215722 4.996346 -6.515627
v -0.209993 4.995588 -6.506998
v -0.209993 4.996589 -6.506998
v -0.206711 4.995725 -6.497718
v -0.206711 4.996727 -6.497718
v -0.2055 4.995775 -6.486012
v -0.2055 4.996786 -6.486012
v -0.205989 4.995755 -6.47793
v -0.205989 4.996756 -6.47793
v -0.208586 4.995647 -6.46628
v -0.208586 4.996648 -6.46628
v -0.213125 4.995455 -6.456809
v -0.213125 4.996457 -6.456809
v -0.219277 4.99518 -6.449302
v -0.219277 4.996191 -6.449302
v -0.219277 4.99519 -6.449302
v -0.223755 4.994991 -6.44568
v -0.223755 4.995992 -6.44568
v -0.234383 4.994503 -6.440025
v -0.234383 4.995504 -6.440025
v -0.2055 4.996776 -6.486012
v -0.283344 4.991965 -6.524831
v -0.53975 4.971787 -6.53559
v -0.508758 4.975054 -6.531854
v -0.476855 4.978213 -6.519842
v -0.456147 4.980154 -6.506922
v -0.455774 4.980188 -6.559533
v -0.486326 4.977297 -6.571094
v -0.534465 4.972358 -6.577144
v -0.580177 4.967232 -6.572091
v -0.607127 4.96401 -6.561987
v -0.619263 4.962511 -6.554662
v -0.633929 4.960659 -6.542017
v -0.64352 4.959424 -6.528648
v -0.649891 4.958593 -6.512547
v -0.65246 4.958256 -6.492094
v -0.650488 4.958515 -6.473099
v -0.645158 4.959211 -6.458039
v -0.635749 4.960426 -6.443937
v -0.623678 4.961958 -6.433013
v -0.589975 4.966078 -6.413955
v -0.570305 4.968375 -6.405833
v -0.538872 4.971883 -6.391885
v -0.52099 4.973788 -6.380528
v -0.51606 4.974302 -6.375025
v -0.512438 4.974677 -6.368125
v -0.510473 4.974879 -6.360197
v -0.510057 4.974921 -6.353416
v -0.511036 4.974821 -6.345298
v -0.5136 4.974556 -6.338438
v -0.518014 4.974099 -6.331985
v -0.525749 4.973288 -6.325246
v -0.537216 4.972062 -6.319252
v -0.550871 4.970568 -6.315741
v -0.56596 4.968872 -6.314717
v -0.598191 4.965095 -6.318468
v -0.626966 4.961544 -6.328944
v -0.639632 4.959927 -6.336243
v -0.639983 4.959881 -6.286752
v -0.606962 4.96403 -6.276796
v -0.571244 4.968267 -6.273371
v -0.536009 4.972192 -6.276689
v -0.507523 4.975181 -6.286125
v -0.490605 4.976878 -6.295883
v -0.475401 4.978353 -6.309358
v -0.465838 4.979257 -6.323061
v -0.459656 4.979831 -6.339421
v -0.457518 4.980028 -6.357619
v -0.459568 4.979839 -6.377415
v -0.465076 4.979328 -6.393013
v -0.471644 4.97871 -6.403677
v -0.479917 4.977919 -6.412454
v -0.503798 4.975559 -6.428458
v -0.534067 4.972401 -6.442593
v -0.567421 4.968706 -6.456841
v -0.587221 4.966404 -6.468964
v -0.593523 4.965655 -6.475619
v -0.597413 4.965189 -6.482401
v -0.599672 4.964917 -6.490373
v -0.600126 4.964861 -6.496714
v -0.599001 4.964997 -6.506426
v -0.596361 4.965315 -6.513652
v -0.594336 4.965558 -6.517064
v -0.591867 4.965853 -6.520198
v -0.585984 4.96655 -6.525346
v -0.581318 4.967099 -6.528131
v -0.568138 4.968624 -6.53285
v -0.541976 4.971539 -6.535375
v -0.802974 4.936115 -5.926895
v -0.805858 4.935645 -5.520152
v -0.921893 4.915294 -5.520975
v -1.075287 4.884031 -5.575924
v -1.032912 4.893168 -5.546555
v -0.983951 4.903248 -5.528275
v -1.089546 4.88087 -5.590072
v -1.11447 4.875239 -5.625717
v -1.129238 4.87184 -5.66462
v -1.135607 4.870359 -5.720674
v -1.073188 4.884492 -5.871831
v -1.103675 4.877695 -5.836062
v -1.124006 4.873049 -5.794137
v -1.134201 4.870687 -5.746589
v -0.914849 4.91661 -5.927689
v -0.983944 4.903249 -5.919781
v -1.030448 4.893688 -5.902011
v -0.919481 4.915745 -5.567748
v -0.919481 4.914729 -5.567748
v -0.924098 4.913837 -5.56834
v -0.924098 4.914855 -5.56834
v -0.975993 4.903819 -5.57499
v -0.975993 4.904838 -5.57499
v -1.010451 4.896834 -5.58869
v -1.010451 4.897856 -5.58869
v -1.036596 4.891366 -5.606843
v -1.036596 4.892389 -5.606843
v -1.074725 4.883131 -5.670824
v -1.063473 4.886617 -5.641033
v -1.063473 4.885593 -5.641033
v -1.047873 4.889986 -5.618119
v -1.047873 4.888963 -5.618119
v -1.080387 4.881881 -5.721738
v -1.080387 4.882905 -5.721738
v -1.079188 4.882147 -5.696098
v -1.079183 4.883172 -5.696058
v -1.074725 4.884154 -5.670824
v -1.078541 4.882289 -5.750093
v -1.078541 4.883314 -5.750093
v -1.070005 4.884167 -5.786716
v -1.070005 4.88519 -5.786716
v -1.055427 4.887338 -5.816465
v -1.055427 4.888361 -5.816465
v -1.036088 4.891474 -5.839751
v -1.036088 4.892497 -5.839751
v -1.031298 4.892487 -5.844153
v -1.031298 4.893508 -5.844153
v -1.004935 4.89797 -5.862195
v -1.004935 4.898991 -5.862195
v -0.971249 4.90476 -5.874987
v -0.971249 4.90578 -5.874987
v -0.914866 4.915589 -5.881314
v -0.914866 4.916607 -5.881314
v -0.855809 4.926215 -5.880896
v -0.855809 4.927229 -5.880896
v -0.858033 4.925828 -5.567312
v -0.858033 4.926843 -5.567312
v -0.975551 4.903906 -5.860533
v -0.726466 4.947954 -5.879978
v -0.726138 4.948002 -5.92635
v -0.560213 4.969523 -5.878799
v -0.561184 4.969414 -5.74197
v -0.706642 4.950824 -5.743002
v -0.706973 4.950777 -5.696422
v -0.561514 4.969377 -5.695391
v -0.562437 4.969272 -5.565216
v -0.719437 4.948981 -5.566329
v -0.719769 4.948933 -5.519541
v -0.510263 4.9749 -5.518055
v -0.507378 4.975195 -5.924798
v -0.313315 4.991176 -5.930285
v -0.375351 4.986894 -5.924798
v -0.419123 4.983406 -5.910785
v -0.426086 4.982816 -5.907378
v -0.426443 4.982785 -5.857055
v -0.321237 4.990672 -5.883551
v -0.340189 4.989416 -5.882981
v -0.38626 4.986061 -5.874753
v -0.286141 4.992807 -5.879742
v -0.256205 4.994433 -5.869369
v -0.228717 4.995767 -5.851263
v -0.217048 4.996288 -5.839973
v -0.198817 4.997046 -5.814836
v -0.185354 4.997564 -5.782468
v -0.178522 4.997813 -5.742617
v -0.177945 4.997833 -5.723656
v -0.185038 4.997576 -5.66784
v -0.198911 4.997043 -5.632807
v -0.218772 4.996212 -5.604681
v -0.221545 4.99609 -5.601686
v -0.246404 4.994926 -5.580934
v -0.278116 4.993261 -5.565525
v -0.313015 4.991195 -5.558203
v -0.332701 4.989921 -5.557348
v -0.382735 4.986333 -5.563682
v -0.423881 4.983004 -5.579673
v -0.428393 4.982618 -5.58215
v -0.428782 4.982584 -5.527252
v -0.332517 4.989933 -5.509933
v -0.385748 4.986101 -5.514495
v -0.273687 4.993505 -5.516655
v -0.231062 4.995659 -5.532847
v -0.192797 4.997283 -5.559244
v -0.182683 4.997662 -5.568761
v -0.152925 4.998661 -5.607071
v -0.133285 4.999224 -5.652115
v -0.123684 4.99947 -5.705149
v -0.122817 4.999492 -5.726384
v -0.130364 4.9993 -5.792635
v -0.146622 4.99885 -5.835199
v -0.170647 4.998088 -5.870093
v -0.173969 4.997973 -5.873772
v -0.206461 4.996737 -5.901168
v -0.244714 4.995009 -5.919549
v -0.288723 4.992659 -5.928946
v -0.105123 4.999895 -5.875571
v -0.104794 4.999902 -5.921944
v 0.056867 5.000677 -5.874423
v 0.054312 5.000705 -5.514051
v 0.106818 4.999859 -5.513679
v 0.109703 4.999796 -5.920422
v -0.90651 4.918154 -6.282403
v -0.959329 4.908125 -6.282778
v -0.825627 4.932376 -6.500601
v -0.821916 4.932995 -6.514189
v -0.819222 4.933445 -6.524055
v -0.817871 4.933669 -6.524045
v -0.811802 4.934671 -6.500087
v -0.73745 4.946329 -6.281205
v -0.680473 4.954488 -6.280801
v -0.792371 4.937829 -6.571486
v -0.769642 4.941422 -6.624146
v -0.759363 4.943012 -6.642615
v -0.749797 4.944472 -6.653088
v -0.74121 4.945766 -6.659021
v -0.730096 4.94742 -6.663293
v -0.717157 4.949312 -6.664742
v -0.698692 4.951952 -6.662203
v -0.688294 4.953408 -6.658714
v -0.687973 4.953453 -6.704046
v -0.709555 4.950408 -6.707955
v -0.720799 4.948783 -6.708438
v -0.741398 4.945739 -6.706217
v -0.761556 4.942675 -6.698701
v -0.779439 4.939886 -6.686391
v -0.782528 4.939392 -6.682869
v -0.801737 4.936316 -6.660974
v -0.825119 4.932462 -6.616221
v -0.698693 4.951952 -6.662203
v -1.231255 4.847062 -6.528848
v -1.230926 4.847146 -6.57522
v -1.065001 4.886284 -6.527669
v -1.065972 4.886073 -6.39084
v -1.21143 4.852055 -6.391872
v -1.211761 4.851973 -6.345292
v -1.066302 4.886001 -6.344261
v -1.067226 4.885799 -6.214086
v -1.224225 4.848843 -6.215199
v -1.224557 4.848759 -6.168412
v -1.015051 4.896904 -6.166925
v -1.012166 4.897501 -6.573668
v -1.307762 4.826982 -6.575765
v -1.310647 4.8262 -6.169022
v -1.426681 4.793181 -6.169846
v -1.580075 4.744825 -6.224794
v -1.537701 4.758726 -6.195425
v -1.488739 4.77427 -6.177145
v -1.640396 4.72431 -6.369544
v -1.638996 4.724795 -6.34129
v -1.634026 4.726517 -6.313491
v -1.619259 4.731596 -6.274587
v -1.594334 4.740053 -6.238943
v -1.577976 4.745523 -6.520701
v -1.608463 4.735277 -6.484932
v -1.628794 4.728323 -6.443007
v -1.638989 4.724798 -6.395459
v -1.419637 4.795272 -6.576559
v -1.488732 4.774272 -6.568651
v -1.535236 4.759522 -6.550881
v -1.424269 4.793898 -6.216618
v -1.424269 4.792855 -6.216618
v -1.428872 4.791457 -6.217208
v -1.428872 4.792501 -6.217208
v -1.480781 4.775697 -6.22386
v -1.480781 4.776745 -6.22386
v -1.515239 4.764877 -6.23756
v -1.515239 4.765926 -6.23756
v -1.541384 4.756484 -6.255713
v -1.541384 4.757535 -6.255713
v -1.579513 4.743958 -6.319694
v -1.568261 4.748743 -6.289903
v -1.568261 4.74769 -6.289903
v -1.552662 4.753866 -6.266989
v -1.552662 4.752814 -6.266989
v -1.585176 4.742069 -6.370608
v -1.585176 4.743124 -6.370608
v -1.583974 4.742471 -6.344954
v -1.58397 4.743526 -6.344917
v -1.579513 4.745012 -6.319694
v -1.583329 4.742686 -6.398963
v -1.583329 4.74374 -6.398963
v -1.574794 4.745527 -6.435586
v -1.574794 4.746581 -6.435586
v -1.560215 4.75034 -6.465335
v -1.560215 4.751392 -6.465335
v -1.540876 4.756648 -6.488621
v -1.540876 4.757699 -6.488621
v -1.536086 4.758197 -6.493023
v -1.536086 4.759248 -6.493023
v -1.509723 4.766627 -6.511065
v -1.509723 4.767676 -6.511065
v -1.476037 4.777166 -6.523857
v -1.476037 4.778213 -6.523857
v -1.419654 4.794224 -6.530184
v -1.419654 4.795267 -6.530184
v -1.360597 4.811317 -6.529766
v -1.360597 4.812356 -6.529766
v -1.362821 4.810688 -6.216182
v -1.362821 4.811728 -6.216182
v -1.562695 4.749525 -6.300333
v -2.027464 4.571585 -6.58087
v -1.969447 4.596877 -6.580458
v -1.928751 4.6141 -6.468913
v -1.759379 4.681302 -6.467711
v -1.719496 4.696098 -6.578685
v -1.661479 4.716937 -6.578274
v -1.819283 4.658349 -6.172629
v -1.875429 4.636029 -6.173028
v -1.838364 4.649776 -6.253244
v -1.838364 4.650852 -6.253244
v -1.77634 4.673822 -6.421874
v -1.77634 4.674892 -6.421874
v -1.841326 4.648602 -6.240957
v -1.841326 4.649678 -6.240957
v -1.84522 4.64706 -6.224802
v -1.84522 4.648136 -6.224802
v -1.846468 4.646564 -6.224812
v -1.846468 4.64764 -6.224812
v -1.850147 4.645099 -6.241911
v -1.850147 4.646175 -6.241911
v -1.852608 4.644119 -6.253345
v -1.852608 4.645196 -6.253345
v -1.912857 4.619629 -6.422842
v -1.912857 4.620712 -6.422842
usemtl 1
f 1// 2// 3//
f 4// 5// 6//
f 7// 8// 9//
f 10// 11// 12//
f 13// 14// 15//
f 9// 16// 17//
f 17// 18// 19//
f 19// 18// 20//
f 21// 22// 23//
f 23// 22// 24//
f 15// 25// 26//
f 26// 25// 27//
f 26// 27// 28//
f 28// 27// 23//
f 28// 23// 29//
f 29// 23// 24//
f 29// 24// 30//
f 30// 31// 29//
f 29// 31// 32//
f 29// 32// 33//
f 34// 35// 36//
f 36// 35// 37//
f 38// 39// 35//
f 35// 39// 40//
f 35// 40// 37//
f 37// 40// 41//
f 42// 43// 16//
f 16// 43// 44//
f 16// 44// 45//
f 45// 46// 16//
f 16// 46// 47//
f 16// 47// 23//
f 23// 47// 48//
f 23// 48// 21//
f 49// 50// 41//
f 41// 50// 51//
f 41// 51// 37//
f 37// 51// 52//
f 37// 52// 53//
f 53// 52// 54//
f 53// 54// 55//
f 56// 57// 58//
f 56// 58// 59//
f 57// 60// 58//
f 58// 60// 61//
f 58// 61// 38//
f 55// 42// 53//
f 53// 42// 16//
f 53// 16// 62//
f 62// 16// 9//
f 62// 9// 58//
f 63// 64// 65//
f 65// 64// 66//
f 65// 66// 67//
f 67// 66// 68//
f 41// 69// 49//
f 49// 69// 70//
f 49// 70// 71//
f 61// 72// 38//
f 38// 72// 73//
f 38// 73// 39//
f 39// 73// 74//
f 39// 74// 75//
f 76// 77// 78//
f 79// 80// 76//
f 50// 64// 51//
f 51// 64// 63//
f 51// 63// 33//
f 33// 63// 81//
f 33// 81// 29//
f 29// 81// 82//
f 29// 82// 83//
f 83// 84// 29//
f 29// 84// 85//
f 29// 85// 86//
f 86// 85// 87//
f 86// 87// 88//
f 88// 87// 89//
f 90// 91// 83//
f 90// 83// 92//
f 91// 93// 83//
f 83// 93// 94//
f 83// 94// 84//
f 95// 96// 97//
f 97// 96// 98//
f 98// 96// 99//
f 98// 99// 100//
f 100// 99// 101//
f 100// 101// 102//
f 79// 76// 103//
f 103// 76// 104//
f 103// 104// 101//
f 101// 104// 105//
f 101// 105// 106//
f 106// 107// 101//
f 101// 107// 108//
f 101// 108// 102//
f 109// 110// 111//
f 112// 113// 114//
f 114// 115// 112//
f 112// 115// 116//
f 112// 116// 117//
f 113// 112// 118//
f 118// 112// 119//
f 118// 119// 120//
f 121// 122// 120//
f 120// 122// 123//
f 120// 123// 118//
f 118// 123// 109//
f 118// 109// 124//
f 124// 109// 111//
f 125// 126// 127//
f 126// 128// 127//
f 127// 128// 129//
f 127// 129// 130//
f 130// 131// 127//
f 127// 131// 132//
f 127// 132// 133//
f 133// 132// 134//
f 134// 135// 133//
f 133// 135// 136//
f 133// 136// 137//
f 137// 138// 133//
f 133// 138// 139//
f 133// 139// 140//
f 141// 142// 143//
f 143// 142// 144//
f 143// 144// 127//
f 127// 144// 145//
f 127// 145// 125//
f 141// 146// 142//
f 142// 146// 147//
f 142// 147// 148//
f 148// 147// 77//
f 148// 77// 149//
f 149// 77// 76//
f 149// 76// 150//
f 150// 76// 80//
f 146// 151// 147//
f 147// 151// 152//
f 147// 152// 153//
f 153// 152// 154//
f 154// 155// 153//
f 153// 155// 156//
f 153// 156// 157//
f 158// 159// 160//
f 158// 160// 161//
f 159// 162// 160//
f 160// 162// 163//
f 160// 163// 164//
f 164// 163// 165//
f 164// 165// 166//
f 166// 165// 167//
f 168// 169// 165//
f 165// 169// 170//
f 165// 170// 167//
f 171// 172// 173//
f 174// 175// 176//
f 176// 175// 171//
f 176// 171// 177//
f 177// 171// 173//
f 83// 75// 92//
f 92// 75// 74//
f 92// 74// 174//
f 174// 74// 170//
f 174// 170// 175//
f 175// 170// 169//
f 178// 160// 124//
f 124// 160// 179//
f 124// 179// 118//
f 118// 179// 180//
f 118// 180// 181//
f 181// 182// 118//
f 118// 182// 183//
f 118// 183// 184//
f 157// 161// 153//
f 153// 161// 160//
f 153// 160// 185//
f 117// 186// 178//
f 178// 186// 187//
f 178// 187// 160//
f 160// 187// 188//
f 160// 188// 185//
f 189// 190// 191//
f 191// 190// 192//
f 191// 192// 116//
f 116// 192// 193//
f 116// 193// 117//
f 117// 193// 194//
f 117// 194// 186//
f 186// 194// 195//
f 196// 197// 168//
f 198// 199// 200//
f 200// 199// 201//
f 200// 201// 202//
f 203// 204// 202//
f 202// 204// 205//
f 202// 205// 200//
f 200// 205// 206//
f 200// 206// 198//
f 202// 207// 203//
f 203// 207// 208//
f 203// 208// 209//
f 209// 210// 203//
f 203// 210// 211//
f 203// 211// 212//
f 212// 211// 213//
f 212// 213// 214//
f 214// 213// 215//
f 214// 215// 168//
f 168// 215// 216//
f 168// 216// 196//
f 97// 169// 95//
f 95// 169// 168//
f 95// 168// 217//
f 217// 168// 197//
f 191// 218// 189//
f 189// 218// 219//
f 189// 219// 220//
f 220// 221// 189//
f 189// 221// 222//
f 189// 222// 223//
f 224// 225// 226//
f 223// 227// 189//
f 189// 227// 228//
f 189// 228// 226//
f 226// 228// 229//
f 226// 229// 224//
f 230// 231// 232//
f 232// 231// 233//
f 232// 233// 234//
f 225// 230// 226//
f 226// 230// 232//
f 226// 232// 235//
f 234// 236// 232//
f 232// 236// 237//
f 232// 237// 235//
f 238// 239// 240//
f 239// 241// 240//
f 240// 241// 242//
f 240// 242// 243//
f 243// 242// 244//
f 245// 246// 244//
f 244// 246// 247//
f 244// 247// 243//
f 248// 249// 244//
f 244// 249// 250//
f 244// 250// 251//
f 251// 252// 244//
f 244// 252// 253//
f 244// 253// 245//
f 254// 255// 256//
f 240// 257// 258//
f 259// 260// 258//
f 258// 260// 254//
f 258// 254// 240//
f 240// 254// 256//
f 240// 256// 238//
f 261// 262// 263//
f 263// 262// 264//
f 264// 265// 263//
f 263// 265// 266//
f 263// 266// 267//
f 267// 266// 268//
f 267// 268// 269//
f 269// 270// 267//
f 267// 270// 256//
f 267// 256// 271//
f 271// 256// 255//
f 271// 255// 272//
f 273// 274// 275//
f 275// 274// 276//
f 275// 276// 277//
f 89// 76// 88//
f 88// 76// 78//
f 88// 78// 278//
f 278// 78// 275//
f 278// 275// 279//
f 279// 275// 277//
f 277// 280// 279//
f 279// 280// 281//
f 279// 281// 282//
f 195// 283// 186//
f 186// 283// 284//
f 186// 284// 285//
f 286// 287// 288//
f 288// 287// 186//
f 288// 186// 289//
f 289// 186// 285//
f 290// 257// 287//
f 240// 291// 257//
f 257// 291// 292//
f 257// 292// 287//
f 287// 292// 293//
f 287// 293// 294//
f 294// 295// 287//
f 287// 295// 296//
f 287// 296// 186//
f 287// 297// 290//
f 290// 297// 298//
f 290// 298// 299//
f 299// 298// 279//
f 299// 279// 263//
f 263// 279// 282//
f 263// 282// 261//
f 300// 301// 113//
f 286// 302// 287//
f 287// 302// 303//
f 287// 303// 304//
f 304// 303// 305//
f 304// 305// 306//
f 307// 308// 301//
f 305// 309// 306//
f 306// 309// 310//
f 306// 310// 301//
f 301// 310// 311//
f 301// 311// 307//
f 308// 312// 301//
f 301// 312// 313//
f 301// 313// 113//
f 113// 313// 314//
f 113// 314// 315//
f 315// 316// 113//
f 113// 316// 317//
f 113// 317// 114//
f 318// 319// 320//
f 320// 319// 321//
f 321// 322// 320//
f 320// 322// 323//
f 320// 323// 324//
f 325// 326// 327//
f 327// 326// 320//
f 327// 320// 328//
f 328// 320// 324//
f 329// 330// 320//
f 329// 320// 331//
f 330// 332// 320//
f 320// 332// 333//
f 320// 333// 334//
f 334// 335// 320//
f 320// 335// 336//
f 320// 336// 337//
f 337// 338// 320//
f 320// 338// 339//
f 320// 339// 340//
f 340// 341// 320//
f 320// 341// 342//
f 320// 342// 318//
f 325// 343// 326//
f 326// 343// 344//
f 326// 344// 345//
f 345// 344// 346//
f 345// 346// 347//
f 348// 349// 298//
f 349// 350// 298//
f 298// 350// 351//
f 298// 351// 352//
f 352// 353// 298//
f 298// 353// 354//
f 298// 354// 355//
f 356// 357// 279//
f 356// 279// 358//
f 355// 359// 298//
f 298// 359// 360//
f 298// 360// 279//
f 279// 360// 361//
f 279// 361// 358//
f 357// 362// 279//
f 279// 362// 363//
f 279// 363// 364//
f 364// 363// 365//
f 364// 365// 366//
f 366// 365// 367//
f 366// 367// 368//
f 368// 369// 366//
f 366// 369// 370//
f 366// 370// 371//
f 372// 373// 374//
f 374// 373// 375//
f 375// 376// 374//
f 374// 376// 377//
f 374// 377// 320//
f 320// 377// 378//
f 320// 378// 331//
f 379// 380// 381//
f 381// 380// 382//
f 381// 382// 298//
f 298// 382// 383//
f 298// 383// 348//
f 384// 379// 385//
f 384// 385// 386//
f 385// 387// 388//
f 386// 385// 389//
f 389// 385// 388//
f 389// 388// 390//
f 391// 392// 11//
f 391// 11// 393//
f 394// 395// 396//
f 396// 395// 397//
f 396// 397// 11//
f 11// 397// 398//
f 11// 398// 393//
f 399// 400// 12//
f 392// 401// 11//
f 11// 401// 402//
f 11// 402// 403//
f 403// 404// 11//
f 11// 404// 405//
f 11// 405// 12//
f 12// 405// 406//
f 12// 406// 399//
f 400// 407// 12//
f 12// 407// 408//
f 12// 408// 409//
f 409// 410// 12//
f 12// 410// 411//
f 12// 411// 385//
f 385// 411// 412//
f 385// 412// 387//
f 413// 374// 414//
f 414// 374// 415//
f 413// 416// 374//
f 374// 416// 366//
f 374// 366// 372//
f 372// 366// 371//
f 416// 417// 366//
f 366// 417// 418//
f 366// 418// 419//
f 419// 420// 366//
f 366// 420// 421//
f 366// 421// 422//
f 422// 421// 423//
f 422// 423// 394//
f 394// 423// 424//
f 394// 424// 425//
f 425// 426// 394//
f 394// 426// 427//
f 394// 427// 395//
f 428// 429// 345//
f 430// 428// 431//
f 431// 428// 432//
f 347// 433// 345//
f 345// 433// 434//
f 345// 434// 428//
f 428// 434// 435//
f 428// 435// 432//
f 430// 436// 428//
f 428// 436// 437//
f 428// 437// 438//
f 438// 437// 439//
f 438// 439// 440//
f 440// 439// 441//
f 442// 443// 444//
f 444// 443// 445//
f 444// 445// 446//
f 446// 445// 447//
f 446// 447// 448//
f 441// 439// 444//
f 444// 439// 449//
f 444// 449// 442//
f 450// 451// 452//
f 452// 453// 450//
f 450// 453// 454//
f 450// 454// 455//
f 448// 447// 456//
f 456// 447// 457//
f 456// 457// 458//
f 458// 459// 456//
f 456// 459// 460//
f 456// 460// 461//
f 461// 462// 456//
f 456// 462// 463//
f 456// 463// 450//
f 450// 463// 464//
f 450// 464// 451//
f 465// 466// 467//
f 467// 466// 468//
f 467// 468// 469//
f 470// 468// 471//
f 471// 468// 466//
f 471// 466// 472//
f 472// 466// 473//
f 465// 474// 466//
f 466// 474// 475//
f 466// 475// 473//
f 476// 477// 478//
f 478// 477// 479//
f 478// 479// 475//
f 475// 479// 480//
f 475// 480// 473//
f 474// 481// 475//
f 475// 481// 482//
f 475// 482// 478//
f 478// 482// 483//
f 478// 483// 10//
f 10// 12// 478//
f 478// 12// 484//
f 478// 484// 476//
f 485// 486// 385//
f 385// 486// 487//
f 385// 487// 12//
f 12// 487// 488//
f 12// 488// 484//
f 379// 381// 385//
f 385// 381// 489//
f 385// 489// 485//
f 490// 491// 298//
f 298// 491// 492//
f 298// 492// 381//
f 381// 492// 493//
f 381// 493// 489//
f 494// 490// 113//
f 113// 490// 298//
f 113// 298// 300//
f 300// 298// 297//
f 495// 496// 118//
f 118// 496// 497//
f 118// 497// 113//
f 113// 497// 498//
f 113// 498// 494//
f 8// 495// 9//
f 9// 495// 118//
f 9// 118// 58//
f 58// 118// 184//
f 58// 184// 59//
f 17// 19// 9//
f 9// 19// 499//
f 9// 499// 7//
f 15// 26// 13//
f 13// 26// 500//
f 13// 500// 20//
f 20// 500// 501//
f 20// 501// 19//
f 19// 501// 502//
f 19// 502// 503//
f 502// 504// 503//
f 503// 504// 505//
f 503// 505// 506//
f 507// 508// 503//
f 503// 508// 509//
f 503// 509// 19//
f 19// 509// 510//
f 19// 510// 499//
f 505// 511// 506//
f 506// 511// 512//
f 506// 512// 513//
f 513// 514// 506//
f 506// 514// 515//
f 506// 515// 503//
f 503// 515// 516//
f 503// 516// 507//
f 517// 518// 519//
f 519// 518// 513//
f 519// 513// 520//
f 520// 513// 512//
f 521// 522// 518//
f 518// 522// 523//
f 518// 523// 513//
f 513// 523// 524//
f 513// 524// 514//
f 525// 521// 526//
f 526// 521// 518//
f 526// 518// 527//
f 527// 518// 517//
f 528// 529// 530//
f 530// 529// 526//
f 530// 526// 531//
f 531// 526// 527//
f 532// 533// 529//
f 529// 533// 534//
f 529// 534// 526//
f 526// 534// 535//
f 526// 535// 525//
f 528// 536// 529//
f 529// 536// 537//
f 529// 537// 532//
f 536// 538// 537//
f 537// 538// 539//
f 537// 539// 540//
f 540// 541// 537//
f 537// 541// 542//
f 537// 542// 532//
f 543// 544// 545//
f 545// 544// 540//
f 545// 540// 546//
f 546// 540// 539//
f 547// 548// 544//
f 544// 548// 549//
f 544// 549// 540//
f 540// 549// 550//
f 540// 550// 541//
f 551// 547// 552//
f 552// 547// 544//
f 552// 544// 553//
f 553// 544// 543//
f 554// 555// 556//
f 556// 555// 552//
f 556// 552// 557//
f 557// 552// 553//
f 558// 559// 555//
f 555// 559// 560//
f 555// 560// 552//
f 552// 560// 561//
f 552// 561// 551//
f 554// 562// 555//
f 555// 562// 563//
f 555// 563// 558//
f 564// 6// 565//
f 565// 6// 563//
f 565// 563// 566//
f 566// 563// 562//
f 5// 567// 6//
f 6// 567// 568//
f 6// 568// 563//
f 563// 568// 569//
f 563// 569// 558//
f 570// 4// 571//
f 571// 4// 6//
f 571// 6// 572//
f 572// 6// 564//
f 572// 573// 571//
f 571// 573// 574//
f 571// 574// 575//
f 575// 576// 571//
f 571// 576// 577//
f 571// 577// 570//
f 574// 578// 575//
f 575// 578// 579//
f 575// 579// 580//
f 580// 581// 575//
f 575// 581// 582//
f 575// 582// 576//
f 583// 584// 585//
f 585// 584// 580//
f 585// 580// 586//
f 586// 580// 579//
f 587// 588// 584//
f 584// 588// 589//
f 584// 589// 580//
f 580// 589// 590//
f 580// 590// 581//
f 591// 587// 592//
f 592// 587// 584//
f 592// 584// 593//
f 593// 584// 583//
f 593// 594// 592//
f 592// 594// 595//
f 592// 595// 596//
f 597// 598// 596//
f 596// 598// 599//
f 596// 599// 592//
f 592// 599// 600//
f 592// 600// 591//
f 595// 601// 596//
f 596// 601// 602//
f 596// 602// 603//
f 602// 604// 603//
f 603// 604// 605//
f 603// 605// 606//
f 606// 607// 603//
f 603// 607// 608//
f 603// 608// 596//
f 596// 608// 609//
f 596// 609// 597//
f 610// 611// 612//
f 612// 611// 606//
f 612// 606// 613//
f 613// 606// 605//
f 614// 615// 611//
f 611// 615// 616//
f 611// 616// 606//
f 606// 616// 617//
f 606// 617// 607//
f 618// 614// 619//
f 619// 614// 611//
f 619// 611// 620//
f 620// 611// 610//
f 621// 622// 623//
f 623// 622// 619//
f 623// 619// 624//
f 624// 619// 620//
f 625// 626// 622//
f 622// 626// 627//
f 622// 627// 619//
f 619// 627// 628//
f 619// 628// 618//
f 629// 625// 3//
f 3// 625// 622//
f 3// 622// 1//
f 1// 622// 621//
usemtl 2
f 630// 631// 632//
f 632// 631// 633//
f 632// 633// 634//
f 635// 636// 637//
f 637// 636// 638//
f 638// 639// 637//
f 637// 639// 640//
f 637// 640// 641//
f 642// 643// 644//
f 644// 643// 636//
f 644// 636// 645//
f 645// 636// 635//
f 646// 647// 632//
f 632// 647// 648//
f 632// 648// 649//
f 650// 651// 652//
f 644// 653// 654//
f 654// 653// 655//
f 656// 657// 658//
f 658// 657// 659//
f 660// 630// 661//
f 661// 630// 662//
f 652// 651// 663//
f 663// 651// 664//
f 663// 664// 665//
f 665// 664// 666//
f 665// 666// 667//
f 667// 666// 668//
f 667// 668// 669//
f 649// 670// 632//
f 632// 670// 671//
f 632// 671// 630//
f 630// 671// 672//
f 630// 672// 662//
f 660// 673// 630//
f 630// 673// 674//
f 630// 674// 675//
f 675// 674// 676//
f 675// 676// 677//
f 652// 678// 650//
f 650// 678// 679//
f 650// 679// 680//
f 680// 679// 681//
f 680// 681// 682//
f 653// 683// 655//
f 655// 683// 684//
f 655// 684// 685//
f 685// 684// 686//
f 685// 686// 687//
f 677// 676// 688//
f 688// 676// 689//
f 688// 689// 690//
f 681// 691// 682//
f 682// 691// 692//
f 682// 692// 687//
f 687// 692// 693//
f 687// 693// 694//
f 695// 696// 658//
f 658// 696// 697//
f 658// 697// 656//
f 654// 698// 644//
f 644// 698// 699//
f 644// 699// 642//
f 642// 699// 700//
f 700// 701// 642//
f 642// 701// 702//
f 642// 702// 703//
f 668// 704// 669//
f 669// 704// 705//
f 669// 705// 689//
f 689// 705// 706//
f 689// 706// 690//
f 707// 708// 709//
f 660// 710// 673//
f 673// 710// 711//
f 673// 711// 712//
f 712// 711// 658//
f 712// 658// 713//
f 713// 658// 659//
f 695// 685// 696//
f 696// 685// 687//
f 696// 687// 714//
f 714// 687// 694//
f 646// 632// 709//
f 709// 632// 715//
f 709// 715// 707//
f 702// 716// 703//
f 703// 716// 709//
f 703// 709// 717//
f 717// 709// 708//
f 718// 719// 720//
f 720// 721// 718//
f 718// 721// 722//
f 718// 722// 723//
f 723// 724// 718//
f 718// 724// 725//
f 718// 725// 726//
f 726// 727// 718//
f 718// 727// 728//
f 718// 728// 729//
f 729// 730// 718//
f 718// 730// 731//
f 718// 731// 732//
f 733// 734// 735//
f 736// 733// 737//
f 737// 733// 735//
f 737// 735// 738//
f 739// 740// 741//
f 742// 743// 744//
f 744// 743// 745//
f 734// 733// 741//
f 741// 733// 746//
f 741// 746// 739//
f 742// 747// 743//
f 743// 747// 748//
f 743// 748// 749//
f 749// 748// 741//
f 749// 741// 750//
f 750// 741// 740//
usemtl 1
f 751// 752// 753//
f 753// 752// 754//
f 753// 754// 755//
f 753// 756// 757//
f 757// 758// 753//
f 753// 758// 759//
f 753// 759// 751//
f 755// 760// 753//
f 753// 760// 761//
f 753// 761// 762//
f 763// 764// 765//
f 765// 764// 766//
f 765// 766// 767//
f 767// 768// 765//
f 765// 768// 769//
f 765// 769// 770//
f 762// 771// 765//
f 765// 771// 772//
f 765// 772// 763//
f 773// 774// 775//
f 775// 774// 776//
f 775// 776// 777//
f 770// 778// 775//
f 775// 778// 779//
f 775// 779// 773//
f 777// 780// 775//
f 775// 780// 781//
f 775// 781// 782//
f 783// 784// 785//
f 785// 786// 783//
f 783// 786// 787//
f 783// 787// 756//
f 788// 789// 783//
f 783// 789// 790//
f 783// 790// 784//
f 762// 765// 753//
f 753// 765// 770//
f 753// 770// 756//
f 756// 770// 775//
f 756// 775// 783//
f 783// 775// 782//
f 783// 782// 788//
f 791// 792// 793//
f 794// 795// 791//
f 796// 797// 794//
f 797// 798// 794//
f 794// 798// 799//
f 794// 799// 795//
f 800// 801// 794//
f 794// 801// 802//
f 794// 802// 796//
f 793// 803// 791//
f 791// 803// 804//
f 791// 804// 794//
f 794// 804// 805//
f 794// 805// 800//
f 806// 807// 808//
f 808// 807// 792//
f 808// 792// 809//
f 809// 792// 791//
f 809// 791// 810//
f 811// 812// 813//
f 813// 812// 814//
f 813// 814// 815//
f 795// 816// 813//
f 813// 816// 817//
f 813// 817// 811//
f 815// 818// 813//
f 813// 818// 819//
f 813// 819// 820//
f 821// 822// 823//
f 823// 824// 821//
f 821// 824// 825//
f 821// 825// 826//
f 827// 828// 821//
f 821// 828// 829//
f 821// 829// 822//
f 810// 791// 830//
f 830// 791// 795//
f 830// 795// 826//
f 826// 795// 813//
f 826// 813// 821//
f 821// 813// 820//
f 821// 820// 827//
f 831// 832// 833//
f 834// 835// 833//
f 835// 836// 833//
f 833// 836// 837//
f 833// 837// 831//
f 833// 838// 834//
f 834// 838// 839//
f 834// 839// 840//
f 840// 839// 841//
f 840// 841// 842//
f 842// 841// 843//
f 842// 843// 844//
f 844// 843// 845//
f 844// 845// 846//
f 846// 845// 847//
f 846// 847// 848//
f 848// 847// 849//
f 848// 849// 850//
f 850// 849// 851//
f 850// 851// 852//
f 852// 851// 853//
f 852// 853// 854//
f 854// 853// 855//
f 854// 855// 856//
f 857// 858// 859//
f 859// 858// 860//
f 855// 861// 856//
f 856// 861// 862//
f 856// 862// 863//
f 863// 862// 859//
f 863// 859// 864//
f 864// 859// 860//
usemtl 3
f 845// 843// 758//
f 865// 843// 866//
f 866// 843// 841//
f 866// 841// 867//
f 867// 841// 839//
f 867// 839// 868//
f 868// 839// 838//
f 868// 838// 869//
f 869// 838// 833//
f 754// 752// 843//
f 754// 843// 755//
f 772// 771// 865//
f 772// 865// 763//
f 870// 769// 768//
f 870// 768// 871//
f 768// 767// 871//
f 871// 767// 766//
f 871// 766// 865//
f 865// 766// 764//
f 865// 764// 763//
f 771// 762// 865//
f 865// 762// 761//
f 865// 761// 843//
f 843// 761// 760//
f 843// 760// 755//
f 752// 751// 843//
f 843// 751// 759//
f 843// 759// 758//
f 789// 788// 853//
f 785// 784// 853//
f 853// 784// 790//
f 853// 790// 789//
f 872// 782// 781//
f 781// 780// 872//
f 872// 780// 777//
f 872// 777// 776//
f 776// 774// 872//
f 872// 774// 773//
f 872// 773// 873//
f 773// 779// 873//
f 873// 779// 778//
f 873// 778// 870//
f 870// 778// 770//
f 870// 770// 769//
f 845// 758// 847//
f 847// 758// 757//
f 847// 757// 849//
f 849// 757// 756//
f 849// 756// 851//
f 851// 756// 787//
f 851// 787// 853//
f 853// 787// 786//
f 853// 786// 785//
f 874// 859// 875//
f 875// 859// 862//
f 875// 862// 876//
f 876// 862// 861//
f 876// 861// 877//
f 877// 861// 855//
f 877// 855// 872//
f 872// 855// 853//
f 872// 853// 782//
f 782// 853// 788//
f 733// 878// 746//
f 746// 878// 879//
f 746// 879// 739//
f 739// 879// 880//
f 739// 880// 740//
f 740// 880// 881//
f 740// 881// 750//
f 750// 881// 882//
f 750// 882// 749//
f 749// 882// 883//
f 749// 883// 743//
f 743// 883// 884//
f 885// 886// 887//
f 888// 889// 890//
f 890// 889// 891//
f 890// 891// 892//
f 892// 891// 893//
f 892// 893// 894//
f 894// 893// 895//
f 894// 895// 896//
f 896// 895// 897//
f 896// 897// 898//
f 898// 897// 899//
f 898// 899// 900//
f 901// 902// 903//
f 903// 902// 904//
f 903// 904// 905//
f 905// 904// 906//
f 905// 906// 907//
f 907// 906// 908//
f 907// 908// 909//
f 909// 908// 910//
f 909// 910// 911//
f 911// 910// 912//
f 902// 913// 904//
f 904// 913// 914//
f 904// 914// 906//
f 906// 914// 915//
f 906// 915// 908//
f 908// 915// 916//
f 908// 916// 910//
f 910// 916// 917//
f 910// 917// 912//
f 912// 917// 918//
f 919// 920// 921//
f 921// 920// 922//
f 921// 922// 923//
f 923// 922// 924//
f 923// 924// 925//
f 925// 924// 926//
f 925// 926// 927//
f 927// 926// 928//
f 927// 928// 929//
f 929// 928// 887//
f 929// 887// 930//
f 930// 887// 886//
f 931// 885// 932//
f 932// 885// 887//
f 932// 887// 933//
f 933// 887// 928//
f 933// 928// 934//
f 934// 928// 926//
f 934// 926// 935//
f 935// 926// 924//
f 935// 924// 936//
f 936// 924// 922//
f 936// 922// 937//
f 937// 922// 920//
f 937// 888// 936//
f 936// 888// 890//
f 936// 890// 935//
f 935// 890// 892//
f 935// 892// 934//
f 934// 892// 894//
f 934// 894// 933//
f 933// 894// 896//
f 933// 896// 932//
f 932// 896// 898//
f 932// 898// 931//
f 931// 898// 900//
f 938// 939// 899//
f 899// 939// 940//
f 899// 940// 900//
f 941// 942// 918//
f 918// 942// 943//
f 918// 943// 912//
f 912// 943// 938//
f 912// 938// 911//
f 911// 938// 899//
f 911// 899// 909//
f 909// 899// 897//
f 909// 897// 907//
f 907// 897// 895//
f 907// 895// 905//
f 905// 895// 893//
f 905// 893// 903//
f 903// 893// 891//
f 903// 891// 901//
f 901// 891// 889//
f 944// 941// 945//
f 945// 941// 918//
f 945// 918// 946//
f 946// 918// 917//
f 946// 917// 947//
f 947// 917// 916//
f 947// 916// 948//
f 948// 916// 915//
f 948// 915// 949//
f 949// 915// 914//
f 949// 914// 950//
f 950// 914// 913//
f 950// 951// 949//
f 949// 951// 952//
f 949// 952// 948//
f 948// 952// 953//
f 948// 953// 947//
f 947// 953// 954//
f 947// 954// 946//
f 946// 954// 955//
f 946// 955// 945//
f 945// 955// 956//
f 945// 956// 944//
f 944// 956// 957//
f 881// 880// 902//
f 919// 884// 920//
f 920// 884// 883//
f 902// 880// 913//
f 913// 880// 879//
f 913// 879// 950//
f 950// 879// 878//
f 950// 878// 951//
f 902// 901// 881//
f 881// 901// 889//
f 881// 889// 882//
f 882// 889// 888//
f 882// 888// 883//
f 883// 888// 937//
f 883// 937// 920//
f 958// 642// 959//
f 959// 642// 703//
f 959// 703// 960//
f 960// 703// 717//
f 960// 717// 961//
f 961// 717// 708//
f 961// 708// 962//
f 962// 708// 707//
f 962// 707// 963//
f 963// 707// 715//
f 963// 715// 964//
f 964// 715// 632//
f 965// 958// 966//
f 966// 958// 959//
f 966// 959// 967//
f 967// 959// 960//
f 962// 963// 968//
f 968// 963// 969//
f 969// 963// 964//
f 969// 964// 970//
f 968// 971// 962//
f 962// 971// 972//
f 962// 972// 961//
f 961// 972// 973//
f 961// 973// 960//
f 960// 973// 974//
f 960// 974// 967//
f 970// 975// 976//
f 975// 977// 978//
f 977// 979// 980//
f 979// 981// 982//
f 981// 983// 984//
f 983// 985// 986//
f 983// 986// 984//
f 984// 986// 987//
f 984// 987// 988//
f 987// 989// 988//
f 988// 989// 990//
f 988// 990// 991//
f 991// 990// 992//
f 991// 992// 993//
f 993// 992// 994//
f 993// 994// 995//
f 996// 997// 998//
f 998// 997// 995//
f 998// 995// 999//
f 999// 995// 994//
f 1000// 1001// 996//
f 996// 1001// 1002//
f 996// 1002// 997//
f 1000// 1003// 1001//
f 1001// 1003// 1004//
f 1001// 1004// 1005//
f 981// 984// 982//
f 982// 984// 988//
f 982// 988// 1006//
f 1006// 988// 991//
f 1006// 991// 1007//
f 1007// 991// 993//
f 1007// 993// 1008//
f 1008// 993// 995//
f 1008// 995// 1009//
f 1009// 995// 997//
f 1009// 997// 1010//
f 1010// 997// 1002//
f 1010// 1002// 1011//
f 1011// 1002// 1001//
f 1011// 1001// 1012//
f 1012// 1001// 1005//
f 1012// 1005// 1013//
f 979// 982// 980//
f 980// 982// 1006//
f 980// 1006// 1014//
f 1014// 1006// 1007//
f 1014// 1007// 1015//
f 1015// 1007// 1008//
f 1015// 1008// 1016//
f 1016// 1008// 1009//
f 1016// 1009// 1017//
f 1017// 1009// 1010//
f 1017// 1010// 1018//
f 1018// 1010// 1011//
f 1018// 1011// 1019//
f 1019// 1011// 1012//
f 1019// 1012// 1020//
f 1020// 1012// 1013//
f 1020// 1013// 1021//
f 977// 980// 978//
f 978// 980// 1014//
f 978// 1014// 1022//
f 1022// 1014// 1015//
f 1022// 1015// 1023//
f 1023// 1015// 1016//
f 1023// 1016// 1024//
f 1024// 1016// 1017//
f 1024// 1017// 1025//
f 1025// 1017// 1018//
f 1025// 1018// 1026//
f 1026// 1018// 1019//
f 1026// 1019// 1027//
f 1027// 1019// 1020//
f 1027// 1020// 1028//
f 1028// 1020// 1021//
f 1028// 1021// 1029//
f 975// 978// 976//
f 976// 978// 1022//
f 976// 1022// 1030//
f 1030// 1022// 1023//
f 1030// 1023// 1031//
f 1031// 1023// 1024//
f 1031// 1024// 1032//
f 1032// 1024// 1025//
f 1032// 1025// 1033//
f 1033// 1025// 1026//
f 1033// 1026// 1034//
f 1034// 1026// 1027//
f 1034// 1027// 1035//
f 1035// 1027// 1028//
f 1035// 1028// 1036//
f 1036// 1028// 1029//
f 1036// 1029// 1037//
f 970// 976// 969//
f 969// 976// 1030//
f 969// 1030// 968//
f 968// 1030// 1031//
f 968// 1031// 971//
f 971// 1031// 1032//
f 971// 1032// 972//
f 972// 1032// 1033//
f 972// 1033// 973//
f 973// 1033// 1034//
f 973// 1034// 974//
f 974// 1034// 1035//
f 974// 1035// 967//
f 967// 1035// 1036//
f 967// 1036// 966//
f 966// 1036// 1037//
f 966// 1037// 965//
f 1038// 1004// 1039//
f 1039// 1004// 1003//
f 1039// 1003// 1040//
f 1040// 1003// 1000//
f 1040// 1000// 1041//
f 1041// 1000// 996//
f 1041// 996// 1042//
f 1042// 996// 998//
f 1042// 998// 1043//
f 1043// 998// 999//
f 1043// 999// 1044//
f 1044// 999// 994//
f 1044// 994// 1045//
f 1045// 994// 992//
f 1045// 992// 1046//
f 1046// 992// 990//
f 1046// 990// 1047//
f 1047// 990// 989//
f 1047// 989// 1048//
f 1048// 989// 987//
f 1048// 987// 1049//
f 1049// 987// 986//
f 1049// 986// 1050//
f 1050// 986// 985//
f 1050// 1051// 1052//
f 1051// 1053// 1054//
f 1053// 1055// 1056//
f 1053// 1056// 1054//
f 1054// 1056// 1057//
f 1054// 1057// 1058//
f 1057// 1059// 1058//
f 1058// 1059// 1060//
f 1058// 1060// 1061//
f 1061// 1060// 1062//
f 1061// 1062// 1063//
f 1063// 1062// 1064//
f 1063// 1064// 1065//
f 1064// 1066// 1065//
f 1065// 1066// 1067//
f 1065// 1067// 1068//
f 1068// 1067// 1069//
f 1068// 1069// 1070//
f 1070// 1069// 1071//
f 1070// 1071// 1072//
f 1071// 1073// 1072//
f 1072// 1073// 1074//
f 1072// 1074// 1075//
f 1075// 1074// 1076//
f 1075// 1076// 1077//
f 1077// 1076// 1078//
f 1077// 1078// 1079//
f 1078// 1080// 1079//
f 1079// 1080// 1081//
f 1079// 1081// 1082//
f 1051// 1054// 1052//
f 1052// 1054// 1058//
f 1052// 1058// 1083//
f 1083// 1058// 1061//
f 1083// 1061// 1084//
f 1084// 1061// 1063//
f 1084// 1063// 1085//
f 1085// 1063// 1065//
f 1085// 1065// 1086//
f 1086// 1065// 1068//
f 1086// 1068// 1087//
f 1087// 1068// 1070//
f 1087// 1070// 1088//
f 1088// 1070// 1072//
f 1088// 1072// 1089//
f 1089// 1072// 1075//
f 1089// 1075// 1090//
f 1090// 1075// 1077//
f 1090// 1077// 1091//
f 1091// 1077// 1079//
f 1091// 1079// 1092//
f 1092// 1079// 1082//
f 1092// 1082// 1093//
f 1050// 1052// 1049//
f 1049// 1052// 1083//
f 1049// 1083// 1048//
f 1048// 1083// 1084//
f 1048// 1084// 1047//
f 1047// 1084// 1085//
f 1047// 1085// 1046//
f 1046// 1085// 1086//
f 1046// 1086// 1045//
f 1045// 1086// 1087//
f 1045// 1087// 1044//
f 1044// 1087// 1088//
f 1044// 1088// 1043//
f 1043// 1088// 1089//
f 1043// 1089// 1042//
f 1042// 1089// 1090//
f 1042// 1090// 1041//
f 1041// 1090// 1091//
f 1041// 1091// 1040//
f 1040// 1091// 1092//
f 1040// 1092// 1039//
f 1039// 1092// 1093//
f 1039// 1093// 1038//
f 1094// 1095// 1096//
f 1097// 1098// 1099//
f 1100// 1101// 1102//
f 1103// 1104// 1105//
f 1106// 1107// 1108//
f 1108// 1107// 1109//
f 1108// 1109// 1103//
f 1104// 1110// 1111//
f 1111// 1110// 1112//
f 1111// 1112// 1100//
f 1101// 1113// 1114//
f 1114// 1113// 1115//
f 1114// 1115// 1097//
f 1098// 1116// 1117//
f 1117// 1116// 1118//
f 1117// 1118// 1094//
f 1059// 1057// 1119//
f 1119// 1057// 1056//
f 1106// 1108// 1120//
f 1120// 1108// 1121//
f 1120// 1121// 1122//
f 1122// 1121// 1123//
f 1122// 1123// 1124//
f 1124// 1123// 1125//
f 1124// 1125// 1126//
f 1126// 1125// 1119//
f 1126// 1119// 1127//
f 1127// 1119// 1056//
f 1127// 1056// 1055//
f 1103// 1105// 1108//
f 1108// 1105// 1128//
f 1108// 1128// 1121//
f 1121// 1128// 1129//
f 1121// 1129// 1123//
f 1123// 1129// 1130//
f 1123// 1130// 1125//
f 1125// 1130// 1131//
f 1125// 1131// 1119//
f 1119// 1131// 1060//
f 1119// 1060// 1059//
f 1066// 1064// 1132//
f 1132// 1064// 1062//
f 1104// 1111// 1105//
f 1105// 1111// 1133//
f 1105// 1133// 1128//
f 1128// 1133// 1134//
f 1128// 1134// 1129//
f 1129// 1134// 1135//
f 1129// 1135// 1130//
f 1130// 1135// 1132//
f 1130// 1132// 1131//
f 1131// 1132// 1062//
f 1131// 1062// 1060//
f 1100// 1102// 1111//
f 1111// 1102// 1136//
f 1111// 1136// 1133//
f 1133// 1136// 1137//
f 1133// 1137// 1134//
f 1134// 1137// 1138//
f 1134// 1138// 1135//
f 1135// 1138// 1139//
f 1135// 1139// 1132//
f 1132// 1139// 1067//
f 1132// 1067// 1066//
f 1073// 1071// 1140//
f 1140// 1071// 1069//
f 1101// 1114// 1102//
f 1102// 1114// 1141//
f 1102// 1141// 1136//
f 1136// 1141// 1142//
f 1136// 1142// 1137//
f 1137// 1142// 1143//
f 1137// 1143// 1138//
f 1138// 1143// 1140//
f 1138// 1140// 1139//
f 1139// 1140// 1069//
f 1139// 1069// 1067//
f 1097// 1099// 1114//
f 1114// 1099// 1144//
f 1114// 1144// 1141//
f 1141// 1144// 1145//
f 1141// 1145// 1142//
f 1142// 1145// 1146//
f 1142// 1146// 1143//
f 1143// 1146// 1147//
f 1143// 1147// 1140//
f 1140// 1147// 1074//
f 1140// 1074// 1073//
f 1080// 1078// 1148//
f 1148// 1078// 1076//
f 1098// 1117// 1099//
f 1099// 1117// 1149//
f 1099// 1149// 1144//
f 1144// 1149// 1150//
f 1144// 1150// 1145//
f 1145// 1150// 1151//
f 1145// 1151// 1146//
f 1146// 1151// 1148//
f 1146// 1148// 1147//
f 1147// 1148// 1076//
f 1147// 1076// 1074//
f 1094// 1096// 1117//
f 1117// 1096// 1152//
f 1117// 1152// 1149//
f 1149// 1152// 1153//
f 1149// 1153// 1150//
f 1150// 1153// 1154//
f 1150// 1154// 1151//
f 1151// 1154// 1155//
f 1151// 1155// 1148//
f 1148// 1155// 1081//
f 1148// 1081// 1080//
f 1106// 1156// 1157//
f 1156// 1158// 1159//
f 1158// 874// 875//
f 1103// 1109// 1157//
f 1157// 1109// 1107//
f 1157// 1107// 1106//
f 1160// 1104// 1161//
f 1161// 1104// 1103//
f 1161// 1103// 1162//
f 1162// 1103// 1157//
f 1100// 1112// 1160//
f 1160// 1112// 1110//
f 1160// 1110// 1104//
f 1163// 1101// 1164//
f 1164// 1101// 1100//
f 1164// 1100// 1165//
f 1165// 1100// 1160//
f 1097// 1115// 1163//
f 1163// 1115// 1113//
f 1163// 1113// 1101//
f 1166// 1098// 1167//
f 1167// 1098// 1097//
f 1167// 1097// 1168//
f 1168// 1097// 1163//
f 1158// 875// 1159//
f 1159// 875// 876//
f 1159// 876// 1169//
f 1169// 876// 877//
f 1169// 877// 1170//
f 1170// 877// 872//
f 1170// 872// 1171//
f 1171// 872// 873//
f 1171// 873// 1172//
f 1172// 873// 870//
f 1172// 870// 1173//
f 1173// 870// 871//
f 1173// 871// 1174//
f 1174// 871// 865//
f 1174// 865// 1175//
f 1175// 865// 866//
f 1175// 866// 1176//
f 1176// 866// 867//
f 1176// 867// 1177//
f 1156// 1159// 1157//
f 1157// 1159// 1169//
f 1157// 1169// 1162//
f 1162// 1169// 1170//
f 1162// 1170// 1161//
f 1161// 1170// 1171//
f 1161// 1171// 1160//
f 1160// 1171// 1172//
f 1160// 1172// 1165//
f 1165// 1172// 1173//
f 1165// 1173// 1164//
f 1164// 1173// 1174//
f 1164// 1174// 1163//
f 1163// 1174// 1175//
f 1163// 1175// 1168//
f 1168// 1175// 1176//
f 1168// 1176// 1167//
f 1167// 1176// 1177//
f 1167// 1177// 1166//
f 1094// 1118// 1166//
f 1166// 1118// 1116//
f 1166// 1116// 1098//
f 868// 869// 1178//
f 1178// 869// 1179//
f 1178// 1179// 1180//
f 1180// 1179// 1181//
f 867// 868// 1177//
f 1177// 868// 1178//
f 1177// 1178// 1166//
f 1166// 1178// 1180//
f 1166// 1180// 1094//
f 1094// 1180// 1181//
f 1094// 1181// 1095//
f 846// 848// 850//
f 856// 863// 885//
f 885// 863// 864//
f 885// 864// 886//
f 886// 864// 860//
f 886// 860// 930//
f 930// 860// 858//
f 930// 858// 857//
f 900// 852// 854//
f 856// 885// 854//
f 854// 885// 931//
f 854// 931// 900//
f 830// 826// 940//
f 828// 827// 900//
f 824// 823// 900//
f 940// 826// 900//
f 900// 826// 825//
f 900// 825// 824//
f 823// 822// 900//
f 900// 822// 829//
f 900// 829// 828//
f 827// 820// 900//
f 900// 820// 819//
f 900// 819// 852//
f 852// 819// 818//
f 852// 818// 815//
f 815// 814// 852//
f 852// 814// 812//
f 852// 812// 811//
f 800// 805// 842//
f 811// 817// 852//
f 852// 817// 816//
f 852// 816// 850//
f 850// 816// 795//
f 850// 795// 846//
f 846// 795// 799//
f 846// 799// 844//
f 797// 796// 842//
f 844// 799// 842//
f 842// 799// 798//
f 842// 798// 797//
f 796// 802// 842//
f 842// 802// 801//
f 842// 801// 800//
f 804// 803// 943//
f 943// 803// 793//
f 943// 793// 792//
f 792// 807// 943//
f 943// 807// 806//
f 943// 806// 808//
f 808// 809// 943//
f 943// 809// 810//
f 943// 810// 938//
f 938// 810// 830//
f 938// 830// 939//
f 939// 830// 940//
f 957// 832// 944//
f 944// 832// 831//
f 944// 831// 941//
f 941// 831// 837//
f 941// 837// 836//
f 805// 804// 842//
f 842// 804// 943//
f 842// 943// 840//
f 840// 943// 942//
f 840// 942// 834//
f 834// 942// 941//
f 834// 941// 835//
f 835// 941// 836//
usemtl 2
f 643// 642// 1182//
f 1182// 642// 958//
f 1182// 958// 1183//
f 1183// 958// 965//
f 1183// 965// 1184//
f 1184// 965// 1037//
f 1184// 1037// 1185//
f 1185// 1037// 1029//
f 1185// 1029// 1186//
f 1186// 1029// 1021//
f 1186// 1021// 1187//
f 1187// 1021// 1013//
f 1187// 1013// 1188//
f 1188// 1013// 1005//
f 1188// 1005// 1189//
f 1189// 1005// 1004//
f 1189// 1004// 1190//
f 1190// 1004// 1038//
f 1190// 1038// 1191//
f 1191// 1038// 1093//
f 1191// 1093// 1192//
f 1192// 1093// 1082//
f 1192// 1082// 1193//
f 1193// 1082// 1081//
f 1193// 1081// 1194//
f 1194// 1081// 1155//
f 1194// 1155// 1195//
f 1195// 1155// 1154//
f 1195// 1154// 1196//
f 1196// 1154// 1153//
f 1196// 1153// 1197//
f 1197// 1153// 1152//
f 1197// 1152// 1198//
f 1198// 1152// 1096//
f 1198// 1096// 1199//
f 1199// 1096// 1095//
f 1199// 1095// 1200//
f 1200// 1095// 1181//
f 1200// 1181// 1201//
f 1201// 1181// 1179//
f 1201// 1179// 2//
f 733// 736// 878//
f 878// 736// 1202//
f 878// 1202// 951//
f 951// 1202// 1203//
f 951// 1203// 952//
f 952// 1203// 1204//
f 952// 1204// 953//
f 953// 1204// 1205//
f 953// 1205// 954//
f 954// 1205// 1206//
f 954// 1206// 955//
f 955// 1206// 1207//
f 955// 1207// 956//
f 956// 1207// 1208//
f 956// 1208// 957//
f 957// 1208// 629//
f 957// 629// 832//
f 832// 629// 3//
f 832// 3// 833//
f 833// 3// 2//
f 833// 2// 869//
f 869// 2// 1179//
f 745// 743// 1209//
f 1209// 743// 884//
f 1209// 884// 1210//
f 1210// 884// 919//
f 1210// 919// 1211//
f 1211// 919// 921//
f 1211// 921// 1212//
f 1212// 921// 923//
f 1212// 923// 1213//
f 1213// 923// 925//
f 1213// 925// 1214//
f 1214// 925// 927//
f 1214// 927// 1215//
f 1215// 927// 929//
f 1215// 929// 470//
f 929// 930// 470//
f 470// 930// 857//
f 470// 857// 468//
f 468// 857// 859//
f 468// 859// 469//
f 469// 859// 874//
f 469// 874// 1216//
f 1216// 874// 1158//
f 1216// 1158// 1217//
f 1217// 1158// 1156//
f 1217// 1156// 1218//
f 1218// 1156// 1106//
f 1218// 1106// 1219//
f 1219// 1106// 1120//
f 1219// 1120// 1220//
f 1220// 1120// 1122//
f 1220// 1122// 1221//
f 1221// 1122// 1124//
f 1221// 1124// 1222//
f 1222// 1124// 1126//
f 1222// 1126// 1223//
f 1223// 1126// 1127//
f 1223// 1127// 1224//
f 1224// 1127// 1055//
f 1224// 1055// 1225//
f 1225// 1055// 1053//
f 1225// 1053// 1226//
f 1226// 1053// 1051//
f 1226// 1051// 1227//
f 1227// 1051// 1050//
f 1227// 1050// 1228//
f 1228// 1050// 985//
f 1228// 985// 1229//
f 1229// 985// 983//
f 1229// 983// 1230//
f 1230// 983// 981//
f 1230// 981// 1231//
f 1231// 981// 979//
f 1231// 979// 1232//
f 1232// 979// 977//
f 1232// 977// 1233//
f 1233// 977// 975//
f 1233// 975// 1234//
f 1234// 975// 970//
f 1234// 970// 1235//
f 1235// 970// 964//
f 1235// 964// 634//
f 634// 964// 632//
usemtl 1
f 734// 1236// 1237//
f 1202// 736// 1238//
f 1238// 736// 737//
f 1238// 737// 1239//
f 1239// 737// 738//
f 1239// 738// 1237//
f 1237// 738// 735//
f 1237// 735// 734//
f 734// 1240// 1236//
f 1236// 1240// 1241//
f 1236// 1241// 1242//
f 1242// 1241// 1243//
f 1242// 1243// 1244//
f 1244// 1243// 1245//
f 1244// 1245// 1246//
f 1246// 1245// 1247//
f 1246// 1247// 1248//
f 1248// 1247// 1249//
f 1248// 1249// 1250//
f 1250// 1249// 1251//
f 1250// 1251// 1252//
f 1252// 1251// 1253//
f 1252// 1253// 1254//
f 1254// 1253// 1255//
f 1254// 1255// 1256//
f 1256// 1255// 1257//
f 1256// 1257// 1258//
f 1258// 1257// 1259//
f 1258// 1259// 1260//
f 1260// 1259// 1261//
f 1260// 1261// 1262//
f 1261// 1263// 1262//
f 1262// 1263// 1264//
f 1262// 1264// 1265//
f 1264// 1266// 1265//
f 1265// 1266// 732//
f 1265// 732// 1267//
f 1267// 732// 731//
f 1267// 731// 1268//
f 1268// 731// 730//
f 1268// 730// 1269//
f 1269// 730// 729//
f 1269// 729// 1270//
f 1270// 729// 728//
f 1270// 728// 1271//
f 1271// 728// 727//
f 1271// 727// 1272//
f 1272// 727// 726//
f 1272// 726// 1273//
f 1273// 726// 725//
f 1273// 725// 1274//
f 1274// 725// 724//
f 1274// 724// 1275//
f 1275// 724// 723//
f 1275// 723// 1276//
f 1276// 723// 722//
f 1276// 722// 1277//
f 1277// 722// 721//
f 1277// 721// 1278//
f 1278// 721// 720//
f 720// 719// 1278//
f 1278// 719// 748//
f 1278// 748// 1279//
f 1279// 748// 747//
f 1279// 747// 1280//
f 1280// 747// 742//
f 1280// 742// 1281//
f 1281// 742// 744//
f 1281// 744// 1209//
f 1209// 744// 745//
usemtl 2
f 1282// 1264// 1263//
f 1245// 1243// 1282//
f 1282// 1243// 1241//
f 1282// 1241// 1240//
f 1263// 1261// 1282//
f 1282// 1261// 1259//
f 1282// 1259// 1257//
f 1257// 1255// 1282//
f 1282// 1255// 1253//
f 1282// 1253// 1251//
f 1251// 1249// 1282//
f 1282// 1249// 1247//
f 1282// 1247// 1245//
usemtl 1
f 643// 1182// 636//
f 636// 1182// 1283//
f 636// 1283// 638//
f 638// 1283// 1284//
f 638// 1284// 639//
f 639// 1284// 1285//
f 639// 1285// 640//
f 640// 1285// 1286//
f 640// 1286// 641//
f 641// 1286// 1287//
f 641// 1287// 637//
f 637// 1287// 1288//
f 637// 1288// 635//
f 635// 1288// 1289//
f 635// 1289// 645//
f 645// 1289// 1290//
f 645// 1290// 644//
f 644// 1290// 1291//
f 644// 1291// 653//
f 653// 1291// 1292//
f 653// 1292// 683//
f 683// 1292// 1293//
f 683// 1293// 684//
f 684// 1293// 1294//
f 684// 1294// 686//
f 686// 1294// 1295//
f 686// 1295// 687//
f 687// 1295// 1296//
f 687// 1296// 682//
f 682// 1296// 1297//
f 682// 1297// 680//
f 680// 1297// 1298//
f 680// 1298// 650//
f 650// 1298// 1299//
f 650// 1299// 651//
f 651// 1299// 1300//
f 651// 1300// 664//
f 664// 1300// 1301//
f 664// 1301// 666//
f 666// 1301// 1302//
f 666// 1302// 668//
f 668// 1302// 1303//
f 668// 1303// 704//
f 704// 1303// 1304//
f 704// 1304// 705//
f 705// 1304// 1305//
f 705// 1305// 706//
f 706// 1305// 1306//
f 706// 1306// 690//
f 690// 1306// 1307//
f 690// 1307// 688//
f 688// 1307// 1308//
f 688// 1308// 677//
f 677// 1308// 1309//
f 677// 1309// 675//
f 675// 1309// 1310//
f 675// 1310// 630//
f 630// 1310// 1311//
f 630// 1311// 631//
f 631// 1311// 1312//
f 631// 1312// 633//
f 633// 1312// 1313//
f 633// 1313// 634//
f 634// 1313// 1235//
f 1234// 1235// 1314//
f 1314// 1235// 1313//
f 1283// 1182// 1183//
f 1311// 1310// 1315//
f 1297// 1316// 1298//
f 1298// 1316// 1317//
f 1298// 1317// 1299//
f 1295// 1318// 1296//
f 1296// 1318// 1319//
f 1296// 1319// 1297//
f 1297// 1319// 1320//
f 1297// 1320// 1316//
f 1315// 1321// 1311//
f 1311// 1321// 1322//
f 1311// 1322// 1312//
f 1312// 1322// 1323//
f 1312// 1323// 1313//
f 1313// 1323// 1324//
f 1313// 1324// 1314//
f 1294// 1325// 1295//
f 1295// 1325// 1326//
f 1295// 1326// 1318//
f 1286// 1327// 1287//
f 1287// 1327// 1328//
f 1287// 1328// 1288//
f 1285// 1329// 1286//
f 1286// 1329// 1330//
f 1286// 1330// 1327//
f 1308// 1331// 1309//
f 1309// 1331// 1332//
f 1309// 1332// 1310//
f 1310// 1332// 1333//
f 1310// 1333// 1315//
f 1306// 1334// 1307//
f 1307// 1334// 1335//
f 1307// 1335// 1308//
f 1308// 1335// 1336//
f 1308// 1336// 1331//
f 1328// 1337// 1288//
f 1288// 1337// 1338//
f 1288// 1338// 1289//
f 1289// 1338// 1339//
f 1289// 1339// 1290//
f 1183// 1340// 1283//
f 1283// 1340// 1341//
f 1283// 1341// 1284//
f 1284// 1341// 1342//
f 1284// 1342// 1285//
f 1285// 1342// 1343//
f 1285// 1343// 1329//
f 1302// 1344// 1303//
f 1303// 1344// 1345//
f 1303// 1345// 1304//
f 1301// 1346// 1302//
f 1302// 1346// 1347//
f 1302// 1347// 1344//
f 1292// 1348// 1293//
f 1293// 1348// 1349//
f 1293// 1349// 1294//
f 1294// 1349// 1350//
f 1294// 1350// 1325//
f 1345// 1351// 1304//
f 1304// 1351// 1352//
f 1304// 1352// 1305//
f 1305// 1352// 1353//
f 1305// 1353// 1306//
f 1306// 1353// 1354//
f 1306// 1354// 1334//
f 1317// 1355// 1299//
f 1299// 1355// 1356//
f 1299// 1356// 1300//
f 1300// 1356// 1357//
f 1300// 1357// 1301//
f 1301// 1357// 1358//
f 1301// 1358// 1346//
f 1339// 1359// 1290//
f 1290// 1359// 1360//
f 1290// 1360// 1291//
f 1291// 1360// 1361//
f 1291// 1361// 1292//
f 1292// 1361// 1362//
f 1292// 1362// 1348//
f 1363// 1364// 1365//
f 1366// 1367// 1368//
f 1369// 1370// 1371//
f 1372// 1373// 1374//
f 1375// 1376// 1377//
f 1378// 1379// 1380//
f 1381// 1382// 1383//
f 1384// 1385// 1386//
f 1387// 1388// 1389//
f 1390// 1391// 1392//
f 1393// 1394// 1395//
f 1396// 1397// 1398//
f 1399// 1400// 1401//
f 1402// 1403// 1404//
f 1405// 1406// 1407//
f 1408// 1409// 1410//
f 1411// 1412// 1413//
f 1414// 1415// 1416//
f 1417// 1418// 1419//
f 1420// 1421// 1422//
f 1423// 1424// 1425//
f 1426// 1427// 1428//
f 1314// 1324// 1429//
f 1429// 1324// 1430//
f 1429// 1430// 1431//
f 1431// 1430// 1432//
f 1431// 1432// 1433//
f 1433// 1432// 1434//
f 1433// 1434// 1435//
f 1435// 1434// 1436//
f 1435// 1436// 1437//
f 1437// 1436// 1428//
f 1332// 1331// 1438//
f 1438// 1331// 1439//
f 1438// 1439// 1440//
f 1440// 1439// 1441//
f 1440// 1441// 1442//
f 1442// 1441// 1443//
f 1442// 1443// 1444//
f 1444// 1443// 1445//
f 1444// 1445// 1446//
f 1446// 1445// 1416//
f 1334// 1354// 1447//
f 1447// 1354// 1448//
f 1447// 1448// 1449//
f 1449// 1448// 1450//
f 1449// 1450// 1451//
f 1451// 1450// 1452//
f 1451// 1452// 1453//
f 1453// 1452// 1454//
f 1453// 1454// 1455//
f 1455// 1454// 1410//
f 1352// 1351// 1456//
f 1456// 1351// 1457//
f 1456// 1457// 1458//
f 1458// 1457// 1459//
f 1458// 1459// 1460//
f 1460// 1459// 1461//
f 1460// 1461// 1462//
f 1462// 1461// 1463//
f 1462// 1463// 1464//
f 1464// 1463// 1407//
f 1347// 1346// 1465//
f 1465// 1346// 1466//
f 1465// 1466// 1467//
f 1467// 1466// 1468//
f 1467// 1468// 1469//
f 1469// 1468// 1470//
f 1469// 1470// 1471//
f 1471// 1470// 1472//
f 1471// 1472// 1473//
f 1473// 1472// 1401//
f 1357// 1356// 1474//
f 1474// 1356// 1475//
f 1474// 1475// 1476//
f 1476// 1475// 1477//
f 1476// 1477// 1478//
f 1478// 1477// 1479//
f 1478// 1479// 1480//
f 1480// 1479// 1481//
f 1480// 1481// 1482//
f 1482// 1481// 1398//
f 1316// 1320// 1483//
f 1483// 1320// 1484//
f 1483// 1484// 1485//
f 1485// 1484// 1486//
f 1485// 1486// 1487//
f 1487// 1486// 1488//
f 1487// 1488// 1489//
f 1489// 1488// 1490//
f 1489// 1490// 1491//
f 1491// 1490// 1395//
f 1349// 1348// 1492//
f 1492// 1348// 1493//
f 1492// 1493// 1494//
f 1494// 1493// 1495//
f 1494// 1495// 1496//
f 1496// 1495// 1497//
f 1496// 1497// 1498//
f 1498// 1497// 1499//
f 1498// 1499// 1500//
f 1500// 1499// 1383//
f 1360// 1359// 1501//
f 1501// 1359// 1502//
f 1501// 1502// 1503//
f 1503// 1502// 1504//
f 1503// 1504// 1505//
f 1505// 1504// 1506//
f 1505// 1506// 1507//
f 1507// 1506// 1508//
f 1507// 1508// 1509//
f 1509// 1508// 1377//
f 1338// 1337// 1510//
f 1510// 1337// 1511//
f 1510// 1511// 1512//
f 1512// 1511// 1513//
f 1512// 1513// 1514//
f 1514// 1513// 1515//
f 1514// 1515// 1516//
f 1516// 1515// 1517//
f 1516// 1517// 1518//
f 1518// 1517// 1374//
f 1330// 1329// 1519//
f 1519// 1329// 1520//
f 1519// 1520// 1521//
f 1521// 1520// 1522//
f 1521// 1522// 1523//
f 1523// 1522// 1524//
f 1523// 1524// 1525//
f 1525// 1524// 1526//
f 1525// 1526// 1527//
f 1527// 1526// 1368//
f 1342// 1341// 1528//
f 1528// 1341// 1529//
f 1528// 1529// 1530//
f 1530// 1529// 1531//
f 1530// 1531// 1532//
f 1532// 1531// 1533//
f 1532// 1533// 1534//
f 1534// 1533// 1535//
f 1534// 1535// 1536//
f 1536// 1535// 1365//
f 1234// 1314// 1233//
f 1233// 1314// 1429//
f 1233// 1429// 1232//
f 1232// 1429// 1431//
f 1232// 1431// 1231//
f 1231// 1431// 1433//
f 1231// 1433// 1230//
f 1230// 1433// 1435//
f 1230// 1435// 1229//
f 1229// 1435// 1437//
f 1229// 1437// 1228//
f 1228// 1437// 1537//
f 1428// 1427// 1437//
f 1437// 1427// 1538//
f 1437// 1538// 1537//
f 1539// 1426// 1540//
f 1540// 1426// 1428//
f 1540// 1428// 1541//
f 1541// 1428// 1436//
f 1541// 1436// 1542//
f 1542// 1436// 1434//
f 1542// 1434// 1543//
f 1543// 1434// 1432//
f 1543// 1432// 1544//
f 1544// 1432// 1430//
f 1544// 1430// 1323//
f 1323// 1430// 1324//
f 1323// 1322// 1544//
f 1544// 1322// 1545//
f 1544// 1545// 1543//
f 1543// 1545// 1546//
f 1543// 1546// 1542//
f 1542// 1546// 1547//
f 1542// 1547// 1541//
f 1541// 1547// 1548//
f 1541// 1548// 1540//
f 1540// 1548// 1425//
f 1540// 1425// 1539//
f 1539// 1425// 1424//
f 1421// 1423// 1422//
f 1422// 1423// 1425//
f 1422// 1425// 1549//
f 1549// 1425// 1548//
f 1549// 1548// 1550//
f 1550// 1548// 1547//
f 1550// 1547// 1551//
f 1551// 1547// 1546//
f 1551// 1546// 1552//
f 1552// 1546// 1545//
f 1552// 1545// 1321//
f 1321// 1545// 1322//
f 1418// 1420// 1419//
f 1419// 1420// 1422//
f 1419// 1422// 1553//
f 1553// 1422// 1549//
f 1553// 1549// 1554//
f 1554// 1549// 1550//
f 1554// 1550// 1555//
f 1555// 1550// 1551//
f 1555// 1551// 1556//
f 1556// 1551// 1552//
f 1556// 1552// 1315//
f 1315// 1552// 1321//
f 1557// 1417// 1558//
f 1558// 1417// 1419//
f 1558// 1419// 1559//
f 1559// 1419// 1553//
f 1559// 1553// 1560//
f 1560// 1553// 1554//
f 1560// 1554// 1561//
f 1561// 1554// 1555//
f 1561// 1555// 1562//
f 1562// 1555// 1556//
f 1562// 1556// 1333//
f 1333// 1556// 1315//
f 1333// 1332// 1562//
f 1562// 1332// 1438//
f 1562// 1438// 1561//
f 1561// 1438// 1440//
f 1561// 1440// 1560//
f 1560// 1440// 1442//
f 1560// 1442// 1559//
f 1559// 1442// 1444//
f 1559// 1444// 1558//
f 1558// 1444// 1446//
f 1558// 1446// 1557//
f 1557// 1446// 1563//
f 1416// 1415// 1446//
f 1446// 1415// 1564//
f 1446// 1564// 1563//
f 1565// 1414// 1566//
f 1566// 1414// 1416//
f 1566// 1416// 1567//
f 1567// 1416// 1445//
f 1567// 1445// 1568//
f 1568// 1445// 1443//
f 1568// 1443// 1569//
f 1569// 1443// 1441//
f 1569// 1441// 1570//
f 1570// 1441// 1439//
f 1570// 1439// 1336//
f 1336// 1439// 1331//
f 1336// 1335// 1570//
f 1570// 1335// 1571//
f 1570// 1571// 1569//
f 1569// 1571// 1572//
f 1569// 1572// 1568//
f 1568// 1572// 1573//
f 1568// 1573// 1567//
f 1567// 1573// 1574//
f 1567// 1574// 1566//
f 1566// 1574// 1413//
f 1566// 1413// 1565//
f 1565// 1413// 1412//
f 1575// 1411// 1455//
f 1455// 1411// 1413//
f 1455// 1413// 1453//
f 1453// 1413// 1574//
f 1453// 1574// 1451//
f 1451// 1574// 1573//
f 1451// 1573// 1449//
f 1449// 1573// 1572//
f 1449// 1572// 1447//
f 1447// 1572// 1571//
f 1447// 1571// 1334//
f 1334// 1571// 1335//
f 1410// 1409// 1455//
f 1455// 1409// 1576//
f 1455// 1576// 1575//
f 1577// 1408// 1578//
f 1578// 1408// 1410//
f 1578// 1410// 1579//
f 1579// 1410// 1454//
f 1579// 1454// 1580//
f 1580// 1454// 1452//
f 1580// 1452// 1581//
f 1581// 1452// 1450//
f 1581// 1450// 1582//
f 1582// 1450// 1448//
f 1582// 1448// 1353//
f 1353// 1448// 1354//
f 1353// 1352// 1582//
f 1582// 1352// 1456//
f 1582// 1456// 1581//
f 1581// 1456// 1458//
f 1581// 1458// 1580//
f 1580// 1458// 1460//
f 1580// 1460// 1579//
f 1579// 1460// 1462//
f 1579// 1462// 1578//
f 1578// 1462// 1464//
f 1578// 1464// 1577//
f 1577// 1464// 1583//
f 1407// 1406// 1464//
f 1464// 1406// 1584//
f 1464// 1584// 1583//
f 1585// 1405// 1586//
f 1586// 1405// 1407//
f 1586// 1407// 1587//
f 1587// 1407// 1463//
f 1587// 1463// 1588//
f 1588// 1463// 1461//
f 1588// 1461// 1589//
f 1589// 1461// 1459//
f 1589// 1459// 1590//
f 1590// 1459// 1457//
f 1590// 1457// 1345//
f 1345// 1457// 1351//
f 1345// 1344// 1590//
f 1590// 1344// 1591//
f 1590// 1591// 1589//
f 1589// 1591// 1592//
f 1589// 1592// 1588//
f 1588// 1592// 1593//
f 1588// 1593// 1587//
f 1587// 1593// 1594//
f 1587// 1594// 1586//
f 1586// 1594// 1404//
f 1586// 1404// 1585//
f 1585// 1404// 1403//
f 1595// 1402// 1473//
f 1473// 1402// 1404//
f 1473// 1404// 1471//
f 1471// 1404// 1594//
f 1471// 1594// 1469//
f 1469// 1594// 1593//
f 1469// 1593// 1467//
f 1467// 1593// 1592//
f 1467// 1592// 1465//
f 1465// 1592// 1591//
f 1465// 1591// 1347//
f 1347// 1591// 1344//
f 1401// 1400// 1473//
f 1473// 1400// 1596//
f 1473// 1596// 1595//
f 1597// 1399// 1598//
f 1598// 1399// 1401//
f 1598// 1401// 1599//
f 1599// 1401// 1472//
f 1599// 1472// 1600//
f 1600// 1472// 1470//
f 1600// 1470// 1601//
f 1601// 1470// 1468//
f 1601// 1468// 1602//
f 1602// 1468// 1466//
f 1602// 1466// 1358//
f 1358// 1466// 1346//
f 1358// 1357// 1602//
f 1602// 1357// 1474//
f 1602// 1474// 1601//
f 1601// 1474// 1476//
f 1601// 1476// 1600//
f 1600// 1476// 1478//
f 1600// 1478// 1599//
f 1599// 1478// 1480//
f 1599// 1480// 1598//
f 1598// 1480// 1482//
f 1598// 1482// 1597//
f 1597// 1482// 1603//
f 1398// 1397// 1482//
f 1482// 1397// 1604//
f 1482// 1604// 1603//
f 1605// 1396// 1606//
f 1606// 1396// 1398//
f 1606// 1398// 1607//
f 1607// 1398// 1481//
f 1607// 1481// 1608//
f 1608// 1481// 1479//
f 1608// 1479// 1609//
f 1609// 1479// 1477//
f 1609// 1477// 1610//
f 1610// 1477// 1475//
f 1610// 1475// 1355//
f 1355// 1475// 1356//
f 1355// 1317// 1610//
f 1610// 1317// 1611//
f 1610// 1611// 1609//
f 1609// 1611// 1612//
f 1609// 1612// 1608//
f 1608// 1612// 1613//
f 1608// 1613// 1607//
f 1607// 1613// 1614//
f 1607// 1614// 1606//
f 1606// 1614// 1615//
f 1606// 1615// 1605//
f 1605// 1615// 1616//
f 1317// 1316// 1611//
f 1611// 1316// 1483//
f 1611// 1483// 1612//
f 1612// 1483// 1485//
f 1612// 1485// 1613//
f 1613// 1485// 1487//
f 1613// 1487// 1614//
f 1614// 1487// 1489//
f 1614// 1489// 1615//
f 1615// 1489// 1491//
f 1615// 1491// 1616//
f 1616// 1491// 1617//
f 1395// 1394// 1491//
f 1491// 1394// 1618//
f 1491// 1618// 1617//
f 1619// 1393// 1620//
f 1620// 1393// 1395//
f 1620// 1395// 1621//
f 1621// 1395// 1490//
f 1621// 1490// 1622//
f 1622// 1490// 1488//
f 1622// 1488// 1623//
f 1623// 1488// 1486//
f 1623// 1486// 1624//
f 1624// 1486// 1484//
f 1624// 1484// 1319//
f 1319// 1484// 1320//
f 1319// 1318// 1624//
f 1624// 1318// 1625//
f 1624// 1625// 1623//
f 1623// 1625// 1626//
f 1623// 1626// 1622//
f 1622// 1626// 1627//
f 1622// 1627// 1621//
f 1621// 1627// 1628//
f 1621// 1628// 1620//
f 1620// 1628// 1392//
f 1620// 1392// 1619//
f 1619// 1392// 1391//
f 1388// 1390// 1389//
f 1389// 1390// 1392//
f 1389// 1392// 1629//
f 1629// 1392// 1628//
f 1629// 1628// 1630//
f 1630// 1628// 1627//
f 1630// 1627// 1631//
f 1631// 1627// 1626//
f 1631// 1626// 1632//
f 1632// 1626// 1625//
f 1632// 1625// 1326//
f 1326// 1625// 1318//
f 1385// 1387// 1386//
f 1386// 1387// 1389//
f 1386// 1389// 1633//
f 1633// 1389// 1629//
f 1633// 1629// 1634//
f 1634// 1629// 1630//
f 1634// 1630// 1635//
f 1635// 1630// 1631//
f 1635// 1631// 1636//
f 1636// 1631// 1632//
f 1636// 1632// 1325//
f 1325// 1632// 1326//
f 1637// 1384// 1638//
f 1638// 1384// 1386//
f 1638// 1386// 1639//
f 1639// 1386// 1633//
f 1639// 1633// 1640//
f 1640// 1633// 1634//
f 1640// 1634// 1641//
f 1641// 1634// 1635//
f 1641// 1635// 1642//
f 1642// 1635// 1636//
f 1642// 1636// 1350//
f 1350// 1636// 1325//
f 1350// 1349// 1642//
f 1642// 1349// 1492//
f 1642// 1492// 1641//
f 1641// 1492// 1494//
f 1641// 1494// 1640//
f 1640// 1494// 1496//
f 1640// 1496// 1639//
f 1639// 1496// 1498//
f 1639// 1498// 1638//
f 1638// 1498// 1500//
f 1638// 1500// 1637//
f 1637// 1500// 1643//
f 1383// 1382// 1500//
f 1500// 1382// 1644//
f 1500// 1644// 1643//
f 1645// 1381// 1646//
f 1646// 1381// 1383//
f 1646// 1383// 1647//
f 1647// 1383// 1499//
f 1647// 1499// 1648//
f 1648// 1499// 1497//
f 1648// 1497// 1649//
f 1649// 1497// 1495//
f 1649// 1495// 1650//
f 1650// 1495// 1493//
f 1650// 1493// 1362//
f 1362// 1493// 1348//
f 1362// 1361// 1650//
f 1650// 1361// 1651//
f 1650// 1651// 1649//
f 1649// 1651// 1652//
f 1649// 1652// 1648//
f 1648// 1652// 1653//
f 1648// 1653// 1647//
f 1647// 1653// 1654//
f 1647// 1654// 1646//
f 1646// 1654// 1380//
f 1646// 1380// 1645//
f 1645// 1380// 1379//
f 1655// 1378// 1509//
f 1509// 1378// 1380//
f 1509// 1380// 1507//
f 1507// 1380// 1654//
f 1507// 1654// 1505//
f 1505// 1654// 1653//
f 1505// 1653// 1503//
f 1503// 1653// 1652//
f 1503// 1652// 1501//
f 1501// 1652// 1651//
f 1501// 1651// 1360//
f 1360// 1651// 1361//
f 1377// 1376// 1509//
f 1509// 1376// 1656//
f 1509// 1656// 1655//
f 1657// 1375// 1658//
f 1658// 1375// 1377//
f 1658// 1377// 1659//
f 1659// 1377// 1508//
f 1659// 1508// 1660//
f 1660// 1508// 1506//
f 1660// 1506// 1661//
f 1661// 1506// 1504//
f 1661// 1504// 1662//
f 1662// 1504// 1502//
f 1662// 1502// 1339//
f 1339// 1502// 1359//
f 1339// 1338// 1662//
f 1662// 1338// 1510//
f 1662// 1510// 1661//
f 1661// 1510// 1512//
f 1661// 1512// 1660//
f 1660// 1512// 1514//
f 1660// 1514// 1659//
f 1659// 1514// 1516//
f 1659// 1516// 1658//
f 1658// 1516// 1518//
f 1658// 1518// 1657//
f 1657// 1518// 1663//
f 1374// 1373// 1518//
f 1518// 1373// 1664//
f 1518// 1664// 1663//
f 1665// 1372// 1666//
f 1666// 1372// 1374//
f 1666// 1374// 1667//
f 1667// 1374// 1517//
f 1667// 1517// 1668//
f 1668// 1517// 1515//
f 1668// 1515// 1669//
f 1669// 1515// 1513//
f 1669// 1513// 1670//
f 1670// 1513// 1511//
f 1670// 1511// 1328//
f 1328// 1511// 1337//
f 1328// 1327// 1670//
f 1670// 1327// 1671//
f 1670// 1671// 1669//
f 1669// 1671// 1672//
f 1669// 1672// 1668//
f 1668// 1672// 1673//
f 1668// 1673// 1667//
f 1667// 1673// 1674//
f 1667// 1674// 1666//
f 1666// 1674// 1371//
f 1666// 1371// 1665//
f 1665// 1371// 1370//
f 1675// 1369// 1527//
f 1527// 1369// 1371//
f 1527// 1371// 1525//
f 1525// 1371// 1674//
f 1525// 1674// 1523//
f 1523// 1674// 1673//
f 1523// 1673// 1521//
f 1521// 1673// 1672//
f 1521// 1672// 1519//
f 1519// 1672// 1671//
f 1519// 1671// 1330//
f 1330// 1671// 1327//
f 1368// 1367// 1527//
f 1527// 1367// 1676//
f 1527// 1676// 1675//
f 1677// 1366// 1678//
f 1678// 1366// 1368//
f 1678// 1368// 1679//
f 1679// 1368// 1526//
f 1679// 1526// 1680//
f 1680// 1526// 1524//
f 1680// 1524// 1681//
f 1681// 1524// 1522//
f 1681// 1522// 1682//
f 1682// 1522// 1520//
f 1682// 1520// 1343//
f 1343// 1520// 1329//
f 1343// 1342// 1682//
f 1682// 1342// 1528//
f 1682// 1528// 1681//
f 1681// 1528// 1530//
f 1681// 1530// 1680//
f 1680// 1530// 1532//
f 1680// 1532// 1679//
f 1679// 1532// 1534//
f 1679// 1534// 1678//
f 1678// 1534// 1536//
f 1678// 1536// 1677//
f 1677// 1536// 1683//
f 1365// 1364// 1536//
f 1536// 1364// 1684//
f 1536// 1684// 1683//
f 1685// 1363// 1686//
f 1686// 1363// 1365//
f 1686// 1365// 1687//
f 1687// 1365// 1535//
f 1687// 1535// 1688//
f 1688// 1535// 1533//
f 1688// 1533// 1689//
f 1689// 1533// 1531//
f 1689// 1531// 1690//
f 1690// 1531// 1529//
f 1690// 1529// 1340//
f 1340// 1529// 1341//
f 1340// 1183// 1690//
f 1690// 1183// 1184//
f 1690// 1184// 1689//
f 1689// 1184// 1185//
f 1689// 1185// 1688//
f 1688// 1185// 1186//
f 1688// 1186// 1687//
f 1687// 1186// 1187//
f 1687// 1187// 1686//
f 1686// 1187// 1188//
f 1686// 1188// 1685//
f 1685// 1188// 1189//
f 1227// 1228// 1691//
f 1691// 1228// 1537//
f 1691// 1537// 1692//
f 1692// 1537// 1538//
f 1692// 1538// 1693//
f 1693// 1538// 1427//
f 1693// 1427// 1694//
f 1694// 1427// 1426//
f 1694// 1426// 1695//
f 1695// 1426// 1539//
f 1695// 1539// 1696//
f 1539// 1424// 1696//
f 1696// 1424// 1423//
f 1696// 1423// 1697//
f 1697// 1423// 1421//
f 1697// 1421// 1698//
f 1698// 1421// 1420//
f 1698// 1420// 1699//
f 1699// 1420// 1418//
f 1699// 1418// 1700//
f 1418// 1417// 1700//
f 1700// 1417// 1557//
f 1700// 1557// 1701//
f 1701// 1557// 1563//
f 1701// 1563// 1702//
f 1702// 1563// 1564//
f 1702// 1564// 1703//
f 1703// 1564// 1415//
f 1703// 1415// 1704//
f 1704// 1415// 1414//
f 1704// 1414// 1705//
f 1705// 1414// 1565//
f 1705// 1565// 1706//
f 1565// 1412// 1706//
f 1706// 1412// 1411//
f 1706// 1411// 1707//
f 1707// 1411// 1575//
f 1707// 1575// 1708//
f 1708// 1575// 1576//
f 1708// 1576// 1709//
f 1709// 1576// 1409//
f 1709// 1409// 1710//
f 1409// 1408// 1710//
f 1710// 1408// 1577//
f 1710// 1577// 1711//
f 1711// 1577// 1583//
f 1711// 1583// 1712//
f 1712// 1583// 1584//
f 1712// 1584// 1713//
f 1713// 1584// 1406//
f 1713// 1406// 1714//
f 1714// 1406// 1405//
f 1714// 1405// 1715//
f 1715// 1405// 1585//
f 1715// 1585// 1716//
f 1585// 1403// 1716//
f 1716// 1403// 1402//
f 1716// 1402// 1717//
f 1717// 1402// 1595//
f 1717// 1595// 1718//
f 1718// 1595// 1596//
f 1718// 1596// 1719//
f 1719// 1596// 1400//
f 1719// 1400// 1720//
f 1400// 1399// 1720//
f 1720// 1399// 1597//
f 1720// 1597// 1721//
f 1721// 1597// 1603//
f 1721// 1603// 1722//
f 1722// 1603// 1604//
f 1722// 1604// 1723//
f 1723// 1604// 1397//
f 1723// 1397// 1724//
f 1724// 1397// 1396//
f 1724// 1396// 1725//
f 1725// 1396// 1605//
f 1725// 1605// 1726//
f 1726// 1605// 1616//
f 1726// 1616// 1727//
f 1727// 1616// 1617//
f 1727// 1617// 1728//
f 1728// 1617// 1618//
f 1728// 1618// 1729//
f 1729// 1618// 1394//
f 1729// 1394// 1730//
f 1394// 1393// 1730//
f 1730// 1393// 1619//
f 1730// 1619// 1731//
f 1731// 1619// 1732//
f 1619// 1391// 1732//
f 1732// 1391// 1390//
f 1732// 1390// 1733//
f 1733// 1390// 1388//
f 1733// 1388// 1734//
f 1734// 1388// 1387//
f 1734// 1387// 1735//
f 1735// 1387// 1385//
f 1735// 1385// 1736//
f 1385// 1384// 1736//
f 1736// 1384// 1637//
f 1736// 1637// 1737//
f 1737// 1637// 1643//
f 1737// 1643// 1738//
f 1738// 1643// 1644//
f 1738// 1644// 1739//
f 1739// 1644// 1382//
f 1739// 1382// 1740//
f 1740// 1382// 1381//
f 1740// 1381// 1741//
f 1741// 1381// 1645//
f 1741// 1645// 1742//
f 1645// 1379// 1742//
f 1742// 1379// 1378//
f 1742// 1378// 1743//
f 1743// 1378// 1655//
f 1743// 1655// 1744//
f 1744// 1655// 1656//
f 1744// 1656// 1745//
f 1745// 1656// 1376//
f 1745// 1376// 1746//
f 1376// 1375// 1746//
f 1746// 1375// 1657//
f 1746// 1657// 1747//
f 1747// 1657// 1663//
f 1747// 1663// 1748//
f 1748// 1663// 1664//
f 1748// 1664// 1749//
f 1749// 1664// 1373//
f 1749// 1373// 1750//
f 1750// 1373// 1372//
f 1750// 1372// 1751//
f 1751// 1372// 1665//
f 1751// 1665// 1752//
f 1665// 1370// 1752//
f 1752// 1370// 1369//
f 1752// 1369// 1753//
f 1753// 1369// 1675//
f 1753// 1675// 1754//
f 1754// 1675// 1676//
f 1754// 1676// 1755//
f 1755// 1676// 1367//
f 1755// 1367// 1756//
f 1367// 1366// 1756//
f 1756// 1366// 1677//
f 1756// 1677// 1757//
f 1757// 1677// 1683//
f 1757// 1683// 1758//
f 1758// 1683// 1684//
f 1758// 1684// 1759//
f 1759// 1684// 1364//
f 1759// 1364// 1760//
f 1760// 1364// 1363//
f 1760// 1363// 1761//
f 1761// 1363// 1685//
f 1761// 1685// 1190//
f 1190// 1685// 1189//
f 1225// 1226// 1762//
f 1226// 1227// 1691//
f 1763// 1764// 1765//
f 1765// 1764// 1224//
f 1765// 1224// 1225//
f 1763// 1765// 1766//
f 1766// 1765// 1767//
f 1766// 1767// 1768//
f 1768// 1767// 1769//
f 1768// 1769// 1770//
f 1770// 1769// 1771//
f 1770// 1771// 1772//
f 1773// 1774// 1775//
f 1775// 1774// 1776//
f 1775// 1776// 1777//
f 1777// 1776// 1778//
f 1777// 1778// 1779//
f 1779// 1778// 1780//
f 1779// 1780// 1771//
f 1771// 1780// 1781//
f 1771// 1781// 1772//
f 1773// 1775// 1782//
f 1782// 1775// 1783//
f 1782// 1783// 1784//
f 1784// 1783// 1785//
f 1784// 1785// 1786//
f 1786// 1785// 1787//
f 1786// 1787// 1788//
f 1789// 1790// 1791//
f 1791// 1790// 1792//
f 1791// 1792// 1793//
f 1793// 1792// 1794//
f 1793// 1794// 1795//
f 1795// 1794// 1796//
f 1795// 1796// 1787//
f 1787// 1796// 1797//
f 1787// 1797// 1788//
f 1789// 1791// 1798//
f 1798// 1791// 1799//
f 1798// 1799// 1800//
f 1800// 1799// 1801//
f 1800// 1801// 1802//
f 1802// 1801// 1803//
f 1802// 1803// 1804//
f 1805// 1806// 1807//
f 1807// 1806// 1808//
f 1807// 1808// 1809//
f 1809// 1808// 1810//
f 1809// 1810// 1811//
f 1811// 1810// 1812//
f 1811// 1812// 1803//
f 1803// 1812// 1813//
f 1803// 1813// 1804//
f 1805// 1807// 1814//
f 1814// 1807// 1815//
f 1814// 1815// 1816//
f 1816// 1815// 1817//
f 1816// 1817// 1818//
f 1818// 1817// 1819//
f 1818// 1819// 1820//
f 1821// 1822// 1823//
f 1823// 1822// 1824//
f 1823// 1824// 1819//
f 1819// 1824// 1825//
f 1819// 1825// 1820//
f 1826// 1827// 1828//
f 1828// 1827// 1829//
f 1828// 1829// 1830//
f 1830// 1829// 1831//
f 1830// 1831// 1821//
f 1821// 1831// 1832//
f 1821// 1832// 1822//
f 1826// 1828// 1833//
f 1833// 1828// 1834//
f 1833// 1834// 1835//
f 1835// 1834// 1836//
f 1835// 1836// 1837//
f 1837// 1836// 1838//
f 1837// 1838// 1839//
f 1840// 1841// 1842//
f 1842// 1841// 1843//
f 1842// 1843// 1844//
f 1844// 1843// 1845//
f 1844// 1845// 1846//
f 1846// 1845// 1847//
f 1846// 1847// 1838//
f 1838// 1847// 1848//
f 1838// 1848// 1839//
f 1840// 1842// 1849//
f 1849// 1842// 1850//
f 1849// 1850// 1851//
f 1851// 1850// 1852//
f 1851// 1852// 1853//
f 1853// 1852// 1854//
f 1853// 1854// 1855//
f 1856// 1857// 1858//
f 1858// 1857// 1859//
f 1858// 1859// 1860//
f 1860// 1859// 1861//
f 1860// 1861// 1862//
f 1862// 1861// 1863//
f 1862// 1863// 1854//
f 1854// 1863// 1864//
f 1854// 1864// 1855//
f 1856// 1858// 1865//
f 1865// 1858// 1866//
f 1865// 1866// 1867//
f 1867// 1866// 1868//
f 1867// 1868// 1869//
f 1869// 1868// 1870//
f 1869// 1870// 1871//
f 1872// 1873// 1874//
f 1874// 1873// 1875//
f 1874// 1875// 1876//
f 1876// 1875// 1877//
f 1876// 1877// 1878//
f 1878// 1877// 1879//
f 1878// 1879// 1870//
f 1870// 1879// 1880//
f 1870// 1880// 1871//
f 1872// 1874// 1881//
f 1881// 1874// 1882//
f 1881// 1882// 1883//
f 1883// 1882// 1884//
f 1883// 1884// 1885//
f 1885// 1884// 1886//
f 1885// 1886// 1887//
f 1888// 1889// 1886//
f 1886// 1889// 1890//
f 1886// 1890// 1887//
f 1891// 1892// 1893//
f 1893// 1892// 1894//
f 1893// 1894// 1895//
f 1895// 1894// 1896//
f 1895// 1896// 1897//
f 1897// 1896// 1898//
f 1897// 1898// 1888//
f 1888// 1898// 1899//
f 1888// 1899// 1889//
f 1891// 1893// 1900//
f 1900// 1893// 1901//
f 1900// 1901// 1902//
f 1902// 1901// 1903//
f 1902// 1903// 1904//
f 1904// 1903// 1905//
f 1904// 1905// 1906//
f 1907// 1908// 1909//
f 1909// 1908// 1910//
f 1909// 1910// 1911//
f 1911// 1910// 1912//
f 1911// 1912// 1913//
f 1913// 1912// 1914//
f 1913// 1914// 1905//
f 1905// 1914// 1915//
f 1905// 1915// 1906//
f 1907// 1909// 1916//
f 1916// 1909// 1917//
f 1916// 1917// 1918//
f 1918// 1917// 1919//
f 1918// 1919// 1920//
f 1920// 1919// 1921//
f 1920// 1921// 1922//
f 1923// 1924// 1925//
f 1925// 1924// 1926//
f 1925// 1926// 1927//
f 1927// 1926// 1928//
f 1927// 1928// 1929//
f 1929// 1928// 1930//
f 1929// 1930// 1921//
f 1921// 1930// 1931//
f 1921// 1931// 1922//
f 1923// 1925// 1932//
f 1932// 1925// 1933//
f 1932// 1933// 1934//
f 1934// 1933// 1935//
f 1934// 1935// 1936//
f 1936// 1935// 1937//
f 1936// 1937// 1938//
f 1939// 1940// 1941//
f 1941// 1940// 1942//
f 1941// 1942// 1943//
f 1943// 1942// 1944//
f 1943// 1944// 1945//
f 1945// 1944// 1946//
f 1945// 1946// 1937//
f 1937// 1946// 1947//
f 1937// 1947// 1938//
f 1226// 1691// 1762//
f 1762// 1691// 1692//
f 1762// 1692// 1948//
f 1948// 1692// 1693//
f 1948// 1693// 1949//
f 1949// 1693// 1694//
f 1949// 1694// 1950//
f 1950// 1694// 1695//
f 1950// 1695// 1951//
f 1951// 1695// 1696//
f 1951// 1696// 1952//
f 1952// 1696// 1697//
f 1952// 1697// 1953//
f 1953// 1697// 1698//
f 1953// 1698// 1954//
f 1954// 1698// 1699//
f 1954// 1699// 1955//
f 1955// 1699// 1700//
f 1955// 1700// 1956//
f 1956// 1700// 1701//
f 1956// 1701// 1957//
f 1957// 1701// 1702//
f 1957// 1702// 1958//
f 1958// 1702// 1703//
f 1958// 1703// 1959//
f 1959// 1703// 1704//
f 1959// 1704// 1960//
f 1960// 1704// 1705//
f 1960// 1705// 1961//
f 1961// 1705// 1706//
f 1961// 1706// 1962//
f 1962// 1706// 1707//
f 1962// 1707// 1963//
f 1963// 1707// 1708//
f 1963// 1708// 1964//
f 1964// 1708// 1709//
f 1964// 1709// 1965//
f 1965// 1709// 1710//
f 1965// 1710// 1966//
f 1966// 1710// 1711//
f 1966// 1711// 1967//
f 1967// 1711// 1712//
f 1967// 1712// 1968//
f 1968// 1712// 1713//
f 1968// 1713// 1969//
f 1969// 1713// 1714//
f 1969// 1714// 1970//
f 1970// 1714// 1715//
f 1970// 1715// 1971//
f 1971// 1715// 1716//
f 1971// 1716// 1972//
f 1972// 1716// 1717//
f 1972// 1717// 1973//
f 1973// 1717// 1718//
f 1973// 1718// 1974//
f 1974// 1718// 1719//
f 1974// 1719// 1975//
f 1975// 1719// 1720//
f 1975// 1720// 1976//
f 1976// 1720// 1721//
f 1976// 1721// 1977//
f 1977// 1721// 1722//
f 1977// 1722// 1978//
f 1978// 1722// 1723//
f 1978// 1723// 1979//
f 1979// 1723// 1724//
f 1979// 1724// 1980//
f 1980// 1724// 1725//
f 1980// 1725// 1981//
f 1981// 1725// 1726//
f 1981// 1726// 1982//
f 1982// 1726// 1727//
f 1982// 1727// 1983//
f 1983// 1727// 1728//
f 1983// 1728// 1984//
f 1984// 1728// 1729//
f 1984// 1729// 1985//
f 1985// 1729// 1730//
f 1985// 1730// 1986//
f 1986// 1730// 1731//
f 1986// 1731// 1987//
f 1987// 1731// 1732//
f 1987// 1732// 1988//
f 1988// 1732// 1733//
f 1988// 1733// 1989//
f 1989// 1733// 1734//
f 1989// 1734// 1990//
f 1990// 1734// 1735//
f 1990// 1735// 1991//
f 1991// 1735// 1736//
f 1991// 1736// 1992//
f 1992// 1736// 1737//
f 1992// 1737// 1993//
f 1993// 1737// 1738//
f 1993// 1738// 1994//
f 1994// 1738// 1739//
f 1994// 1739// 1995//
f 1995// 1739// 1740//
f 1995// 1740// 1996//
f 1996// 1740// 1741//
f 1996// 1741// 1997//
f 1997// 1741// 1742//
f 1997// 1742// 1998//
f 1998// 1742// 1743//
f 1998// 1743// 1999//
f 1999// 1743// 1744//
f 1999// 1744// 2000//
f 2000// 1744// 1745//
f 2000// 1745// 2001//
f 2001// 1745// 1746//
f 2001// 1746// 2002//
f 2002// 1746// 1747//
f 2002// 1747// 2003//
f 2003// 1747// 1748//
f 2003// 1748// 2004//
f 2004// 1748// 1749//
f 2004// 1749// 2005//
f 2005// 1749// 1750//
f 2005// 1750// 2006//
f 2006// 1750// 1751//
f 2006// 1751// 2007//
f 2007// 1751// 1752//
f 2007// 1752// 2008//
f 2008// 1752// 1753//
f 2008// 1753// 2009//
f 2009// 1753// 1754//
f 2009// 1754// 2010//
f 2010// 1754// 1755//
f 2010// 1755// 2011//
f 2011// 1755// 1756//
f 2011// 1756// 2012//
f 2012// 1756// 1757//
f 2012// 1757// 2013//
f 2013// 1757// 1758//
f 2013// 1758// 2014//
f 2014// 1758// 1759//
f 2014// 1759// 2015//
f 2015// 1759// 1760//
f 2015// 1760// 2016//
f 2016// 1760// 1761//
f 2016// 1761// 2017//
f 2017// 1761// 1190//
f 2017// 1190// 1191//
f 1225// 1762// 1765//
f 1765// 1762// 1948//
f 1765// 1948// 1767//
f 1767// 1948// 1949//
f 1767// 1949// 1769//
f 1769// 1949// 1950//
f 1769// 1950// 1771//
f 1771// 1950// 1951//
f 1771// 1951// 1779//
f 1779// 1951// 1952//
f 1779// 1952// 1777//
f 1777// 1952// 1953//
f 1777// 1953// 1775//
f 1775// 1953// 1954//
f 1775// 1954// 1783//
f 1783// 1954// 1955//
f 1783// 1955// 1785//
f 1785// 1955// 1956//
f 1785// 1956// 1787//
f 1787// 1956// 1957//
f 1787// 1957// 1795//
f 1795// 1957// 1958//
f 1795// 1958// 1793//
f 1793// 1958// 1959//
f 1793// 1959// 1791//
f 1791// 1959// 1960//
f 1791// 1960// 1799//
f 1799// 1960// 1961//
f 1799// 1961// 1801//
f 1801// 1961// 1962//
f 1801// 1962// 1803//
f 1803// 1962// 1963//
f 1803// 1963// 1811//
f 1811// 1963// 1964//
f 1811// 1964// 1809//
f 1809// 1964// 1965//
f 1809// 1965// 1807//
f 1807// 1965// 1966//
f 1807// 1966// 1815//
f 1815// 1966// 1967//
f 1815// 1967// 1817//
f 1817// 1967// 1968//
f 1817// 1968// 1819//
f 1819// 1968// 1969//
f 1819// 1969// 1823//
f 1823// 1969// 1970//
f 1823// 1970// 1821//
f 1821// 1970// 1971//
f 1821// 1971// 1830//
f 1830// 1971// 1972//
f 1830// 1972// 1828//
f 1828// 1972// 1973//
f 1828// 1973// 1834//
f 1834// 1973// 1974//
f 1834// 1974// 1836//
f 1836// 1974// 1975//
f 1836// 1975// 1838//
f 1838// 1975// 1976//
f 1838// 1976// 1846//
f 1846// 1976// 1977//
f 1846// 1977// 1844//
f 1844// 1977// 1978//
f 1844// 1978// 1842//
f 1842// 1978// 1979//
f 1842// 1979// 1850//
f 1850// 1979// 1980//
f 1850// 1980// 1852//
f 1852// 1980// 1981//
f 1852// 1981// 1854//
f 1854// 1981// 1982//
f 1854// 1982// 1862//
f 1862// 1982// 1983//
f 1862// 1983// 1860//
f 1860// 1983// 1984//
f 1860// 1984// 1858//
f 1858// 1984// 1985//
f 1858// 1985// 1866//
f 1866// 1985// 1986//
f 1866// 1986// 1868//
f 1868// 1986// 1987//
f 1868// 1987// 1870//
f 1870// 1987// 1988//
f 1870// 1988// 1878//
f 1878// 1988// 1989//
f 1878// 1989// 1876//
f 1876// 1989// 1990//
f 1876// 1990// 1874//
f 1874// 1990// 1991//
f 1874// 1991// 1882//
f 1882// 1991// 1992//
f 1882// 1992// 1884//
f 1884// 1992// 1993//
f 1884// 1993// 1886//
f 1886// 1993// 1994//
f 1886// 1994// 1888//
f 1888// 1994// 1995//
f 1888// 1995// 1897//
f 1897// 1995// 1996//
f 1897// 1996// 1895//
f 1895// 1996// 1997//
f 1895// 1997// 1893//
f 1893// 1997// 1998//
f 1893// 1998// 1901//
f 1901// 1998// 1999//
f 1901// 1999// 1903//
f 1903// 1999// 2000//
f 1903// 2000// 1905//
f 1905// 2000// 2001//
f 1905// 2001// 1913//
f 1913// 2001// 2002//
f 1913// 2002// 1911//
f 1911// 2002// 2003//
f 1911// 2003// 1909//
f 1909// 2003// 2004//
f 1909// 2004// 1917//
f 1917// 2004// 2005//
f 1917// 2005// 1919//
f 1919// 2005// 2006//
f 1919// 2006// 1921//
f 1921// 2006// 2007//
f 1921// 2007// 1929//
f 1929// 2007// 2008//
f 1929// 2008// 1927//
f 1927// 2008// 2009//
f 1927// 2009// 1925//
f 1925// 2009// 2010//
f 1925// 2010// 1933//
f 1933// 2010// 2011//
f 1933// 2011// 1935//
f 1935// 2011// 2012//
f 1935// 2012// 1937//
f 1937// 2012// 2013//
f 1937// 2013// 1945//
f 1945// 2013// 2014//
f 1945// 2014// 1943//
f 1943// 2014// 2015//
f 1943// 2015// 1941//
f 1941// 2015// 2016//
f 1941// 2016// 2018//
f 2018// 2016// 2017//
f 2018// 2017// 2019//
f 2019// 2017// 1191//
f 2019// 1191// 1192//
f 1939// 1941// 2020//
f 2020// 1941// 2018//
f 2020// 2018// 2021//
f 2021// 2018// 2019//
f 2021// 2019// 2022//
f 2022// 2019// 1192//
f 2022// 1192// 1193//
f 2023// 2024// 2025//
f 2026// 2027// 2028//
f 2029// 2030// 2031//
f 2032// 2033// 2034//
f 2035// 2036// 2037//
f 2038// 2039// 2040//
f 2041// 2042// 2043//
f 2044// 2045// 2046//
f 2047// 2048// 2049//
f 2050// 2051// 2052//
f 2053// 2054// 2055//
f 2056// 2057// 2058//
f 2022// 1193// 1194//
f 1940// 1939// 2059//
f 1938// 1947// 2060//
f 1924// 1923// 2061//
f 1922// 1931// 2062//
f 1887// 1890// 2063//
f 1873// 1872// 2064//
f 1871// 1880// 2065//
f 1857// 1856// 2066//
f 1820// 1825// 2067//
f 1806// 1805// 2068//
f 1804// 1813// 2069//
f 1790// 1789// 2070//
f 1224// 1764// 2071//
f 2071// 1764// 1763//
f 2071// 1763// 1766//
f 1766// 1768// 2072//
f 2072// 1768// 1770//
f 1770// 1772// 2073//
f 2073// 1772// 1781//
f 2073// 1781// 1780//
f 1780// 1778// 2074//
f 2074// 1778// 1776//
f 1776// 1774// 2075//
f 2075// 1774// 1773//
f 2075// 1773// 1782//
f 1782// 1784// 2076//
f 2076// 1784// 1786//
f 1786// 1788// 2077//
f 2077// 1788// 1797//
f 2077// 1797// 1796//
f 1796// 1794// 2078//
f 2078// 1794// 1792//
f 1790// 2070// 1792//
f 1789// 1798// 2079//
f 2079// 1798// 1800//
f 2079// 1800// 1802//
f 1804// 2069// 1802//
f 1813// 1812// 2080//
f 2080// 1812// 1810//
f 2080// 1810// 1808//
f 1806// 2068// 1808//
f 1805// 1814// 2081//
f 2081// 1814// 1816//
f 2081// 1816// 1818//
f 1820// 2067// 1818//
f 1825// 1824// 2082//
f 2082// 1824// 1822//
f 2082// 1822// 1832//
f 1832// 1831// 2083//
f 2083// 1831// 1829//
f 1829// 1827// 2084//
f 2084// 1827// 1826//
f 2084// 1826// 1833//
f 1833// 1835// 2085//
f 2085// 1835// 1837//
f 1837// 1839// 2086//
f 2086// 1839// 1848//
f 2086// 1848// 1847//
f 1847// 1845// 2087//
f 2087// 1845// 1843//
f 1843// 1841// 2088//
f 2088// 1841// 1840//
f 2088// 1840// 1849//
f 1849// 1851// 2089//
f 2089// 1851// 1853//
f 1853// 1855// 2090//
f 2090// 1855// 1864//
f 2090// 1864// 1863//
f 1863// 1861// 2091//
f 2091// 1861// 1859//
f 1857// 2066// 1859//
f 1856// 1865// 2092//
f 2092// 1865// 1867//
f 2092// 1867// 1869//
f 1871// 2065// 1869//
f 1880// 1879// 2093//
f 2093// 1879// 1877//
f 2093// 1877// 1875//
f 1873// 2064// 1875//
f 1887// 2063// 1885//
f 1872// 1881// 2094//
f 2094// 1881// 1883//
f 2094// 1883// 1885//
f 1890// 1889// 2095//
f 2095// 1889// 1899//
f 2095// 1899// 1898//
f 1898// 1896// 2096//
f 2096// 1896// 1894//
f 1894// 1892// 2097//
f 2097// 1892// 1891//
f 2097// 1891// 1900//
f 1900// 1902// 2098//
f 2098// 1902// 1904//
f 1904// 1906// 2099//
f 2099// 1906// 1915//
f 2099// 1915// 1914//
f 1914// 1912// 2100//
f 2100// 1912// 1910//
f 1910// 1908// 2101//
f 2101// 1908// 1907//
f 2101// 1907// 1916//
f 1922// 2062// 1920//
f 1916// 1918// 2102//
f 2102// 1918// 1920//
f 1924// 2061// 1926//
f 1931// 1930// 2103//
f 2103// 1930// 1928//
f 2103// 1928// 1926//
f 1923// 1932// 2104//
f 2104// 1932// 1934//
f 2104// 1934// 1936//
f 1938// 2060// 1936//
f 1940// 2059// 1942//
f 1947// 1946// 2105//
f 2105// 1946// 1944//
f 2105// 1944// 1942//
f 1939// 2020// 2106//
f 2106// 2020// 2021//
f 2106// 2021// 2022//
f 2107// 2108// 2109//
f 2109// 2108// 2110//
f 1224// 2071// 1223//
f 1223// 2071// 2111//
f 1223// 2111// 1222//
f 1222// 2111// 2112//
f 1222// 2112// 1221//
f 1221// 2112// 2113//
f 1221// 2113// 1220//
f 1220// 2113// 2109//
f 1220// 2109// 1219//
f 1219// 2109// 2110//
f 1219// 2110// 1218//
f 1766// 2072// 2071//
f 2071// 2072// 2114//
f 2071// 2114// 2111//
f 2111// 2114// 2115//
f 2111// 2115// 2112//
f 2112// 2115// 2116//
f 2112// 2116// 2113//
f 2113// 2116// 2058//
f 2113// 2058// 2109//
f 2109// 2058// 2057//
f 2109// 2057// 2107//
f 2117// 2118// 2119//
f 2119// 2118// 2120//
f 1770// 2073// 2072//
f 2072// 2073// 2121//
f 2072// 2121// 2114//
f 2114// 2121// 2122//
f 2114// 2122// 2115//
f 2115// 2122// 2123//
f 2115// 2123// 2116//
f 2116// 2123// 2119//
f 2116// 2119// 2058//
f 2058// 2119// 2120//
f 2058// 2120// 2056//
f 1780// 2074// 2073//
f 2073// 2074// 2124//
f 2073// 2124// 2121//
f 2121// 2124// 2125//
f 2121// 2125// 2122//
f 2122// 2125// 2126//
f 2122// 2126// 2123//
f 2123// 2126// 2055//
f 2123// 2055// 2119//
f 2119// 2055// 2054//
f 2119// 2054// 2117//
f 2127// 2128// 2129//
f 2129// 2128// 2130//
f 1776// 2075// 2074//
f 2074// 2075// 2131//
f 2074// 2131// 2124//
f 2124// 2131// 2132//
f 2124// 2132// 2125//
f 2125// 2132// 2133//
f 2125// 2133// 2126//
f 2126// 2133// 2129//
f 2126// 2129// 2055//
f 2055// 2129// 2130//
f 2055// 2130// 2053//
f 1782// 2076// 2075//
f 2075// 2076// 2134//
f 2075// 2134// 2131//
f 2131// 2134// 2135//
f 2131// 2135// 2132//
f 2132// 2135// 2136//
f 2132// 2136// 2133//
f 2133// 2136// 2052//
f 2133// 2052// 2129//
f 2129// 2052// 2051//
f 2129// 2051// 2127//
f 2137// 2138// 2139//
f 2139// 2138// 2140//
f 1786// 2077// 2076//
f 2076// 2077// 2141//
f 2076// 2141// 2134//
f 2134// 2141// 2142//
f 2134// 2142// 2135//
f 2135// 2142// 2143//
f 2135// 2143// 2136//
f 2136// 2143// 2139//
f 2136// 2139// 2052//
f 2052// 2139// 2140//
f 2052// 2140// 2050//
f 1796// 2078// 2077//
f 2077// 2078// 2144//
f 2077// 2144// 2141//
f 2141// 2144// 2145//
f 2141// 2145// 2142//
f 2142// 2145// 2146//
f 2142// 2146// 2143//
f 2143// 2146// 2049//
f 2143// 2049// 2139//
f 2139// 2049// 2048//
f 2139// 2048// 2137//
f 2147// 2148// 2149//
f 1792// 2070// 2078//
f 2078// 2070// 2150//
f 2078// 2150// 2144//
f 2144// 2150// 2151//
f 2144// 2151// 2145//
f 2145// 2151// 2152//
f 2145// 2152// 2146//
f 2146// 2152// 2147//
f 2146// 2147// 2049//
f 2049// 2147// 2149//
f 2049// 2149// 2047//
f 2153// 2154// 2155//
f 2155// 2154// 2156//
f 1789// 2079// 2070//
f 2070// 2079// 2157//
f 2070// 2157// 2150//
f 2150// 2157// 2158//
f 2150// 2158// 2151//
f 2151// 2158// 2159//
f 2151// 2159// 2152//
f 2152// 2159// 2155//
f 2152// 2155// 2147//
f 2147// 2155// 2156//
f 2147// 2156// 2148//
f 2160// 2161// 2162//
f 1802// 2069// 2079//
f 2079// 2069// 2163//
f 2079// 2163// 2157//
f 2157// 2163// 2164//
f 2157// 2164// 2158//
f 2158// 2164// 2165//
f 2158// 2165// 2159//
f 2159// 2165// 2160//
f 2159// 2160// 2155//
f 2155// 2160// 2162//
f 2155// 2162// 2153//
f 2166// 2167// 2168//
f 2168// 2167// 2169//
f 1813// 2080// 2069//
f 2069// 2080// 2170//
f 2069// 2170// 2163//
f 2163// 2170// 2171//
f 2163// 2171// 2164//
f 2164// 2171// 2172//
f 2164// 2172// 2165//
f 2165// 2172// 2168//
f 2165// 2168// 2160//
f 2160// 2168// 2169//
f 2160// 2169// 2161//
f 2173// 2174// 2175//
f 1808// 2068// 2080//
f 2080// 2068// 2176//
f 2080// 2176// 2170//
f 2170// 2176// 2177//
f 2170// 2177// 2171//
f 2171// 2177// 2178//
f 2171// 2178// 2172//
f 2172// 2178// 2173//
f 2172// 2173// 2168//
f 2168// 2173// 2175//
f 2168// 2175// 2166//
f 2179// 2180// 2181//
f 2181// 2180// 2182//
f 1805// 2081// 2068//
f 2068// 2081// 2183//
f 2068// 2183// 2176//
f 2176// 2183// 2184//
f 2176// 2184// 2177//
f 2177// 2184// 2185//
f 2177// 2185// 2178//
f 2178// 2185// 2181//
f 2178// 2181// 2173//
f 2173// 2181// 2182//
f 2173// 2182// 2174//
f 2186// 2187// 2188//
f 1818// 2067// 2081//
f 2081// 2067// 2189//
f 2081// 2189// 2183//
f 2183// 2189// 2190//
f 2183// 2190// 2184//
f 2184// 2190// 2191//
f 2184// 2191// 2185//
f 2185// 2191// 2186//
f 2185// 2186// 2181//
f 2181// 2186// 2188//
f 2181// 2188// 2179//
f 2192// 2193// 2194//
f 2194// 2193// 2195//
f 1825// 2082// 2067//
f 2067// 2082// 2196//
f 2067// 2196// 2189//
f 2189// 2196// 2197//
f 2189// 2197// 2190//
f 2190// 2197// 2198//
f 2190// 2198// 2191//
f 2191// 2198// 2194//
f 2191// 2194// 2186//
f 2186// 2194// 2195//
f 2186// 2195// 2187//
f 1832// 2083// 2082//
f 2082// 2083// 2199//
f 2082// 2199// 2196//
f 2196// 2199// 2200//
f 2196// 2200// 2197//
f 2197// 2200// 2201//
f 2197// 2201// 2198//
f 2198// 2201// 2046//
f 2198// 2046// 2194//
f 2194// 2046// 2045//
f 2194// 2045// 2192//
f 2202// 2203// 2204//
f 2204// 2203// 2205//
f 1829// 2084// 2083//
f 2083// 2084// 2206//
f 2083// 2206// 2199//
f 2199// 2206// 2207//
f 2199// 2207// 2200//
f 2200// 2207// 2208//
f 2200// 2208// 2201//
f 2201// 2208// 2204//
f 2201// 2204// 2046//
f 2046// 2204// 2205//
f 2046// 2205// 2044//
f 1833// 2085// 2084//
f 2084// 2085// 2209//
f 2084// 2209// 2206//
f 2206// 2209// 2210//
f 2206// 2210// 2207//
f 2207// 2210// 2211//
f 2207// 2211// 2208//
f 2208// 2211// 2043//
f 2208// 2043// 2204//
f 2204// 2043// 2042//
f 2204// 2042// 2202//
f 2212// 2213// 2214//
f 2214// 2213// 2215//
f 1837// 2086// 2085//
f 2085// 2086// 2216//
f 2085// 2216// 2209//
f 2209// 2216// 2217//
f 2209// 2217// 2210//
f 2210// 2217// 2218//
f 2210// 2218// 2211//
f 2211// 2218// 2214//
f 2211// 2214// 2043//
f 2043// 2214// 2215//
f 2043// 2215// 2041//
f 1847// 2087// 2086//
f 2086// 2087// 2219//
f 2086// 2219// 2216//
f 2216// 2219// 2220//
f 2216// 2220// 2217//
f 2217// 2220// 2221//
f 2217// 2221// 2218//
f 2218// 2221// 2040//
f 2218// 2040// 2214//
f 2214// 2040// 2039//
f 2214// 2039// 2212//
f 2222// 2223// 2224//
f 2224// 2223// 2225//
f 1843// 2088// 2087//
f 2087// 2088// 2226//
f 2087// 2226// 2219//
f 2219// 2226// 2227//
f 2219// 2227// 2220//
f 2220// 2227// 2228//
f 2220// 2228// 2221//
f 2221// 2228// 2224//
f 2221// 2224// 2040//
f 2040// 2224// 2225//
f 2040// 2225// 2038//
f 1849// 2089// 2088//
f 2088// 2089// 2229//
f 2088// 2229// 2226//
f 2226// 2229// 2230//
f 2226// 2230// 2227//
f 2227// 2230// 2231//
f 2227// 2231// 2228//
f 2228// 2231// 2037//
f 2228// 2037// 2224//
f 2224// 2037// 2036//
f 2224// 2036// 2222//
f 2232// 2233// 2234//
f 1853// 2090// 2089//
f 2089// 2090// 2235//
f 2089// 2235// 2229//
f 2229// 2235// 2236//
f 2229// 2236// 2230//
f 2230// 2236// 2237//
f 2230// 2237// 2231//
f 2231// 2237// 2232//
f 2231// 2232// 2037//
f 2037// 2232// 2234//
f 2037// 2234// 2035//
f 2238// 2239// 2240//
f 2240// 2239// 2241//
f 1863// 2091// 2090//
f 2090// 2091// 2242//
f 2090// 2242// 2235//
f 2235// 2242// 2243//
f 2235// 2243// 2236//
f 2236// 2243// 2244//
f 2236// 2244// 2237//
f 2237// 2244// 2240//
f 2237// 2240// 2232//
f 2232// 2240// 2241//
f 2232// 2241// 2233//
f 2245// 2246// 2247//
f 1859// 2066// 2091//
f 2091// 2066// 2248//
f 2091// 2248// 2242//
f 2242// 2248// 2249//
f 2242// 2249// 2243//
f 2243// 2249// 2250//
f 2243// 2250// 2244//
f 2244// 2250// 2245//
f 2244// 2245// 2240//
f 2240// 2245// 2247//
f 2240// 2247// 2238//
f 2251// 2252// 2253//
f 2253// 2252// 2254//
f 1856// 2092// 2066//
f 2066// 2092// 2255//
f 2066// 2255// 2248//
f 2248// 2255// 2256//
f 2248// 2256// 2249//
f 2249// 2256// 2257//
f 2249// 2257// 2250//
f 2250// 2257// 2253//
f 2250// 2253// 2245//
f 2245// 2253// 2254//
f 2245// 2254// 2246//
f 2258// 2259// 2260//
f 1869// 2065// 2092//
f 2092// 2065// 2261//
f 2092// 2261// 2255//
f 2255// 2261// 2262//
f 2255// 2262// 2256//
f 2256// 2262// 2263//
f 2256// 2263// 2257//
f 2257// 2263// 2258//
f 2257// 2258// 2253//
f 2253// 2258// 2260//
f 2253// 2260// 2251//
f 2264// 2265// 2266//
f 2266// 2265// 2267//
f 1880// 2093// 2065//
f 2065// 2093// 2268//
f 2065// 2268// 2261//
f 2261// 2268// 2269//
f 2261// 2269// 2262//
f 2262// 2269// 2270//
f 2262// 2270// 2263//
f 2263// 2270// 2266//
f 2263// 2266// 2258//
f 2258// 2266// 2267//
f 2258// 2267// 2259//
f 2271// 2272// 2273//
f 1875// 2064// 2093//
f 2093// 2064// 2274//
f 2093// 2274// 2268//
f 2268// 2274// 2275//
f 2268// 2275// 2269//
f 2269// 2275// 2276//
f 2269// 2276// 2270//
f 2270// 2276// 2271//
f 2270// 2271// 2266//
f 2266// 2271// 2273//
f 2266// 2273// 2264//
f 2277// 2278// 2279//
f 2279// 2278// 2280//
f 1872// 2094// 2064//
f 2064// 2094// 2281//
f 2064// 2281// 2274//
f 2274// 2281// 2282//
f 2274// 2282// 2275//
f 2275// 2282// 2283//
f 2275// 2283// 2276//
f 2276// 2283// 2279//
f 2276// 2279// 2271//
f 2271// 2279// 2280//
f 2271// 2280// 2272//
f 2284// 2285// 2286//
f 1885// 2063// 2094//
f 2094// 2063// 2287//
f 2094// 2287// 2281//
f 2281// 2287// 2288//
f 2281// 2288// 2282//
f 2282// 2288// 2289//
f 2282// 2289// 2283//
f 2283// 2289// 2284//
f 2283// 2284// 2279//
f 2279// 2284// 2286//
f 2279// 2286// 2277//
f 2290// 2291// 2292//
f 2292// 2291// 2293//
f 1890// 2095// 2063//
f 2063// 2095// 2294//
f 2063// 2294// 2287//
f 2287// 2294// 2295//
f 2287// 2295// 2288//
f 2288// 2295// 2296//
f 2288// 2296// 2289//
f 2289// 2296// 2292//
f 2289// 2292// 2284//
f 2284// 2292// 2293//
f 2284// 2293// 2285//
f 1898// 2096// 2095//
f 2095// 2096// 2297//
f 2095// 2297// 2294//
f 2294// 2297// 2298//
f 2294// 2298// 2295//
f 2295// 2298// 2299//
f 2295// 2299// 2296//
f 2296// 2299// 2034//
f 2296// 2034// 2292//
f 2292// 2034// 2033//
f 2292// 2033// 2290//
f 2300// 2301// 2302//
f 2302// 2301// 2303//
f 1894// 2097// 2096//
f 2096// 2097// 2304//
f 2096// 2304// 2297//
f 2297// 2304// 2305//
f 2297// 2305// 2298//
f 2298// 2305// 2306//
f 2298// 2306// 2299//
f 2299// 2306// 2302//
f 2299// 2302// 2034//
f 2034// 2302// 2303//
f 2034// 2303// 2032//
f 1900// 2098// 2097//
f 2097// 2098// 2307//
f 2097// 2307// 2304//
f 2304// 2307// 2308//
f 2304// 2308// 2305//
f 2305// 2308// 2309//
f 2305// 2309// 2306//
f 2306// 2309// 2031//
f 2306// 2031// 2302//
f 2302// 2031// 2030//
f 2302// 2030// 2300//
f 2310// 2311// 2312//
f 2312// 2311// 2313//
f 1904// 2099// 2098//
f 2098// 2099// 2314//
f 2098// 2314// 2307//
f 2307// 2314// 2315//
f 2307// 2315// 2308//
f 2308// 2315// 2316//
f 2308// 2316// 2309//
f 2309// 2316// 2312//
f 2309// 2312// 2031//
f 2031// 2312// 2313//
f 2031// 2313// 2029//
f 1914// 2100// 2099//
f 2099// 2100// 2317//
f 2099// 2317// 2314//
f 2314// 2317// 2318//
f 2314// 2318// 2315//
f 2315// 2318// 2319//
f 2315// 2319// 2316//
f 2316// 2319// 2028//
f 2316// 2028// 2312//
f 2312// 2028// 2027//
f 2312// 2027// 2310//
f 2320// 2321// 2322//
f 2322// 2321// 2323//
f 1910// 2101// 2100//
f 2100// 2101// 2324//
f 2100// 2324// 2317//
f 2317// 2324// 2325//
f 2317// 2325// 2318//
f 2318// 2325// 2326//
f 2318// 2326// 2319//
f 2319// 2326// 2322//
f 2319// 2322// 2028//
f 2028// 2322// 2323//
f 2028// 2323// 2026//
f 1916// 2102// 2101//
f 2101// 2102// 2327//
f 2101// 2327// 2324//
f 2324// 2327// 2328//
f 2324// 2328// 2325//
f 2325// 2328// 2329//
f 2325// 2329// 2326//
f 2326// 2329// 2025//
f 2326// 2025// 2322//
f 2322// 2025// 2024//
f 2322// 2024// 2320//
f 2330// 2331// 2332//
f 1920// 2062// 2102//
f 2102// 2062// 2333//
f 2102// 2333// 2327//
f 2327// 2333// 2334//
f 2327// 2334// 2328//
f 2328// 2334// 2335//
f 2328// 2335// 2329//
f 2329// 2335// 2330//
f 2329// 2330// 2025//
f 2025// 2330// 2332//
f 2025// 2332// 2023//
f 2336// 2337// 2338//
f 2338// 2337// 2339//
f 1931// 2103// 2062//
f 2062// 2103// 2340//
f 2062// 2340// 2333//
f 2333// 2340// 2341//
f 2333// 2341// 2334//
f 2334// 2341// 2342//
f 2334// 2342// 2335//
f 2335// 2342// 2338//
f 2335// 2338// 2330//
f 2330// 2338// 2339//
f 2330// 2339// 2331//
f 2343// 2344// 2345//
f 1926// 2061// 2103//
f 2103// 2061// 2346//
f 2103// 2346// 2340//
f 2340// 2346// 2347//
f 2340// 2347// 2341//
f 2341// 2347// 2348//
f 2341// 2348// 2342//
f 2342// 2348// 2343//
f 2342// 2343// 2338//
f 2338// 2343// 2345//
f 2338// 2345// 2336//
f 2349// 2350// 2351//
f 2351// 2350// 2352//
f 1923// 2104// 2061//
f 2061// 2104// 2353//
f 2061// 2353// 2346//
f 2346// 2353// 2354//
f 2346// 2354// 2347//
f 2347// 2354// 2355//
f 2347// 2355// 2348//
f 2348// 2355// 2351//
f 2348// 2351// 2343//
f 2343// 2351// 2352//
f 2343// 2352// 2344//
f 2356// 2357// 2358//
f 1936// 2060// 2104//
f 2104// 2060// 2359//
f 2104// 2359// 2353//
f 2353// 2359// 2360//
f 2353// 2360// 2354//
f 2354// 2360// 2361//
f 2354// 2361// 2355//
f 2355// 2361// 2356//
f 2355// 2356// 2351//
f 2351// 2356// 2358//
f 2351// 2358// 2349//
f 2362// 2363// 2364//
f 2364// 2363// 2365//
f 1947// 2105// 2060//
f 2060// 2105// 2366//
f 2060// 2366// 2359//
f 2359// 2366// 2367//
f 2359// 2367// 2360//
f 2360// 2367// 2368//
f 2360// 2368// 2361//
f 2361// 2368// 2364//
f 2361// 2364// 2356//
f 2356// 2364// 2365//
f 2356// 2365// 2357//
f 2369// 2370// 2371//
f 1942// 2059// 2105//
f 2105// 2059// 2372//
f 2105// 2372// 2366//
f 2366// 2372// 2373//
f 2366// 2373// 2367//
f 2367// 2373// 2374//
f 2367// 2374// 2368//
f 2368// 2374// 2369//
f 2368// 2369// 2364//
f 2364// 2369// 2371//
f 2364// 2371// 2362//
f 2375// 2376// 2377//
f 2377// 2376// 2378//
f 1939// 2106// 2059//
f 2059// 2106// 2379//
f 2059// 2379// 2372//
f 2372// 2379// 2380//
f 2372// 2380// 2373//
f 2373// 2380// 2381//
f 2373// 2381// 2374//
f 2374// 2381// 2377//
f 2374// 2377// 2369//
f 2369// 2377// 2378//
f 2369// 2378// 2370//
f 2022// 1194// 2106//
f 2106// 1194// 1195//
f 2106// 1195// 2379//
f 2379// 1195// 1196//
f 2379// 1196// 2380//
f 2380// 1196// 1197//
f 2380// 1197// 2381//
f 2381// 1197// 1198//
f 2381// 1198// 2377//
f 2377// 1198// 1199//
f 2377// 1199// 2375//
f 469// 1216// 2382//
f 1216// 1217// 2383//
f 1217// 1218// 2110//
f 1217// 2110// 2383//
f 2383// 2110// 2108//
f 2383// 2108// 2384//
f 2108// 2107// 2384//
f 2384// 2107// 2057//
f 2384// 2057// 2385//
f 2057// 2056// 2385//
f 2385// 2056// 2120//
f 2385// 2120// 2386//
f 2386// 2120// 2118//
f 2386// 2118// 2387//
f 2118// 2117// 2387//
f 2387// 2117// 2054//
f 2387// 2054// 2388//
f 2054// 2053// 2388//
f 2388// 2053// 2130//
f 2388// 2130// 2389//
f 2389// 2130// 2128//
f 2389// 2128// 2390//
f 2128// 2127// 2390//
f 2390// 2127// 2051//
f 2390// 2051// 2391//
f 2051// 2050// 2391//
f 2391// 2050// 2140//
f 2391// 2140// 2392//
f 2392// 2140// 2138//
f 2392// 2138// 2393//
f 2393// 2138// 2137//
f 2393// 2137// 2394//
f 2394// 2137// 2048//
f 2048// 2047// 2394//
f 2394// 2047// 2149//
f 2394// 2149// 2395//
f 2395// 2149// 2148//
f 2395// 2148// 2396//
f 2396// 2148// 2156//
f 2396// 2156// 2397//
f 2397// 2156// 2154//
f 2154// 2153// 2397//
f 2397// 2153// 2162//
f 2397// 2162// 2398//
f 2398// 2162// 2161//
f 2398// 2161// 2399//
f 2399// 2161// 2169//
f 2399// 2169// 2400//
f 2400// 2169// 2167//
f 2167// 2166// 2400//
f 2400// 2166// 2175//
f 2400// 2175// 2401//
f 2401// 2175// 2174//
f 2401// 2174// 2402//
f 2402// 2174// 2182//
f 2402// 2182// 2403//
f 2403// 2182// 2180//
f 2180// 2179// 2403//
f 2403// 2179// 2188//
f 2403// 2188// 2404//
f 2404// 2188// 2187//
f 2404// 2187// 2405//
f 2405// 2187// 2195//
f 2405// 2195// 2406//
f 2406// 2195// 2193//
f 2193// 2192// 2406//
f 2406// 2192// 2045//
f 2406// 2045// 2407//
f 2045// 2044// 2407//
f 2407// 2044// 2205//
f 2407// 2205// 2408//
f 2408// 2205// 2203//
f 2408// 2203// 2409//
f 2203// 2202// 2409//
f 2409// 2202// 2042//
f 2409// 2042// 2410//
f 2042// 2041// 2410//
f 2410// 2041// 2215//
f 2410// 2215// 2411//
f 2411// 2215// 2213//
f 2411// 2213// 2412//
f 2213// 2212// 2412//
f 2412// 2212// 2039//
f 2412// 2039// 2413//
f 2039// 2038// 2413//
f 2413// 2038// 2225//
f 2413// 2225// 2414//
f 2414// 2225// 2223//
f 2414// 2223// 2415//
f 2223// 2222// 2415//
f 2415// 2222// 2036//
f 2415// 2036// 2416//
f 2036// 2035// 2416//
f 2416// 2035// 2234//
f 2416// 2234// 2417//
f 2417// 2234// 2233//
f 2417// 2233// 2418//
f 2418// 2233// 2241//
f 2418// 2241// 2419//
f 2419// 2241// 2239//
f 2239// 2238// 2419//
f 2419// 2238// 2247//
f 2419// 2247// 2420//
f 2420// 2247// 2246//
f 2420// 2246// 2421//
f 2421// 2246// 2254//
f 2421// 2254// 2422//
f 2422// 2254// 2252//
f 2252// 2251// 2422//
f 2422// 2251// 2260//
f 2422// 2260// 2423//
f 2423// 2260// 2259//
f 2423// 2259// 2424//
f 2424// 2259// 2267//
f 2424// 2267// 2425//
f 2425// 2267// 2265//
f 2265// 2264// 2425//
f 2425// 2264// 2273//
f 2425// 2273// 2426//
f 2426// 2273// 2272//
f 2426// 2272// 2427//
f 2427// 2272// 2280//
f 2427// 2280// 2428//
f 2428// 2280// 2278//
f 2278// 2277// 2428//
f 2428// 2277// 2286//
f 2428// 2286// 2429//
f 2429// 2286// 2285//
f 2429// 2285// 2430//
f 2285// 2293// 2430//
f 2430// 2293// 2291//
f 2430// 2291// 2431//
f 2291// 2290// 2431//
f 2431// 2290// 2033//
f 2431// 2033// 2432//
f 2033// 2032// 2432//
f 2432// 2032// 2303//
f 2432// 2303// 2433//
f 2433// 2303// 2301//
f 2433// 2301// 2434//
f 2301// 2300// 2434//
f 2434// 2300// 2030//
f 2434// 2030// 2435//
f 2030// 2029// 2435//
f 2435// 2029// 2313//
f 2435// 2313// 2436//
f 2436// 2313// 2311//
f 2436// 2311// 2437//
f 2311// 2310// 2437//
f 2437// 2310// 2027//
f 2437// 2027// 2438//
f 2027// 2026// 2438//
f 2438// 2026// 2323//
f 2438// 2323// 2439//
f 2439// 2323// 2321//
f 2439// 2321// 2440//
f 2321// 2320// 2440//
f 2440// 2320// 2024//
f 2440// 2024// 2441//
f 2024// 2023// 2441//
f 2441// 2023// 2332//
f 2441// 2332// 2442//
f 2442// 2332// 2331//
f 2442// 2331// 2443//
f 2443// 2331// 2339//
f 2443// 2339// 2444//
f 2444// 2339// 2337//
f 2337// 2336// 2444//
f 2444// 2336// 2345//
f 2444// 2345// 2445//
f 2445// 2345// 2344//
f 2445// 2344// 2446//
f 2446// 2344// 2352//
f 2446// 2352// 2447//
f 2447// 2352// 2350//
f 2350// 2349// 2447//
f 2447// 2349// 2358//
f 2447// 2358// 2448//
f 2448// 2358// 2357//
f 2448// 2357// 2449//
f 2449// 2357// 2365//
f 2449// 2365// 2450//
f 2450// 2365// 2363//
f 2363// 2362// 2450//
f 2450// 2362// 2371//
f 2450// 2371// 2451//
f 2451// 2371// 2370//
f 2451// 2370// 2452//
f 2452// 2370// 2378//
f 2452// 2378// 2453//
f 2453// 2378// 2376//
f 2376// 2375// 2453//
f 2453// 2375// 1199//
f 2453// 1199// 1200//
f 1216// 2383// 2382//
f 2382// 2383// 2384//
f 2382// 2384// 2454//
f 2454// 2384// 2385//
f 2454// 2385// 2455//
f 2455// 2385// 2386//
f 2455// 2386// 2456//
f 2456// 2386// 2387//
f 2456// 2387// 2457//
f 2457// 2387// 2388//
f 2457// 2388// 2458//
f 2458// 2388// 2389//
f 2458// 2389// 2459//
f 2459// 2389// 2390//
f 2459// 2390// 2460//
f 2460// 2390// 2391//
f 2460// 2391// 2461//
f 2461// 2391// 2392//
f 2461// 2392// 2462//
f 2462// 2392// 2393//
f 2462// 2393// 2463//
f 2463// 2393// 2394//
f 2463// 2394// 2464//
f 2464// 2394// 2395//
f 2464// 2395// 2465//
f 2465// 2395// 2396//
f 2465// 2396// 2466//
f 2466// 2396// 2397//
f 2466// 2397// 2467//
f 2467// 2397// 2398//
f 2467// 2398// 2468//
f 2468// 2398// 2399//
f 2468// 2399// 2469//
f 2469// 2399// 2400//
f 2469// 2400// 2470//
f 2470// 2400// 2401//
f 2470// 2401// 2471//
f 2471// 2401// 2402//
f 2471// 2402// 2472//
f 2472// 2402// 2403//
f 2472// 2403// 2473//
f 2473// 2403// 2404//
f 2473// 2404// 2474//
f 2474// 2404// 2405//
f 2474// 2405// 2475//
f 2475// 2405// 2406//
f 2475// 2406// 2476//
f 2476// 2406// 2407//
f 2476// 2407// 2477//
f 2477// 2407// 2408//
f 2477// 2408// 2478//
f 2478// 2408// 2409//
f 2478// 2409// 2479//
f 2479// 2409// 2410//
f 2479// 2410// 2480//
f 2480// 2410// 2411//
f 2480// 2411// 2481//
f 2481// 2411// 2412//
f 2481// 2412// 2482//
f 2482// 2412// 2413//
f 2482// 2413// 2483//
f 2483// 2413// 2414//
f 2483// 2414// 2484//
f 2484// 2414// 2415//
f 2484// 2415// 2485//
f 2485// 2415// 2416//
f 2485// 2416// 2486//
f 2486// 2416// 2417//
f 2486// 2417// 2487//
f 2487// 2417// 2418//
f 2487// 2418// 2488//
f 2488// 2418// 2419//
f 2488// 2419// 2489//
f 2489// 2419// 2420//
f 2489// 2420// 2490//
f 2490// 2420// 2421//
f 2490// 2421// 2491//
f 2491// 2421// 2422//
f 2491// 2422// 2492//
f 2492// 2422// 2423//
f 2492// 2423// 2493//
f 2493// 2423// 2424//
f 2493// 2424// 2494//
f 2494// 2424// 2425//
f 2494// 2425// 2495//
f 2495// 2425// 2426//
f 2495// 2426// 2496//
f 2496// 2426// 2427//
f 2496// 2427// 2497//
f 2497// 2427// 2428//
f 2497// 2428// 2498//
f 2498// 2428// 2429//
f 2498// 2429// 2499//
f 2499// 2429// 2430//
f 2499// 2430// 2500//
f 2500// 2430// 2431//
f 2500// 2431// 2501//
f 2501// 2431// 2432//
f 2501// 2432// 2502//
f 2502// 2432// 2433//
f 2502// 2433// 2503//
f 2503// 2433// 2434//
f 2503// 2434// 2504//
f 2504// 2434// 2435//
f 2504// 2435// 2505//
f 2505// 2435// 2436//
f 2505// 2436// 2506//
f 2506// 2436// 2437//
f 2506// 2437// 2507//
f 2507// 2437// 2438//
f 2507// 2438// 2508//
f 2508// 2438// 2439//
f 2508// 2439// 2509//
f 2509// 2439// 2440//
f 2509// 2440// 2510//
f 2510// 2440// 2441//
f 2510// 2441// 2511//
f 2511// 2441// 2442//
f 2511// 2442// 2512//
f 2512// 2442// 2443//
f 2512// 2443// 2513//
f 2513// 2443// 2444//
f 2513// 2444// 2514//
f 2514// 2444// 2445//
f 2514// 2445// 2515//
f 2515// 2445// 2446//
f 2515// 2446// 2516//
f 2516// 2446// 2447//
f 2516// 2447// 2517//
f 2517// 2447// 2448//
f 2517// 2448// 2518//
f 2518// 2448// 2449//
f 2518// 2449// 2519//
f 2519// 2449// 2450//
f 2519// 2450// 2520//
f 2520// 2450// 2451//
f 2520// 2451// 2521//
f 2521// 2451// 2452//
f 2521// 2452// 2522//
f 2522// 2452// 2453//
f 2522// 2453// 2523//
f 2523// 2453// 1200//
f 2523// 1200// 1201//
f 469// 2382// 467//
f 467// 2382// 2454//
f 467// 2454// 465//
f 465// 2454// 2455//
f 465// 2455// 474//
f 474// 2455// 2456//
f 474// 2456// 481//
f 481// 2456// 2457//
f 481// 2457// 482//
f 482// 2457// 2458//
f 482// 2458// 483//
f 483// 2458// 2459//
f 483// 2459// 10//
f 10// 2459// 2460//
f 10// 2460// 11//
f 11// 2460// 2461//
f 11// 2461// 396//
f 396// 2461// 2462//
f 396// 2462// 394//
f 394// 2462// 2463//
f 394// 2463// 422//
f 422// 2463// 2464//
f 422// 2464// 366//
f 366// 2464// 2465//
f 366// 2465// 364//
f 364// 2465// 2466//
f 364// 2466// 279//
f 279// 2466// 2467//
f 279// 2467// 278//
f 278// 2467// 2468//
f 278// 2468// 88//
f 88// 2468// 2469//
f 88// 2469// 86//
f 86// 2469// 2470//
f 86// 2470// 29//
f 29// 2470// 2471//
f 29// 2471// 28//
f 28// 2471// 2472//
f 28// 2472// 26//
f 26// 2472// 2473//
f 26// 2473// 500//
f 500// 2473// 2474//
f 500// 2474// 501//
f 501// 2474// 2475//
f 501// 2475// 502//
f 502// 2475// 2476//
f 502// 2476// 504//
f 504// 2476// 2477//
f 504// 2477// 505//
f 505// 2477// 2478//
f 505// 2478// 511//
f 511// 2478// 2479//
f 511// 2479// 512//
f 512// 2479// 2480//
f 512// 2480// 520//
f 520// 2480// 2481//
f 520// 2481// 519//
f 519// 2481// 2482//
f 519// 2482// 517//
f 517// 2482// 2483//
f 517// 2483// 527//
f 527// 2483// 2484//
f 527// 2484// 531//
f 531// 2484// 2485//
f 531// 2485// 530//
f 530// 2485// 2486//
f 530// 2486// 528//
f 528// 2486// 2487//
f 528// 2487// 536//
f 536// 2487// 2488//
f 536// 2488// 538//
f 538// 2488// 2489//
f 538// 2489// 539//
f 539// 2489// 2490//
f 539// 2490// 546//
f 546// 2490// 2491//
f 546// 2491// 545//
f 545// 2491// 2492//
f 545// 2492// 543//
f 543// 2492// 2493//
f 543// 2493// 553//
f 553// 2493// 2494//
f 553// 2494// 557//
f 557// 2494// 2495//
f 557// 2495// 556//
f 556// 2495// 2496//
f 556// 2496// 554//
f 554// 2496// 2497//
f 554// 2497// 562//
f 562// 2497// 2498//
f 562// 2498// 566//
f 566// 2498// 2499//
f 566// 2499// 565//
f 565// 2499// 2500//
f 565// 2500// 564//
f 564// 2500// 2501//
f 564// 2501// 572//
f 572// 2501// 2502//
f 572// 2502// 573//
f 573// 2502// 2503//
f 573// 2503// 574//
f 574// 2503// 2504//
f 574// 2504// 578//
f 578// 2504// 2505//
f 578// 2505// 579//
f 579// 2505// 2506//
f 579// 2506// 586//
f 586// 2506// 2507//
f 586// 2507// 585//
f 585// 2507// 2508//
f 585// 2508// 583//
f 583// 2508// 2509//
f 583// 2509// 593//
f 593// 2509// 2510//
f 593// 2510// 594//
f 594// 2510// 2511//
f 594// 2511// 595//
f 595// 2511// 2512//
f 595// 2512// 601//
f 601// 2512// 2513//
f 601// 2513// 602//
f 602// 2513// 2514//
f 602// 2514// 604//
f 604// 2514// 2515//
f 604// 2515// 605//
f 605// 2515// 2516//
f 605// 2516// 613//
f 613// 2516// 2517//
f 613// 2517// 612//
f 612// 2517// 2518//
f 612// 2518// 610//
f 610// 2518// 2519//
f 610// 2519// 620//
f 620// 2519// 2520//
f 620// 2520// 624//
f 624// 2520// 2521//
f 624// 2521// 623//
f 623// 2521// 2522//
f 623// 2522// 621//
f 621// 2522// 2523//
f 621// 2523// 1//
f 1// 2523// 1201//
f 1// 1201// 2//
f 1210// 1211// 2524//
f 1211// 1212// 2525//
f 1212// 1213// 2526//
f 1213// 1214// 2527//
f 1214// 1215// 2528//
f 480// 2529// 473//
f 473// 2529// 2530//
f 473// 2530// 472//
f 472// 2530// 2528//
f 472// 2528// 471//
f 471// 2528// 1215//
f 471// 1215// 470//
f 480// 479// 2529//
f 2529// 479// 477//
f 2529// 477// 2531//
f 2531// 477// 476//
f 2531// 476// 2532//
f 2532// 476// 484//
f 2532// 484// 2533//
f 2533// 484// 488//
f 488// 487// 2533//
f 2533// 487// 486//
f 2533// 486// 2534//
f 486// 485// 2534//
f 2534// 485// 489//
f 2534// 489// 2535//
f 2535// 489// 493//
f 2535// 493// 2536//
f 2536// 493// 492//
f 2536// 492// 2537//
f 2537// 492// 491//
f 491// 490// 2537//
f 2537// 490// 494//
f 2537// 494// 2538//
f 2538// 494// 498//
f 2538// 498// 2539//
f 498// 497// 2539//
f 2539// 497// 496//
f 2539// 496// 2540//
f 496// 495// 2540//
f 2540// 495// 8//
f 2540// 8// 2541//
f 8// 7// 2541//
f 2541// 7// 499//
f 2541// 499// 2542//
f 2542// 499// 510//
f 2542// 510// 2543//
f 2543// 510// 509//
f 2543// 509// 2544//
f 2544// 509// 508//
f 508// 507// 2544//
f 2544// 507// 516//
f 2544// 516// 2545//
f 2545// 516// 515//
f 2545// 515// 2546//
f 515// 514// 2546//
f 2546// 514// 524//
f 2546// 524// 2547//
f 524// 523// 2547//
f 2547// 523// 522//
f 2547// 522// 2548//
f 522// 521// 2548//
f 2548// 521// 525//
f 2548// 525// 2549//
f 2549// 525// 535//
f 2549// 535// 2550//
f 2550// 535// 534//
f 2550// 534// 2551//
f 2551// 534// 533//
f 533// 532// 2551//
f 2551// 532// 542//
f 2551// 542// 2552//
f 2552// 542// 541//
f 2552// 541// 2553//
f 2553// 541// 550//
f 2553// 550// 2554//
f 2554// 550// 549//
f 2554// 549// 2555//
f 2555// 549// 548//
f 548// 547// 2555//
f 2555// 547// 551//
f 2555// 551// 2556//
f 2556// 551// 561//
f 2556// 561// 2557//
f 2557// 561// 560//
f 2557// 560// 2558//
f 2558// 560// 559//
f 559// 558// 2558//
f 2558// 558// 569//
f 2558// 569// 2559//
f 569// 568// 2559//
f 2559// 568// 567//
f 2559// 567// 2560//
f 2560// 567// 5//
f 2560// 5// 2561//
f 2561// 5// 4//
f 2561// 4// 2562//
f 2562// 4// 570//
f 570// 577// 2562//
f 2562// 577// 576//
f 2562// 576// 2563//
f 2563// 576// 582//
f 2563// 582// 2564//
f 582// 581// 2564//
f 2564// 581// 590//
f 2564// 590// 2565//
f 590// 589// 2565//
f 2565// 589// 588//
f 2565// 588// 2566//
f 588// 587// 2566//
f 2566// 587// 591//
f 2566// 591// 2567//
f 2567// 591// 600//
f 2567// 600// 2568//
f 2568// 600// 599//
f 2568// 599// 2569//
f 2569// 599// 598//
f 598// 597// 2569//
f 2569// 597// 609//
f 2569// 609// 2570//
f 2570// 609// 608//
f 2570// 608// 2571//
f 608// 607// 2571//
f 2571// 607// 617//
f 2571// 617// 2572//
f 617// 616// 2572//
f 2572// 616// 615//
f 2572// 615// 2573//
f 615// 614// 2573//
f 2573// 614// 618//
f 2573// 618// 2574//
f 2574// 618// 628//
f 2574// 628// 2575//
f 2575// 628// 627//
f 2575// 627// 2576//
f 2576// 627// 626//
f 626// 625// 2576//
f 2576// 625// 629//
f 2576// 629// 1208//
f 1214// 2528// 2527//
f 2527// 2528// 2530//
f 2527// 2530// 2577//
f 2577// 2530// 2529//
f 2577// 2529// 2578//
f 2578// 2529// 2531//
f 2578// 2531// 2579//
f 2579// 2531// 2532//
f 2579// 2532// 2580//
f 2580// 2532// 2533//
f 2580// 2533// 2581//
f 2581// 2533// 2534//
f 2581// 2534// 2582//
f 2582// 2534// 2535//
f 2582// 2535// 2583//
f 2583// 2535// 2536//
f 2583// 2536// 2584//
f 2584// 2536// 2537//
f 2584// 2537// 2585//
f 2585// 2537// 2538//
f 2585// 2538// 2586//
f 2586// 2538// 2539//
f 2586// 2539// 2587//
f 2587// 2539// 2540//
f 2587// 2540// 2588//
f 2588// 2540// 2541//
f 2588// 2541// 2589//
f 2589// 2541// 2542//
f 2589// 2542// 2590//
f 2590// 2542// 2543//
f 2590// 2543// 2591//
f 2591// 2543// 2544//
f 2591// 2544// 2592//
f 2592// 2544// 2545//
f 2592// 2545// 2593//
f 2593// 2545// 2546//
f 2593// 2546// 2594//
f 2594// 2546// 2547//
f 2594// 2547// 2595//
f 2595// 2547// 2548//
f 2595// 2548// 2596//
f 2596// 2548// 2549//
f 2596// 2549// 2597//
f 2597// 2549// 2550//
f 2597// 2550// 2598//
f 2598// 2550// 2551//
f 2598// 2551// 2599//
f 2599// 2551// 2552//
f 2599// 2552// 2600//
f 2600// 2552// 2553//
f 2600// 2553// 2601//
f 2601// 2553// 2554//
f 2601// 2554// 2602//
f 2602// 2554// 2555//
f 2602// 2555// 2603//
f 2603// 2555// 2556//
f 2603// 2556// 2604//
f 2604// 2556// 2557//
f 2604// 2557// 2605//
f 2605// 2557// 2558//
f 2605// 2558// 2606//
f 2606// 2558// 2559//
f 2606// 2559// 2607//
f 2607// 2559// 2560//
f 2607// 2560// 2608//
f 2608// 2560// 2561//
f 2608// 2561// 2609//
f 2609// 2561// 2562//
f 2609// 2562// 2610//
f 2610// 2562// 2563//
f 2610// 2563// 2611//
f 2611// 2563// 2564//
f 2611// 2564// 2612//
f 2612// 2564// 2565//
f 2612// 2565// 2613//
f 2613// 2565// 2566//
f 2613// 2566// 2614//
f 2614// 2566// 2567//
f 2614// 2567// 2615//
f 2615// 2567// 2568//
f 2615// 2568// 2616//
f 2616// 2568// 2569//
f 2616// 2569// 2617//
f 2617// 2569// 2570//
f 2617// 2570// 2618//
f 2618// 2570// 2571//
f 2618// 2571// 2619//
f 2619// 2571// 2572//
f 2619// 2572// 2620//
f 2620// 2572// 2573//
f 2620// 2573// 2621//
f 2621// 2573// 2574//
f 2621// 2574// 2622//
f 2622// 2574// 2575//
f 2622// 2575// 2623//
f 2623// 2575// 2576//
f 2623// 2576// 2624//
f 2624// 2576// 1208//
f 2624// 1208// 1207//
f 1213// 2527// 2526//
f 2526// 2527// 2577//
f 2526// 2577// 2625//
f 2625// 2577// 2578//
f 2625// 2578// 2626//
f 2626// 2578// 2579//
f 2626// 2579// 2627//
f 2627// 2579// 2580//
f 2627// 2580// 2628//
f 2628// 2580// 2581//
f 2628// 2581// 2629//
f 2629// 2581// 2582//
f 2629// 2582// 2630//
f 2630// 2582// 2583//
f 2630// 2583// 2631//
f 2631// 2583// 2584//
f 2631// 2584// 2632//
f 2632// 2584// 2585//
f 2632// 2585// 2633//
f 2633// 2585// 2586//
f 2633// 2586// 2634//
f 2634// 2586// 2587//
f 2634// 2587// 2635//
f 2635// 2587// 2588//
f 2635// 2588// 2636//
f 2636// 2588// 2589//
f 2636// 2589// 2637//
f 2637// 2589// 2590//
f 2637// 2590// 2638//
f 2638// 2590// 2591//
f 2638// 2591// 2639//
f 2639// 2591// 2592//
f 2639// 2592// 2640//
f 2640// 2592// 2593//
f 2640// 2593// 2641//
f 2641// 2593// 2594//
f 2641// 2594// 2642//
f 2642// 2594// 2595//
f 2642// 2595// 2643//
f 2643// 2595// 2596//
f 2643// 2596// 2644//
f 2644// 2596// 2597//
f 2644// 2597// 2645//
f 2645// 2597// 2598//
f 2645// 2598// 2646//
f 2646// 2598// 2599//
f 2646// 2599// 2647//
f 2647// 2599// 2600//
f 2647// 2600// 2648//
f 2648// 2600// 2601//
f 2648// 2601// 2649//
f 2649// 2601// 2602//
f 2649// 2602// 2650//
f 2650// 2602// 2603//
f 2650// 2603// 2651//
f 2651// 2603// 2604//
f 2651// 2604// 2652//
f 2652// 2604// 2605//
f 2652// 2605// 2653//
f 2653// 2605// 2606//
f 2653// 2606// 2654//
f 2654// 2606// 2607//
f 2654// 2607// 2655//
f 2655// 2607// 2608//
f 2655// 2608// 2656//
f 2656// 2608// 2609//
f 2656// 2609// 2657//
f 2657// 2609// 2610//
f 2657// 2610// 2658//
f 2658// 2610// 2611//
f 2658// 2611// 2659//
f 2659// 2611// 2612//
f 2659// 2612// 2660//
f 2660// 2612// 2613//
f 2660// 2613// 2661//
f 2661// 2613// 2614//
f 2661// 2614// 2662//
f 2662// 2614// 2615//
f 2662// 2615// 2663//
f 2663// 2615// 2616//
f 2663// 2616// 2664//
f 2664// 2616// 2617//
f 2664// 2617// 2665//
f 2665// 2617// 2618//
f 2665// 2618// 2666//
f 2666// 2618// 2619//
f 2666// 2619// 2667//
f 2667// 2619// 2620//
f 2667// 2620// 2668//
f 2668// 2620// 2621//
f 2668// 2621// 2669//
f 2669// 2621// 2622//
f 2669// 2622// 2670//
f 2670// 2622// 2623//
f 2670// 2623// 2671//
f 2671// 2623// 2624//
f 2671// 2624// 2672//
f 2672// 2624// 1207//
f 2672// 1207// 1206//
f 1212// 2526// 2525//
f 2525// 2526// 2625//
f 2525// 2625// 2673//
f 2673// 2625// 2626//
f 2673// 2626// 2674//
f 2674// 2626// 2627//
f 2674// 2627// 2675//
f 2675// 2627// 2628//
f 2675// 2628// 2676//
f 2676// 2628// 2629//
f 2676// 2629// 2677//
f 2677// 2629// 2630//
f 2677// 2630// 2678//
f 2678// 2630// 2631//
f 2678// 2631// 2679//
f 2679// 2631// 2632//
f 2679// 2632// 2680//
f 2680// 2632// 2633//
f 2680// 2633// 2681//
f 2681// 2633// 2634//
f 2681// 2634// 2682//
f 2682// 2634// 2635//
f 2682// 2635// 2683//
f 2683// 2635// 2636//
f 2683// 2636// 2684//
f 2684// 2636// 2637//
f 2684// 2637// 2685//
f 2685// 2637// 2638//
f 2685// 2638// 2686//
f 2686// 2638// 2639//
f 2686// 2639// 2687//
f 2687// 2639// 2640//
f 2687// 2640// 2688//
f 2688// 2640// 2641//
f 2688// 2641// 2689//
f 2689// 2641// 2642//
f 2689// 2642// 2690//
f 2690// 2642// 2643//
f 2690// 2643// 2691//
f 2691// 2643// 2644//
f 2691// 2644// 2692//
f 2692// 2644// 2645//
f 2692// 2645// 2693//
f 2693// 2645// 2646//
f 2693// 2646// 2694//
f 2694// 2646// 2647//
f 2694// 2647// 2695//
f 2695// 2647// 2648//
f 2695// 2648// 2696//
f 2696// 2648// 2649//
f 2696// 2649// 2697//
f 2697// 2649// 2650//
f 2697// 2650// 2698//
f 2698// 2650// 2651//
f 2698// 2651// 2699//
f 2699// 2651// 2652//
f 2699// 2652// 2700//
f 2700// 2652// 2653//
f 2700// 2653// 2701//
f 2701// 2653// 2654//
f 2701// 2654// 2702//
f 2702// 2654// 2655//
f 2702// 2655// 2703//
f 2703// 2655// 2656//
f 2703// 2656// 2704//
f 2704// 2656// 2657//
f 2704// 2657// 2705//
f 2705// 2657// 2658//
f 2705// 2658// 2706//
f 2706// 2658// 2659//
f 2706// 2659// 2707//
f 2707// 2659// 2660//
f 2707// 2660// 2708//
f 2708// 2660// 2661//
f 2708// 2661// 2709//
f 2709// 2661// 2662//
f 2709// 2662// 2710//
f 2710// 2662// 2663//
f 2710// 2663// 2711//
f 2711// 2663// 2664//
f 2711// 2664// 2712//
f 2712// 2664// 2665//
f 2712// 2665// 2713//
f 2713// 2665// 2666//
f 2713// 2666// 2714//
f 2714// 2666// 2667//
f 2714// 2667// 2715//
f 2715// 2667// 2668//
f 2715// 2668// 2716//
f 2716// 2668// 2669//
f 2716// 2669// 2717//
f 2717// 2669// 2670//
f 2717// 2670// 2718//
f 2718// 2670// 2671//
f 2718// 2671// 2719//
f 2719// 2671// 2672//
f 2719// 2672// 2720//
f 2720// 2672// 1206//
f 2720// 1206// 1205//
f 1211// 2525// 2524//
f 2524// 2525// 2673//
f 2524// 2673// 2721//
f 2721// 2673// 2674//
f 2721// 2674// 2722//
f 2722// 2674// 2675//
f 2722// 2675// 2723//
f 2723// 2675// 2676//
f 2723// 2676// 2724//
f 2724// 2676// 2677//
f 2724// 2677// 2725//
f 2725// 2677// 2678//
f 2725// 2678// 2726//
f 2726// 2678// 2679//
f 2726// 2679// 2727//
f 2727// 2679// 2680//
f 2727// 2680// 2728//
f 2728// 2680// 2681//
f 2728// 2681// 2729//
f 2729// 2681// 2682//
f 2729// 2682// 2730//
f 2730// 2682// 2683//
f 2730// 2683// 2731//
f 2731// 2683// 2684//
f 2731// 2684// 2732//
f 2732// 2684// 2685//
f 2732// 2685// 2733//
f 2733// 2685// 2686//
f 2733// 2686// 2734//
f 2734// 2686// 2687//
f 2734// 2687// 2735//
f 2735// 2687// 2688//
f 2735// 2688// 2736//
f 2736// 2688// 2689//
f 2736// 2689// 2737//
f 2737// 2689// 2690//
f 2737// 2690// 2738//
f 2738// 2690// 2691//
f 2738// 2691// 2739//
f 2739// 2691// 2692//
f 2739// 2692// 2740//
f 2740// 2692// 2693//
f 2740// 2693// 2741//
f 2741// 2693// 2694//
f 2741// 2694// 2742//
f 2742// 2694// 2695//
f 2742// 2695// 2743//
f 2743// 2695// 2696//
f 2743// 2696// 2744//
f 2744// 2696// 2697//
f 2744// 2697// 2745//
f 2745// 2697// 2698//
f 2745// 2698// 2746//
f 2746// 2698// 2699//
f 2746// 2699// 2747//
f 2747// 2699// 2700//
f 2747// 2700// 2748//
f 2748// 2700// 2701//
f 2748// 2701// 2749//
f 2749// 2701// 2702//
f 2749// 2702// 2750//
f 2750// 2702// 2703//
f 2750// 2703// 2751//
f 2751// 2703// 2704//
f 2751// 2704// 2752//
f 2752// 2704// 2705//
f 2752// 2705// 2753//
f 2753// 2705// 2706//
f 2753// 2706// 2754//
f 2754// 2706// 2707//
f 2754// 2707// 2755//
f 2755// 2707// 2708//
f 2755// 2708// 2756//
f 2756// 2708// 2709//
f 2756// 2709// 2757//
f 2757// 2709// 2710//
f 2757// 2710// 2758//
f 2758// 2710// 2711//
f 2758// 2711// 2759//
f 2759// 2711// 2712//
f 2759// 2712// 2760//
f 2760// 2712// 2713//
f 2760// 2713// 2761//
f 2761// 2713// 2714//
f 2761// 2714// 2762//
f 2762// 2714// 2715//
f 2762// 2715// 2763//
f 2763// 2715// 2716//
f 2763// 2716// 2764//
f 2764// 2716// 2717//
f 2764// 2717// 2765//
f 2765// 2717// 2718//
f 2765// 2718// 2766//
f 2766// 2718// 2719//
f 2766// 2719// 2767//
f 2767// 2719// 2720//
f 2767// 2720// 2768//
f 2768// 2720// 1205//
f 2768// 1205// 1204//
f 1210// 2524// 2769//
f 2769// 2524// 2721//
f 2769// 2721// 2770//
f 2770// 2721// 2722//
f 2770// 2722// 2771//
f 2771// 2722// 2723//
f 2771// 2723// 2772//
f 2772// 2723// 2724//
f 2772// 2724// 2773//
f 2773// 2724// 2725//
f 2773// 2725// 2774//
f 2774// 2725// 2726//
f 2774// 2726// 2775//
f 2775// 2726// 2727//
f 2775// 2727// 2776//
f 2776// 2727// 2728//
f 2776// 2728// 2777//
f 2777// 2728// 2729//
f 2777// 2729// 2778//
f 2778// 2729// 2730//
f 2778// 2730// 2779//
f 2779// 2730// 2731//
f 2779// 2731// 2780//
f 2780// 2731// 2732//
f 2780// 2732// 2781//
f 2781// 2732// 2733//
f 2781// 2733// 2782//
f 2782// 2733// 2734//
f 2782// 2734// 2783//
f 2783// 2734// 2735//
f 2783// 2735// 2784//
f 2784// 2735// 2736//
f 2784// 2736// 2785//
f 2785// 2736// 2737//
f 2785// 2737// 2786//
f 2786// 2737// 2738//
f 2786// 2738// 2787//
f 2787// 2738// 2739//
f 2787// 2739// 2788//
f 2788// 2739// 2740//
f 2788// 2740// 2789//
f 2789// 2740// 2741//
f 2789// 2741// 2790//
f 2790// 2741// 2742//
f 2790// 2742// 2791//
f 2791// 2742// 2743//
f 2791// 2743// 2792//
f 2792// 2743// 2744//
f 2792// 2744// 2793//
f 2793// 2744// 2745//
f 2793// 2745// 2794//
f 2794// 2745// 2746//
f 2794// 2746// 2795//
f 2795// 2746// 2747//
f 2795// 2747// 2796//
f 2796// 2747// 2748//
f 2796// 2748// 2797//
f 2797// 2748// 2749//
f 2797// 2749// 2798//
f 2798// 2749// 2750//
f 2798// 2750// 2799//
f 2799// 2750// 2751//
f 2799// 2751// 2800//
f 2800// 2751// 2752//
f 2800// 2752// 2801//
f 2801// 2752// 2753//
f 2801// 2753// 2802//
f 2802// 2753// 2754//
f 2802// 2754// 2803//
f 2803// 2754// 2755//
f 2803// 2755// 2804//
f 2804// 2755// 2756//
f 2804// 2756// 2805//
f 2805// 2756// 2757//
f 2805// 2757// 2806//
f 2806// 2757// 2758//
f 2806// 2758// 2807//
f 2807// 2758// 2759//
f 2807// 2759// 2808//
f 2808// 2759// 2760//
f 2808// 2760// 2809//
f 2809// 2760// 2761//
f 2809// 2761// 2810//
f 2810// 2761// 2762//
f 2810// 2762// 2811//
f 2811// 2762// 2763//
f 2811// 2763// 2812//
f 2812// 2763// 2764//
f 2812// 2764// 2813//
f 2813// 2764// 2765//
f 2813// 2765// 2814//
f 2814// 2765// 2766//
f 2814// 2766// 2815//
f 2815// 2766// 2767//
f 2815// 2767// 2816//
f 2816// 2767// 2768//
f 2816// 2768// 2817//
f 2817// 2768// 1204//
f 2817// 1204// 1203//
f 1278// 1279// 2773//
f 1203// 1202// 2817//
f 2817// 1202// 1238//
f 1237// 1236// 2812//
f 1256// 1258// 2798//
f 1281// 1209// 1210//
f 1248// 2806// 1246//
f 1246// 2806// 2807//
f 1246// 2807// 1244//
f 1269// 2789// 1268//
f 1268// 2789// 2790//
f 1268// 2790// 1267//
f 1270// 2787// 1269//
f 1269// 2787// 2788//
f 1269// 2788// 2789//
f 1276// 2778// 1275//
f 1275// 2778// 2779//
f 1275// 2779// 1274//
f 2812// 2813// 1237//
f 1237// 2813// 2814//
f 1237// 2814// 1239//
f 1239// 2814// 2815//
f 1239// 2815// 1238//
f 1238// 2815// 2816//
f 1238// 2816// 2817//
f 2807// 2808// 1244//
f 1244// 2808// 2809//
f 1244// 2809// 1242//
f 1242// 2809// 2810//
f 1242// 2810// 1236//
f 1236// 2810// 2811//
f 1236// 2811// 2812//
f 1252// 2803// 1250//
f 1250// 2803// 2804//
f 1250// 2804// 1248//
f 1248// 2804// 2805//
f 1248// 2805// 2806//
f 1262// 2795// 1260//
f 1260// 2795// 2796//
f 1260// 2796// 1258//
f 1258// 2796// 2797//
f 1258// 2797// 2798//
f 2773// 2774// 1278//
f 1278// 2774// 2775//
f 1278// 2775// 1277//
f 1277// 2775// 2776//
f 1277// 2776// 1276//
f 1276// 2776// 2777//
f 1276// 2777// 2778//
f 1210// 2769// 1281//
f 1281// 2769// 2770//
f 1281// 2770// 1280//
f 1280// 2770// 2771//
f 1280// 2771// 1279//
f 1279// 2771// 2772//
f 1279// 2772// 2773//
f 2790// 2791// 1267//
f 1267// 2791// 2792//
f 1267// 2792// 1265//
f 1265// 2792// 2793//
f 1265// 2793// 1262//
f 1262// 2793// 2794//
f 1262// 2794// 2795//
f 1272// 2784// 1271//
f 1271// 2784// 2785//
f 1271// 2785// 1270//
f 1270// 2785// 2786//
f 1270// 2786// 2787//
f 2798// 2799// 1256//
f 1256// 2799// 2800//
f 1256// 2800// 1254//
f 1254// 2800// 2801//
f 1254// 2801// 1252//
f 1252// 2801// 2802//
f 1252// 2802// 2803//
f 2779// 2780// 1274//
f 1274// 2780// 2781//
f 1274// 2781// 1273//
f 1273// 2781// 2782//
f 1273// 2782// 1272//
f 1272// 2782// 2783//
f 1272// 2783// 2784//
usemtl 2
f 2818// 2819// 1240//
f 1240// 734// 2820//
f 2820// 2821// 1240//
f 1240// 2821// 2822//
f 1240// 2822// 2823//
f 2824// 2818// 2825//
f 2825// 2818// 1240//
f 2825// 1240// 2826//
f 2826// 1240// 2823//
f 2827// 2828// 1266//
f 2828// 2829// 1266//
f 1266// 2829// 2830//
f 1266// 2830// 2831//
f 2832// 732// 2833//
f 2833// 732// 1266//
f 2833// 1266// 2834//
f 2834// 1266// 2831//
f 1264// 2835// 1266//
f 1266// 2835// 2836//
f 1266// 2836// 2827//
f 2837// 2832// 2838//
f 2838// 2832// 2833//
f 2838// 2833// 2839//
f 2839// 2833// 2834//
f 2839// 2834// 2840//
f 2840// 2834// 2831//
f 2840// 2831// 2841//
f 2841// 2831// 2830//
f 2841// 2830// 2842//
f 2842// 2830// 2829//
f 2842// 2829// 2843//
f 2843// 2829// 2828//
f 2843// 2828// 2844//
f 2844// 2828// 2827//
f 2844// 2827// 2845//
f 2845// 2827// 2836//
f 2845// 2836// 2846//
f 2846// 2836// 2835//
f 2832// 2837// 732//
f 732// 2837// 2847//
f 732// 2847// 718//
f 718// 2847// 719//
f 719// 2847// 2848//
f 719// 2848// 2849//
f 2850// 2851// 2852//
f 2852// 2851// 2853//
f 2852// 2853// 2854//
f 2854// 2853// 2855//
f 2854// 2855// 2856//
f 2856// 2855// 2857//
f 2856// 2857// 2858//
f 2858// 2857// 2859//
f 2858// 2859// 2860//
f 2860// 2859// 2861//
f 2860// 2861// 2862//
f 2862// 2861// 2863//
f 2862// 2863// 2864//
f 2864// 2863// 2865//
f 2864// 2865// 2866//
f 2866// 2865// 2867//
f 2866// 2867// 2868//
f 2868// 2867// 2869//
f 2868// 2869// 2870//
f 2870// 2869// 2871//
f 2870// 2871// 2848//
f 2848// 2871// 2849//
f 2851// 2850// 748//
f 748// 2850// 2872//
f 748// 2872// 741//
f 741// 2872// 734//
f 734// 2872// 2873//
f 734// 2873// 2820//
f 2874// 2819// 2875//
f 2875// 2819// 2818//
f 2875// 2818// 2876//
f 2876// 2818// 2824//
f 2876// 2824// 2877//
f 2877// 2824// 2825//
f 2877// 2825// 2878//
f 2878// 2825// 2826//
f 2878// 2826// 2879//
f 2879// 2826// 2823//
f 2879// 2823// 2880//
f 2880// 2823// 2822//
f 2880// 2822// 2881//
f 2881// 2822// 2821//
f 2881// 2821// 2873//
f 2873// 2821// 2820//
f 2819// 2874// 1240//
f 1240// 2874// 2882//
f 1240// 2882// 1282//
f 1282// 2882// 1264//
f 1264// 2882// 2846//
f 1264// 2846// 2835//
f 2870// 2848// 2852//
f 2878// 2879// 2882//
f 2843// 2872// 2842//
f 2842// 2872// 2841//
f 2862// 2864// 2852//
f 2838// 2839// 2872//
f 2872// 2839// 2840//
f 2872// 2840// 2841//
f 2882// 2874// 2875//
f 2873// 2872// 2881//
f 2881// 2872// 2882//
f 2881// 2882// 2880//
f 2880// 2882// 2879//
f 2854// 2856// 2858//
f 2846// 2882// 2845//
f 2845// 2882// 2872//
f 2845// 2872// 2844//
f 2844// 2872// 2843//
f 2875// 2876// 2882//
f 2882// 2876// 2877//
f 2882// 2877// 2878//
f 2852// 2848// 2850//
f 2850// 2848// 2847//
f 2850// 2847// 2872//
f 2872// 2847// 2837//
f 2872// 2837// 2838//
f 2854// 2858// 2852//
f 2852// 2858// 2860//
f 2852// 2860// 2862//
f 2864// 2866// 2852//
f 2852// 2866// 2868//
f 2852// 2868// 2870//
f 2853// 2851// 748//
f 748// 719// 2853//
f 2853// 719// 2849//
f 2853// 2849// 2871//
f 2853// 2859// 2855//
f 2855// 2859// 2857//
f 2871// 2869// 2853//
f 2853// 2869// 2867//
f 2853// 2867// 2865//
f 2865// 2863// 2853//
f 2853// 2863// 2861//
f 2853// 2861// 2859//
usemtl 4
f 681// 2883// 691//
f 691// 2883// 2884//
f 691// 2884// 692//
f 692// 2884// 2885//
f 692// 2885// 693//
f 693// 2885// 2886//
f 693// 2886// 694//
f 694// 2886// 2887//
f 694// 2887// 714//
f 714// 2887// 2888//
f 714// 2888// 696//
f 696// 2888// 2889//
f 696// 2889// 697//
f 697// 2889// 2890//
f 697// 2890// 656//
f 656// 2890// 2891//
f 656// 2891// 657//
f 657// 2891// 2892//
f 657// 2892// 659//
f 659// 2892// 2893//
f 659// 2893// 713//
f 713// 2893// 2894//
f 713// 2894// 712//
f 712// 2894// 2895//
f 712// 2895// 673//
f 673// 2895// 2896//
f 673// 2896// 674//
f 674// 2896// 2897//
f 674// 2897// 676//
f 676// 2897// 2898//
f 676// 2898// 689//
f 689// 2898// 2899//
f 689// 2899// 669//
f 669// 2899// 2900//
f 669// 2900// 667//
f 667// 2900// 2901//
f 667// 2901// 665//
f 665// 2901// 2902//
f 665// 2902// 663//
f 663// 2902// 2903//
f 663// 2903// 652//
f 652// 2903// 2904//
f 652// 2904// 678//
f 678// 2904// 2905//
f 678// 2905// 679//
f 679// 2905// 2906//
f 679// 2906// 681//
f 681// 2906// 2883//
f 2896// 2895// 2907//
f 2907// 2895// 2894//
f 2907// 2894// 2893//
f 2899// 2898// 2907//
f 2907// 2898// 2897//
f 2907// 2897// 2896//
f 2902// 2901// 2907//
f 2907// 2901// 2900//
f 2907// 2900// 2899//
f 2905// 2904// 2907//
f 2907// 2904// 2903//
f 2907// 2903// 2902//
f 2884// 2883// 2907//
f 2907// 2883// 2906//
f 2907// 2906// 2905//
f 2887// 2886// 2907//
f 2907// 2886// 2885//
f 2907// 2885// 2884//
f 2890// 2889// 2907//
f 2907// 2889// 2888//
f 2907// 2888// 2887//
f 2893// 2892// 2907//
f 2907// 2892// 2891//
f 2907// 2891// 2890//
f 695// 2908// 685//
f 685// 2908// 2909//
f 685// 2909// 655//
f 655// 2909// 2910//
f 655// 2910// 654//
f 654// 2910// 2911//
f 654// 2911// 698//
f 698// 2911// 2912//
f 698// 2912// 699//
f 699// 2912// 2913//
f 699// 2913// 700//
f 700// 2913// 2914//
f 700// 2914// 701//
f 701// 2914// 2915//
f 701// 2915// 702//
f 702// 2915// 2916//
f 702// 2916// 716//
f 716// 2916// 2917//
f 716// 2917// 709//
f 709// 2917// 2918//
f 709// 2918// 646//
f 646// 2918// 2919//
f 646// 2919// 647//
f 647// 2919// 2920//
f 647// 2920// 648//
f 648// 2920// 2921//
f 648// 2921// 649//
f 649// 2921// 2922//
f 649// 2922// 670//
f 670// 2922// 2923//
f 670// 2923// 671//
f 671// 2923// 2924//
f 671// 2924// 672//
f 672// 2924// 2925//
f 672// 2925// 662//
f 662// 2925// 2926//
f 662// 2926// 661//
f 661// 2926// 2927//
f 661// 2927// 660//
f 660// 2927// 2928//
f 660// 2928// 710//
f 710// 2928// 2929//
f 710// 2929// 711//
f 711// 2929// 2930//
f 711// 2930// 658//
f 658// 2930// 2931//
f 658// 2931// 695//
f 695// 2931// 2908//
f 2921// 2920// 2932//
f 2932// 2920// 2919//
f 2932// 2919// 2918//
f 2924// 2923// 2932//
f 2932// 2923// 2922//
f 2932// 2922// 2921//
f 2927// 2926// 2932//
f 2932// 2926// 2925//
f 2932// 2925// 2924//
f 2930// 2929// 2932//
f 2932// 2929// 2928//
f 2932// 2928// 2927//
f 2909// 2908// 2932//
f 2932// 2908// 2931//
f 2932// 2931// 2930//
f 2912// 2911// 2932//
f 2932// 2911// 2910//
f 2932// 2910// 2909//
f 2915// 2914// 2932//
f 2932// 2914// 2913//
f 2932// 2913// 2912//
f 2918// 2917// 2932//
f 2932// 2917// 2916//
f 2932// 2916// 2915//
usemtl 2
f 2933// 356// 358//
f 2933// 358// 2934//
f 2934// 358// 361//
f 2934// 361// 2935//
f 2935// 361// 360//
f 2935// 360// 2936//
f 2937// 363// 362//
f 2937// 362// 2938//
f 2938// 362// 357//
f 2938// 357// 2939//
f 2939// 357// 356//
f 2939// 356// 2933//
f 2937// 2940// 363//
f 363// 2940// 365//
f 2941// 373// 372//
f 2941// 372// 2942//
f 2942// 372// 371//
f 2942// 371// 2943//
f 2943// 371// 370//
f 2943// 370// 2944//
f 2944// 370// 369//
f 2944// 369// 2945//
f 2945// 369// 368//
f 2945// 368// 2946//
f 2946// 368// 367//
f 2946// 367// 2947//
f 2947// 367// 365//
f 2947// 365// 2940//
f 2948// 332// 330//
f 2948// 330// 2949//
f 2949// 330// 329//
f 2949// 329// 2950//
f 2950// 329// 331//
f 2950// 331// 2951//
f 2951// 331// 378//
f 2951// 378// 2952//
f 2952// 378// 377//
f 2952// 377// 2953//
f 2953// 377// 2954//
f 2954// 377// 376//
f 2954// 376// 2955//
f 376// 375// 2955//
f 2955// 375// 373//
f 2955// 373// 2941//
f 2956// 335// 334//
f 2956// 334// 2957//
f 2957// 334// 333//
f 2957// 333// 2958//
f 2958// 333// 332//
f 2958// 332// 2948//
f 2956// 2959// 335//
f 335// 2959// 336//
f 2960// 318// 342//
f 2960// 342// 2961//
f 2961// 342// 341//
f 2961// 341// 2962//
f 2962// 341// 340//
f 2962// 340// 2963//
f 2963// 340// 339//
f 2963// 339// 2964//
f 2964// 339// 338//
f 2964// 338// 2965//
f 2965// 338// 337//
f 2965// 337// 2966//
f 2966// 337// 336//
f 2966// 336// 2959//
f 2967// 327// 328//
f 2967// 328// 2968//
f 2968// 328// 324//
f 2968// 324// 2969//
f 2969// 324// 323//
f 2969// 323// 2970//
f 2970// 323// 322//
f 2970// 322// 2971//
f 2971// 322// 321//
f 2971// 321// 2972//
f 2972// 321// 319//
f 2972// 319// 2973//
f 2973// 319// 318//
f 2973// 318// 2960//
f 2967// 2974// 327//
f 327// 2974// 325//
f 2975// 432// 435//
f 2975// 435// 2976//
f 2976// 435// 434//
f 2976// 434// 2977//
f 2977// 434// 433//
f 2977// 433// 2978//
f 2978// 433// 347//
f 2978// 347// 2979//
f 2979// 347// 346//
f 2979// 346// 2980//
f 2980// 346// 344//
f 2980// 344// 2981//
f 2981// 344// 343//
f 2981// 343// 2982//
f 2982// 343// 325//
f 2982// 325// 2974//
f 2983// 439// 437//
f 2983// 437// 2984//
f 2984// 437// 436//
f 2984// 436// 2985//
f 2985// 436// 430//
f 2985// 430// 2986//
f 2986// 430// 431//
f 2986// 431// 2987//
f 2987// 431// 432//
f 2987// 432// 2975//
f 443// 442// 2988//
f 2988// 442// 2989//
f 2989// 442// 2990//
f 2990// 442// 449//
f 2990// 449// 2991//
f 2991// 449// 439//
f 2991// 439// 2983//
f 2992// 463// 2993//
f 2993// 463// 462//
f 2993// 462// 2994//
f 462// 461// 2994//
f 2994// 461// 460//
f 2994// 460// 2995//
f 2995// 460// 459//
f 2995// 459// 2996//
f 2996// 459// 458//
f 2996// 458// 2997//
f 2997// 458// 457//
f 2997// 457// 2998//
f 2998// 457// 447//
f 2998// 447// 2999//
f 447// 445// 2999//
f 2999// 445// 443//
f 2999// 443// 2988//
f 3000// 455// 454//
f 3000// 454// 3001//
f 3001// 454// 453//
f 3001// 453// 3002//
f 3002// 453// 452//
f 3002// 452// 3003//
f 3003// 452// 3004//
f 3004// 452// 451//
f 3004// 451// 3005//
f 451// 464// 3005//
f 3005// 464// 463//
f 3005// 463// 2992//
f 3006// 441// 3007//
f 3007// 441// 444//
f 3007// 444// 3008//
f 3008// 444// 446//
f 3008// 446// 3009//
f 3009// 446// 448//
f 3009// 448// 3010//
f 3010// 448// 456//
f 3010// 456// 3011//
f 456// 450// 3011//
f 3011// 450// 455//
f 3011// 455// 3000//
f 3012// 429// 428//
f 3012// 428// 3013//
f 3013// 428// 438//
f 3013// 438// 3014//
f 3014// 438// 440//
f 3014// 440// 3015//
f 3015// 440// 441//
f 3015// 441// 3006//
f 429// 3012// 345//
f 345// 3012// 3016//
f 345// 3016// 326//
f 326// 3016// 3017//
f 3017// 3018// 326//
f 326// 3018// 320//
f 320// 3018// 3019//
f 320// 3019// 374//
f 374// 3019// 3020//
f 374// 3020// 415//
f 3020// 3021// 415//
f 415// 3021// 414//
f 3022// 423// 421//
f 3022// 421// 3023//
f 3023// 421// 420//
f 3023// 420// 3024//
f 3024// 420// 419//
f 3024// 419// 3025//
f 3025// 419// 418//
f 3025// 418// 3026//
f 3026// 418// 417//
f 3026// 417// 3027//
f 3027// 417// 3028//
f 3028// 417// 416//
f 3028// 416// 3029//
f 416// 413// 3029//
f 3029// 413// 414//
f 3029// 414// 3021//
f 3030// 398// 397//
f 3030// 397// 3031//
f 3031// 397// 395//
f 3031// 395// 3032//
f 395// 427// 3032//
f 3032// 427// 426//
f 3032// 426// 3033//
f 3033// 426// 425//
f 3033// 425// 3034//
f 3034// 425// 3035//
f 3035// 425// 424//
f 3035// 424// 3036//
f 3036// 424// 423//
f 3036// 423// 3022//
f 3037// 392// 391//
f 3037// 391// 3038//
f 3038// 391// 393//
f 3038// 393// 3039//
f 3039// 393// 398//
f 3039// 398// 3030//
f 3040// 405// 3041//
f 3041// 405// 404//
f 3041// 404// 3042//
f 3042// 404// 403//
f 3042// 403// 3043//
f 3043// 403// 402//
f 3043// 402// 3044//
f 402// 401// 3044//
f 3044// 401// 392//
f 3044// 392// 3037//
f 3045// 3046// 400//
f 400// 3046// 3047//
f 400// 3047// 407//
f 407// 3047// 3048//
f 407// 3048// 408//
f 406// 405// 3040//
f 400// 399// 3045//
f 3045// 399// 406//
f 3045// 406// 3049//
f 3049// 406// 3040//
f 3050// 387// 412//
f 3050// 412// 3051//
f 412// 411// 3051//
f 3051// 411// 410//
f 3051// 410// 3052//
f 3052// 410// 409//
f 3052// 409// 3053//
f 3053// 409// 408//
f 3053// 408// 3048//
f 3054// 390// 388//
f 3054// 388// 3055//
f 3055// 388// 387//
f 3055// 387// 3050//
f 386// 389// 3056//
f 3056// 389// 3057//
f 3057// 389// 3058//
f 3058// 389// 390//
f 3058// 390// 3054//
f 3059// 380// 379//
f 3059// 379// 3060//
f 3060// 379// 384//
f 3060// 384// 3061//
f 3061// 384// 386//
f 3061// 386// 3056//
f 3062// 349// 348//
f 380// 3059// 382//
f 382// 3059// 3063//
f 382// 3063// 383//
f 383// 3063// 3064//
f 383// 3064// 348//
f 348// 3064// 3065//
f 348// 3065// 3062//
f 3066// 351// 350//
f 3066// 350// 3067//
f 3067// 350// 349//
f 3067// 349// 3062//
f 2936// 360// 359//
f 2936// 359// 3068//
f 3068// 359// 355//
f 3068// 355// 3069//
f 3069// 355// 354//
f 3069// 354// 3070//
f 3070// 354// 353//
f 3070// 353// 3071//
f 3071// 353// 352//
f 3071// 352// 3072//
f 3072// 352// 351//
f 3072// 351// 3066//
f 3073// 3074// 3075//
f 3075// 3074// 3076//
f 3076// 3074// 3077//
f 3077// 3074// 3078//
f 3077// 3078// 3079//
f 3079// 3078// 3080//
f 3079// 3080// 3081//
f 3081// 3080// 3082//
f 3081// 3082// 3083//
f 3083// 3082// 3084//
f 3083// 3084// 3085//
f 3085// 3084// 3086//
f 3085// 3086// 3087//
f 3087// 3086// 3088//
f 3088// 3086// 3089//
f 3088// 3089// 3090//
f 3090// 3089// 3091//
f 3090// 3091// 3092//
f 3092// 3091// 3093//
f 3092// 3093// 3094//
f 3093// 3095// 3094//
f 3094// 3095// 3096//
f 3094// 3096// 3097//
f 3097// 3096// 3098//
f 3097// 3098// 3099//
f 3099// 3098// 3100//
f 3099// 3100// 3101//
f 3101// 3100// 3102//
f 3102// 3100// 3103//
f 3102// 3103// 3104//
f 3104// 3103// 3105//
f 3104// 3105// 3106//
f 3106// 3105// 3107//
f 3106// 3107// 3108//
f 3108// 3107// 3109//
f 3108// 3109// 3110//
f 3110// 3109// 3111//
f 3110// 3111// 3112//
f 3112// 3111// 3113//
f 3112// 3113// 3114//
f 3114// 3113// 3115//
f 3114// 3115// 3116//
f 3116// 3115// 3117//
f 3116// 3117// 3118//
f 3118// 3117// 3119//
f 3118// 3119// 3120//
f 3120// 3119// 3121//
f 3121// 3119// 3122//
f 3121// 3122// 3123//
f 3122// 3124// 3123//
f 3123// 3124// 3125//
f 3123// 3125// 3126//
f 3126// 3125// 3127//
f 3126// 3127// 3128//
f 3128// 3127// 3129//
f 3128// 3129// 3130//
f 3130// 3129// 3131//
f 3130// 3131// 3132//
f 3132// 3131// 3073//
f 3132// 3073// 3075//
f 3031// 3032// 3000//
f 2977// 2978// 3064//
f 2974// 2967// 3066//
f 3066// 2967// 2968//
f 3066// 2968// 3072//
f 3072// 2968// 2969//
f 3072// 2969// 3071//
f 3071// 2969// 3070//
f 2969// 2970// 3070//
f 3070// 2970// 2971//
f 3070// 2971// 3069//
f 3069// 2971// 2972//
f 3069// 2972// 3068//
f 3068// 2972// 2973//
f 3068// 2973// 2936//
f 2936// 2973// 2960//
f 2936// 2960// 2935//
f 2935// 2960// 2961//
f 2935// 2961// 2934//
f 2934// 2961// 2962//
f 2934// 2962// 2933//
f 2962// 2963// 2933//
f 2933// 2963// 2964//
f 2933// 2964// 2939//
f 2939// 2964// 2965//
f 2939// 2965// 2938//
f 2938// 2965// 2966//
f 2938// 2966// 2937//
f 2937// 2966// 2959//
f 2937// 2959// 2940//
f 2940// 2959// 2956//
f 2940// 2956// 2947//
f 2947// 2956// 2957//
f 2947// 2957// 2958//
f 2958// 2948// 2947//
f 2947// 2948// 2949//
f 2947// 2949// 2950//
f 2950// 2951// 2947//
f 2947// 2951// 2952//
f 2947// 2952// 2953//
f 2953// 2954// 2947//
f 2947// 2954// 2955//
f 2947// 2955// 2946//
f 2942// 2943// 2941//
f 2941// 2943// 2944//
f 2941// 2944// 2955//
f 2955// 2944// 2945//
f 2955// 2945// 2946//
f 3064// 2978// 3065//
f 3065// 2978// 2979//
f 3065// 2979// 3062//
f 3062// 2979// 2980//
f 3062// 2980// 3067//
f 3067// 2980// 2981//
f 3067// 2981// 3066//
f 3066// 2981// 2982//
f 3066// 2982// 2974//
f 2991// 2983// 2984//
f 2991// 2984// 2990//
f 2977// 3064// 2976//
f 2976// 3064// 3063//
f 2976// 3063// 2975//
f 2975// 3063// 3059//
f 2975// 3059// 2987//
f 2987// 3059// 3060//
f 2987// 3060// 2986//
f 3079// 3081// 3032//
f 3088// 3090// 3000//
f 3081// 3083// 3032//
f 3032// 3083// 3085//
f 3032// 3085// 3000//
f 3000// 3085// 3087//
f 3000// 3087// 3088//
f 3001// 3002// 3037//
f 3037// 3002// 3044//
f 3044// 3002// 3003//
f 3044// 3003// 3043//
f 3043// 3003// 3004//
f 3043// 3004// 3042//
f 3042// 3004// 3041//
f 3041// 3004// 3005//
f 3041// 3005// 3040//
f 3040// 3005// 2992//
f 3040// 2992// 3049//
f 3049// 2992// 2993//
f 3049// 2993// 3045//
f 3045// 2993// 3046//
f 3046// 2993// 2994//
f 3046// 2994// 3047//
f 3047// 2994// 2995//
f 3047// 2995// 3048//
f 3048// 2995// 2996//
f 3048// 2996// 3053//
f 3053// 2996// 2997//
f 3053// 2997// 3052//
f 3052// 2997// 3051//
f 3051// 2997// 2998//
f 3051// 2998// 3050//
f 2998// 2999// 3050//
f 3050// 2999// 2988//
f 3050// 2988// 3055//
f 3055// 2988// 2989//
f 3055// 2989// 3054//
f 3054// 2989// 2990//
f 3054// 2990// 3058//
f 3058// 2990// 2984//
f 3058// 2984// 3057//
f 3057// 2984// 2985//
f 3057// 2985// 3056//
f 3056// 2985// 2986//
f 3056// 2986// 3061//
f 3061// 2986// 3060//
f 3037// 3038// 3001//
f 3001// 3038// 3039//
f 3001// 3039// 3000//
f 3000// 3039// 3030//
f 3000// 3030// 3031//
f 3028// 3029// 3012//
f 3025// 3026// 3012//
f 3012// 3026// 3027//
f 3012// 3027// 3028//
f 3029// 3021// 3012//
f 3012// 3021// 3020//
f 3012// 3020// 3016//
f 3114// 3012// 3112//
f 3112// 3012// 3013//
f 3112// 3013// 3110//
f 3110// 3013// 3014//
f 3110// 3014// 3108//
f 3108// 3014// 3015//
f 3108// 3015// 3106//
f 3106// 3015// 3006//
f 3106// 3006// 3104//
f 3104// 3006// 3007//
f 3104// 3007// 3102//
f 3102// 3007// 3008//
f 3102// 3008// 3101//
f 3101// 3008// 3009//
f 3101// 3009// 3099//
f 3099// 3009// 3010//
f 3099// 3010// 3097//
f 3097// 3010// 3011//
f 3097// 3011// 3094//
f 3094// 3011// 3000//
f 3094// 3000// 3092//
f 3092// 3000// 3090//
f 3121// 3123// 3025//
f 3114// 3116// 3012//
f 3012// 3116// 3118//
f 3012// 3118// 3025//
f 3025// 3118// 3120//
f 3025// 3120// 3121//
f 3123// 3126// 3025//
f 3025// 3126// 3128//
f 3025// 3128// 3024//
f 3024// 3128// 3130//
f 3024// 3130// 3023//
f 3023// 3130// 3132//
f 3023// 3132// 3022//
f 3022// 3132// 3075//
f 3022// 3075// 3036//
f 3036// 3075// 3076//
f 3036// 3076// 3035//
f 3035// 3076// 3077//
f 3035// 3077// 3034//
f 3034// 3077// 3079//
f 3034// 3079// 3033//
f 3033// 3079// 3032//
f 3020// 3019// 3016//
f 3016// 3019// 3018//
f 3016// 3018// 3017//
usemtl 1
f 3107// 3105// 3133//
f 3113// 3111// 3133//
f 3133// 3111// 3109//
f 3133// 3109// 3107//
f 3119// 3117// 3133//
f 3133// 3117// 3115//
f 3133// 3115// 3113//
f 3105// 3103// 3133//
f 3133// 3103// 3100//
f 3133// 3100// 3098//
f 3093// 3119// 3095//
f 3095// 3119// 3133//
f 3095// 3133// 3096//
f 3096// 3133// 3098//
f 3093// 3091// 3119//
f 3119// 3091// 3089//
f 3119// 3089// 3122//
f 3122// 3089// 3124//
f 3080// 3078// 3134//
f 3134// 3078// 3074//
f 3134// 3074// 3073//
f 3086// 3084// 3134//
f 3134// 3084// 3082//
f 3134// 3082// 3080//
f 3073// 3131// 3134//
f 3134// 3131// 3129//
f 3134// 3129// 3127//
f 3089// 3086// 3124//
f 3124// 3086// 3134//
f 3124// 3134// 3125//
f 3125// 3134// 3127//
usemtl 2
f 3135// 3136// 53//
f 53// 3136// 37//
f 3136// 3137// 37//
f 37// 3137// 36//
f 3137// 3138// 36//
f 36// 3138// 34//
f 3138// 3139// 34//
f 34// 3139// 35//
f 3139// 3140// 35//
f 35// 3140// 38//
f 3140// 3141// 38//
f 38// 3141// 58//
f 3141// 3142// 58//
f 58// 3142// 62//
f 3142// 3135// 62//
f 62// 3135// 53//
f 3143// 3144// 3145//
f 3145// 3144// 3146//
f 3144// 3143// 3147//
f 3144// 3147// 3148//
f 3148// 3147// 3149//
f 3148// 3149// 3150//
f 3151// 3152// 3149//
f 3149// 3152// 3150//
f 3152// 3151// 3153//
f 3152// 3153// 3154//
f 3154// 3153// 3155//
f 3154// 3155// 3156//
f 3157// 3158// 3155//
f 3155// 3158// 3156//
f 3145// 3146// 3157//
f 3157// 3146// 3158//
f 3146// 3138// 3158//
f 3158// 3138// 3137//
f 3144// 3141// 3146//
f 3146// 3141// 3140//
f 3146// 3140// 3138//
f 3138// 3140// 3139//
f 3144// 3148// 3141//
f 3141// 3148// 3150//
f 3141// 3150// 3142//
f 3142// 3150// 3152//
f 3142// 3152// 3154//
f 3154// 3156// 3142//
f 3142// 3156// 3158//
f 3142// 3158// 3135//
f 3135// 3158// 3137//
f 3135// 3137// 3136//
usemtl 1
f 3145// 3157// 3143//
f 3143// 3157// 3155//
f 3143// 3155// 3147//
f 3147// 3155// 3153//
f 3147// 3153// 3149//
f 3149// 3153// 3151//
usemtl 2
f 3159// 3160// 267//
f 267// 3160// 263//
f 3161// 3159// 271//
f 271// 3159// 267//
f 3162// 3161// 272//
f 272// 3161// 271//
f 3163// 3162// 255//
f 255// 3162// 272//
f 3164// 3163// 254//
f 254// 3163// 255//
f 3165// 3164// 260//
f 260// 3164// 254//
f 3166// 3165// 259//
f 259// 3165// 260//
f 3167// 3166// 258//
f 258// 3166// 259//
f 3168// 3167// 257//
f 257// 3167// 258//
f 3169// 3168// 290//
f 290// 3168// 257//
f 3170// 3169// 299//
f 299// 3169// 290//
f 3160// 3170// 263//
f 263// 3170// 299//
f 3170// 3160// 3159//
f 3159// 3161// 3170//
f 3170// 3161// 3162//
f 3170// 3162// 3169//
f 3167// 3168// 3166//
f 3166// 3168// 3169//
f 3166// 3169// 3165//
f 3165// 3169// 3162//
f 3165// 3162// 3164//
f 3164// 3162// 3163//
f 187// 3171// 188//
f 188// 3171// 3172//
f 188// 3172// 185//
f 185// 3172// 3173//
f 185// 3173// 153//
f 153// 3173// 3174//
f 153// 3174// 147//
f 186// 3175// 187//
f 187// 3175// 3176//
f 187// 3176// 3171//
f 186// 296// 3175//
f 3175// 296// 295//
f 3175// 295// 3177//
f 3177// 295// 294//
f 3177// 294// 3178//
f 3174// 3179// 147//
f 147// 3179// 77//
f 77// 3179// 78//
f 78// 3179// 3180//
f 78// 3180// 275//
f 3180// 3181// 275//
f 275// 3181// 273//
f 3181// 3182// 273//
f 273// 3182// 274//
f 3183// 282// 281//
f 3183// 281// 3184//
f 3184// 281// 280//
f 3184// 280// 3185//
f 3185// 280// 277//
f 3185// 277// 3186//
f 3186// 277// 276//
f 3186// 276// 3187//
f 3187// 276// 274//
f 3187// 274// 3182//
f 3188// 264// 262//
f 3188// 262// 3189//
f 3189// 262// 261//
f 3189// 261// 3190//
f 3190// 261// 282//
f 3190// 282// 3183//
f 3191// 269// 268//
f 3191// 268// 3192//
f 3192// 268// 266//
f 3192// 266// 3193//
f 3193// 266// 265//
f 3193// 265// 3194//
f 3194// 265// 264//
f 3194// 264// 3188//
f 3195// 244// 242//
f 3195// 242// 3196//
f 3196// 242// 241//
f 3196// 241// 3197//
f 3197// 241// 239//
f 3197// 239// 3198//
f 3198// 239// 238//
f 3198// 238// 3199//
f 3199// 238// 256//
f 3199// 256// 3200//
f 3200// 256// 270//
f 3200// 270// 3201//
f 3201// 270// 269//
f 3201// 269// 3191//
f 3195// 3202// 244//
f 244// 3202// 248//
f 3203// 246// 245//
f 3203// 245// 3204//
f 3204// 245// 253//
f 3204// 253// 3205//
f 3205// 253// 252//
f 3205// 252// 3206//
f 3206// 252// 251//
f 3206// 251// 3207//
f 3207// 251// 250//
f 3207// 250// 3208//
f 3208// 250// 249//
f 3208// 249// 3209//
f 3209// 249// 248//
f 3209// 248// 3202//
f 3210// 240// 243//
f 3210// 243// 3211//
f 3211// 243// 247//
f 3211// 247// 3212//
f 3212// 247// 246//
f 3212// 246// 3203//
f 3210// 3213// 240//
f 240// 3213// 291//
f 3178// 294// 293//
f 3178// 293// 3214//
f 3214// 293// 292//
f 3214// 292// 3215//
f 3215// 292// 291//
f 3215// 291// 3213//
f 3216// 3217// 3218//
f 3218// 3217// 3219//
f 3220// 3221// 3216//
f 3216// 3221// 3217//
f 3221// 3220// 3222//
f 3221// 3222// 3223//
f 3223// 3222// 3224//
f 3223// 3224// 3225//
f 3225// 3224// 3226//
f 3225// 3226// 3227//
f 3227// 3226// 3228//
f 3227// 3228// 3229//
f 3229// 3228// 3230//
f 3229// 3230// 3231//
f 3231// 3230// 3232//
f 3231// 3232// 3233//
f 3233// 3232// 3234//
f 3233// 3234// 3235//
f 3235// 3234// 3236//
f 3235// 3236// 3237//
f 3237// 3236// 3238//
f 3237// 3238// 3239//
f 3239// 3238// 3240//
f 3239// 3240// 3241//
f 3241// 3240// 3242//
f 3241// 3242// 3243//
f 3243// 3244// 3245//
f 3243// 3245// 3246//
f 3246// 3245// 3247//
f 3246// 3247// 3248//
f 3248// 3247// 3249//
f 3248// 3249// 3250//
f 3250// 3249// 3251//
f 3250// 3251// 3252//
f 3252// 3251// 3253//
f 3252// 3253// 3254//
f 3254// 3253// 3255//
f 3254// 3255// 3256//
f 3256// 3255// 3257//
f 3256// 3257// 3258//
f 3258// 3257// 3259//
f 3258// 3259// 3260//
f 3260// 3261// 3262//
f 3260// 3262// 3263//
f 3263// 3262// 3264//
f 3263// 3264// 3265//
f 3265// 3264// 3218//
f 3265// 3218// 3219//
f 3213// 3210// 3215//
f 3215// 3210// 3211//
f 3215// 3211// 3214//
f 3214// 3211// 3212//
f 3214// 3212// 3178//
f 3178// 3212// 3203//
f 3178// 3203// 3177//
f 3177// 3203// 3204//
f 3177// 3204// 3175//
f 3175// 3204// 3205//
f 3175// 3205// 3176//
f 3176// 3205// 3206//
f 3176// 3206// 3171//
f 3171// 3206// 3207//
f 3171// 3207// 3172//
f 3172// 3207// 3208//
f 3172// 3208// 3173//
f 3173// 3208// 3209//
f 3219// 3217// 3202//
f 3233// 3235// 3185//
f 3185// 3235// 3184//
f 3184// 3235// 3237//
f 3184// 3237// 3183//
f 3183// 3237// 3239//
f 3183// 3239// 3190//
f 3190// 3239// 3241//
f 3190// 3241// 3189//
f 3189// 3241// 3243//
f 3189// 3243// 3188//
f 3188// 3243// 3246//
f 3188// 3246// 3194//
f 3194// 3246// 3193//
f 3193// 3246// 3248//
f 3193// 3248// 3192//
f 3192// 3248// 3250//
f 3192// 3250// 3191//
f 3191// 3250// 3266//
f 3191// 3266// 3201//
f 3201// 3266// 3254//
f 3201// 3254// 3200//
f 3200// 3254// 3199//
f 3199// 3254// 3256//
f 3199// 3256// 3198//
f 3198// 3256// 3258//
f 3198// 3258// 3197//
f 3195// 3263// 3202//
f 3202// 3263// 3265//
f 3202// 3265// 3219//
f 3258// 3260// 3197//
f 3197// 3260// 3263//
f 3197// 3263// 3196//
f 3196// 3263// 3195//
f 3209// 3202// 3173//
f 3173// 3202// 3217//
f 3173// 3217// 3174//
f 3174// 3217// 3221//
f 3174// 3221// 3223//
f 3181// 3225// 3227//
f 3181// 3227// 3182//
f 3185// 3186// 3233//
f 3233// 3186// 3187//
f 3233// 3187// 3231//
f 3231// 3187// 3182//
f 3231// 3182// 3229//
f 3229// 3182// 3227//
f 3180// 3179// 3181//
f 3181// 3179// 3174//
f 3181// 3174// 3225//
f 3225// 3174// 3223//
usemtl 1
f 3222// 3220// 3261//
f 3222// 3261// 3224//
f 3224// 3261// 3257//
f 3224// 3257// 3226//
f 3267// 3236// 3234//
f 3247// 3245// 3230//
f 3257// 3255// 3226//
f 3226// 3255// 3253//
f 3226// 3253// 3228//
f 3228// 3253// 3251//
f 3228// 3251// 3230//
f 3230// 3251// 3249//
f 3230// 3249// 3247//
f 3242// 3240// 3267//
f 3267// 3240// 3238//
f 3267// 3238// 3236//
f 3245// 3242// 3230//
f 3230// 3242// 3267//
f 3230// 3267// 3232//
f 3232// 3267// 3234//
f 3220// 3216// 3218//
f 3218// 3264// 3220//
f 3220// 3264// 3262//
f 3220// 3262// 3261//
usemtl 2
f 3268// 125// 145//
f 3268// 145// 3269//
f 3269// 145// 144//
f 3269// 144// 3270//
f 3270// 144// 142//
f 3270// 142// 3271//
f 3272// 3271// 148//
f 148// 3271// 142//
f 3272// 148// 149//
f 3272// 149// 3273//
f 3273// 149// 150//
f 3273// 150// 3274//
f 3274// 150// 80//
f 3274// 80// 3275//
f 3275// 80// 79//
f 3275// 79// 3276//
f 3276// 79// 103//
f 3276// 103// 3277//
f 3277// 103// 101//
f 3277// 101// 3278//
f 3278// 101// 99//
f 3278// 99// 3279//
f 3279// 99// 96//
f 3279// 96// 3280//
f 3280// 96// 95//
f 3280// 95// 3281//
f 3281// 95// 217//
f 3281// 217// 3282//
f 3282// 217// 197//
f 3282// 197// 3283//
f 3283// 197// 196//
f 3283// 196// 3284//
f 3284// 196// 216//
f 3284// 216// 3285//
f 3285// 216// 215//
f 3285// 215// 3286//
f 3286// 215// 213//
f 3286// 213// 3287//
f 3287// 213// 211//
f 3287// 211// 3288//
f 3288// 211// 210//
f 3288// 210// 3289//
f 3289// 210// 209//
f 3289// 209// 3290//
f 3290// 209// 208//
f 3290// 208// 3291//
f 3291// 208// 207//
f 3291// 207// 3292//
f 3292// 207// 202//
f 3292// 202// 3293//
f 3293// 202// 201//
f 3293// 201// 3294//
f 3294// 201// 199//
f 3294// 199// 3295//
f 3295// 199// 198//
f 3295// 198// 3296//
f 3296// 198// 206//
f 3296// 206// 3297//
f 3297// 206// 205//
f 3297// 205// 3298//
f 3298// 205// 204//
f 3298// 204// 3299//
f 3299// 204// 203//
f 3299// 203// 3300//
f 3300// 203// 212//
f 3300// 212// 3301//
f 3301// 212// 214//
f 3301// 214// 3302//
f 3302// 214// 168//
f 3302// 168// 3303//
f 3304// 3303// 165//
f 165// 3303// 168//
f 3304// 165// 163//
f 3304// 163// 3305//
f 3305// 163// 162//
f 3305// 162// 3306//
f 3306// 162// 159//
f 3306// 159// 3307//
f 3307// 159// 158//
f 3307// 158// 3308//
f 3308// 158// 161//
f 3308// 161// 3309//
f 3309// 161// 157//
f 3309// 157// 3310//
f 3310// 157// 156//
f 3310// 156// 3311//
f 3311// 156// 155//
f 3311// 155// 3312//
f 3312// 155// 154//
f 3312// 154// 3313//
f 3313// 154// 152//
f 3313// 152// 3314//
f 3314// 152// 151//
f 3314// 151// 3315//
f 3315// 151// 146//
f 3315// 146// 3316//
f 3316// 146// 141//
f 3316// 141// 3317//
f 3317// 141// 143//
f 3317// 143// 3318//
f 3318// 143// 127//
f 3318// 127// 3319//
f 3319// 127// 133//
f 3319// 133// 3320//
f 3320// 133// 140//
f 3320// 140// 3321//
f 3321// 140// 139//
f 3321// 139// 3322//
f 3322// 139// 138//
f 3322// 138// 3323//
f 3323// 138// 137//
f 3323// 137// 3324//
f 3324// 137// 136//
f 3324// 136// 3325//
f 3325// 136// 135//
f 3325// 135// 3326//
f 3326// 135// 134//
f 3326// 134// 3327//
f 3327// 134// 3328//
f 3328// 134// 132//
f 3328// 132// 3329//
f 132// 131// 3329//
f 3329// 131// 130//
f 3329// 130// 3330//
f 3330// 130// 129//
f 3330// 129// 3331//
f 3331// 129// 128//
f 3331// 128// 3332//
f 3332// 128// 126//
f 3332// 126// 3333//
f 3333// 126// 125//
f 3333// 125// 3268//
f 3320// 3286// 3287//
f 3320// 3287// 3319//
f 3319// 3287// 3288//
f 3319// 3288// 3318//
f 3286// 3320// 3285//
f 3285// 3320// 3321//
f 3285// 3321// 3284//
f 3284// 3321// 3322//
f 3284// 3322// 3283//
f 3283// 3322// 3323//
f 3283// 3323// 3282//
f 3282// 3323// 3324//
f 3282// 3324// 3281//
f 3281// 3324// 3325//
f 3281// 3325// 3280//
f 3280// 3325// 3326//
f 3280// 3326// 3279//
f 3279// 3326// 3327//
f 3279// 3327// 3278//
f 3278// 3327// 3328//
f 3278// 3328// 3277//
f 3277// 3328// 3329//
f 3277// 3329// 3276//
f 3329// 3330// 3276//
f 3276// 3330// 3331//
f 3276// 3331// 3275//
f 3331// 3332// 3275//
f 3275// 3332// 3333//
f 3275// 3333// 3274//
f 3274// 3333// 3268//
f 3274// 3268// 3273//
f 3273// 3268// 3269//
f 3273// 3269// 3272//
f 3272// 3269// 3270//
f 3272// 3270// 3271//
f 3318// 3288// 3317//
f 3317// 3288// 3289//
f 3317// 3289// 3316//
f 3316// 3289// 3290//
f 3316// 3290// 3315//
f 3315// 3290// 3291//
f 3315// 3291// 3314//
f 3314// 3291// 3292//
f 3314// 3292// 3313//
f 3313// 3292// 3293//
f 3313// 3293// 3312//
f 3312// 3293// 3294//
f 3312// 3294// 3311//
f 3311// 3294// 3295//
f 3311// 3295// 3310//
f 3310// 3295// 3309//
f 3309// 3295// 3296//
f 3309// 3296// 3308//
f 3308// 3296// 3297//
f 3308// 3297// 3307//
f 3297// 3298// 3307//
f 3307// 3298// 3299//
f 3307// 3299// 3306//
f 3306// 3299// 3300//
f 3306// 3300// 3305//
f 3305// 3300// 3301//
f 3305// 3301// 3304//
f 3304// 3301// 3302//
f 3304// 3302// 3303//
f 3334// 3335// 160//
f 160// 3335// 179//
f 3335// 3336// 179//
f 179// 3336// 180//
f 3337// 183// 182//
f 3337// 182// 3338//
f 3338// 182// 181//
f 3338// 181// 3339//
f 3339// 181// 180//
f 3339// 180// 3336//
f 183// 3337// 184//
f 184// 3337// 3340//
f 184// 3340// 59//
f 59// 3340// 3341//
f 59// 3341// 56//
f 56// 3341// 3342//
f 56// 3342// 57//
f 57// 3342// 3343//
f 57// 3343// 60//
f 3344// 170// 74//
f 3344// 74// 3345//
f 74// 73// 3345//
f 3345// 73// 72//
f 3345// 72// 3346//
f 3346// 72// 61//
f 3346// 61// 3347//
f 3347// 61// 60//
f 3347// 60// 3343//
f 3348// 164// 166//
f 3348// 166// 3349//
f 3349// 166// 167//
f 3349// 167// 3350//
f 3350// 167// 170//
f 3350// 170// 3344//
f 3348// 3334// 164//
f 164// 3334// 160//
f 3351// 3352// 3353//
f 3351// 3353// 3354//
f 3354// 3353// 3355//
f 3354// 3355// 3356//
f 3356// 3355// 3357//
f 3356// 3357// 3358//
f 3358// 3357// 3359//
f 3358// 3359// 3360//
f 3361// 3362// 3363//
f 3363// 3362// 3364//
f 3363// 3364// 3365//
f 3365// 3364// 3360//
f 3365// 3360// 3359//
f 3366// 3367// 3368//
f 3368// 3367// 3369//
f 3368// 3369// 3361//
f 3361// 3369// 3370//
f 3361// 3370// 3362//
f 3367// 3366// 3371//
f 3367// 3371// 3372//
f 3372// 3371// 3373//
f 3372// 3373// 3374//
f 3374// 3373// 3375//
f 3374// 3375// 3376//
f 3376// 3375// 3377//
f 3376// 3377// 3378//
f 3378// 3377// 3379//
f 3378// 3379// 3380//
f 3380// 3379// 3381//
f 3380// 3381// 3382//
f 3382// 3381// 3383//
f 3382// 3383// 3384//
f 3384// 3383// 3385//
f 3384// 3385// 3386//
f 3387// 3388// 3385//
f 3385// 3388// 3386//
f 3389// 3390// 3387//
f 3387// 3390// 3388//
f 3352// 3351// 3389//
f 3389// 3351// 3390//
f 3344// 3380// 3350//
f 3350// 3380// 3382//
f 3350// 3382// 3349//
f 3349// 3382// 3384//
f 3349// 3384// 3348//
f 3348// 3384// 3386//
f 3348// 3386// 3334//
f 3334// 3386// 3388//
f 3334// 3388// 3335//
f 3335// 3388// 3390//
f 3335// 3390// 3336//
f 3390// 3351// 3336//
f 3336// 3351// 3354//
f 3336// 3354// 3339//
f 3339// 3354// 3356//
f 3339// 3356// 3338//
f 3338// 3356// 3358//
f 3338// 3358// 3337//
f 3337// 3358// 3360//
f 3337// 3360// 3340//
f 3340// 3360// 3364//
f 3340// 3364// 3341//
f 3341// 3364// 3362//
f 3341// 3362// 3342//
f 3362// 3370// 3342//
f 3342// 3370// 3369//
f 3342// 3369// 3343//
f 3343// 3369// 3367//
f 3343// 3367// 3347//
f 3347// 3367// 3372//
f 3347// 3372// 3346//
f 3346// 3372// 3374//
f 3346// 3374// 3345//
f 3345// 3374// 3376//
f 3345// 3376// 3344//
f 3344// 3376// 3378//
f 3344// 3378// 3380//
usemtl 1
f 3371// 3366// 3391//
f 3379// 3377// 3391//
f 3379// 3391// 3381//
f 3377// 3375// 3391//
f 3391// 3375// 3373//
f 3391// 3373// 3371//
f 3368// 3387// 3366//
f 3366// 3387// 3385//
f 3366// 3385// 3391//
f 3391// 3385// 3383//
f 3391// 3383// 3381//
f 3368// 3361// 3387//
f 3387// 3361// 3363//
f 3387// 3363// 3365//
f 3365// 3359// 3387//
f 3387// 3359// 3357//
f 3387// 3357// 3355//
f 3355// 3353// 3387//
f 3387// 3353// 3352//
f 3387// 3352// 3389//
usemtl 2
f 3392// 3393// 124//
f 124// 3393// 178//
f 3394// 3392// 111//
f 111// 3392// 124//
f 3395// 3394// 110//
f 110// 3394// 111//
f 3396// 3395// 109//
f 109// 3395// 110//
f 3397// 3396// 123//
f 123// 3396// 109//
f 3398// 3397// 122//
f 122// 3397// 123//
f 3399// 3398// 121//
f 121// 3398// 122//
f 3400// 3399// 120//
f 120// 3399// 121//
f 3401// 3400// 119//
f 119// 3400// 120//
f 3402// 3401// 112//
f 112// 3401// 119//
f 3403// 3402// 117//
f 117// 3402// 112//
f 3393// 3403// 178//
f 178// 3403// 117//
f 3393// 3392// 3403//
f 3403// 3392// 3394//
f 3396// 3397// 3395//
f 3395// 3397// 3398//
f 3400// 3401// 3399//
f 3399// 3401// 3402//
f 3399// 3402// 3398//
f 3398// 3402// 3403//
f 3398// 3403// 3395//
f 3395// 3403// 3394//
f 3404// 285// 284//
f 3404// 284// 3405//
f 284// 283// 3405//
f 3405// 283// 195//
f 3405// 195// 3406//
f 3406// 195// 194//
f 3406// 194// 3407//
f 3408// 3407// 193//
f 193// 3407// 194//
f 226// 3409// 189//
f 189// 3409// 3410//
f 189// 3410// 190//
f 190// 3410// 3411//
f 190// 3411// 192//
f 192// 3411// 3408//
f 192// 3408// 193//
f 3409// 226// 235//
f 3409// 235// 3412//
f 3412// 235// 237//
f 3412// 237// 3413//
f 3413// 237// 236//
f 3413// 236// 3414//
f 3414// 236// 234//
f 3414// 234// 3415//
f 3415// 234// 233//
f 3415// 233// 3416//
f 3416// 233// 231//
f 3416// 231// 3417//
f 3417// 231// 230//
f 3417// 230// 3418//
f 3418// 230// 225//
f 3418// 225// 3419//
f 3419// 225// 224//
f 3419// 224// 3420//
f 3420// 224// 229//
f 3420// 229// 3421//
f 3421// 229// 228//
f 3421// 228// 3422//
f 3422// 228// 227//
f 3422// 227// 3423//
f 3423// 227// 223//
f 3423// 223// 3424//
f 3424// 223// 222//
f 3424// 222// 3425//
f 3425// 222// 221//
f 3425// 221// 3426//
f 3426// 221// 220//
f 3426// 220// 3427//
f 3427// 220// 219//
f 3427// 219// 3428//
f 219// 218// 3428//
f 3428// 218// 191//
f 3428// 191// 3429//
f 3429// 191// 116//
f 3429// 116// 3430//
f 3431// 3430// 115//
f 115// 3430// 116//
f 316// 3432// 317//
f 317// 3432// 3433//
f 317// 3433// 114//
f 114// 3433// 3431//
f 114// 3431// 115//
f 3432// 316// 315//
f 3432// 315// 3434//
f 3434// 315// 314//
f 3434// 314// 3435//
f 3435// 314// 313//
f 3435// 313// 3436//
f 3436// 313// 312//
f 3436// 312// 3437//
f 3437// 312// 308//
f 3437// 308// 3438//
f 3438// 308// 307//
f 3438// 307// 3439//
f 3439// 307// 311//
f 3439// 311// 3440//
f 3440// 311// 310//
f 3440// 310// 3441//
f 3441// 310// 309//
f 3441// 309// 3442//
f 3442// 309// 305//
f 3442// 305// 3443//
f 3443// 305// 303//
f 3443// 303// 3444//
f 3444// 303// 302//
f 3444// 302// 3445//
f 3445// 302// 286//
f 3445// 286// 3446//
f 3446// 286// 288//
f 3446// 288// 3447//
f 3447// 288// 289//
f 3447// 289// 3448//
f 3448// 289// 285//
f 3448// 285// 3404//
f 3407// 3408// 3406//
f 3406// 3408// 3411//
f 3406// 3411// 3405//
f 3405// 3411// 3410//
f 3405// 3410// 3404//
f 3404// 3410// 3409//
f 3404// 3409// 3448//
f 3448// 3409// 3412//
f 3448// 3412// 3447//
f 3447// 3412// 3413//
f 3447// 3413// 3446//
f 3446// 3413// 3414//
f 3446// 3414// 3445//
f 3445// 3414// 3415//
f 3445// 3415// 3444//
f 3444// 3415// 3416//
f 3444// 3416// 3443//
f 3443// 3416// 3442//
f 3442// 3416// 3417//
f 3442// 3417// 3441//
f 3417// 3418// 3441//
f 3441// 3418// 3419//
f 3441// 3419// 3440//
f 3440// 3419// 3420//
f 3440// 3420// 3439//
f 3439// 3420// 3438//
f 3438// 3420// 3421//
f 3438// 3421// 3437//
f 3421// 3422// 3437//
f 3437// 3422// 3423//
f 3437// 3423// 3436//
f 3436// 3423// 3424//
f 3436// 3424// 3435//
f 3435// 3424// 3434//
f 3434// 3424// 3425//
f 3434// 3425// 3432//
f 3425// 3426// 3432//
f 3432// 3426// 3427//
f 3432// 3427// 3433//
f 3433// 3427// 3428//
f 3433// 3428// 3431//
f 3431// 3428// 3429//
f 3431// 3429// 3430//
f 3449// 3450// 304//
f 304// 3450// 287//
f 3451// 3449// 306//
f 306// 3449// 304//
f 3452// 3451// 301//
f 301// 3451// 306//
f 3453// 3452// 300//
f 300// 3452// 301//
f 3454// 3453// 297//
f 297// 3453// 300//
f 3450// 3454// 287//
f 287// 3454// 297//
f 3452// 3453// 3451//
f 3451// 3453// 3454//
f 3451// 3454// 3449//
f 3449// 3454// 3450//
f 3455// 3456// 174//
f 174// 3456// 92//
f 3457// 3455// 176//
f 176// 3455// 174//
f 3457// 176// 177//
f 3457// 177// 3458//
f 3458// 177// 173//
f 3458// 173// 3459//
f 3460// 3459// 172//
f 172// 3459// 173//
f 3461// 3460// 171//
f 171// 3460// 172//
f 3462// 3461// 175//
f 175// 3461// 171//
f 3463// 3462// 169//
f 169// 3462// 175//
f 3464// 3463// 97//
f 97// 3463// 169//
f 3465// 3464// 98//
f 98// 3464// 97//
f 3465// 98// 100//
f 3465// 100// 3466//
f 3466// 100// 102//
f 3466// 102// 3467//
f 3467// 102// 108//
f 3467// 108// 3468//
f 3468// 108// 107//
f 3468// 107// 3469//
f 3469// 107// 106//
f 3469// 106// 3470//
f 3470// 106// 105//
f 3470// 105// 3471//
f 3471// 105// 104//
f 3471// 104// 3472//
f 3473// 3472// 76//
f 76// 3472// 104//
f 3473// 76// 89//
f 3473// 89// 3474//
f 3474// 89// 87//
f 3474// 87// 3475//
f 3475// 87// 85//
f 3475// 85// 3476//
f 3476// 85// 84//
f 3476// 84// 3477//
f 3477// 84// 94//
f 3477// 94// 3478//
f 3478// 94// 93//
f 3478// 93// 3479//
f 3479// 93// 91//
f 3479// 91// 3480//
f 3480// 91// 90//
f 3480// 90// 3481//
f 3456// 3481// 92//
f 92// 3481// 90//
f 3456// 3455// 3481//
f 3481// 3455// 3457//
f 3481// 3457// 3458//
f 3480// 3481// 3464//
f 3464// 3465// 3480//
f 3480// 3465// 3466//
f 3480// 3466// 3479//
f 3479// 3466// 3467//
f 3472// 3473// 3482//
f 3482// 3473// 3474//
f 3482// 3474// 3470//
f 3470// 3474// 3475//
f 3470// 3475// 3469//
f 3469// 3475// 3476//
f 3469// 3476// 3468//
f 3468// 3476// 3477//
f 3468// 3477// 3467//
f 3467// 3477// 3478//
f 3467// 3478// 3479//
f 3462// 3463// 3461//
f 3461// 3463// 3464//
f 3461// 3464// 3460//
f 3460// 3464// 3481//
f 3460// 3481// 3459//
f 3459// 3481// 3458//
f 3483// 3484// 63//
f 63// 3484// 81//
f 67// 3485// 65//
f 65// 3485// 3483//
f 65// 3483// 63//
f 3486// 3485// 68//
f 68// 3485// 67//
f 64// 3487// 66//
f 66// 3487// 3486//
f 66// 3486// 68//
f 3488// 3487// 50//
f 50// 3487// 64//
f 71// 3489// 49//
f 49// 3489// 3488//
f 49// 3488// 50//
f 3490// 3489// 70//
f 70// 3489// 71//
f 41// 3491// 69//
f 69// 3491// 3490//
f 69// 3490// 70//
f 3492// 3491// 40//
f 40// 3491// 41//
f 75// 3493// 39//
f 39// 3493// 3492//
f 39// 3492// 40//
f 3494// 3493// 83//
f 83// 3493// 75//
f 81// 3484// 82//
f 82// 3484// 3494//
f 82// 3494// 83//
f 3484// 3483// 3494//
f 3494// 3483// 3485//
f 3487// 3488// 3486//
f 3486// 3488// 3489//
f 3491// 3492// 3490//
f 3490// 3492// 3493//
f 3490// 3493// 3489//
f 3489// 3493// 3494//
f 3489// 3494// 3486//
f 3486// 3494// 3485//
f 3495// 3496// 33//
f 33// 3496// 51//
f 3496// 3497// 51//
f 51// 3497// 52//
f 3498// 42// 55//
f 3498// 55// 3499//
f 3499// 55// 54//
f 3499// 54// 3500//
f 3500// 54// 52//
f 3500// 52// 3497//
f 3501// 47// 3502//
f 3502// 47// 46//
f 3502// 46// 3503//
f 46// 45// 3503//
f 3503// 45// 44//
f 3503// 44// 3504//
f 3504// 44// 43//
f 3504// 43// 3505//
f 3505// 43// 42//
f 3505// 42// 3498//
f 3506// 24// 22//
f 3506// 22// 3507//
f 3507// 22// 21//
f 3507// 21// 3508//
f 3508// 21// 48//
f 3508// 48// 3509//
f 3509// 48// 47//
f 3509// 47// 3501//
f 3510// 32// 31//
f 3510// 31// 3511//
f 3511// 31// 30//
f 3511// 30// 3512//
f 3512// 30// 24//
f 3512// 24// 3506//
f 3510// 3495// 32//
f 32// 3495// 33//
f 3513// 3514// 3515//
f 3513// 3515// 3516//
f 3516// 3515// 3517//
f 3516// 3517// 3518//
f 3518// 3517// 3519//
f 3518// 3519// 3520//
f 3520// 3519// 3521//
f 3520// 3521// 3522//
f 3523// 3524// 3525//
f 3525// 3524// 3526//
f 3525// 3526// 3527//
f 3527// 3526// 3522//
f 3527// 3522// 3521//
f 3528// 3529// 3530//
f 3530// 3529// 3531//
f 3530// 3531// 3523//
f 3523// 3531// 3532//
f 3523// 3532// 3524//
f 3529// 3528// 3533//
f 3529// 3533// 3534//
f 3534// 3533// 3535//
f 3534// 3535// 3536//
f 3536// 3535// 3537//
f 3536// 3537// 3538//
f 3538// 3537// 3539//
f 3538// 3539// 3540//
f 3540// 3539// 3541//
f 3540// 3541// 3542//
f 3542// 3541// 3543//
f 3542// 3543// 3544//
f 3544// 3543// 3545//
f 3544// 3545// 3546//
f 3546// 3545// 3547//
f 3546// 3547// 3548//
f 3549// 3550// 3547//
f 3547// 3550// 3548//
f 3551// 3552// 3549//
f 3549// 3552// 3550//
f 3514// 3513// 3551//
f 3551// 3513// 3552//
f 3506// 3542// 3512//
f 3512// 3542// 3544//
f 3512// 3544// 3511//
f 3511// 3544// 3546//
f 3511// 3546// 3510//
f 3510// 3546// 3548//
f 3510// 3548// 3495//
f 3495// 3548// 3550//
f 3495// 3550// 3496//
f 3496// 3550// 3552//
f 3496// 3552// 3497//
f 3552// 3513// 3497//
f 3497// 3513// 3516//
f 3497// 3516// 3500//
f 3500// 3516// 3518//
f 3500// 3518// 3499//
f 3499// 3518// 3520//
f 3499// 3520// 3498//
f 3498// 3520// 3522//
f 3498// 3522// 3505//
f 3505// 3522// 3526//
f 3505// 3526// 3504//
f 3504// 3526// 3524//
f 3504// 3524// 3503//
f 3503// 3524// 3532//
f 3503// 3532// 3502//
f 3502// 3532// 3531//
f 3502// 3531// 3501//
f 3501// 3531// 3529//
f 3501// 3529// 3509//
f 3509// 3529// 3534//
f 3509// 3534// 3508//
f 3508// 3534// 3536//
f 3508// 3536// 3507//
f 3507// 3536// 3538//
f 3507// 3538// 3506//
f 3506// 3538// 3540//
f 3506// 3540// 3542//
usemtl 1
f 3533// 3528// 3515//
f 3541// 3539// 3515//
f 3541// 3515// 3543//
f 3539// 3537// 3515//
f 3515// 3537// 3535//
f 3515// 3535// 3533//
f 3525// 3553// 3523//
f 3523// 3553// 3530//
f 3525// 3527// 3553//
f 3553// 3527// 3521//
f 3553// 3521// 3519//
f 3528// 3530// 3515//
f 3515// 3530// 3553//
f 3515// 3553// 3517//
f 3517// 3553// 3519//
f 3551// 3549// 3514//
f 3514// 3549// 3547//
f 3514// 3547// 3515//
f 3515// 3547// 3545//
f 3515// 3545// 3543//
usemtl 2
f 3554// 3555// 20//
f 20// 3555// 13//
f 3555// 3556// 13//
f 13// 3556// 14//
f 14// 3556// 15//
f 15// 3556// 3557//
f 15// 3557// 25//
f 3557// 3558// 25//
f 25// 3558// 27//
f 3558// 3559// 27//
f 27// 3559// 23//
f 23// 3559// 16//
f 16// 3559// 3560//
f 16// 3560// 17//
f 3560// 3561// 17//
f 17// 3561// 18//
f 3561// 3554// 18//
f 18// 3554// 20//
f 3562// 3563// 3564//
f 3564// 3563// 3565//
f 3563// 3562// 3566//
f 3563// 3566// 3567//
f 3567// 3566// 3568//
f 3567// 3568// 3569//
f 3570// 3571// 3568//
f 3568// 3571// 3569//
f 3571// 3570// 3572//
f 3571// 3572// 3573//
f 3573// 3572// 3574//
f 3573// 3574// 3575//
f 3576// 3577// 3574//
f 3574// 3577// 3575//
f 3564// 3565// 3576//
f 3576// 3565// 3577//
f 3565// 3557// 3577//
f 3577// 3557// 3556//
f 3563// 3560// 3565//
f 3565// 3560// 3559//
f 3565// 3559// 3557//
f 3557// 3559// 3558//
f 3563// 3567// 3560//
f 3560// 3567// 3569//
f 3560// 3569// 3561//
f 3561// 3569// 3571//
f 3561// 3571// 3573//
f 3573// 3575// 3561//
f 3561// 3575// 3577//
f 3561// 3577// 3554//
f 3554// 3577// 3556//
f 3554// 3556// 3555//
usemtl 1
f 3564// 3576// 3562//
f 3562// 3576// 3574//
f 3562// 3574// 3566//
f 3566// 3574// 3572//
f 3566// 3572// 3568//
f 3568// 3572// 3570//
