v 5.827567 1.559286 13.350813
v 5.802118 1.571208 13.350813
v 5.798459 1.562231 13.449242
newmtl 1
Ka 0.8509803921568627 0.8509803921568627 0.8509803921568627
Kd 0.8509803921568627 0.8509803921568627 0.8509803921568627
Ks 0.4235294117647059 0.4235294117647059 0.4235294117647059
d 0.0
endmtl
v 5.563326 1.648574 13.350813
v 5.428475 1.680744 13.350813
v 5.426709 1.671212 13.449242
v 5.288938 1.699303 13.350813
v 5.23524 1.706445 13.350813
v 5.234452 1.696783 13.449242
v 5.010236 1.71018 13.350813
v 4.845955 1.698382 13.350813
v 4.847141 1.688761 13.449242
v 4.462486 1.610114 13.350813
v 4.285162 1.539789 13.350813
v 4.28919 1.530971 13.449242
v 4.206544 1.498908 13.350813
v 4.11221 1.449854 13.350813
v 4.117115 1.441491 13.449242
v 3.96759 1.354797 13.350813
v 3.949311 1.342782 13.350813
v 3.955041 1.334963 13.449242
v 3.753937 1.175468 13.350813
v 3.660314 1.081844 13.350813
v 3.667509 1.075348 13.449242
v 3.56749 0.967862 13.350813
v 3.537218 0.930689 13.350813
v 3.545038 0.924958 13.449242
v 3.413324 0.735439 13.350813
v 3.340211 0.594838 13.350813
v 3.349029 0.59081 13.449242
v 3.2135 0.215804 13.350813
v 3.181617 0.034045 13.350813
v 3.191239 0.032859 13.449242
v 3.174824 -0.060556 13.350813
v 3.167655 -0.160391 13.350813
v 3.177347 -0.160592 13.449242
v 3.173081 -0.3396 13.350813
v 3.173555 -0.355239 13.350813
v 3.183217 -0.354453 13.449242
v 3.215213 -0.615364 13.350813
v 3.244492 -0.738091 13.350813
v 3.253794 -0.735364 13.449242
v 3.295034 -0.882744 13.350813
v 3.308792 -0.922118 13.350813
v 3.317769 -0.918458 13.449242
v 3.687772 -1.026542 13.809162
v 3.700936 -1.013378 13.816397
v 3.66643 -0.952318 13.816937
v 3.842407 -0.871908 13.855343
v 3.83687 -0.861608 13.855343
v 3.81544 -0.898875 13.854013
v 3.749981 -0.907852 13.845649
v 3.72159 -0.992725 13.827747
v 3.767684 -0.94663 13.845003
v 3.770052 -0.944263 13.84545
v 3.645839 -1.068475 13.778028
v 3.589429 -0.993299 13.770314
v 3.637488 -1.076826 13.769737
v 3.607458 -1.106856 13.739923
v 3.521938 -1.029219 13.70757
v 3.582364 -1.131951 13.708619
v 3.550956 -1.163359 13.659611
v 3.466549 -1.058697 13.631115
v 3.53672 -1.177595 13.630532
v 3.524569 -1.189746 13.605716
v 3.425391 -1.080602 13.543888
v 3.510175 -1.20414 13.568233
v 3.400047 -1.094091 13.449242
v 3.492571 -1.221743 13.507444
v 3.503015 -1.2113 13.543507
v 3.391489 -1.098645 13.350813
v 3.413148 -1.135451 13.350813
v 3.47454 -1.239775 13.350813
v 3.476727 -1.237587 13.405978
v 3.480873 -1.233441 13.444408
v 3.481756 -1.232558 13.449169
v 6.116691 1.402376 13.416275
v 6.119775 1.40546 13.350813
v 6.075667 1.431416 13.350813
v 5.978645 1.488511 13.350813
v 5.974091 1.479953 13.449242
v 6.112018 1.397703 13.449039
v 5.960602 1.454609 13.543888
v 6.099996 1.385681 13.514655
v 6.107576 1.393262 13.480175
v 5.938697 1.413451 13.631115
v 6.081667 1.367352 13.575246
v 6.091277 1.376962 13.543477
v 5.909219 1.358062 13.70757
v 6.043023 1.328708 13.660208
v 6.057978 1.343663 13.631625
v 5.873299 1.29057 13.770314
v 5.957091 1.242776 13.770221
v 5.975551 1.261236 13.752254
v 6.011358 1.297044 13.709429
v 6.012624 1.29831 13.70746
v 5.868745 1.154431 13.829591
v 5.893238 1.178923 13.815969
v 5.832318 1.21357 13.816937
v 5.913067 1.198752 13.804941
v 5.954878 1.240563 13.772375
v 5.787852 1.130019 13.845649
v 5.741608 1.04313 13.855343
v 5.751908 1.037593 13.855343
v 5.795852 1.081538 13.851799
v 5.824114 1.109799 13.844625
v 5.843534 1.129219 13.839694
v 3.746209 0.251773 13.855343
v 3.799118 0.385183 13.855343
v 3.652982 0.28335 13.845649
v 3.709589 0.426084 13.845649
v 3.563339 0.313713 13.816937
v 3.623502 0.465414 13.816937
v 3.480722 0.341697 13.770314
v 3.544163 0.501661 13.770314
v 3.408309 0.366224 13.70757
v 3.474622 0.533432 13.70757
v 3.348881 0.386353 13.631115
v 3.417551 0.559505 13.631115
v 3.304721 0.401311 13.543888
v 3.375143 0.578879 13.543888
v 3.277528 0.410521 13.449242
v 4.766329 1.172847 13.855343
v 4.907689 1.197643 13.855343
v 4.744405 1.268803 13.845649
v 4.895646 1.295333 13.845649
v 4.723323 1.361072 13.816937
v 4.884065 1.389268 13.816937
v 4.703894 1.446107 13.770314
v 4.873391 1.475839 13.770314
v 4.686864 1.520641 13.70757
v 4.864037 1.551719 13.70757
v 4.672889 1.58181 13.631115
v 4.856359 1.613993 13.631115
v 4.662504 1.627262 13.543888
v 4.850654 1.660266 13.543888
v 4.656108 1.655251 13.449242
v 3.775986 -0.731644 13.855343
v 3.684841 -0.768804 13.845649
v 3.597199 -0.804535 13.816937
v 3.516427 -0.837466 13.770314
v 3.44563 -0.86633 13.70757
v 3.387528 -0.890018 13.631115
v 3.344355 -0.907619 13.543888
v 3.281346 -0.727287 13.543888
v 3.326086 -0.714171 13.631115
v 3.386297 -0.69652 13.70757
v 3.459665 -0.675012 13.770314
v 3.543369 -0.650473 13.816937
v 3.634192 -0.623848 13.845649
v 3.728647 -0.596158 13.855343
v 3.199256 -0.548475 13.350813
v 3.208788 -0.546709 13.449242
v 3.237018 -0.541478 13.543888
v 3.282861 -0.532984 13.631115
v 3.344556 -0.521553 13.70757
v 3.419732 -0.507624 13.770314
v 3.505498 -0.491733 13.816937
v 3.598561 -0.474489 13.845649
v 3.695343 -0.456557 13.855343
v 3.676421 -0.314292 13.855343
v 3.578316 -0.32228 13.845649
v 3.483982 -0.329962 13.816937
v 3.397043 -0.337041 13.770314
v 3.320841 -0.343246 13.70757
v 3.258303 -0.348338 13.631115
v 3.211833 -0.352122 13.543888
v 3.206052 -0.161187 13.543888
v 3.252665 -0.162152 13.631115
v 3.315397 -0.163451 13.70757
v 3.391835 -0.165035 13.770314
v 3.479043 -0.166841 13.816937
v 3.573669 -0.168801 13.845649
v 3.672077 -0.170839 13.855343
v 3.219734 0.029346 13.543888
v 3.266007 0.023641 13.631115
v 3.32828 0.015964 13.70757
v 3.404161 0.006609 13.770314
v 3.490732 -0.004065 13.816937
v 3.584667 -0.015645 13.845649
v 3.682357 -0.027689 13.855343
v 3.215298 0.226051 13.350813
v 3.224749 0.223892 13.449242
v 3.252738 0.217496 13.543888
v 3.29819 0.207111 13.631115
v 3.359359 0.193135 13.70757
v 3.433893 0.176106 13.770314
v 3.518928 0.156677 13.816937
v 3.611197 0.135595 13.845649
v 3.707153 0.113671 13.855343
v 3.268346 0.413631 13.350813
v 3.295632 0.482432 13.350813
v 3.430146 0.76779 13.350813
v 3.438508 0.762885 13.449242
v 3.463273 0.748358 13.543888
v 3.503488 0.724768 13.631115
v 3.557609 0.693021 13.70757
v 3.623555 0.654338 13.770314
v 3.698793 0.610204 13.816937
v 3.780431 0.562316 13.845649
v 3.865331 0.512514 13.855343
v 3.94416 0.632445 13.855343
v 3.86477 0.69063 13.845649
v 3.78843 0.746578 13.816937
v 3.718075 0.798141 13.770314
v 3.656409 0.843336 13.70757
v 3.6058 0.880426 13.631115
v 3.568195 0.907987 13.543888
v 3.688819 1.056107 13.543888
v 3.723424 1.024862 13.631115
v 3.769995 0.982813 13.70757
v 3.826741 0.931576 13.770314
v 3.891482 0.873121 13.816937
v 3.961731 0.809693 13.845649
v 4.034787 0.74373 13.855343
v 3.798156 1.219686 13.350813
v 3.804652 1.212491 13.449242
v 3.823893 1.191181 13.543888
v 3.855138 1.156576 13.631115
v 3.897187 1.110005 13.70757
v 3.948424 1.053259 13.770314
v 4.006879 0.988518 13.816937
v 4.070307 0.918269 13.845649
v 4.13627 0.845213 13.855343
v 4.247555 0.93584 13.855343
v 4.18937 1.01523 13.845649
v 4.133422 1.09157 13.816937
v 4.081859 1.161925 13.770314
v 4.036664 1.223591 13.70757
v 3.999574 1.2742 13.631115
v 3.972013 1.311805 13.543888
v 4.131642 1.416727 13.543888
v 4.155232 1.376512 13.631115
v 4.186978 1.322391 13.70757
v 4.225662 1.256445 13.770314
v 4.269796 1.181207 13.816937
v 4.317684 1.099569 13.845649
v 4.367486 1.014669 13.855343
v 4.301121 1.504857 13.543888
v 4.320495 1.462449 13.631115
v 4.346569 1.405378 13.70757
v 4.378339 1.335837 13.770314
v 4.414586 1.256498 13.816937
v 4.453916 1.17041 13.845649
v 4.494817 1.080882 13.855343
v 4.466369 1.611654 13.350813
v 4.469479 1.602472 13.449242
v 4.478689 1.575279 13.543888
v 4.493647 1.53112 13.631115
v 4.513776 1.471691 13.70757
v 4.538303 1.399277 13.770314
v 4.566287 1.316661 13.816937
v 4.59665 1.227018 13.845649
v 4.628227 1.133791 13.855343
v 4.653949 1.664702 13.350813
v 4.732989 1.678567 13.350813
v 5.040391 1.712345 13.350813
v 5.040592 1.702653 13.449242
v 5.041187 1.673949 13.543888
v 5.042152 1.627335 13.631115
v 5.043452 1.564603 13.70757
v 5.045034 1.488165 13.770314
v 5.046841 1.400957 13.816937
v 5.048801 1.306331 13.845649
v 5.050839 1.207923 13.855343
v 5.194292 1.203579 13.855343
v 5.202281 1.301684 13.845649
v 5.209962 1.396018 13.816937
v 5.217041 1.482957 13.770314
v 5.223246 1.559159 13.70757
v 5.228338 1.621697 13.631115
v 5.232122 1.668167 13.543888
v 5.421478 1.642982 13.543888
v 5.412984 1.597139 13.631115
v 5.401553 1.535444 13.70757
v 5.387624 1.460268 13.770314
v 5.371733 1.374501 13.816937
v 5.35449 1.281439 13.845649
v 5.336557 1.184657 13.855343
v 5.618091 1.635509 13.350813
v 5.615364 1.626206 13.449242
v 5.607287 1.598654 13.543888
v 5.594171 1.553914 13.631115
v 5.57652 1.493703 13.70757
v 5.555012 1.420336 13.770314
v 5.530473 1.336632 13.816937
v 5.503848 1.245807 13.845649
v 5.476158 1.151353 13.855343
v 5.611644 1.104014 13.855343
v 5.648804 1.195159 13.845649
v 5.684536 1.282801 13.816937
v 5.717466 1.363573 13.770314
v 5.74633 1.43437 13.70757
v 5.770018 1.492472 13.631115
v 5.78762 1.535645 13.543888
v 5.956143 -0.2 7.137566
v 5.947225 -0.324688 7.137566
v 5.08 -0.2 7.137566
v 5.947225 -0.075312 7.137566
v 5.817058 0.273678 7.137566
v 5.876967 0.163963 7.137566
v 5.920653 0.046838 7.137566
v 5.553679 0.537058 7.137566
v 5.653751 0.462144 7.137566
v 5.742144 0.373751 7.137566
v 5.204688 0.667225 7.137566
v 5.326838 0.640653 7.137566
v 5.443963 0.596967 7.137566
v 4.833162 0.640653 7.137566
v 4.955312 0.667225 7.137566
v 5.08 0.676143 7.137566
v 4.506248 0.462144 7.137566
v 4.606321 0.537058 7.137566
v 4.716037 0.596967 7.137566
v 4.283033 0.163963 7.137566
v 4.342942 0.273678 7.137566
v 4.417856 0.373751 7.137566
v 4.203857 -0.2 7.137566
v 4.212775 -0.075312 7.137566
v 4.239347 0.046838 7.137566
v 4.283033 -0.563963 7.137566
v 4.239347 -0.446838 7.137566
v 4.212775 -0.324688 7.137566
v 4.506248 -0.862144 7.137566
v 4.417856 -0.773751 7.137566
v 4.342942 -0.673678 7.137566
v 4.833162 -1.040653 7.137566
v 4.716037 -0.996967 7.137566
v 4.606321 -0.937058 7.137566
v 5.204688 -1.067225 7.137566
v 5.08 -1.076143 7.137566
v 4.955312 -1.067225 7.137566
v 5.553679 -0.937058 7.137566
v 5.443963 -0.996967 7.137566
v 5.326838 -1.040653 7.137566
v 5.817058 -0.673678 7.137566
v 5.742144 -0.773751 7.137566
v 5.653751 -0.862144 7.137566
v 5.920653 -0.446838 7.137566
v 5.876967 -0.563963 7.137566
v 5.775772 -0.932035 7.273613
v 5.739808 -0.961459 7.238401
v 5.844963 -0.862844 7.273613
v 5.841459 -0.859808 7.238401
v 5.909188 -0.777049 7.273613
v 5.927609 -0.744725 7.238401
v 5.931509 -0.747232 7.273613
v 5.996504 -0.618553 7.238401
v 6.000721 -0.620479 7.273613
v 5.742844 -0.964963 7.273613
v 5.627232 -1.051509 7.273613
v 5.624725 -1.047609 7.238401
v 5.614981 -1.058198 7.273613
v 5.498554 -1.116504 7.238401
v 5.500479 -1.120721 7.273613
v 5.363861 -1.166742 7.238401
v 5.430639 -1.14677 7.273613
v 5.365167 -1.17119 7.273613
v 5.233141 -1.19991 7.273613
v 5.22339 -1.197299 7.238401
v 5.22405 -1.201888 7.273613
v 5.08 -1.212191 7.273613
v 5.08 -1.207555 7.238401
v 5.028902 -1.208536 7.273613
v 4.93661 -1.197299 7.238401
v 4.93595 -1.201888 7.273613
v 4.796139 -1.166742 7.238401
v 4.826675 -1.178117 7.273613
v 4.794833 -1.17119 7.273613
v 4.659521 -1.120721 7.273613
v 4.661447 -1.116504 7.238401
v 4.635008 -1.107336 7.273613
v 4.535275 -1.047609 7.238401
v 4.532768 -1.051509 7.273613
v 4.420192 -0.961459 7.238401
v 4.461899 -0.998456 7.273613
v 4.417156 -0.964963 7.273613
v 4.315037 -0.862844 7.273613
v 4.318541 -0.859808 7.238401
v 4.31225 -0.85912 7.273613
v 4.232391 -0.744725 7.238401
v 4.228491 -0.747232 7.273613
v 4.197237 -0.689994 7.273613
v 4.163496 -0.618553 7.238401
v 4.159279 -0.620479 7.273613
v 4.115315 -0.502607 7.273613
v 4.113258 -0.483861 7.238401
v 4.10881 -0.485167 7.273613
v 4.078112 -0.34405 7.273613
v 4.082701 -0.34339 7.238401
v 4.075122 -0.30225 7.273613
v 4.072445 -0.2 7.238401
v 4.067809 -0.2 7.273613
v 4.082701 -0.05661 7.238401
v 4.075122 -0.09775 7.273613
v 4.078112 -0.05595 7.273613
v 4.10881 0.085167 7.273613
v 4.113258 0.083861 7.238401
v 4.115315 0.102607 7.273613
v 4.163496 0.218553 7.238401
v 4.159279 0.220479 7.273613
v 4.232391 0.344725 7.238401
v 4.197237 0.289994 7.273613
v 4.228491 0.347232 7.273613
v 4.31225 0.45912 7.273613
v 4.318541 0.459808 7.238401
v 4.315037 0.462844 7.273613
v 4.417156 0.564963 7.273613
v 4.420192 0.561459 7.238401
v 4.461899 0.598457 7.273613
v 4.535275 0.647609 7.238401
v 4.532768 0.651509 7.273613
v 4.661447 0.716504 7.238401
v 4.635008 0.707336 7.273613
v 4.659521 0.720721 7.273613
v 4.794833 0.77119 7.273613
v 4.796139 0.766742 7.238401
v 4.826675 0.778117 7.273613
v 4.93661 0.797299 7.238401
v 4.93595 0.801888 7.273613
v 5.08 0.807555 7.238401
v 5.028902 0.808536 7.273613
v 5.08 0.812191 7.273613
v 5.22405 0.801888 7.273613
v 5.22339 0.797299 7.238401
v 5.233141 0.79991 7.273613
v 5.363861 0.766742 7.238401
v 5.365167 0.77119 7.273613
v 5.430639 0.74677 7.273613
v 5.498554 0.716504 7.238401
v 5.500479 0.720721 7.273613
v 5.614981 0.658199 7.273613
v 5.624725 0.647609 7.238401
v 5.627232 0.651509 7.273613
v 5.742844 0.564963 7.273613
v 5.739808 0.561459 7.238401
v 5.775772 0.532035 7.273613
v 5.841459 0.459808 7.238401
v 5.844963 0.462844 7.273613
v 5.927609 0.344725 7.238401
v 5.909188 0.377049 7.273613
v 5.931509 0.347232 7.273613
v 6.000721 0.220479 7.273613
v 5.996504 0.218553 7.238401
v 6.008853 0.198676 7.273613
v 6.046742 0.083861 7.238401
v 6.05119 0.085167 7.273613
v 6.0773 -0.05661 7.238401
v 6.069016 0.003219 7.273613
v 6.081888 -0.05595 7.273613
v 6.092191 -0.2 7.273613
v 6.087555 -0.2 7.238401
v 6.081888 -0.34405 7.273613
v 6.0773 -0.34339 7.238401
v 6.069016 -0.403219 7.273613
v 6.046742 -0.483861 7.238401
v 6.05119 -0.485167 7.273613
v 6.008853 -0.598676 7.273613
v 6.063847 -0.058544 7.20559
v 6.033701 0.080032 7.20559
v 5.984141 0.212907 7.20559
v 5.916175 0.337377 7.20559
v 5.831188 0.450908 7.20559
v 5.730908 0.551188 7.20559
v 5.617377 0.636175 7.20559
v 5.492908 0.704141 7.20559
v 5.360032 0.753701 7.20559
v 5.221456 0.783846 7.20559
v 5.08 0.793964 7.20559
v 4.938544 0.783846 7.20559
v 4.799968 0.753701 7.20559
v 4.667093 0.704141 7.20559
v 4.542623 0.636175 7.20559
v 4.429092 0.551188 7.20559
v 4.328813 0.450908 7.20559
v 4.243824 0.337377 7.20559
v 4.175859 0.212907 7.20559
v 4.126299 0.080032 7.20559
v 4.096154 -0.058544 7.20559
v 4.086036 -0.2 7.20559
v 4.096154 -0.341456 7.20559
v 4.126299 -0.480032 7.20559
v 4.175859 -0.612907 7.20559
v 4.243824 -0.737377 7.20559
v 4.328813 -0.850908 7.20559
v 4.429092 -0.951188 7.20559
v 4.542623 -1.036175 7.20559
v 4.667093 -1.104141 7.20559
v 4.799968 -1.153701 7.20559
v 4.938544 -1.183846 7.20559
v 5.08 -1.193964 7.20559
v 5.221456 -1.183846 7.20559
v 5.360032 -1.153701 7.20559
v 5.492908 -1.104141 7.20559
v 5.617377 -1.036175 7.20559
v 5.730908 -0.951188 7.20559
v 5.831188 -0.850908 7.20559
v 5.916175 -0.737377 7.20559
v 5.984141 -0.612907 7.20559
v 6.033701 -0.480032 7.20559
v 6.063847 -0.341456 7.20559
v 6.073964 -0.2 7.20559
v 6.042446 -0.061621 7.177413
v 6.012956 0.073941 7.177413
v 5.964474 0.203926 7.177413
v 5.897987 0.325688 7.177413
v 5.814848 0.436749 7.177413
v 5.71675 0.534848 7.177413
v 5.605688 0.617987 7.177413
v 5.483926 0.684474 7.177413
v 5.35394 0.732956 7.177413
v 5.218379 0.762446 7.177413
v 5.08 0.772343 7.177413
v 4.941621 0.762446 7.177413
v 4.806059 0.732956 7.177413
v 4.676074 0.684474 7.177413
v 4.554312 0.617987 7.177413
v 4.443251 0.534848 7.177413
v 4.345152 0.436749 7.177413
v 4.262013 0.325688 7.177413
v 4.195526 0.203926 7.177413
v 4.147043 0.073941 7.177413
v 4.117554 -0.061621 7.177413
v 4.107657 -0.2 7.177413
v 4.117554 -0.338379 7.177413
v 4.147043 -0.473941 7.177413
v 4.195526 -0.603926 7.177413
v 4.262013 -0.725688 7.177413
v 4.345152 -0.836749 7.177413
v 4.443251 -0.934848 7.177413
v 4.554312 -1.017987 7.177413
v 4.676074 -1.084474 7.177413
v 4.806059 -1.132956 7.177413
v 4.941621 -1.162446 7.177413
v 5.08 -1.172343 7.177413
v 5.218379 -1.162446 7.177413
v 5.35394 -1.132956 7.177413
v 5.483926 -1.084474 7.177413
v 5.605688 -1.017987 7.177413
v 5.71675 -0.934848 7.177413
v 5.814848 -0.836749 7.177413
v 5.897987 -0.725688 7.177413
v 5.964474 -0.603926 7.177413
v 6.012956 -0.473941 7.177413
v 6.042446 -0.338379 7.177413
v 6.052343 -0.2 7.177413
v 6.014556 -0.065631 7.155792
v 5.985921 0.066002 7.155792
v 5.938844 0.192221 7.155792
v 5.874284 0.310455 7.155792
v 5.793553 0.418298 7.155792
v 5.698298 0.513554 7.155792
v 5.590455 0.594284 7.155792
v 5.472221 0.658844 7.155792
v 5.346003 0.705921 7.155792
v 5.214369 0.734556 7.155792
v 5.08 0.744167 7.155792
v 4.945631 0.734556 7.155792
v 4.813998 0.705921 7.155792
v 4.687779 0.658844 7.155792
v 4.569545 0.594284 7.155792
v 4.461702 0.513554 7.155792
v 4.366446 0.418298 7.155792
v 4.285717 0.310455 7.155792
v 4.221156 0.192221 7.155792
v 4.174079 0.066002 7.155792
v 4.145443 -0.065631 7.155792
v 4.135834 -0.2 7.155792
v 4.145443 -0.334369 7.155792
v 4.174079 -0.466002 7.155792
v 4.221156 -0.592221 7.155792
v 4.285717 -0.710455 7.155792
v 4.366446 -0.818298 7.155792
v 4.461702 -0.913554 7.155792
v 4.569545 -0.994283 7.155792
v 4.687779 -1.058844 7.155792
v 4.813998 -1.105921 7.155792
v 4.945631 -1.134556 7.155792
v 5.08 -1.144167 7.155792
v 5.214369 -1.134556 7.155792
v 5.346003 -1.105921 7.155792
v 5.472221 -1.058844 7.155792
v 5.590455 -0.994283 7.155792
v 5.698298 -0.913554 7.155792
v 5.793553 -0.818298 7.155792
v 5.874284 -0.710455 7.155792
v 5.938844 -0.592221 7.155792
v 5.985921 -0.466002 7.155792
v 6.014556 -0.334369 7.155792
v 6.024167 -0.2 7.155792
v 5.982078 -0.070301 7.142201
v 5.954438 0.056758 7.142201
v 5.908997 0.17859 7.142201
v 5.84668 0.292715 7.142201
v 5.768756 0.39681 7.142201
v 5.67681 0.488756 7.142201
v 5.572715 0.56668 7.142201
v 5.45859 0.628997 7.142201
v 5.336758 0.674438 7.142201
v 5.209699 0.702078 7.142201
v 5.08 0.711354 7.142201
v 4.950301 0.702078 7.142201
v 4.823242 0.674438 7.142201
v 4.701409 0.628997 7.142201
v 4.587285 0.56668 7.142201
v 4.48319 0.488756 7.142201
v 4.391244 0.39681 7.142201
v 4.31332 0.292715 7.142201
v 4.251003 0.17859 7.142201
v 4.205562 0.056758 7.142201
v 4.177922 -0.070301 7.142201
v 4.168645 -0.2 7.142201
v 4.177922 -0.329699 7.142201
v 4.205562 -0.456758 7.142201
v 4.251003 -0.57859 7.142201
v 4.31332 -0.692715 7.142201
v 4.391244 -0.79681 7.142201
v 4.48319 -0.888756 7.142201
v 4.587285 -0.96668 7.142201
v 4.701409 -1.028997 7.142201
v 4.823242 -1.074438 7.142201
v 4.950301 -1.102078 7.142201
v 5.08 -1.111354 7.142201
v 5.209699 -1.102078 7.142201
v 5.336758 -1.074438 7.142201
v 5.45859 -1.028997 7.142201
v 5.572715 -0.96668 7.142201
v 5.67681 -0.888756 7.142201
v 5.768756 -0.79681 7.142201
v 5.84668 -0.692715 7.142201
v 5.908997 -0.57859 7.142201
v 5.954438 -0.456758 7.142201
v 5.982078 -0.329699 7.142201
v 5.991354 -0.2 7.142201
v 5.613142 -1.055323 7.718234
v 5.689981 -1.007746 7.718234
v 5.774606 -0.9306 7.718234
v 5.828018 -0.881908 7.718234
v 5.907929 -0.776088 7.718234
v 5.940582 -0.73285 7.718234
v 5.028734 -1.207873 7.718234
v 5.173393 -1.207873 7.718234
v 5.232581 -1.196809 7.718234
v 5.356999 -1.173551 7.718234
v 5.43002 -1.145262 7.718234
v 5.531172 -1.106076 7.718234
v 4.313856 -0.857906 7.718234
v 4.331982 -0.881908 7.718234
v 4.461134 -0.999646 7.718234
v 4.470019 -1.007746 7.718234
v 4.628828 -1.106076 7.718234
v 4.634432 -1.108247 7.718234
v 4.803001 -1.173551 7.718234
v 4.826648 -1.177971 7.718234
v 4.986607 -1.207873 7.718234
v 4.077262 -0.302007 7.718234
v 4.085044 -0.38599 7.718234
v 4.118032 -0.501931 7.718234
v 4.13616 -0.565645 7.718234
v 4.197954 -0.689744 7.718234
v 4.219419 -0.73285 7.718234
v 4.118032 0.101931 7.718234
v 4.085044 -0.01401 7.718234
v 4.077262 -0.097993 7.718234
v 4.067809 -0.2 7.718234
v 4.461134 0.599646 7.718234
v 4.331982 0.481908 7.718234
v 4.313856 0.457906 7.718234
v 4.219419 0.33285 7.718234
v 4.197954 0.289744 7.718234
v 4.13616 0.165645 7.718234
v 4.470019 0.607746 7.718234
v 4.628828 0.706076 7.718234
v 4.634432 0.708247 7.718234
v 4.803001 0.773551 7.718234
v 5.232581 0.796809 7.718234
v 5.173393 0.807873 7.718234
v 5.028734 0.807873 7.718234
v 4.986607 0.807873 7.718234
v 4.826648 0.777971 7.718234
v 5.774606 0.5306 7.718234
v 5.689981 0.607746 7.718234
v 5.613142 0.655322 7.718234
v 5.531172 0.706076 7.718234
v 5.43002 0.745262 7.718234
v 5.356999 0.773551 7.718234
v 6.07002 0.00334 7.718234
v 6.023839 0.165645 7.718234
v 6.007748 0.197962 7.718234
v 5.940582 0.33285 7.718234
v 5.907929 0.376088 7.718234
v 5.828018 0.481908 7.718234
v 6.007748 -0.597962 7.718234
v 6.023839 -0.565645 7.718234
v 6.07002 -0.40334 7.718234
v 6.074956 -0.38599 7.718234
v 6.092191 -0.2 7.718234
v 6.074956 -0.01401 7.718234
v 6.254047 -0.419468 7.900428
v 6.19373 -0.631461 7.900428
v 6.095486 -0.828762 7.900428
v 5.96266 -1.004652 7.900428
v 5.799778 -1.153139 7.900428
v 5.612383 -1.269169 7.900428
v 5.406859 -1.34879 7.900428
v 5.190204 -1.389289 7.900428
v 4.969796 -1.389289 7.900428
v 4.753141 -1.34879 7.900428
v 4.360223 -1.153139 7.900428
v 4.547617 -1.269169 7.900428
v 4.19734 -1.004652 7.900428
v 4.064514 -0.828762 7.900428
v 3.966269 -0.631461 7.900428
v 3.905952 -0.419468 7.900428
v 3.885616 -0.2 7.900428
v 3.905952 0.019468 7.900428
v 3.966269 0.231461 7.900428
v 4.064514 0.428762 7.900428
v 4.19734 0.604652 7.900428
v 4.547617 0.869169 7.900428
v 4.360223 0.753139 7.900428
v 4.753141 0.94879 7.900428
v 4.969796 0.989289 7.900428
v 5.190204 0.989289 7.900428
v 5.406859 0.94879 7.900428
v 5.612383 0.869169 7.900428
v 5.799778 0.753139 7.900428
v 5.96266 0.604652 7.900428
v 6.095486 0.428762 7.900428
v 6.19373 0.231461 7.900428
v 6.274384 -0.2 7.900428
v 6.254047 0.019468 7.900428
v 6.274384 -0.2 12.40699
v 6.254047 0.019468 12.40699
v 6.19373 0.231461 12.40699
v 6.095486 0.428762 12.40699
v 5.96266 0.604652 12.40699
v 5.799778 0.753139 12.40699
v 5.612383 0.869169 12.40699
v 5.406859 0.94879 12.40699
v 5.190204 0.989289 12.40699
v 4.969796 0.989289 12.40699
v 4.753141 0.94879 12.40699
v 4.547617 0.869169 12.40699
v 4.360223 0.753139 12.40699
v 4.19734 0.604652 12.40699
v 4.064514 0.428762 12.40699
v 3.966269 0.231461 12.40699
v 3.905952 0.019468 12.40699
v 3.885616 -0.2 12.40699
v 3.905952 -0.419468 12.40699
v 3.966269 -0.631461 12.40699
v 4.064514 -0.828762 12.40699
v 4.19734 -1.004652 12.40699
v 4.360223 -1.153139 12.40699
v 4.547617 -1.269169 12.40699
v 4.753141 -1.34879 12.40699
v 4.969796 -1.389289 12.40699
v 5.190204 -1.389289 12.40699
v 5.406859 -1.34879 12.40699
v 5.612383 -1.269169 12.40699
v 5.799778 -1.153139 12.40699
v 5.96266 -1.004652 12.40699
v 6.095486 -0.828762 12.40699
v 6.19373 -0.631461 12.40699
v 6.254047 -0.419468 12.40699
v 3.624516 -0.047022 12.40699
v 3.896003 -1.060224 12.40699
v 3.812571 -0.931751 12.40699
v 3.624516 -0.352978 12.40699
v 3.616499 -0.2 12.40699
v 3.743025 -0.795259 12.40699
v 3.688128 -0.652247 12.40699
v 3.64848 -0.504279 12.40699
v 4.775721 -1.63152 12.40699
v 4.627754 -1.591872 12.40699
v 6.471872 -0.652247 12.40699
v 6.416975 -0.795259 12.40699
v 6.535484 -0.352978 12.40699
v 6.51152 -0.504279 12.40699
v 6.263998 0.660224 12.40699
v 6.347429 0.531751 12.40699
v 6.059273 0.887593 12.40699
v 6.167593 0.779273 12.40699
v 4.100727 0.887593 12.40699
v 6.535484 -0.047022 12.40699
v 6.543501 -0.2 12.40699
v 6.416975 0.395259 12.40699
v 6.471872 0.252247 12.40699
v 6.51152 0.104279 12.40699
v 3.64848 0.104279 12.40699
v 3.688128 0.252247 12.40699
v 3.743025 0.395259 12.40699
v 4.100727 -1.287593 12.40699
v 3.992407 -1.179273 12.40699
v 4.484741 -1.536975 12.40699
v 4.348249 -1.467429 12.40699
v 4.219776 -1.383997 12.40699
v 5.08 -1.663501 12.40699
v 4.927022 -1.655484 12.40699
v 5.81175 1.067429 12.40699
v 5.940225 0.983997 12.40699
v 5.384279 1.23152 12.40699
v 5.532247 1.191872 12.40699
v 5.67526 1.136975 12.40699
v 4.219776 0.983997 12.40699
v 4.348249 1.067429 12.40699
v 4.484741 1.136975 12.40699
v 5.384279 -1.63152 12.40699
v 5.232978 -1.655484 12.40699
v 5.81175 -1.467429 12.40699
v 5.67526 -1.536975 12.40699
v 5.532247 -1.591872 12.40699
v 3.812571 0.531751 12.40699
v 3.896003 0.660224 12.40699
v 3.992407 0.779273 12.40699
v 6.059273 -1.287593 12.40699
v 5.940225 -1.383997 12.40699
v 5.08 1.263501 12.40699
v 5.232978 1.255484 12.40699
v 4.627754 1.191872 12.40699
v 4.775721 1.23152 12.40699
v 4.927022 1.255484 12.40699
v 6.347429 -0.931751 12.40699
v 6.263998 -1.060224 12.40699
v 6.167593 -1.179273 12.40699
v 6.90998 -0.750614 12.856245
v 6.890929 -0.788406 12.7686
v 6.942513 -0.595889 12.7686
v 6.899138 -0.791074 12.856245
v 6.827389 -0.977988 12.856245
v 6.819503 -0.974477 12.7686
v 6.810486 -1.011161 12.856245
v 6.729019 -1.152062 12.7686
v 6.736495 -1.156378 12.856245
v 6.620468 -1.319216 12.7686
v 6.673094 -1.254007 12.856245
v 6.627451 -1.324289 12.856245
v 6.504382 -1.476268 12.856245
v 6.495039 -1.474107 12.7686
v 6.501454 -1.479883 12.856245
v 6.359883 -1.621454 12.856245
v 6.354107 -1.615039 12.7686
v 6.301996 -1.66833 12.856245
v 6.199215 -1.740468 12.7686
v 6.204289 -1.747452 12.856245
v 6.075412 -1.831146 12.856245
v 6.032062 -1.849019 12.7686
v 6.036377 -1.856495 12.856245
v 5.857988 -1.947389 12.856245
v 5.854477 -1.939503 12.7686
v 5.827576 -1.959063 12.856245
v 5.668406 -2.010929 12.7686
v 5.671074 -2.019139 12.856245
v 5.475889 -2.062514 12.7686
v 5.56313 -2.048062 12.856245
v 5.477684 -2.070957 12.856245
v 5.289127 -2.100821 12.856245
v 5.279035 -2.093692 12.7686
v 5.279937 -2.102277 12.856245
v 5.08 -2.112756 12.856245
v 5.08 -2.104123 12.7686
v 5.010267 -2.109101 12.856245
v 4.880965 -2.093692 12.7686
v 4.880063 -2.102277 12.856245
v 4.732885 -2.078967 12.856245
v 4.684111 -2.062514 12.7686
v 4.682316 -2.070957 12.856245
v 4.488926 -2.019139 12.856245
v 4.491594 -2.010929 12.7686
v 4.46286 -2.009133 12.856245
v 4.305523 -1.939503 12.7686
v 4.302012 -1.947389 12.856245
v 4.127938 -1.849019 12.7686
v 4.206592 -1.89877 12.856245
v 4.123622 -1.856495 12.856245
v 3.967417 -1.755054 12.856245
v 3.960784 -1.740468 12.7686
v 3.955711 -1.747452 12.856245
v 3.800117 -1.621454 12.856245
v 3.805893 -1.615039 12.7686
v 3.754034 -1.575371 12.856245
v 3.664961 -1.474107 12.7686
v 3.658546 -1.479883 12.856245
v 3.539532 -1.319216 12.7686
v 3.5677 -1.367698 12.856245
v 3.532548 -1.324289 12.856245
v 3.423505 -1.156378 12.856245
v 3.430981 -1.152062 12.7686
v 3.412943 -1.135648 12.856245
v 3.340497 -0.974477 12.7686
v 3.332611 -0.977988 12.856245
v 3.269071 -0.788406 12.7686
v 3.295902 -0.882356 12.856245
v 3.260861 -0.791074 12.856245
v 3.21386 -0.615662 12.856245
v 3.217486 -0.595889 12.7686
v 3.209043 -0.597684 12.856245
v 3.177723 -0.399937 12.856245
v 3.186308 -0.399035 12.7686
v 3.174556 -0.339506 12.856245
v 3.175877 -0.2 12.7686
v 3.167245 -0.2 12.856245
v 3.186308 -9.65E-4 12.7686
v 3.174556 -0.060494 12.856245
v 3.177723 -6.3E-5 12.856245
v 3.209043 0.197684 12.856245
v 3.217486 0.195889 12.7686
v 3.21386 0.215662 12.856245
v 3.269071 0.388406 12.7686
v 3.260861 0.391074 12.856245
v 3.295902 0.482356 12.856245
v 3.340497 0.574477 12.7686
v 3.332611 0.577988 12.856245
v 3.412943 0.735648 12.856245
v 3.430981 0.752062 12.7686
v 3.423505 0.756378 12.856245
v 3.532548 0.924289 12.856245
v 3.539532 0.919216 12.7686
v 3.5677 0.967698 12.856245
v 3.664961 1.074107 12.7686
v 3.658546 1.079883 12.856245
v 3.805893 1.215039 12.7686
v 3.754034 1.175371 12.856245
v 3.800117 1.221454 12.856245
v 3.955711 1.347452 12.856245
v 3.960784 1.340468 12.7686
v 3.967417 1.355054 12.856245
v 4.127938 1.449019 12.7686
v 4.123622 1.456495 12.856245
v 4.206592 1.49877 12.856245
v 4.305523 1.539503 12.7686
v 4.302012 1.547389 12.856245
v 4.46286 1.609133 12.856245
v 4.491594 1.610929 12.7686
v 4.488926 1.619138 12.856245
v 4.682316 1.670957 12.856245
v 4.684111 1.662513 12.7686
v 4.732885 1.678967 12.856245
v 4.880965 1.693692 12.7686
v 4.880063 1.702277 12.856245
v 5.08 1.704123 12.7686
v 5.010267 1.709101 12.856245
v 5.08 1.712755 12.856245
v 5.279937 1.702277 12.856245
v 5.279035 1.693692 12.7686
v 5.289127 1.700822 12.856245
v 5.475889 1.662513 12.7686
v 5.477684 1.670957 12.856245
v 5.56313 1.648062 12.856245
v 5.668406 1.610929 12.7686
v 5.671074 1.619138 12.856245
v 5.827576 1.559063 12.856245
v 5.854477 1.539503 12.7686
v 5.857988 1.547389 12.856245
v 6.036377 1.456495 12.856245
v 6.032062 1.449019 12.7686
v 6.075412 1.431145 12.856245
v 6.199215 1.340468 12.7686
v 6.204289 1.347452 12.856245
v 6.354107 1.215039 12.7686
v 6.301996 1.26833 12.856245
v 6.359883 1.221454 12.856245
v 6.501454 1.079883 12.856245
v 6.495039 1.074107 12.7686
v 6.504382 1.076268 12.856245
v 6.620468 0.919216 12.7686
v 6.627451 0.924289 12.856245
v 6.673094 0.854007 12.856245
v 6.729019 0.752062 12.7686
v 6.736495 0.756378 12.856245
v 6.810486 0.611161 12.856245
v 6.819503 0.574477 12.7686
v 6.827389 0.577988 12.856245
v 6.899138 0.391074 12.856245
v 6.890929 0.388406 12.7686
v 6.90998 0.350614 12.856245
v 6.942513 0.195889 12.7686
v 6.950957 0.197684 12.856245
v 6.973692 -9.65E-4 12.7686
v 6.969896 0.078107 12.856245
v 6.982277 -6.3E-5 12.856245
v 6.992755 -0.2 12.856245
v 6.984123 -0.2 12.7686
v 6.982277 -0.399937 12.856245
v 6.973692 -0.399035 12.7686
v 6.969896 -0.478107 12.856245
v 6.950957 -0.597684 12.856245
v 6.948267 -0.003637 12.684322
v 6.917507 0.190574 12.684322
v 6.866615 0.380506 12.684322
v 6.796148 0.564078 12.684322
v 6.706879 0.739279 12.684322
v 6.599785 0.904189 12.684322
v 6.47604 1.057001 12.684322
v 6.337 1.196041 12.684322
v 6.184189 1.319785 12.684322
v 6.019279 1.426879 12.684322
v 5.844079 1.516148 12.684322
v 5.660506 1.586615 12.684322
v 5.470574 1.637507 12.684322
v 5.276363 1.668267 12.684322
v 5.08 1.678558 12.684322
v 4.883637 1.668267 12.684322
v 4.689425 1.637507 12.684322
v 4.499494 1.586615 12.684322
v 4.315922 1.516148 12.684322
v 4.140721 1.426879 12.684322
v 3.975811 1.319785 12.684322
v 3.822999 1.196041 12.684322
v 3.683959 1.057001 12.684322
v 3.560215 0.904189 12.684322
v 3.453121 0.739279 12.684322
v 3.363852 0.564078 12.684322
v 3.293385 0.380506 12.684322
v 3.242493 0.190574 12.684322
v 3.211733 -0.003637 12.684322
v 3.201442 -0.2 12.684322
v 3.211733 -0.396363 12.684322
v 3.242493 -0.590574 12.684322
v 3.293385 -0.780506 12.684322
v 3.363852 -0.964078 12.684322
v 3.453121 -1.139279 12.684322
v 3.560215 -1.304189 12.684322
v 3.683959 -1.457001 12.684322
v 3.822999 -1.596041 12.684322
v 3.975811 -1.719785 12.684322
v 4.140721 -1.826879 12.684322
v 4.315922 -1.916148 12.684322
v 4.499494 -1.986615 12.684322
v 4.689425 -2.037507 12.684322
v 4.883637 -2.068267 12.684322
v 5.08 -2.078558 12.684322
v 5.276363 -2.068267 12.684322
v 5.470574 -2.037507 12.684322
v 5.660506 -1.986615 12.684322
v 5.844079 -1.916148 12.684322
v 6.019279 -1.826879 12.684322
v 6.184189 -1.719785 12.684322
v 6.337 -1.596041 12.684322
v 6.47604 -1.457001 12.684322
v 6.599785 -1.304189 12.684322
v 6.706879 -1.139279 12.684322
v 6.796148 -0.964078 12.684322
v 6.866615 -0.780506 12.684322
v 6.917507 -0.590574 12.684322
v 6.948267 -0.396363 12.684322
v 6.958558 -0.2 12.684322
v 6.906979 -0.007977 12.606652
v 6.876898 0.181943 12.606652
v 6.827131 0.367677 12.606652
v 6.758222 0.547192 12.606652
v 6.670925 0.718521 12.606652
v 6.566198 0.879786 12.606652
v 6.445189 1.029221 12.606652
v 6.309221 1.165189 12.606652
v 6.159787 1.286199 12.606652
v 5.998521 1.390925 12.606652
v 5.827193 1.478222 12.606652
v 5.647677 1.547131 12.606652
v 5.461942 1.596899 12.606652
v 5.272023 1.626979 12.606652
v 5.08 1.637043 12.606652
v 4.887977 1.626979 12.606652
v 4.698057 1.596899 12.606652
v 4.512322 1.547131 12.606652
v 4.332808 1.478222 12.606652
v 4.161479 1.390925 12.606652
v 4.000214 1.286199 12.606652
v 3.850779 1.165189 12.606652
v 3.714811 1.029221 12.606652
v 3.593801 0.879786 12.606652
v 3.489074 0.718521 12.606652
v 3.401778 0.547192 12.606652
v 3.332869 0.367677 12.606652
v 3.283101 0.181943 12.606652
v 3.253021 -0.007977 12.606652
v 3.242958 -0.2 12.606652
v 3.253021 -0.392023 12.606652
v 3.283101 -0.581943 12.606652
v 3.332869 -0.767677 12.606652
v 3.401778 -0.947192 12.606652
v 3.489074 -1.118521 12.606652
v 3.593801 -1.279786 12.606652
v 3.714811 -1.429221 12.606652
v 3.850779 -1.565189 12.606652
v 4.000214 -1.686198 12.606652
v 4.161479 -1.790925 12.606652
v 4.332808 -1.878222 12.606652
v 4.512322 -1.947131 12.606652
v 4.698057 -1.996899 12.606652
v 4.887977 -2.026979 12.606652
v 5.08 -2.037043 12.606652
v 5.272023 -2.026979 12.606652
v 5.461942 -1.996899 12.606652
v 5.647677 -1.947131 12.606652
v 5.827193 -1.878222 12.606652
v 5.998521 -1.790925 12.606652
v 6.159787 -1.686198 12.606652
v 6.309221 -1.565189 12.606652
v 6.445189 -1.429221 12.606652
v 6.566198 -1.279786 12.606652
v 6.670925 -1.118521 12.606652
v 6.758222 -0.947192 12.606652
v 6.827131 -0.767677 12.606652
v 6.876898 -0.581943 12.606652
v 6.906979 -0.392023 12.606652
v 6.917043 -0.2 12.606652
v 6.851415 -0.013817 12.538573
v 6.822249 0.170326 12.538573
v 6.773995 0.350412 12.538573
v 6.707181 0.524468 12.538573
v 6.62254 0.690586 12.538573
v 6.520998 0.846947 12.538573
v 6.403669 0.991837 12.538573
v 6.271837 1.123669 12.538573
v 6.126947 1.240998 12.538573
v 5.970586 1.34254 12.538573
v 5.804468 1.427181 12.538573
v 5.630413 1.493995 12.538573
v 5.450326 1.542249 12.538573
v 5.266183 1.571414 12.538573
v 5.08 1.581172 12.538573
v 4.893817 1.571414 12.538573
v 4.709673 1.542249 12.538573
v 4.529587 1.493995 12.538573
v 4.355532 1.427181 12.538573
v 4.189414 1.34254 12.538573
v 4.033053 1.240998 12.538573
v 3.888163 1.123669 12.538573
v 3.756331 0.991837 12.538573
v 3.639002 0.846947 12.538573
v 3.53746 0.690586 12.538573
v 3.452819 0.524468 12.538573
v 3.386005 0.350412 12.538573
v 3.337751 0.170326 12.538573
v 3.308586 -0.013817 12.538573
v 3.298828 -0.2 12.538573
v 3.308586 -0.386183 12.538573
v 3.337751 -0.570326 12.538573
v 3.386005 -0.750412 12.538573
v 3.452819 -0.924468 12.538573
v 3.53746 -1.090586 12.538573
v 3.639002 -1.246947 12.538573
v 3.756331 -1.391837 12.538573
v 3.888163 -1.523669 12.538573
v 4.033053 -1.640998 12.538573
v 4.189414 -1.74254 12.538573
v 4.355532 -1.827182 12.538573
v 4.529587 -1.893995 12.538573
v 4.709673 -1.942249 12.538573
v 4.893817 -1.971415 12.538573
v 5.08 -1.981172 12.538573
v 5.266183 -1.971415 12.538573
v 5.450326 -1.942249 12.538573
v 5.630413 -1.893995 12.538573
v 5.804468 -1.827182 12.538573
v 5.970586 -1.74254 12.538573
v 6.126947 -1.640998 12.538573
v 6.271837 -1.523669 12.538573
v 6.403669 -1.391837 12.538573
v 6.520998 -1.246947 12.538573
v 6.62254 -1.090586 12.538573
v 6.707181 -0.924468 12.538573
v 6.773995 -0.750412 12.538573
v 6.822249 -0.570326 12.538573
v 6.851415 -0.386183 12.538573
v 6.861172 -0.2 12.538573
v 6.783709 -0.020933 12.482703
v 6.755659 0.156172 12.482703
v 6.709249 0.329375 12.482703
v 6.644989 0.496778 12.482703
v 6.563582 0.656547 12.482703
v 6.465922 0.806931 12.482703
v 6.353076 0.946283 12.482703
v 6.226283 1.073076 12.482703
v 6.086931 1.185922 12.482703
v 5.936547 1.283582 12.482703
v 5.776778 1.364989 12.482703
v 5.609375 1.429249 12.482703
v 5.436172 1.475658 12.482703
v 5.259067 1.503709 12.482703
v 5.08 1.513093 12.482703
v 4.900933 1.503709 12.482703
v 4.723828 1.475658 12.482703
v 4.550625 1.429249 12.482703
v 4.383222 1.364989 12.482703
v 4.223454 1.283582 12.482703
v 4.073069 1.185922 12.482703
v 3.933717 1.073076 12.482703
v 3.806924 0.946283 12.482703
v 3.694078 0.806931 12.482703
v 3.596418 0.656547 12.482703
v 3.515011 0.496778 12.482703
v 3.450751 0.329375 12.482703
v 3.404342 0.156172 12.482703
v 3.376291 -0.020933 12.482703
v 3.366907 -0.2 12.482703
v 3.376291 -0.379067 12.482703
v 3.404342 -0.556172 12.482703
v 3.450751 -0.729375 12.482703
v 3.515011 -0.896778 12.482703
v 3.596418 -1.056547 12.482703
v 3.694078 -1.206931 12.482703
v 3.806924 -1.346283 12.482703
v 3.933717 -1.473077 12.482703
v 4.073069 -1.585922 12.482703
v 4.223454 -1.683582 12.482703
v 4.383222 -1.764989 12.482703
v 4.550625 -1.829249 12.482703
v 4.723828 -1.875658 12.482703
v 4.900933 -1.903709 12.482703
v 5.08 -1.913093 12.482703
v 5.259067 -1.903709 12.482703
v 5.436172 -1.875658 12.482703
v 5.609375 -1.829249 12.482703
v 5.776778 -1.764989 12.482703
v 5.936547 -1.683582 12.482703
v 6.086931 -1.585922 12.482703
v 6.226283 -1.473077 12.482703
v 6.353076 -1.346283 12.482703
v 6.465922 -1.206931 12.482703
v 6.563582 -1.056547 12.482703
v 6.644989 -0.896778 12.482703
v 6.709249 -0.729375 12.482703
v 6.755659 -0.556172 12.482703
v 6.783709 -0.379067 12.482703
v 6.793093 -0.2 12.482703
v 6.706464 -0.029052 12.441188
v 6.679685 0.140024 12.441188
v 6.63538 0.305374 12.441188
v 6.574033 0.465187 12.441188
v 6.496318 0.617712 12.441188
v 6.403085 0.761278 12.441188
v 6.295356 0.894312 12.441188
v 6.174312 1.015356 12.441188
v 6.041278 1.123085 12.441188
v 5.897711 1.216318 12.441188
v 5.745186 1.294034 12.441188
v 5.585373 1.35538 12.441188
v 5.420023 1.399685 12.441188
v 5.250948 1.426464 12.441188
v 5.08 1.435423 12.441188
v 4.909051 1.426464 12.441188
v 4.739976 1.399685 12.441188
v 4.574626 1.35538 12.441188
v 4.414814 1.294034 12.441188
v 4.262289 1.216318 12.441188
v 4.118722 1.123085 12.441188
v 3.985688 1.015356 12.441188
v 3.864644 0.894312 12.441188
v 3.756915 0.761278 12.441188
v 3.663682 0.617712 12.441188
v 3.585967 0.465187 12.441188
v 3.52462 0.305374 12.441188
v 3.480315 0.140024 12.441188
v 3.453536 -0.029052 12.441188
v 3.444577 -0.2 12.441188
v 3.453536 -0.370948 12.441188
v 3.480315 -0.540024 12.441188
v 3.52462 -0.705374 12.441188
v 3.585967 -0.865187 12.441188
v 3.663682 -1.017712 12.441188
v 3.756915 -1.161278 12.441188
v 3.864644 -1.294312 12.441188
v 3.985688 -1.415356 12.441188
v 4.118722 -1.523085 12.441188
v 4.262289 -1.616318 12.441188
v 4.414814 -1.694034 12.441188
v 4.574626 -1.75538 12.441188
v 4.739976 -1.799685 12.441188
v 4.909051 -1.826464 12.441188
v 5.08 -1.835423 12.441188
v 5.250948 -1.826464 12.441188
v 5.420023 -1.799685 12.441188
v 5.585373 -1.75538 12.441188
v 5.745186 -1.694034 12.441188
v 5.897711 -1.616318 12.441188
v 6.041278 -1.523085 12.441188
v 6.174312 -1.415356 12.441188
v 6.295356 -1.294312 12.441188
v 6.403085 -1.161278 12.441188
v 6.496318 -1.017712 12.441188
v 6.574033 -0.865187 12.441188
v 6.63538 -0.705374 12.441188
v 6.679685 -0.540024 12.441188
v 6.706464 -0.370948 12.441188
v 6.715424 -0.2 12.441188
v 6.622649 -0.037861 12.415623
v 6.59725 0.122501 12.415623
v 6.555228 0.279331 12.415623
v 6.497043 0.430908 12.415623
v 6.423332 0.575573 12.415623
v 6.334904 0.711741 12.415623
v 6.232727 0.837919 12.415623
v 6.117919 0.952726 12.415623
v 5.991741 1.054904 12.415623
v 5.855573 1.143332 12.415623
v 5.710908 1.217043 12.415623
v 5.55933 1.275228 12.415623
v 5.402502 1.31725 12.415623
v 5.242139 1.342649 12.415623
v 5.08 1.351146 12.415623
v 4.917861 1.342649 12.415623
v 4.757498 1.31725 12.415623
v 4.600669 1.275228 12.415623
v 4.449092 1.217043 12.415623
v 4.304427 1.143332 12.415623
v 4.168259 1.054904 12.415623
v 4.04208 0.952726 12.415623
v 3.927274 0.837919 12.415623
v 3.825096 0.711741 12.415623
v 3.736668 0.575573 12.415623
v 3.662957 0.430908 12.415623
v 3.604772 0.279331 12.415623
v 3.56275 0.122501 12.415623
v 3.537351 -0.037861 12.415623
v 3.528854 -0.2 12.415623
v 3.537351 -0.362139 12.415623
v 3.56275 -0.522501 12.415623
v 3.604772 -0.679331 12.415623
v 3.662957 -0.830908 12.415623
v 3.736668 -0.975573 12.415623
v 3.825096 -1.111741 12.415623
v 3.927274 -1.237919 12.415623
v 4.04208 -1.352726 12.415623
v 4.168259 -1.454904 12.415623
v 4.304427 -1.543332 12.415623
v 4.449092 -1.617043 12.415623
v 4.600669 -1.675228 12.415623
v 4.757498 -1.71725 12.415623
v 4.917861 -1.742649 12.415623
v 5.08 -1.751146 12.415623
v 5.242139 -1.742649 12.415623
v 5.402502 -1.71725 12.415623
v 5.55933 -1.675228 12.415623
v 5.710908 -1.617043 12.415623
v 5.855573 -1.543332 12.415623
v 5.991741 -1.454904 12.415623
v 6.117919 -1.352726 12.415623
v 6.232727 -1.237919 12.415623
v 6.334904 -1.111741 12.415623
v 6.423332 -0.975573 12.415623
v 6.497043 -0.830908 12.415623
v 6.555228 -0.679331 12.415623
v 6.59725 -0.522501 12.415623
v 6.622649 -0.362139 12.415623
v 6.631146 -0.2 12.415623
v 3.47454 -1.239775 13.055344
v 3.566061 -1.369026 13.055344
v 3.752406 -1.576999 13.055344
v 3.967046 -1.755624 13.055344
v 4.181355 -1.888511 13.350813
v 4.040226 -1.80546 13.350813
v 4.040226 -1.80546 13.055344
v 6.68546 0.839775 13.350813
v 6.68546 0.839775 13.055344
v 6.675234 0.855397 13.055344
v 6.504567 1.076418 13.055344
v 6.303538 1.270234 13.055344
v 6.119775 1.40546 13.055344
v 6.992345 -0.239609 13.350813
v 6.978383 -0.434045 13.350813
v 6.970638 -0.478195 13.350813
v 6.944702 -0.626051 13.350813
v 6.909519 -0.750459 13.350813
v 6.891654 -0.813631 13.350813
v 6.819789 -0.994838 13.350813
v 6.811133 -1.011483 13.350813
v 6.729853 -1.16779 13.350813
v 6.673165 -1.254037 13.350813
v 6.622782 -1.330689 13.350813
v 6.504289 -1.476192 13.350813
v 6.499686 -1.481844 13.350813
v 6.361845 -1.619686 13.350813
v 6.302037 -1.668391 13.350813
v 6.210689 -1.742782 13.350813
v 6.075657 -1.831537 13.350813
v 6.04779 -1.849854 13.350813
v 5.874838 -1.939789 13.350813
v 5.827379 -1.958611 13.350813
v 5.693631 -2.011654 13.350813
v 5.563227 -2.048533 13.350813
v 5.506051 -2.064702 13.350813
v 5.314045 -2.098382 13.350813
v 5.289121 -2.100173 13.350813
v 5.119609 -2.112345 13.350813
v 4.541909 -2.035508 13.350813
v 4.463211 -2.008011 13.350813
v 5.010217 -2.109033 13.350813
v 4.924761 -2.106445 13.350813
v 4.73258 -2.080884 13.350813
v 4.731525 -2.080744 13.350813
v 4.357882 -1.971208 13.350813
v 4.205913 -1.900016 13.350813
v 6.768511 0.698645 13.350813
v 6.809651 0.610828 13.350813
v 6.851208 0.522118 13.350813
v 6.91105 0.350851 13.350813
v 6.915508 0.338091 13.350813
v 6.960744 0.148475 13.350813
v 6.970092 0.078196 13.350813
v 6.986445 -0.044761 13.350813
v 6.991148 -0.200049 13.350813
v 4.361541 -1.962231 13.449242
v 4.925547 -2.096783 13.449242
v 5.119408 -2.102653 13.449242
v 5.312859 -2.088761 13.449242
v 5.690521 -2.002472 13.449242
v 5.87081 -1.930971 13.449242
v 6.204958 -1.734963 13.449242
v 6.614963 -1.324958 13.449242
v 6.721491 -1.162885 13.449242
v 6.810971 -0.99081 13.449242
v 6.935251 -0.623892 13.449242
v 6.968761 -0.432859 13.449242
v 6.976783 -0.045547 13.449242
v 6.842231 0.518458 13.449242
v 6.472228 0.626542 13.809162
v 6.459064 0.613378 13.816397
v 6.49357 0.552318 13.816937
v 4.04331 -1.802376 13.416275
v 4.185909 -1.879953 13.449242
v 4.047982 -1.797703 13.449039
v 4.199398 -1.854609 13.543888
v 4.060004 -1.785681 13.514655
v 4.052424 -1.793262 13.480175
v 4.221303 -1.813451 13.631115
v 4.078333 -1.767352 13.575246
v 4.068723 -1.776962 13.543477
v 4.250781 -1.758062 13.70757
v 4.116977 -1.728708 13.660208
v 4.102022 -1.743663 13.631625
v 4.286701 -1.69057 13.770314
v 4.202909 -1.642776 13.770221
v 4.18445 -1.661236 13.752254
v 4.148642 -1.697044 13.709429
v 4.147376 -1.69831 13.70746
v 4.291254 -1.554431 13.829591
v 4.266762 -1.578923 13.815969
v 4.327682 -1.61357 13.816937
v 4.246933 -1.598752 13.804941
v 4.205122 -1.640563 13.772375
v 4.372149 -1.530019 13.845649
v 4.418392 -1.44313 13.855343
v 4.408092 -1.437593 13.855343
v 4.364147 -1.481538 13.851799
v 4.335886 -1.509799 13.844625
v 4.316466 -1.529219 13.839694
v 6.317593 0.471908 13.855343
v 6.32313 0.461608 13.855343
v 6.34456 0.498875 13.854013
v 6.410019 0.507852 13.845649
v 6.43841 0.592725 13.827747
v 6.392315 0.54663 13.845003
v 6.389948 0.544263 13.84545
v 6.514161 0.668475 13.778028
v 6.57057 0.593299 13.770314
v 6.522511 0.676826 13.769737
v 6.552542 0.706856 13.739923
v 6.638062 0.629219 13.70757
v 6.577636 0.731951 13.708619
v 6.609044 0.763359 13.659611
v 6.693451 0.658697 13.631115
v 6.62328 0.777595 13.630532
v 6.635431 0.789746 13.605716
v 6.734609 0.680602 13.543888
v 6.649825 0.80414 13.568233
v 6.759953 0.694091 13.449242
v 6.667428 0.821743 13.507444
v 6.656985 0.8113 13.543507
v 6.683273 0.837587 13.405978
v 6.679127 0.833441 13.444408
v 6.678244 0.832558 13.449169
v 6.384014 0.331644 13.855343
v 6.475159 0.368804 13.845649
v 6.562801 0.404535 13.816937
v 6.643573 0.437466 13.770314
v 6.71437 0.46633 13.70757
v 6.772471 0.490018 13.631115
v 6.815645 0.507619 13.543888
v 6.464657 0.056557 13.855343
v 6.483579 -0.085708 13.855343
v 6.561439 0.074489 13.845649
v 6.581684 -0.07772 13.845649
v 6.654501 0.091733 13.816937
v 6.676018 -0.070038 13.816937
v 6.740268 0.107624 13.770314
v 6.762957 -0.062959 13.770314
v 6.815444 0.121553 13.70757
v 6.839159 -0.056754 13.70757
v 6.877138 0.132984 13.631115
v 6.901697 -0.051662 13.631115
v 6.922982 0.141478 13.543888
v 6.948167 -0.047878 13.543888
v 6.951212 0.146709 13.449242
v 6.02373 -1.245213 13.855343
v 5.912446 -1.33584 13.855343
v 6.089693 -1.318269 13.845649
v 5.97063 -1.41523 13.845649
v 6.153121 -1.388518 13.816937
v 6.026578 -1.49157 13.816937
v 6.211576 -1.453259 13.770314
v 6.078141 -1.561925 13.770314
v 6.262813 -1.510005 13.70757
v 6.123335 -1.623591 13.70757
v 6.304862 -1.556576 13.631115
v 6.160426 -1.6742 13.631115
v 6.336107 -1.591181 13.543888
v 6.187986 -1.711805 13.543888
v 6.355348 -1.612491 13.449242
v 4.683842 -1.551353 13.855343
v 4.548356 -1.504014 13.855343
v 4.656152 -1.645807 13.845649
v 4.511196 -1.595159 13.845649
v 4.629527 -1.736632 13.816937
v 4.475464 -1.682801 13.816937
v 4.604988 -1.820336 13.770314
v 4.442534 -1.763573 13.770314
v 4.58348 -1.893703 13.70757
v 4.413671 -1.83437 13.70757
v 4.565829 -1.953914 13.631115
v 4.389982 -1.892472 13.631115
v 4.552712 -1.998654 13.543888
v 4.372381 -1.935645 13.543888
v 4.544636 -2.026206 13.449242
v 6.906206 0.335364 13.449242
v 6.878654 0.327287 13.543888
v 6.833914 0.314171 13.631115
v 6.773703 0.29652 13.70757
v 6.700336 0.275012 13.770314
v 6.616632 0.250473 13.816937
v 6.525807 0.223848 13.845649
v 6.431353 0.196158 13.855343
v 6.982653 -0.239408 13.449242
v 6.953948 -0.238813 13.543888
v 6.907335 -0.237848 13.631115
v 6.844604 -0.236549 13.70757
v 6.768165 -0.234965 13.770314
v 6.680957 -0.233159 13.816937
v 6.586331 -0.231199 13.845649
v 6.487923 -0.229161 13.855343
v 6.477643 -0.372311 13.855343
v 6.575333 -0.384355 13.845649
v 6.669268 -0.395935 13.816937
v 6.755839 -0.406609 13.770314
v 6.831719 -0.415964 13.70757
v 6.893993 -0.423641 13.631115
v 6.940266 -0.429346 13.543888
v 6.907262 -0.617496 13.543888
v 6.86181 -0.607111 13.631115
v 6.800641 -0.593135 13.70757
v 6.726107 -0.576106 13.770314
v 6.641072 -0.556677 13.816937
v 6.548803 -0.535595 13.845649
v 6.452847 -0.513671 13.855343
v 6.882472 -0.810521 13.449242
v 6.855279 -0.801311 13.543888
v 6.81112 -0.786353 13.631115
v 6.751691 -0.766224 13.70757
v 6.679277 -0.741697 13.770314
v 6.596661 -0.713713 13.816937
v 6.507018 -0.68335 13.845649
v 6.413791 -0.651773 13.855343
v 6.360882 -0.785183 13.855343
v 6.45041 -0.826084 13.845649
v 6.536498 -0.865414 13.816937
v 6.615837 -0.901661 13.770314
v 6.685378 -0.933432 13.70757
v 6.742449 -0.959505 13.631115
v 6.784857 -0.978879 13.543888
v 6.696727 -1.148358 13.543888
v 6.656512 -1.124768 13.631115
v 6.602391 -1.093021 13.70757
v 6.536445 -1.054338 13.770314
v 6.461207 -1.010204 13.816937
v 6.37957 -0.962316 13.845649
v 6.294669 -0.912514 13.855343
v 6.591805 -1.307987 13.543888
v 6.5542 -1.280426 13.631115
v 6.503592 -1.243335 13.70757
v 6.441925 -1.198141 13.770314
v 6.37157 -1.146578 13.816937
v 6.29523 -1.09063 13.845649
v 6.21584 -1.032445 13.855343
v 6.49249 -1.475348 13.449242
v 6.471181 -1.456107 13.543888
v 6.436576 -1.424862 13.631115
v 6.390005 -1.382813 13.70757
v 6.333259 -1.331576 13.770314
v 6.268517 -1.273121 13.816937
v 6.198269 -1.209693 13.845649
v 6.125213 -1.14373 13.855343
v 6.042885 -1.841492 13.449242
v 6.028358 -1.816727 13.543888
v 6.004768 -1.776512 13.631115
v 5.973021 -1.722391 13.70757
v 5.934338 -1.656445 13.770314
v 5.890204 -1.581207 13.816937
v 5.842316 -1.499569 13.845649
v 5.792514 -1.414669 13.855343
v 5.665183 -1.480882 13.855343
v 5.706084 -1.57041 13.845649
v 5.745414 -1.656498 13.816937
v 5.781661 -1.735837 13.770314
v 5.813431 -1.805378 13.70757
v 5.839505 -1.862449 13.631115
v 5.858879 -1.904857 13.543888
v 5.681311 -1.975279 13.543888
v 5.666353 -1.93112 13.631115
v 5.646224 -1.871691 13.70757
v 5.621697 -1.799278 13.770314
v 5.593713 -1.716661 13.816937
v 5.56335 -1.627017 13.845649
v 5.531773 -1.533791 13.855343
v 5.503891 -2.055251 13.449242
v 5.497497 -2.027262 13.543888
v 5.487112 -1.981809 13.631115
v 5.473135 -1.920641 13.70757
v 5.456106 -1.846107 13.770314
v 5.436677 -1.761072 13.816937
v 5.415595 -1.668803 13.845649
v 5.393671 -1.572847 13.855343
v 5.252311 -1.597643 13.855343
v 5.264354 -1.695333 13.845649
v 5.275935 -1.789268 13.816937
v 5.286608 -1.875839 13.770314
v 5.295963 -1.951719 13.70757
v 5.303641 -2.013993 13.631115
v 5.309346 -2.060266 13.543888
v 5.118814 -2.073949 13.543888
v 5.117848 -2.027335 13.631115
v 5.116549 -1.964603 13.70757
v 5.114965 -1.888165 13.770314
v 5.113159 -1.800957 13.816937
v 5.111199 -1.706331 13.845649
v 5.109161 -1.607923 13.855343
v 4.927877 -2.068167 13.543888
v 4.931662 -2.021697 13.631115
v 4.936754 -1.959159 13.70757
v 4.942959 -1.882957 13.770314
v 4.950038 -1.796018 13.816937
v 4.95772 -1.701684 13.845649
v 4.965708 -1.603579 13.855343
v 4.733291 -2.071212 13.449242
v 4.738522 -2.042982 13.543888
v 4.747016 -1.997138 13.631115
v 4.758447 -1.935444 13.70757
v 4.772376 -1.860268 13.770314
v 4.788268 -1.774502 13.816937
v 4.805511 -1.681439 13.845649
v 4.823443 -1.584657 13.855343
v 6.33 -2.617619 6.102784
v 7.08 -2.617619 7.715472
v 3.83 -2.617619 6.102784
v 3.08 -2.617619 7.715472
v 3.83 -2.617619 2.599814
v 3.08 -2.617619 1.47622
v 6.33 -2.617619 2.599814
v 7.08 -2.617619 1.47622
v 6.33 2.220445 6.102784
v 7.08 2.220445 7.715472
v 6.33 2.220445 2.599814
v 7.08 2.220445 1.47622
v 3.83 2.220445 2.599814
v 3.08 2.220445 1.47622
v 3.83 2.220445 6.102784
v 3.08 2.220445 7.715472
v 6.23 -2.753248 5.215123
v 6.23 -3.19272 5.215123
v 3.93 -2.753248 5.215123
v 3.93 -3.19272 5.215123
v 3.93 -2.196408 5.215123
v 3.93 -1.753248 5.215123
v 6.23 -2.196408 5.215123
v 6.23 -1.753248 5.215123
v 3.93 -1.196408 5.215123
v 3.93 -0.753248 5.215123
v 6.23 -1.196408 5.215123
v 6.23 -0.753248 5.215123
v 3.93 -0.196408 5.215123
v 3.93 0.246752 5.215123
v 6.23 -0.196408 5.215123
v 6.23 0.246752 5.215123
v 3.93 0.803592 5.215123
v 3.93 1.246752 5.215123
v 6.23 0.803592 5.215123
v 6.23 1.246752 5.215123
v 5.6613 3.877045 3.674764
v 6.23 3.877045 4.559439
v 5.6613 3.877045 2.456766
v 6.23 3.877045 1.697749
v 4.493644 3.877045 2.456766
v 3.93 3.877045 1.697749
v 4.493644 3.877045 3.674764
v 3.93 3.877045 4.559439
v 4.93 0.1 -4.5
v 5.23 0.1 -4.5
v 4.63 0.1 -3.380385
v 5.53 0.1 -3.380385
v 4.63 0.1 -0.0
v 5.53 0.1 -0.0
v 4.93 0.9 -4.5
v 5.23 0.9 -4.5
v 4.63 0.9 0.0
v 5.53 0.9 0.0
v 4.63 0.9 -3.380385
v 5.53 0.9 -3.380385
v 5.53 0.90431 0.032737
v 4.63 0.90431 0.032737
v 5.53 0.916946 0.063244
v 4.63 0.916946 0.063244
v 5.53 0.937047 0.089441
v 4.63 0.937047 0.089441
v 5.53 0.963244 0.109542
v 4.63 0.963244 0.109542
v 5.53 0.993751 0.122178
v 4.63 0.993751 0.122178
v 5.53 1.026488 0.126488
v 4.63 1.026488 0.126488
v 3.93 2.305784 0.126488
v 6.23 2.305784 0.126488
v 5.53 1.605784 0.126488
v 4.63 1.605784 0.126488
v 3.93 2.612322 0.156679
v 6.23 2.612322 0.156679
v 3.93 2.907079 0.246093
v 6.23 2.907079 0.246093
v 3.93 3.17873 0.391293
v 6.23 3.17873 0.391293
v 3.93 3.416833 0.5867
v 6.23 3.416833 0.5867
v 3.93 3.61224 0.824803
v 6.23 3.61224 0.824803
v 3.93 3.75744 1.096453
v 6.23 3.75744 1.096453
v 3.93 3.846853 1.391211
v 6.23 3.846853 1.391211
v 3.93 3.849074 4.843429
v 6.23 3.849074 4.843429
v 3.93 3.766237 5.116505
v 6.23 3.766237 5.116505
v 3.93 3.631718 5.368174
v 6.23 3.631718 5.368174
v 3.93 3.450685 5.588763
v 6.23 3.450685 5.588763
v 3.93 3.230095 5.769796
v 6.23 3.230095 5.769796
v 3.93 2.978427 5.904315
v 6.23 2.978427 5.904315
v 3.93 2.70535 5.987153
v 6.23 2.70535 5.987153
v 3.93 2.42136 6.015123
v 6.23 2.42136 6.015123
v 6.23 -3.19272 6.015123
v 3.93 -3.19272 6.015123
v 3.93 1.803592 5.215123
v 3.93 2.42136 5.215123
v 6.23 1.803592 5.215123
v 6.23 2.42136 5.215123
v 6.23 2.591064 5.192781
v 3.93 2.591064 5.192781
v 6.23 2.749202 5.127278
v 3.93 2.749202 5.127278
v 6.23 2.884999 5.023077
v 3.93 2.884999 5.023077
v 6.23 2.9892 4.887281
v 3.93 2.9892 4.887281
v 6.23 3.054703 4.729142
v 3.93 3.054703 4.729142
v 6.23 3.077045 4.559439
v 3.93 3.077045 4.559439
v 6.23 3.077045 1.697749
v 3.93 3.077045 1.697749
v 6.23 3.050765 1.498132
v 3.93 3.050765 1.498132
v 6.23 2.973715 1.312118
v 3.93 2.973715 1.312118
v 6.23 2.851148 1.152385
v 3.93 2.851148 1.152385
v 6.23 2.691414 1.029817
v 3.93 2.691414 1.029817
v 6.23 2.505401 0.952768
v 3.93 2.505401 0.952768
v 6.23 2.305784 0.926488
v 3.93 2.305784 0.926488
v 4.63 1.026488 0.926488
v 5.53 1.026488 0.926488
v 4.63 1.605784 0.926488
v 5.53 1.605784 0.926488
v 4.63 0.786695 0.894919
v 5.53 0.786695 0.894919
v 4.63 0.563244 0.802362
v 5.53 0.563244 0.802362
v 4.63 0.371362 0.655126
v 5.53 0.371362 0.655126
v 4.63 0.224126 0.463244
v 5.53 0.224126 0.463244
v 4.63 0.131569 0.239793
v 5.53 0.131569 0.239793
v 6.23 -2.474828 5.493543
v 6.23 -1.474828 5.493543
v 6.23 -0.474828 5.493543
v 6.23 0.525172 5.493543
v 6.23 1.525172 5.493543
v 3.93 0.525172 5.493543
v 3.93 -0.474828 5.493543
v 3.93 -1.474828 5.493543
v 3.93 -2.474828 5.493543
v 3.93 1.525172 5.493543
v 4.493644 4.377045 2.602511
v 4.493644 4.377045 2.456766
v 5.6613 4.377045 2.602511
v 5.6613 4.377045 2.456766
v 7.62 -0.515581 2.124177
v 7.62 -0.515581 2.003333
v 7.62 -0.221946 2.003333
newmtl 2
Ka 0.0 0.9058823529411765 0.39215686274509803
Kd 0.0 0.9058823529411765 0.39215686274509803
Ks 0.0 0.45098039215686275 0.19607843137254902
d 0.0
endmtl
v 7.62 -0.515581 2.608132
v 7.62 -0.515581 2.518687
v 7.62 -0.221946 2.518687
v 7.62 -0.105266 2.915564
v 7.62 -0.082377 2.918344
v 7.62 -0.20366 2.918344
v 7.62 0.111543 2.880678
v 7.62 0.111543 2.783045
v 7.62 0.193931 2.783045
v 7.62 0.130193 2.125633
v 7.62 0.117817 2.124177
v 7.62 0.193931 2.124177
v 7.62 0.493576 2.396723
v 7.62 0.493576 2.29909
v 7.62 0.550698 2.29909
v 7.62 -0.779986 2.677839
v 7.62 -0.721169 2.628068
v 7.62 -0.515581 2.918344
v 7.62 -1.020552 2.918344
v 7.62 -0.972356 2.884835
v 7.62 -0.89685 2.796155
v 7.62 -0.855231 2.713486
v 7.62 -0.844527 2.709886
v 7.62 -0.515581 14.0
v 7.62 -3.2 14.0
v 7.62 -3.512156 12.183359
v 7.62 -1.46507 2.950779
v 7.62 -1.364388 2.986852
v 7.62 -1.267338 2.997622
v 7.62 -1.163686 2.984964
v 7.62 -1.056141 2.943087
v 7.62 -3.46077 6.5
v 7.62 -1.518814 2.918344
v 7.62 -3.46077 2.918344
v 7.62 -1.527616 2.913032
v 7.62 -3.46077 2.608132
v 7.62 -1.993512 2.608132
v 7.62 -1.97449 2.651024
v 7.62 -1.92237 2.717824
v 7.62 -1.758357 2.811385
v 7.62 -1.672937 2.821935
v 7.62 -1.578587 2.869381
v 7.62 -1.647994 2.820579
v 7.62 -1.623051 2.817597
v 7.62 -1.907701 2.731707
v 7.62 -1.838706 2.780197
v 7.62 -1.865547 2.176438
v 7.62 -1.933215 2.234141
v 7.62 -3.46077 2.124177
v 7.62 -1.787162 2.138249
v 7.62 -1.982775 2.304913
v 7.62 -2.013834 2.385665
v 7.62 -3.46077 2.518687
v 7.62 -2.024312 2.47056
v 7.62 -2.023695 2.491431
v 7.62 -2.018821 2.518687
v 7.62 -2.009116 2.572947
v 7.62 -1.759696 2.13003
v 7.62 -1.756961 2.124177
v 7.62 -1.737949 2.083498
v 7.62 -1.705692 2.043689
v 7.62 -0.515581 0.0
v 7.62 -1.501155 1.989003
v 7.62 -1.553643 1.982539
v 7.62 -3.46077 0.0
v 7.62 -1.562011 1.982695
v 7.62 -1.613222 1.990682
v 7.62 -3.46077 2.003333
v 7.62 -1.643328 2.003333
v 7.62 -1.663264 2.011709
v 7.62 -1.3504 2.124177
v 7.62 -1.350589 2.123376
v 7.62 -1.376239 2.075027
v 7.62 -1.409577 2.037641
v 7.62 -1.452779 2.00758
v 7.62 -1.46384 2.003333
v 7.62 -0.650411 2.500107
v 7.62 -0.640502 2.429349
v 7.62 -1.073455 2.252133
v 7.62 -1.058572 2.258012
v 7.62 -1.033088 2.381632
v 7.62 -0.720755 2.223296
v 7.62 -0.77979 2.173326
v 7.62 -1.39097 2.344759
v 7.62 -1.100326 2.496588
v 7.62 -1.428866 2.379267
v 7.62 -1.474889 2.403936
v 7.62 -1.086792 2.24268
v 7.62 -0.677722 2.283235
v 7.62 -0.776037 2.446151
v 7.62 -0.786216 2.487813
v 7.62 -0.802849 2.518687
v 7.62 -1.882274 2.518687
v 7.62 -0.650465 2.351897
v 7.62 -1.041764 2.260169
v 7.62 -1.039653 2.260016
v 7.62 -1.033146 2.258575
v 7.62 -1.869541 2.388436
v 7.62 -1.84367 2.344403
v 7.62 -1.73354 2.322003
v 7.62 -1.80478 2.304454
v 7.62 -1.757527 2.275352
v 7.62 -1.653324 2.393806
v 7.62 -1.697675 2.362999
v 7.62 -1.887666 2.474898
v 7.62 -1.885082 2.441526
v 7.62 -1.605413 2.412127
v 7.62 -1.553643 2.418504
v 7.62 -1.527244 2.416938
v 7.62 -1.109002 2.19293
v 7.62 -1.108451 2.20149
v 7.62 -1.336745 2.221127
v 7.62 -1.104095 2.217999
v 7.62 -1.095755 2.232796
v 7.62 -0.818997 2.312467
v 7.62 -0.795135 2.346298
v 7.62 -0.780186 2.384954
v 7.62 -0.774979 2.42718
v 7.62 -1.058321 2.127661
v 7.62 -1.072668 2.133309
v 7.62 -1.086735 2.14331
v 7.62 -1.091777 2.148442
v 7.62 -1.101231 2.162066
v 7.62 -1.106944 2.176775
v 7.62 -1.337914 2.176924
v 7.62 -1.336745 2.199437
v 7.62 -0.845971 2.140946
v 7.62 -0.918132 2.125692
v 7.62 -1.046102 2.125692
v 7.62 -1.02875 2.258
v 7.62 -0.931146 2.258
v 7.62 -0.892246 2.265448
v 7.62 -0.85397 2.283171
v 7.62 -0.821895 2.309355
v 7.62 -0.961512 2.596361
v 7.62 -1.862625 2.575762
v 7.62 -1.881203 2.527387
v 7.62 -0.94416 2.596361
v 7.62 -0.806379 2.525239
v 7.62 -0.83142 2.553205
v 7.62 -0.86506 2.576696
v 7.62 -0.902916 2.591274
v 7.62 -1.008226 2.726601
v 7.62 -1.057138 2.785057
v 7.62 -1.555812 2.659261
v 7.62 -1.062682 2.790108
v 7.62 -1.123625 2.832393
v 7.62 -1.522691 2.727849
v 7.62 -1.840102 2.608132
v 7.62 -1.571352 2.667755
v 7.62 -0.964098 2.608132
v 7.62 -0.974771 2.656709
v 7.62 -1.619989 2.685514
v 7.62 -1.670768 2.691796
v 7.62 -1.693282 2.690628
v 7.62 -1.474049 2.78597
v 7.62 -1.191643 2.858448
v 7.62 -1.415852 2.828492
v 7.62 -1.265169 2.867483
v 7.62 -1.344992 2.857205
v 7.62 -1.746829 2.677952
v 7.62 -1.795179 2.652303
v 7.62 -1.832564 2.618964
v 7.62 -0.706872 2.608132
v 7.62 -0.676912 2.566354
v 7.62 -0.657843 2.518687
v 7.62 0.618269 2.16153
v 7.62 0.618269 2.12675
v 7.62 0.647083 2.124177
v 7.62 0.550698 2.124177
v 7.62 0.647083 2.518687
v 7.62 0.611329 2.396723
v 7.62 0.611329 2.431815
v 7.62 0.493576 2.16153
v 7.62 0.550698 2.16153
v 7.62 0.493576 2.264154
v 7.62 0.550698 2.264154
v 7.62 0.602673 2.264154
v 7.62 0.602673 2.29909
v 7.62 0.550698 2.396723
v 7.62 0.550698 2.12675
v 7.62 0.454195 2.12675
v 7.62 0.433608 2.124177
v 7.62 0.454195 2.431815
v 7.62 -0.099376 2.124243
v 7.62 -0.099918 2.124177
v 7.62 -0.053155 2.12675
v 7.62 -0.173926 2.231339
v 7.62 -0.168724 2.292228
v 7.62 -0.181753 2.220533
v 7.62 -0.187196 2.207199
v 7.62 -0.014944 2.12675
v 7.62 0.036836 2.173851
v 7.62 -0.014944 2.266961
v 7.62 0.036836 2.134392
v 7.62 -0.143779 2.124258
v 7.62 -0.158429 2.129781
v 7.62 -0.20366 2.124177
v 7.62 -0.183463 2.154738
v 7.62 -0.188104 2.167641
v 7.62 -0.132371 2.344939
v 7.62 -0.20366 2.518687
v 7.62 -0.160792 2.333939
v 7.62 -0.168724 2.329347
v 7.62 -0.161909 2.241397
v 7.62 -0.145077 2.24966
v 7.62 -0.146482 2.306805
v 7.62 -0.117724 2.2562
v 7.62 -0.084348 2.317229
v 7.62 -0.097292 2.318585
v 7.62 -0.122656 2.315629
v 7.62 -0.053155 2.160438
v 7.62 -0.054169 2.160438
v 7.62 -0.063758 2.146817
v 7.62 -0.171297 2.138759
v 7.62 -0.175509 2.143021
v 7.62 -0.076311 2.135133
v 7.62 -0.084193 2.130179
v 7.62 0.043128 2.311797
v 7.62 -0.041347 2.334994
v 7.62 -0.031253 2.325105
v 7.62 -0.190013 2.185081
v 7.62 -0.189836 2.190988
v 7.62 0.052377 2.164301
v 7.62 0.054499 2.163518
v 7.62 0.054499 2.244604
v 7.62 0.038578 2.299495
v 7.62 -0.093705 2.349622
v 7.62 -0.069828 2.347371
v 7.62 -0.053931 2.342373
v 7.62 -0.053155 2.265246
v 7.62 -0.054484 2.282142
v 7.62 -0.058435 2.295747
v 7.62 -0.062924 2.303617
v 7.62 -0.017649 2.294791
v 7.62 0.038713 2.270997
v 7.62 -0.023524 2.312557
v 7.62 0.03707 2.285833
v 7.62 -0.068701 2.309762
v 7.62 -0.075485 2.314133
v 7.62 0.054161 2.244827
v 7.62 0.04791 2.251365
v 7.62 0.042927 2.259329
v 7.62 0.054499 2.127857
v 7.62 0.054499 2.124177
v 7.62 0.059877 2.125867
v 7.62 0.074179 2.124177
v 7.62 0.173538 2.339952
v 7.62 0.173538 2.302833
v 7.62 0.050227 2.322125
v 7.62 0.054499 2.325966
v 7.62 0.054499 2.518687
v 7.62 0.061557 2.33231
v 7.62 0.07414 2.339693
v 7.62 0.18217 2.170663
v 7.62 0.177478 2.158554
v 7.62 0.170356 2.148476
v 7.62 0.095439 2.346932
v 7.62 0.121914 2.349622
v 7.62 0.193931 2.518687
v 7.62 0.148721 2.347244
v 7.62 0.171199 2.222044
v 7.62 0.178331 2.211518
v 7.62 0.182408 2.200252
v 7.62 0.183988 2.186016
v 7.62 0.159424 2.138915
v 7.62 0.150353 2.133353
v 7.62 0.118171 2.318585
v 7.62 0.10686 2.317737
v 7.62 0.076451 2.289264
v 7.62 0.096639 2.315031
v 7.62 0.08807 2.310475
v 7.62 0.076799 2.284181
v 7.62 0.078315 2.278245
v 7.62 0.081068 2.27309
v 7.62 0.084795 2.268989
v 7.62 0.098266 2.260567
v 7.62 0.142427 2.315929
v 7.62 0.121914 2.250273
v 7.62 0.164057 2.308212
v 7.62 0.13671 2.244287
v 7.62 0.162088 2.230173
v 7.62 0.082305 2.30538
v 7.62 0.079029 2.300517
v 7.62 0.077143 2.295358
v 7.62 0.076365 2.155447
v 7.62 0.094933 2.222512
v 7.62 0.072157 2.232952
v 7.62 0.09969 2.152796
v 7.62 0.101377 2.152806
v 7.62 0.120023 2.212003
v 7.62 0.120965 2.155001
v 7.62 0.144763 2.182273
v 7.62 0.144389 2.187027
v 7.62 0.130825 2.15861
v 7.62 0.134309 2.160724
v 7.62 0.138694 2.164617
v 7.62 0.14203 2.169549
v 7.62 0.143972 2.174983
v 7.62 0.142653 2.192993
v 7.62 0.139699 2.198058
v 7.62 0.134937 2.203016
v 7.62 0.759026 2.694146
v 7.62 0.647083 2.694146
v 7.62 0.790141 2.610705
v 7.62 0.647083 2.608132
v 7.62 0.833655 2.610705
v 7.62 0.631994 2.694146
v 7.62 0.602673 2.610705
v 7.62 0.550698 2.608132
v 7.62 0.559159 2.610705
v 7.62 0.550698 2.918344
v 7.62 0.647083 2.841551
v 7.62 0.647083 2.918344
v 7.62 0.675352 2.91577
v 7.62 0.717462 2.91577
v 7.62 0.433608 2.918344
v 7.62 0.26505 2.918344
v 7.62 0.380892 2.91577
v 7.62 0.293864 2.91577
v 7.62 0.293864 2.610705
v 7.62 0.26505 2.608132
v 7.62 0.377773 2.610705
v 7.62 0.433608 2.608132
v 7.62 0.429541 2.617001
v 7.62 0.533926 2.711977
v 7.62 0.5189 2.680426
v 7.62 0.507001 2.864835
v 7.62 0.525883 2.838234
v 7.62 0.496227 2.653439
v 7.62 0.464325 2.630573
v 7.62 0.433608 2.618588
v 7.62 0.496227 2.875376
v 7.62 0.427474 2.910626
v 7.62 0.433608 2.908385
v 7.62 0.464291 2.897176
v 7.62 0.537163 2.809134
v 7.62 0.542237 2.767137
v 7.62 0.541319 2.747692
v 7.62 0.193931 2.918344
v 7.62 0.229295 2.91577
v 7.62 0.193931 2.91577
v 7.62 0.111543 2.645485
v 7.62 0.193931 2.645485
v 7.62 0.111543 2.748109
v 7.62 0.193931 2.748109
v 7.62 0.22064 2.748109
v 7.62 0.236236 2.645485
v 7.62 0.22064 2.783045
v 7.62 0.229295 2.880678
v 7.62 0.193931 2.880678
v 7.62 0.072162 2.610705
v 7.62 0.054499 2.608132
v 7.62 0.193931 2.608132
v 7.62 0.236236 2.610705
v 7.62 0.193931 2.610705
v 7.62 0.072162 2.91577
v 7.62 0.054499 2.918344
v 7.62 -4.63697 7.144741
v 7.62 -4.756382 7.086823
v 7.62 -4.139231 6.5
v 7.62 -4.857862 7.001292
v 7.62 -4.935167 6.893414
v 7.62 -3.512156 6.5
v 7.62 -4.374398 7.165406
v 7.62 -4.506975 7.171484
v 7.62 -5.0 0.0
v 7.62 -4.139231 0.0
v 7.62 -5.0 2.003333
v 7.62 -4.139231 2.003333
v 7.62 -5.0 2.124177
v 7.62 -4.139231 2.124177
v 7.62 -5.0 2.518687
v 7.62 -4.139231 2.518687
v 7.62 -5.0 2.608132
v 7.62 -4.139231 2.608132
v 7.62 -5.0 2.918344
v 7.62 -4.139231 2.918344
v 7.62 -5.0 6.638134
v 7.62 -4.983539 6.769826
v 7.62 3.06077 6.5
v 7.62 3.06077 2.918344
v 7.62 3.06077 2.608132
v 7.62 3.9 9.8
v 7.62 2.8 14.0
v 7.62 0.647083 14.0
v 7.62 3.739231 0.0
v 7.62 5.0 0.0
v 7.62 3.739231 2.003333
v 7.62 5.0 2.003333
v 7.62 3.739231 2.124177
v 7.62 5.0 2.124177
v 7.62 3.739231 2.518687
v 7.62 5.0 2.518687
v 7.62 3.739231 2.608132
v 7.62 5.0 2.608132
v 7.62 3.739231 2.918344
v 7.62 5.0 2.918344
v 7.62 3.739231 6.5
v 7.62 5.0 9.8
v 7.62 3.06077 2.518687
v 7.62 0.759806 2.12675
v 7.62 0.675898 2.12675
v 7.62 0.941192 2.12675
v 7.62 0.923352 2.263736
v 7.62 0.915959 2.228022
v 7.62 0.675898 2.431815
v 7.62 1.099495 2.431815
v 7.62 1.057385 2.431815
v 7.62 0.900933 2.196471
v 7.62 0.87826 2.169484
v 7.62 0.846358 2.146618
v 7.62 0.92427 2.283181
v 7.62 0.919196 2.325179
v 7.62 0.87826 2.39142
v 7.62 0.889034 2.38088
v 7.62 0.907916 2.354278
v 7.62 0.762925 2.431815
v 7.62 0.809507 2.426671
v 7.62 0.846324 2.413221
v 7.62 3.06077 2.124177
v 7.62 1.215688 2.12675
v 7.62 1.172174 2.12675
v 7.62 1.141059 2.210191
v 7.62 1.014027 2.210191
v 7.62 0.984706 2.12675
v 7.62 0.811574 2.133046
v 7.62 3.06077 2.003333
v 7.62 3.06077 0.0
v 7.62 0.647083 2.003333
v 7.62 -0.021241 2.917778
v 7.62 0.011102 2.90844
v 7.62 0.011102 2.867266
v 7.62 0.011102 2.661082
v 7.62 0.011102 2.623338
v 7.62 0.005898 2.620745
v 7.62 -0.026855 2.610003
v 7.62 -0.046433 2.608132
v 7.62 -0.023239 2.880873
v 7.62 -0.060797 2.885357
v 7.62 0.007705 2.869099
v 7.62 -0.075486 2.884618
v 7.62 -0.101631 2.878955
v 7.62 -0.125338 2.867245
v 7.62 -0.170956 2.801694
v 7.62 -0.175976 2.759807
v 7.62 -0.067659 2.64065
v 7.62 -0.143926 2.851513
v 7.62 -0.145995 2.849246
v 7.62 -0.018943 2.647593
v 7.62 -0.053453 2.641178
v 7.62 -0.16074 2.828045
v 7.62 -0.175449 2.745674
v 7.62 -0.170127 2.715804
v 7.62 -0.159869 2.691589
v 7.62 -0.146031 2.672779
v 7.62 -0.137262 2.66441
v 7.62 -0.094069 2.643335
v 7.62 -0.116564 2.650967
v 7.62 -0.061187 2.920917
v 7.62 -0.20366 14.0
v 7.62 -0.028436 2.918344
v 7.62 0.054499 14.0
v 7.62 -0.195361 2.84711
v 7.62 -0.173247 2.875999
v 7.62 -0.165707 2.883195
v 7.62 -0.137148 2.903195
v 7.62 -0.20366 2.688249
v 7.62 -0.211297 2.707831
v 7.62 -0.221946 2.608132
v 7.62 -0.217307 2.757467
v 7.62 -0.21677 2.773398
v 7.62 -0.221946 2.918344
v 7.62 -0.209851 2.813224
v 7.62 -0.20366 2.827703
v 7.62 -0.153646 2.626828
v 7.62 -0.17816 2.647201
v 7.62 -0.20366 2.608132
v 7.62 -0.180677 2.64995
v 7.62 -0.198879 2.675993
v 7.62 -0.073352 2.605558
v 7.62 -0.091804 2.606432
v 7.62 -0.100052 2.608132
v 7.62 -0.12486 2.613245
v 7.62 0.095947 2.121603
v 7.62 0.054499 2.003333
v 7.62 -0.20366 2.003333
v 7.62 -0.143081 2.124177
v 7.62 -0.120921 2.121603
v 7.62 0.373406 2.344631
v 7.62 0.413021 2.344631
v 7.62 0.433608 2.518687
v 7.62 0.550698 2.431815
v 7.62 0.550698 2.518687
v 7.62 0.3261 2.124177
v 7.62 0.303534 2.180869
v 7.62 0.308213 2.162934
v 7.62 0.309227 2.162934
v 7.62 0.26505 2.518687
v 7.62 0.26505 2.291577
v 7.62 0.313906 2.180557
v 7.62 0.310981 2.1704
v 7.62 0.26505 2.124177
v 7.62 0.26505 2.18901
v 7.62 0.203873 2.344631
v 7.62 0.246607 2.344631
v 7.62 0.289342 2.127218
v 7.62 0.288054 2.124177
v 7.62 0.272575 2.087603
v 7.62 0.193931 2.003333
v 7.62 0.21175 2.027245
v 7.62 0.21175 2.061245
v 7.62 0.25785 2.065795
v 7.62 0.264969 2.073703
v 7.62 0.26505 2.073852
v 7.62 0.219567 2.058683
v 7.62 0.233429 2.056878
v 7.62 0.26505 2.030937
v 7.62 0.251829 2.025901
v 7.62 0.26505 2.003333
v 7.62 0.236392 2.024126
v 7.62 0.227957 2.024428
v 7.62 0.243108 2.058029
v 7.62 0.251423 2.061288
v 7.62 0.31414 2.093842
v 7.62 0.296842 2.060153
v 7.62 0.433608 2.003333
v 7.62 0.282859 2.043361
v 7.62 0.280254 2.040973
v 7.62 0.266908 2.031645
v 7.62 -0.229784 2.645485
v 7.62 -0.229784 2.610705
v 7.62 -0.39066 2.610705
v 7.62 -0.351279 2.91577
v 7.62 -0.351279 2.645485
v 7.62 -0.39066 2.91577
v 7.62 -0.221946 2.124177
v 7.62 -0.226586 2.12675
v 7.62 -0.39066 2.12675
v 7.62 -0.226586 2.16153
v 7.62 -0.233527 2.396723
v 7.62 -0.351279 2.264154
v 7.62 -0.351279 2.16153
v 7.62 -0.242183 2.264154
v 7.62 -0.242183 2.29909
v 7.62 -0.351279 2.29909
v 7.62 -0.351279 2.396723
v 7.62 -0.39066 2.431815
v 7.62 -0.233527 2.431815
v 7.62 -0.221946 14.0
v 7.62 0.550698 14.0
v 7.62 0.433608 14.0
v 7.62 0.26505 14.0
v 7.62 0.193931 14.0
v 7.62 0.550698 2.003333
v 7.62 0.647083 0.0
v 7.62 0.550698 0.0
v 7.62 0.433608 0.0
v 7.62 0.26505 0.0
v 7.62 0.193931 0.0
v 7.62 0.054499 0.0
v 7.62 -0.20366 0.0
v 7.62 -0.221946 0.0
v 6.33 3.9 0.0
v 6.62 3.9 0.0
v 6.33 3.9 2.151718
v 6.62 3.9 2.456766
v 3.83 3.9 2.151718
v 3.54 3.9 2.456766
v 3.83 3.9 0.0
v 3.54 3.9 0.0
v 6.33 5.0 9.8
v 6.33 5.0 2.456766
v 3.83 5.0 2.456766
v 2.54 5.0 0.0
v 3.83 5.0 9.8
v 2.54 5.0 9.8
v 3.317062 3.9 9.8
v 2.54 3.9 9.8
v 3.54 3.041148 0.0
v 3.83 3.041148 0.0
v 3.83 2.41051 0.0
v 8.22 3.9 0.0
v 8.22 2.9 0.0
v 3.83 -3.767084 0.0
v 3.14 -4.3 0.0
v 3.83 -2.81051 0.0
v 3.14 -3.3 0.0
v 3.04 -2.81051 0.0
v 2.54 -3.46077 0.0
v 3.04 2.41051 0.0
v 2.54 3.06077 0.0
v 3.14 2.9 0.0
v 3.83 4.389117 0.0
v 8.22 -3.3 0.0
v 8.22 -4.3 0.0
v 6.62 3.041148 0.0
v 6.33 -3.767084 0.0
v 6.33 -2.81051 0.0
v 7.12 -2.81051 0.0
v 6.33 4.389117 0.0
v 3.14 3.9 0.0
v 2.54 3.739231 0.0
v 6.33 3.041148 0.0
v 6.33 2.41051 0.0
v 7.12 2.41051 0.0
v 2.54 -5.0 0.0
v 2.54 -4.139231 0.0
v 6.62 2.41051 5.149502
v 6.33 2.41051 5.149502
v 3.83 2.41051 5.149502
v 3.54 2.41051 5.149502
v 3.04 2.41051 10.500249
v 3.54 2.41051 6.079107
v 7.12 2.41051 10.500249
v 6.62 2.41051 6.079107
v 3.112287 -5.0 6.638134
v 2.54 -5.0 6.638134
v 3.112287 -5.0 1.684985
v 7.047713 -5.0 1.684985
v 7.047713 -5.0 6.638134
v 6.33 -2.81051 6.079107
v 3.83 -2.81051 6.079107
v 3.04 -2.81051 10.500249
v 7.12 -2.81051 10.500249
v 3.54 3.041148 5.149502
v 3.83 3.041148 5.149502
v 2.54 -4.139231 6.5
v 2.54 3.739231 6.5
v 2.54 3.06077 6.5
v 2.54 2.8 14.0
v 2.54 -3.46077 6.5
v 2.54 -3.2 14.0
v 2.54 -4.374398 7.165406
v 2.54 -4.506975 7.171484
v 2.54 -4.63697 7.144741
v 2.54 -4.983539 6.769826
v 2.54 -4.935167 6.893414
v 2.54 -4.857862 7.001292
v 2.54 -4.756382 7.086823
v 6.7075 0.982448 14.0
v 6.917781 0.618233 14.0
v 7.047741 0.218256 14.0
v 7.091701 -0.2 14.0
v 7.047741 -0.618256 14.0
v 6.917781 -1.018233 14.0
v 4.45835 -2.113241 14.0
v 4.074149 -1.942184 14.0
v 6.7075 -1.382448 14.0
v 6.426091 -1.694985 14.0
v 6.085851 -1.942184 14.0
v 3.733909 -1.694985 14.0
v 3.4525 -1.382448 14.0
v 3.242219 -1.018233 14.0
v 5.70165 1.713242 14.0
v 6.085851 1.542184 14.0
v 6.426091 1.294985 14.0
v 5.70165 -2.113241 14.0
v 5.29028 -2.200681 14.0
v 4.86972 -2.200681 14.0
v 3.112259 -0.618256 14.0
v 3.068299 -0.2 14.0
v 3.112259 0.218256 14.0
v 3.242219 0.618233 14.0
v 3.4525 0.982448 14.0
v 3.733909 1.294985 14.0
v 4.074149 1.542184 14.0
v 4.45835 1.713242 14.0
v 4.86972 1.800681 14.0
v 5.29028 1.800681 14.0
v 6.842938 3.9 9.8
v 6.334662 0.136186 10.500249
v 6.378922 -0.2 10.500249
v 6.204899 0.449461 10.500249
v 5.998477 0.718476 10.500249
v 5.729461 0.924899 10.500249
v 5.416185 1.054662 10.500249
v 5.08 1.098922 10.500249
v 4.743814 1.054662 10.500249
v 4.430539 0.924899 10.500249
v 4.161524 0.718476 10.500249
v 3.955101 0.449461 10.500249
v 3.955101 -0.849461 10.500249
v 4.161524 -1.118476 10.500249
v 4.430539 -1.324899 10.500249
v 3.825338 0.136186 10.500249
v 3.781078 -0.2 10.500249
v 3.825338 -0.536186 10.500249
v 5.729461 -1.324899 10.500249
v 5.998477 -1.118476 10.500249
v 4.743814 -1.454662 10.500249
v 5.08 -1.498922 10.500249
v 5.416185 -1.454662 10.500249
v 6.204899 -0.849461 10.500249
v 6.334662 -0.536186 10.500249
v 3.54 3.041148 6.079107
v 3.54 3.041148 7.393004
v 6.62 3.041148 6.079107
v 6.62 3.041148 7.393004
v 3.54 3.9 7.393004
v 6.62 3.9 7.393004
v 6.33 3.041148 5.149502
v 6.62 3.041148 5.149502
v 3.83 4.389117 0.824929
v 6.33 4.389117 0.824929
v 3.83 -3.392755 1.684985
v 6.33 -3.392755 1.684985
v 3.83 -3.392755 2.206321
v 6.33 -3.392755 2.206321
v 3.83 -3.975 2.206321
v 6.33 -3.975 2.206321
v 6.33 -3.975 5.304827
v 3.83 -3.975 5.304827
v 3.83 -3.380045 5.304827
v 6.33 -3.380045 5.304827
v 3.83 -3.380045 6.079107
v 6.33 -3.380045 6.079107
v 6.842938 3.9 2.456766
v 3.317062 3.9 2.456766
v 7.091701 -0.2 13.81047
v 7.047741 0.218256 13.81047
v 6.917781 0.618233 13.81047
v 6.7075 0.982448 13.81047
v 6.426091 1.294985 13.81047
v 6.085851 1.542184 13.81047
v 5.70165 1.713242 13.81047
v 5.29028 1.800681 13.81047
v 4.86972 1.800681 13.81047
v 4.45835 1.713242 13.81047
v 4.074149 1.542184 13.81047
v 3.733909 1.294985 13.81047
v 3.4525 0.982448 13.81047
v 3.242219 0.618233 13.81047
v 3.112259 0.218256 13.81047
v 3.068299 -0.2 13.81047
v 3.112259 -0.618256 13.81047
v 3.242219 -1.018233 13.81047
v 3.4525 -1.382448 13.81047
v 3.733909 -1.694985 13.81047
v 4.074149 -1.942184 13.81047
v 4.45835 -2.113241 13.81047
v 4.86972 -2.200681 13.81047
v 5.29028 -2.200681 13.81047
v 5.70165 -2.113241 13.81047
v 6.085851 -1.942184 13.81047
v 6.426091 -1.694985 13.81047
v 6.7075 -1.382448 13.81047
v 6.917781 -1.018233 13.81047
v 7.047741 -0.618256 13.81047
v 6.350537 0.070061 10.814511
v 6.329587 0.134537 10.814511
v 6.266623 0.328319 10.814511
v 6.198737 0.445903 10.814511
v 6.130849 0.563487 10.814511
v 5.994511 0.714906 10.814511
v 5.949149 0.765287 10.814511
v 5.729461 0.924899 10.814511
v 5.481389 1.035348 10.814511
v 5.415076 1.049443 10.814511
v 5.215774 1.091806 10.814511
v 5.08 1.091806 10.814511
v 4.944226 1.091806 10.814511
v 4.744924 1.049443 10.814511
v 4.678611 1.035348 10.814511
v 4.430539 0.924899 10.814511
v 4.210852 0.765287 10.814511
v 4.165489 0.714906 10.814511
v 4.02915 0.563487 10.814511
v 3.961263 0.445903 10.814511
v 3.893376 0.328319 10.814511
v 3.830412 0.134537 10.814511
v 3.809463 0.070061 10.814511
v 3.781078 -0.2 10.814511
v 3.809463 -0.470061 10.814511
v 3.830412 -0.534537 10.814511
v 3.893376 -0.728319 10.814511
v 3.961263 -0.845903 10.814511
v 4.02915 -0.963487 10.814511
v 4.165489 -1.114906 10.814511
v 4.210852 -1.165287 10.814511
v 4.430539 -1.324899 10.814511
v 4.678611 -1.435348 10.814511
v 4.744924 -1.449443 10.814511
v 4.944226 -1.491806 10.814511
v 5.08 -1.491806 10.814511
v 5.215774 -1.491806 10.814511
v 5.415076 -1.449443 10.814511
v 5.481389 -1.435348 10.814511
v 5.729461 -1.324899 10.814511
v 5.949149 -1.165287 10.814511
v 5.994511 -1.114906 10.814511
v 6.130849 -0.963487 10.814511
v 6.198737 -0.845903 10.814511
v 6.266623 -0.728319 10.814511
v 6.329587 -0.534537 10.814511
v 6.350537 -0.470061 10.814511
v 6.378922 -0.2 10.814511
v 6.917781 -1.018233 10.989974
v 7.047741 -0.618256 10.989974
v 6.7075 -1.382448 10.989974
v 6.426091 -1.694985 10.989974
v 6.085851 -1.942184 10.989974
v 5.70165 -2.113241 10.989974
v 5.29028 -2.200681 10.989974
v 4.86972 -2.200681 10.989974
v 4.45835 -2.113241 10.989974
v 4.074149 -1.942184 10.989974
v 3.733909 -1.694985 10.989974
v 3.4525 -1.382448 10.989974
v 3.242219 -1.018233 10.989974
v 3.112259 -0.618256 10.989974
v 3.068299 -0.2 10.989974
v 3.112259 0.218256 10.989974
v 3.242219 0.618233 10.989974
v 3.4525 0.982448 10.989974
v 3.733909 1.294985 10.989974
v 4.074149 1.542184 10.989974
v 4.45835 1.713242 10.989974
v 4.86972 1.800681 10.989974
v 5.29028 1.800681 10.989974
v 5.70165 1.713242 10.989974
v 6.085851 1.542184 10.989974
v 6.426091 1.294985 10.989974
v 6.7075 0.982448 10.989974
v 6.917781 0.618233 10.989974
v 7.047741 0.218256 10.989974
v 7.091701 -0.2 10.989974
v 7.091701 -0.2 13.319949
v 7.047741 0.218256 13.319949
v 6.917781 0.618233 13.319949
v 6.7075 0.982448 13.319949
v 6.426091 1.294985 13.319949
v 6.085851 1.542184 13.319949
v 5.70165 1.713242 13.319949
v 5.29028 1.800681 13.319949
v 4.86972 1.800681 13.319949
v 4.45835 1.713242 13.319949
v 4.074149 1.542184 13.319949
v 3.733909 1.294985 13.319949
v 3.4525 0.982448 13.319949
v 3.242219 0.618233 13.319949
v 3.112259 0.218256 13.319949
v 3.068299 -0.2 13.319949
v 3.112259 -0.618256 13.319949
v 3.242219 -1.018233 13.319949
v 3.4525 -1.382448 13.319949
v 3.733909 -1.694985 13.319949
v 4.074149 -1.942184 13.319949
v 4.45835 -2.113241 13.319949
v 4.86972 -2.200681 13.319949
v 5.29028 -2.200681 13.319949
v 5.70165 -2.113241 13.319949
v 6.085851 -1.942184 13.319949
v 6.426091 -1.694985 13.319949
v 6.7075 -1.382448 13.319949
v 6.917781 -1.018233 13.319949
v 7.047741 -0.618256 13.319949
v 3.266481 0.185475 13.81047
v 3.386256 0.554103 13.81047
v 3.580055 0.889774 13.81047
v 3.839409 1.177816 13.81047
v 4.152983 1.40564 13.81047
v 4.507072 1.563291 13.81047
v 4.8862 1.643877 13.81047
v 5.273799 1.643877 13.81047
v 5.652928 1.563291 13.81047
v 6.007017 1.40564 13.81047
v 6.32059 1.177816 13.81047
v 6.579945 0.889774 13.81047
v 6.773744 0.554103 13.81047
v 6.893519 0.185475 13.81047
v 6.934034 -0.2 13.81047
v 6.893519 -0.585475 13.81047
v 6.773744 -0.954103 13.81047
v 6.579945 -1.289774 13.81047
v 6.32059 -1.577816 13.81047
v 6.007017 -1.80564 13.81047
v 5.652928 -1.963291 13.81047
v 5.273799 -2.043877 13.81047
v 4.8862 -2.043877 13.81047
v 4.507072 -1.963291 13.81047
v 4.152983 -1.80564 13.81047
v 3.839409 -1.577816 13.81047
v 3.580055 -1.289774 13.81047
v 3.386256 -0.954103 13.81047
v 3.266481 -0.585475 13.81047
v 3.225966 -0.2 13.81047
v 8.22 2.9 6.5
v 8.22 3.9 6.5
v 8.22 -3.3 6.5
v 8.22 -4.3 6.5
v 3.14 -4.3 6.5
v 3.14 -3.3 6.5
v 3.14 2.9 6.5
v 3.14 3.9 6.5
v 7.6201 -0.229784 2.645485
v 7.6201 -0.229784 2.610705
newmtl 3
Ka 0.0 0.0 0.0
Kd 0.0 0.0 0.0
Ks 0.0 0.0 0.0
d 0.0
endmtl
v 7.6201 -0.351279 2.645485
v 7.6201 -0.351279 2.91577
v 7.6201 -0.39066 2.91577
v 7.6201 -0.39066 2.610705
v 7.6201 -0.026855 2.610003
v 7.6201 -0.073352 2.605558
v 7.6201 0.005898 2.620745
v 7.6201 0.011102 2.623338
v 7.6201 0.011102 2.661082
v 7.6201 -0.018943 2.647593
v 7.6201 -0.053453 2.641178
v 7.6201 -0.067659 2.64065
v 7.6201 -0.094069 2.643335
v 7.6201 -0.116564 2.650967
v 7.6201 -0.137262 2.66441
v 7.6201 -0.146031 2.672779
v 7.6201 -0.159869 2.691589
v 7.6201 -0.170127 2.715804
v 7.6201 -0.175449 2.745674
v 7.6201 -0.175976 2.759807
v 7.6201 -0.170956 2.801694
v 7.6201 -0.16074 2.828045
v 7.6201 -0.145995 2.849246
v 7.6201 -0.143926 2.851513
v 7.6201 -0.125338 2.867245
v 7.6201 -0.101631 2.878955
v 7.6201 -0.075486 2.884618
v 7.6201 -0.060797 2.885357
v 7.6201 -0.023239 2.880873
v 7.6201 0.007705 2.869099
v 7.6201 0.011102 2.867266
v 7.6201 0.011102 2.90844
v 7.6201 -0.061187 2.920917
v 7.6201 -0.021241 2.917778
v 7.6201 -0.105266 2.915564
v 7.6201 -0.137148 2.903195
v 7.6201 -0.165707 2.883195
v 7.6201 -0.173247 2.875999
v 7.6201 -0.195361 2.84711
v 7.6201 -0.209851 2.813224
v 7.6201 -0.21677 2.773398
v 7.6201 -0.217307 2.757467
v 7.6201 -0.211297 2.707831
v 7.6201 -0.198879 2.675993
v 7.6201 -0.180677 2.64995
v 7.6201 -0.17816 2.647201
v 7.6201 -0.091804 2.606432
v 7.6201 -0.153646 2.626828
v 7.6201 -0.12486 2.613245
v 7.6201 0.236236 2.645485
v 7.6201 0.236236 2.610705
v 7.6201 0.111543 2.645485
v 7.6201 0.111543 2.748109
v 7.6201 0.22064 2.748109
v 7.6201 0.22064 2.783045
v 7.6201 0.111543 2.783045
v 7.6201 0.111543 2.880678
v 7.6201 0.229295 2.880678
v 7.6201 0.229295 2.91577
v 7.6201 0.072162 2.91577
v 7.6201 0.072162 2.610705
v 7.6201 0.496227 2.653439
v 7.6201 0.464656 2.673969
v 7.6201 0.464325 2.630573
v 7.6201 0.444978 2.660299
v 7.6201 0.429541 2.617001
v 7.6201 0.41978 2.650527
v 7.6201 0.377773 2.610705
v 7.6201 0.377539 2.645485
v 7.6201 0.293864 2.610705
v 7.6201 0.333245 2.645485
v 7.6201 0.293864 2.91577
v 7.6201 0.333245 2.880678
v 7.6201 0.380892 2.91577
v 7.6201 0.379333 2.880678
v 7.6201 0.382749 2.88065
v 7.6201 0.427474 2.910626
v 7.6201 0.421684 2.875566
v 7.6201 0.464291 2.897176
v 7.6201 0.447612 2.865487
v 7.6201 0.496227 2.875376
v 7.6201 0.467374 2.851981
v 7.6201 0.507001 2.864835
v 7.6201 0.475898 2.843578
v 7.6201 0.525883 2.838234
v 7.6201 0.487718 2.826474
v 7.6201 0.537163 2.809134
v 7.6201 0.496314 2.804188
v 7.6201 0.542237 2.767137
v 7.6201 0.500828 2.766045
v 7.6201 0.541319 2.747692
v 7.6201 0.499604 2.744849
v 7.6201 0.533926 2.711977
v 7.6201 0.493409 2.71732
v 7.6201 0.5189 2.680426
v 7.6201 0.482645 2.69492
v 7.6201 0.468232 2.677302
v 7.62 0.379333 2.880678
v 7.62 0.333245 2.880678
v 7.62 0.333245 2.645485
v 7.62 0.377539 2.645485
v 7.62 0.468232 2.677302
v 7.62 0.464656 2.673969
v 7.62 0.444978 2.660299
v 7.62 0.41978 2.650527
v 7.62 0.500828 2.766045
v 7.62 0.499604 2.744849
v 7.62 0.493409 2.71732
v 7.62 0.482645 2.69492
v 7.62 0.467374 2.851981
v 7.62 0.475898 2.843578
v 7.62 0.487718 2.826474
v 7.62 0.496314 2.804188
v 7.62 0.382749 2.88065
v 7.62 0.421684 2.875566
v 7.62 0.447612 2.865487
v 7.6201 0.644471 2.728614
v 7.6201 0.631994 2.694146
v 7.6201 0.746861 2.728614
v 7.6201 0.759026 2.694146
v 7.6201 0.69009 2.855412
v 7.6201 0.675352 2.91577
v 7.6201 0.559159 2.610705
v 7.6201 0.602673 2.610705
v 7.6201 0.692732 2.864517
v 7.6201 0.695081 2.876779
v 7.6201 0.717462 2.91577
v 7.6201 0.696017 2.876779
v 7.6201 0.698483 2.863873
v 7.6201 0.700774 2.855412
v 7.6201 0.833655 2.610705
v 7.6201 0.790141 2.610705
v 7.62 0.644471 2.728614
v 7.62 0.746861 2.728614
v 7.62 0.700774 2.855412
v 7.62 0.696017 2.876779
v 7.62 0.698483 2.863873
v 7.62 0.695081 2.876779
v 7.62 0.69009 2.855412
v 7.62 0.692732 2.864517
v 7.6201 -0.226586 2.16153
v 7.6201 -0.226586 2.12675
v 7.6201 -0.351279 2.16153
v 7.6201 -0.351279 2.264154
v 7.6201 -0.242183 2.264154
v 7.6201 -0.242183 2.29909
v 7.6201 -0.351279 2.29909
v 7.6201 -0.351279 2.396723
v 7.6201 -0.233527 2.396723
v 7.6201 -0.233527 2.431815
v 7.6201 -0.39066 2.431815
v 7.6201 -0.39066 2.12675
v 7.6201 -0.054169 2.160438
v 7.6201 -0.053155 2.160438
v 7.6201 -0.055652 2.195596
v 7.6201 -0.053155 2.12675
v 7.6201 -0.014944 2.12675
v 7.6201 -0.014944 2.266961
v 7.6201 -0.053192 2.212646
v 7.6201 -0.161909 2.241397
v 7.6201 -0.173926 2.231339
v 7.6201 -0.145692 2.210143
v 7.6201 -0.053155 2.265246
v 7.6201 -0.054484 2.282142
v 7.6201 -0.017649 2.294791
v 7.6201 -0.058435 2.295747
v 7.6201 -0.023524 2.312557
v 7.6201 -0.062924 2.303617
v 7.6201 -0.031253 2.325105
v 7.6201 -0.068701 2.309762
v 7.6201 -0.041347 2.334994
v 7.6201 -0.075485 2.314133
v 7.6201 -0.053931 2.342373
v 7.6201 -0.084348 2.317229
v 7.6201 -0.069828 2.347371
v 7.6201 -0.097292 2.318585
v 7.6201 -0.093705 2.349622
v 7.6201 -0.122656 2.315629
v 7.6201 -0.132371 2.344939
v 7.6201 -0.146482 2.306805
v 7.6201 -0.160792 2.333939
v 7.6201 -0.168724 2.292228
v 7.6201 -0.168724 2.329347
v 7.6201 -0.061257 2.181964
v 7.6201 -0.069531 2.170732
v 7.6201 -0.063758 2.146817
v 7.6201 -0.074322 2.166049
v 7.6201 -0.076311 2.135133
v 7.6201 -0.085121 2.158763
v 7.6201 -0.084193 2.130179
v 7.6201 -0.096714 2.154552
v 7.6201 -0.099376 2.124243
v 7.6201 -0.111017 2.152952
v 7.6201 -0.120921 2.121603
v 7.6201 -0.123924 2.154406
v 7.6201 -0.143779 2.124258
v 7.6201 -0.132568 2.157577
v 7.6201 -0.158429 2.129781
v 7.6201 -0.140182 2.162778
v 7.6201 -0.171297 2.138759
v 7.6201 -0.143432 2.166044
v 7.6201 -0.149046 2.203015
v 7.6201 -0.181753 2.220533
v 7.6201 -0.150932 2.194264
v 7.6201 -0.141118 2.215805
v 7.6201 -0.137812 2.218522
v 7.6201 -0.145077 2.24966
v 7.6201 -0.129894 2.22282
v 7.6201 -0.117724 2.2562
v 7.6201 -0.104155 2.229218
v 7.6201 -0.053155 2.236081
v 7.6201 -0.053155 2.215182
v 7.6201 -0.187196 2.207199
v 7.6201 -0.189836 2.190988
v 7.6201 -0.151256 2.1882
v 7.6201 -0.190013 2.185081
v 7.6201 -0.150285 2.179427
v 7.6201 -0.188104 2.167641
v 7.6201 -0.147774 2.172485
v 7.6201 -0.183463 2.154738
v 7.6201 -0.175509 2.143021
v 7.62 -0.141118 2.215805
v 7.62 -0.137812 2.218522
v 7.62 -0.129894 2.22282
v 7.62 -0.104155 2.229218
v 7.62 -0.151256 2.1882
v 7.62 -0.150932 2.194264
v 7.62 -0.149046 2.203015
v 7.62 -0.145692 2.210143
v 7.62 -0.140182 2.162778
v 7.62 -0.143432 2.166044
v 7.62 -0.147774 2.172485
v 7.62 -0.150285 2.179427
v 7.62 -0.111017 2.152952
v 7.62 -0.123924 2.154406
v 7.62 -0.132568 2.157577
v 7.62 -0.069531 2.170732
v 7.62 -0.074322 2.166049
v 7.62 -0.085121 2.158763
v 7.62 -0.096714 2.154552
v 7.62 -0.053155 2.215182
v 7.62 -0.053192 2.212646
v 7.62 -0.055652 2.195596
v 7.62 -0.061257 2.181964
v 7.62 -0.053155 2.236081
v 7.6201 0.036836 2.173851
v 7.6201 0.052377 2.164301
v 7.6201 0.09969 2.152796
v 7.6201 0.076365 2.155447
v 7.6201 0.036836 2.134392
v 7.6201 0.059877 2.125867
v 7.6201 0.095947 2.121603
v 7.6201 0.130193 2.125633
v 7.6201 0.150353 2.133353
v 7.6201 0.159424 2.138915
v 7.6201 0.170356 2.148476
v 7.6201 0.177478 2.158554
v 7.6201 0.18217 2.170663
v 7.6201 0.183988 2.186016
v 7.6201 0.182408 2.200252
v 7.6201 0.178331 2.211518
v 7.6201 0.171199 2.222044
v 7.6201 0.162088 2.230173
v 7.6201 0.13671 2.244287
v 7.6201 0.121914 2.250273
v 7.6201 0.098266 2.260567
v 7.6201 0.084795 2.268989
v 7.6201 0.081068 2.27309
v 7.6201 0.078315 2.278245
v 7.6201 0.076799 2.284181
v 7.6201 0.076451 2.289264
v 7.6201 0.077143 2.295358
v 7.6201 0.079029 2.300517
v 7.6201 0.082305 2.30538
v 7.6201 0.08807 2.310475
v 7.6201 0.096639 2.315031
v 7.6201 0.10686 2.317737
v 7.6201 0.118171 2.318585
v 7.6201 0.142427 2.315929
v 7.6201 0.164057 2.308212
v 7.6201 0.173538 2.302833
v 7.6201 0.173538 2.339952
v 7.6201 0.148721 2.347244
v 7.6201 0.121914 2.349622
v 7.6201 0.095439 2.346932
v 7.6201 0.07414 2.339693
v 7.6201 0.061557 2.33231
v 7.6201 0.050227 2.322125
v 7.6201 0.043128 2.311797
v 7.6201 0.038578 2.299495
v 7.6201 0.03707 2.285833
v 7.6201 0.038713 2.270997
v 7.6201 0.042927 2.259329
v 7.6201 0.04791 2.251365
v 7.6201 0.094933 2.222512
v 7.6201 0.072157 2.232952
v 7.6201 0.054161 2.244827
v 7.6201 0.120023 2.212003
v 7.6201 0.134937 2.203016
v 7.6201 0.139699 2.198058
v 7.6201 0.142653 2.192993
v 7.6201 0.144389 2.187027
v 7.6201 0.144763 2.182273
v 7.6201 0.143972 2.174983
v 7.6201 0.14203 2.169549
v 7.6201 0.138694 2.164617
v 7.6201 0.134309 2.160724
v 7.6201 0.130825 2.15861
v 7.6201 0.120965 2.155001
v 7.6201 0.101377 2.152806
v 7.6201 0.373406 2.344631
v 7.6201 0.413021 2.344631
v 7.6201 0.313906 2.180557
v 7.6201 0.310981 2.1704
v 7.6201 0.309227 2.162934
v 7.6201 0.308213 2.162934
v 7.6201 0.303534 2.180869
v 7.6201 0.246607 2.344631
v 7.6201 0.203873 2.344631
v 7.6201 0.289342 2.127218
v 7.6201 0.272575 2.087603
v 7.6201 0.264969 2.073703
v 7.6201 0.25785 2.065795
v 7.6201 0.251423 2.061288
v 7.6201 0.243108 2.058029
v 7.6201 0.233429 2.056878
v 7.6201 0.219567 2.058683
v 7.6201 0.21175 2.061245
v 7.6201 0.21175 2.027245
v 7.6201 0.227957 2.024428
v 7.6201 0.236392 2.024126
v 7.6201 0.251829 2.025901
v 7.6201 0.266908 2.031645
v 7.6201 0.280254 2.040973
v 7.6201 0.282859 2.043361
v 7.6201 0.296842 2.060153
v 7.6201 0.31414 2.093842
v 7.6201 0.618269 2.16153
v 7.6201 0.618269 2.12675
v 7.6201 0.493576 2.16153
v 7.6201 0.493576 2.264154
v 7.6201 0.602673 2.264154
v 7.6201 0.602673 2.29909
v 7.6201 0.493576 2.29909
v 7.6201 0.493576 2.396723
v 7.6201 0.611329 2.396723
v 7.6201 0.611329 2.431815
v 7.6201 0.454195 2.431815
v 7.6201 0.454195 2.12675
v 7.6201 0.87826 2.169484
v 7.6201 0.846689 2.190013
v 7.6201 0.846358 2.146618
v 7.6201 0.827011 2.176343
v 7.6201 0.811574 2.133046
v 7.6201 0.801813 2.166572
v 7.6201 0.759806 2.12675
v 7.6201 0.759572 2.16153
v 7.6201 0.675898 2.12675
v 7.6201 0.715278 2.16153
v 7.6201 0.675898 2.431815
v 7.6201 0.715278 2.396723
v 7.6201 0.762925 2.431815
v 7.6201 0.761366 2.396723
v 7.6201 0.764782 2.396695
v 7.6201 0.809507 2.426671
v 7.6201 0.803718 2.391611
v 7.6201 0.846324 2.413221
v 7.6201 0.829645 2.381532
v 7.6201 0.87826 2.39142
v 7.6201 0.849407 2.368026
v 7.6201 0.889034 2.38088
v 7.6201 0.857931 2.359622
v 7.6201 0.907916 2.354278
v 7.6201 0.869751 2.342518
v 7.6201 0.919196 2.325179
v 7.6201 0.878347 2.320233
v 7.6201 0.92427 2.283181
v 7.6201 0.882861 2.28209
v 7.6201 0.923352 2.263736
v 7.6201 0.881637 2.260894
v 7.6201 0.915959 2.228022
v 7.6201 0.875442 2.233364
v 7.6201 0.900933 2.196471
v 7.6201 0.864679 2.210964
v 7.6201 0.850265 2.193347
v 7.62 0.761366 2.396723
v 7.62 0.715278 2.396723
v 7.62 0.715278 2.16153
v 7.62 0.759572 2.16153
v 7.62 0.850265 2.193347
v 7.62 0.846689 2.190013
v 7.62 0.827011 2.176343
v 7.62 0.801813 2.166572
v 7.62 0.882861 2.28209
v 7.62 0.881637 2.260894
v 7.62 0.875442 2.233364
v 7.62 0.864679 2.210964
v 7.62 0.849407 2.368026
v 7.62 0.857931 2.359622
v 7.62 0.869751 2.342518
v 7.62 0.878347 2.320233
v 7.62 0.764782 2.396695
v 7.62 0.803718 2.391611
v 7.62 0.829645 2.381532
v 7.6201 1.026504 2.244658
v 7.6201 1.014027 2.210191
v 7.6201 1.128894 2.244658
v 7.6201 1.141059 2.210191
v 7.6201 1.072123 2.371457
v 7.6201 1.057385 2.431815
v 7.6201 0.941192 2.12675
v 7.6201 0.984706 2.12675
v 7.6201 1.074765 2.380561
v 7.6201 1.077114 2.392824
v 7.6201 1.099495 2.431815
v 7.6201 1.07805 2.392824
v 7.6201 1.080516 2.379918
v 7.6201 1.082807 2.371457
v 7.6201 1.215688 2.12675
v 7.6201 1.172174 2.12675
v 7.62 1.026504 2.244658
v 7.62 1.128894 2.244658
v 7.62 1.082807 2.371457
v 7.62 1.07805 2.392824
v 7.62 1.080516 2.379918
v 7.62 1.077114 2.392824
v 7.62 1.072123 2.371457
v 7.62 1.074765 2.380561
v 7.6201 -1.737949 2.083498
v 7.6201 -1.705692 2.043689
v 7.6201 -1.757527 2.275352
v 7.6201 -1.795179 2.652303
v 7.6201 -1.746829 2.677952
v 7.6201 -1.758357 2.811385
v 7.6201 -1.376239 2.075027
v 7.6201 -1.350589 2.123376
v 7.6201 -1.337914 2.176924
v 7.6201 -1.623051 2.817597
v 7.6201 -1.555812 2.659261
v 7.6201 -1.522691 2.727849
v 7.6201 -1.80478 2.304454
v 7.6201 -1.787162 2.138249
v 7.6201 -1.759696 2.13003
v 7.6201 -1.672937 2.821935
v 7.6201 -1.033088 2.381632
v 7.6201 -1.100326 2.496588
v 7.6201 -1.336745 2.221127
v 7.6201 -1.39097 2.344759
v 7.6201 -1.336745 2.199437
v 7.6201 -1.452779 2.00758
v 7.6201 -1.409577 2.037641
v 7.6201 -1.612453 2.134507
v 7.6201 -1.595217 2.122475
v 7.6201 -1.663264 2.011709
v 7.6201 -1.575205 2.114945
v 7.6201 -1.477964 2.230452
v 7.6201 -1.472275 2.2107
v 7.6201 -1.471565 2.189677
v 7.6201 -1.476216 2.168725
v 7.6201 -1.485877 2.149785
v 7.6201 -0.961512 2.596361
v 7.6201 -0.94416 2.596361
v 7.6201 -0.855231 2.713486
v 7.6201 -0.902916 2.591274
v 7.6201 -0.844527 2.709886
v 7.6201 -0.86506 2.576696
v 7.6201 -0.779986 2.677839
v 7.6201 -0.721169 2.628068
v 7.6201 -1.578587 2.869381
v 7.6201 -1.474049 2.78597
v 7.6201 -1.527616 2.913032
v 7.6201 -1.415852 2.828492
v 7.6201 -1.46507 2.950779
v 7.6201 -1.693282 2.690628
v 7.6201 -1.670768 2.691796
v 7.6201 -1.647994 2.820579
v 7.6201 -1.619989 2.685514
v 7.6201 -1.571352 2.667755
v 7.6201 -1.639944 2.18837
v 7.6201 -1.635323 2.168284
v 7.6201 -1.626189 2.150331
v 7.6201 -1.613222 1.990682
v 7.6201 -1.562011 1.982695
v 7.6201 -1.555812 2.112678
v 7.6201 -1.553643 1.982539
v 7.6201 -1.535227 2.115186
v 7.6201 -1.501155 1.989003
v 7.6201 -1.516335 2.122427
v 7.6201 -1.499713 2.133996
v 7.6201 -0.720755 2.223296
v 7.6201 -0.821895 2.309355
v 7.6201 -0.77979 2.173326
v 7.6201 -0.85397 2.283171
v 7.6201 -0.845971 2.140946
v 7.6201 -0.892246 2.265448
v 7.6201 -0.918132 2.125692
v 7.6201 -0.931146 2.258
v 7.6201 -1.046102 2.125692
v 7.6201 -1.02875 2.258
v 7.6201 -1.058321 2.127661
v 7.6201 -0.83142 2.553205
v 7.6201 -0.806379 2.525239
v 7.6201 -0.676912 2.566354
v 7.6201 -0.786216 2.487813
v 7.6201 -0.650411 2.500107
v 7.6201 -0.776037 2.446151
v 7.6201 -0.640502 2.429349
v 7.6201 -0.774979 2.42718
v 7.6201 -0.650465 2.351897
v 7.6201 -0.780186 2.384954
v 7.6201 -0.677722 2.283235
v 7.6201 -0.795135 2.346298
v 7.6201 -0.818997 2.312467
v 7.6201 -0.972356 2.884835
v 7.6201 -1.057138 2.785057
v 7.6201 -0.89685 2.796155
v 7.6201 -1.008226 2.726601
v 7.6201 -0.974771 2.656709
v 7.6201 -1.881203 2.527387
v 7.6201 -2.023695 2.491431
v 7.6201 -1.887666 2.474898
v 7.6201 -2.024312 2.47056
v 7.6201 -1.885082 2.441526
v 7.6201 -2.013834 2.385665
v 7.6201 -1.869541 2.388436
v 7.6201 -1.982775 2.304913
v 7.6201 -1.84367 2.344403
v 7.6201 -1.933215 2.234141
v 7.6201 -1.865547 2.176438
v 7.6201 -1.639527 2.209531
v 7.6201 -1.633788 2.230154
v 7.6201 -1.73354 2.322003
v 7.6201 -1.623109 2.248499
v 7.6201 -1.697675 2.362999
v 7.6201 -1.612284 2.260181
v 7.6201 -1.653324 2.393806
v 7.6201 -1.595224 2.272058
v 7.6201 -1.605413 2.412127
v 7.6201 -1.576226 2.279342
v 7.6201 -1.553643 2.418504
v 7.6201 -1.555812 2.281859
v 7.6201 -1.527244 2.416938
v 7.6201 -1.540963 2.280537
v 7.6201 -1.474889 2.403936
v 7.6201 -1.520533 2.274101
v 7.6201 -1.428866 2.379267
v 7.6201 -1.502593 2.262948
v 7.6201 -1.488062 2.247901
v 7.6201 -1.364388 2.986852
v 7.6201 -1.344992 2.857205
v 7.6201 -1.267338 2.997622
v 7.6201 -1.265169 2.867483
v 7.6201 -1.163686 2.984964
v 7.6201 -1.191643 2.858448
v 7.6201 -1.056141 2.943087
v 7.6201 -1.123625 2.832393
v 7.6201 -1.062682 2.790108
v 7.6201 -1.838706 2.780197
v 7.6201 -1.907701 2.731707
v 7.6201 -1.832564 2.618964
v 7.6201 -1.92237 2.717824
v 7.6201 -1.862625 2.575762
v 7.6201 -1.97449 2.651024
v 7.6201 -2.009116 2.572947
v 7.6201 -1.039653 2.260016
v 7.6201 -1.091777 2.148442
v 7.6201 -1.086735 2.14331
v 7.6201 -1.033146 2.258575
v 7.6201 -1.072668 2.133309
v 7.6201 -1.109002 2.19293
v 7.6201 -1.106944 2.176775
v 7.6201 -1.101231 2.162066
v 7.6201 -1.058572 2.258012
v 7.6201 -1.073455 2.252133
v 7.6201 -1.108451 2.20149
v 7.6201 -1.086792 2.24268
v 7.6201 -1.095755 2.232796
v 7.6201 -1.104095 2.217999
v 7.6201 -1.041764 2.260169
v 7.62 -1.555812 2.281859
v 7.62 -1.540963 2.280537
v 7.62 -1.520533 2.274101
v 7.62 -1.502593 2.262948
v 7.62 -1.488062 2.247901
v 7.62 -1.477964 2.230452
v 7.62 -1.472275 2.2107
v 7.62 -1.471565 2.189677
v 7.62 -1.476216 2.168725
v 7.62 -1.485877 2.149785
v 7.62 -1.499713 2.133996
v 7.62 -1.516335 2.122427
v 7.62 -1.535227 2.115186
v 7.62 -1.555812 2.112678
v 7.62 -1.575205 2.114945
v 7.62 -1.595217 2.122475
v 7.62 -1.612453 2.134507
v 7.62 -1.626189 2.150331
v 7.62 -1.635323 2.168284
v 7.62 -1.639944 2.18837
v 7.62 -1.639527 2.209531
v 7.62 -1.633788 2.230154
v 7.62 -1.623109 2.248499
v 7.62 -1.612284 2.260181
v 7.62 -1.595224 2.272058
v 7.62 -1.576226 2.279342
v 1.25 3.9 0.0
v 1.54 3.9 0.0
v 1.25 3.9 2.151718
v 1.54 3.9 2.456766
v -1.25 3.9 2.151718
v -1.54 3.9 2.456766
v -1.25 3.9 0.0
v -1.54 3.9 0.0
v 1.25 5.0 9.8
v 1.25 5.0 2.456766
v -1.25 5.0 2.456766
v -2.54 5.0 0.0
v -1.25 5.0 9.8
v -2.54 5.0 9.8
v -1.762938 3.9 9.8
v -2.54 3.9 9.8
v -1.54 3.041148 0.0
v -1.25 3.041148 0.0
v -1.25 2.41051 0.0
v -1.25 -3.767084 0.0
v -1.94 -4.3 0.0
v -1.25 -2.81051 0.0
v -1.94 -3.3 0.0
v -2.04 -2.81051 0.0
v -2.54 -3.46077 0.0
v -2.04 2.41051 0.0
v -2.54 3.06077 0.0
v -1.94 2.9 0.0
v -1.25 4.389117 0.0
v 1.54 3.041148 0.0
v 1.25 -3.767084 0.0
v 1.25 -2.81051 0.0
v 2.04 -2.81051 0.0
v 1.25 4.389117 0.0
v -1.94 3.9 0.0
v -2.54 3.739231 0.0
v 1.25 3.041148 0.0
v 1.25 2.41051 0.0
v 2.04 2.41051 0.0
v -2.54 -5.0 0.0
v -2.54 -4.139231 0.0
v 1.54 2.41051 5.149502
v 1.25 2.41051 5.149502
v -1.25 2.41051 5.149502
v -1.54 2.41051 5.149502
v -2.04 2.41051 10.500249
v -1.54 2.41051 6.079107
v 2.04 2.41051 10.500249
v 1.54 2.41051 6.079107
v -1.967713 -5.0 6.638134
v -2.54 -5.0 6.638134
v -1.967713 -5.0 1.684985
v 1.967713 -5.0 1.684985
v 1.967713 -5.0 6.638134
v 1.25 -2.81051 6.079107
v -1.25 -2.81051 6.079107
v -2.04 -2.81051 10.500249
v 2.04 -2.81051 10.500249
v -1.54 3.041148 5.149502
v -1.25 3.041148 5.149502
v -2.54 -4.139231 6.5
v -2.54 3.739231 6.5
v -2.54 3.06077 6.5
v -2.54 2.8 14.0
v -2.54 -3.46077 6.5
v -2.54 -3.2 14.0
v -2.54 -4.374398 7.165406
v -2.54 -4.506975 7.171484
v -2.54 -4.63697 7.144741
v -2.54 -4.983539 6.769826
v -2.54 -4.935167 6.893414
v -2.54 -4.857862 7.001292
v -2.54 -4.756382 7.086823
v -0.62165 -2.113241 14.0
v -1.005851 -1.942184 14.0
v 1.83778 -1.018233 14.0
v 1.627501 -1.382448 14.0
v 1.346091 -1.694985 14.0
v 1.005851 -1.942184 14.0
v 1.83778 0.618233 14.0
v 1.967741 0.218256 14.0
v 2.011701 -0.2 14.0
v 1.967741 -0.618256 14.0
v -1.83778 0.618233 14.0
v -1.627501 0.982448 14.0
v -1.346091 1.294985 14.0
v -1.005851 1.542184 14.0
v 0.62165 -2.113241 14.0
v 0.21028 -2.200681 14.0
v -0.21028 -2.200681 14.0
v -1.346091 -1.694985 14.0
v -1.627501 -1.382448 14.0
v -1.83778 -1.018233 14.0
v 0.62165 1.713242 14.0
v 1.005851 1.542184 14.0
v -1.967741 -0.618256 14.0
v -2.011701 -0.2 14.0
v -1.967741 0.218256 14.0
v -0.62165 1.713242 14.0
v -0.21028 1.800681 14.0
v 0.21028 1.800681 14.0
v 1.346091 1.294985 14.0
v 1.627501 0.982448 14.0
v 1.762938 3.9 9.8
v 0.0 1.098922 10.500249
v -0.336186 1.054662 10.500249
v -0.649461 0.924899 10.500249
v -0.918476 0.718476 10.500249
v -1.124899 0.449461 10.500249
v -1.124899 -0.849461 10.500249
v -0.918476 -1.118476 10.500249
v -0.649461 -1.324899 10.500249
v -1.254662 0.136186 10.500249
v -1.298922 -0.2 10.500249
v -1.254662 -0.536186 10.500249
v 0.336186 -1.454662 10.500249
v -0.0 -1.498922 10.500249
v -0.336186 -1.454662 10.500249
v 0.649461 -1.324899 10.500249
v 0.918476 -1.118476 10.500249
v 1.124899 -0.849461 10.500249
v 1.124899 0.449461 10.500249
v 0.918476 0.718476 10.500249
v 1.254662 -0.536186 10.500249
v 1.298922 -0.2 10.500249
v 1.254662 0.136186 10.500249
v 0.649461 0.924899 10.500249
v 0.336186 1.054662 10.500249
v -1.54 3.041148 6.079107
v -1.54 3.041148 7.393004
v 1.54 3.041148 6.079107
v 1.54 3.041148 7.393004
v -1.54 3.9 7.393004
v 1.54 3.9 7.393004
v 1.25 3.041148 5.149502
v 1.54 3.041148 5.149502
v -1.25 4.389117 0.824929
v 1.25 4.389117 0.824929
v -1.25 -3.392755 1.684985
v 1.25 -3.392755 1.684985
v -1.25 -3.392755 2.206321
v 1.25 -3.392755 2.206321
v -1.25 -3.975 2.206321
v 1.25 -3.975 2.206321
v 1.25 -3.975 5.304827
v -1.25 -3.975 5.304827
v -1.25 -3.380045 5.304827
v 1.25 -3.380045 5.304827
v -1.25 -3.380045 6.079107
v 1.25 -3.380045 6.079107
v 1.762938 3.9 2.456766
v -1.762938 3.9 2.456766
v 2.011701 -0.2 13.81047
v 1.967741 0.218256 13.81047
v 1.83778 0.618233 13.81047
v 1.627501 0.982448 13.81047
v 1.346091 1.294985 13.81047
v 1.005851 1.542184 13.81047
v 0.62165 1.713242 13.81047
v 0.21028 1.800681 13.81047
v -0.21028 1.800681 13.81047
v -0.62165 1.713242 13.81047
v -1.005851 1.542184 13.81047
v -1.346091 1.294985 13.81047
v -1.627501 0.982448 13.81047
v -1.83778 0.618233 13.81047
v -1.967741 0.218256 13.81047
v -2.011701 -0.2 13.81047
v -1.967741 -0.618256 13.81047
v -1.83778 -1.018233 13.81047
v -1.627501 -1.382448 13.81047
v -1.346091 -1.694985 13.81047
v -1.005851 -1.942184 13.81047
v -0.62165 -2.113241 13.81047
v -0.21028 -2.200681 13.81047
v 0.21028 -2.200681 13.81047
v 0.62165 -2.113241 13.81047
v 1.005851 -1.942184 13.81047
v 1.346091 -1.694985 13.81047
v 1.627501 -1.382448 13.81047
v 1.83778 -1.018233 13.81047
v 1.967741 -0.618256 13.81047
v 1.270537 0.070061 10.814511
v 1.249588 0.134537 10.814511
v 1.186624 0.328319 10.814511
v 1.118737 0.445903 10.814511
v 1.05085 0.563487 10.814511
v 0.914511 0.714906 10.814511
v 0.869148 0.765287 10.814511
v 0.649461 0.924899 10.814511
v 0.401389 1.035348 10.814511
v 0.335076 1.049443 10.814511
v 0.135774 1.091806 10.814511
v 0.0 1.091806 10.814511
v -0.135774 1.091806 10.814511
v -0.335076 1.049443 10.814511
v -0.401389 1.035348 10.814511
v -0.649461 0.924899 10.814511
v -0.869148 0.765287 10.814511
v -0.914511 0.714906 10.814511
v -1.05085 0.563487 10.814511
v -1.118737 0.445903 10.814511
v -1.186624 0.328319 10.814511
v -1.249588 0.134537 10.814511
v -1.270537 0.070061 10.814511
v -1.298922 -0.2 10.814511
v -1.270537 -0.470061 10.814511
v -1.249588 -0.534537 10.814511
v -1.186624 -0.728319 10.814511
v -1.118737 -0.845903 10.814511
v -1.05085 -0.963487 10.814511
v -0.914511 -1.114906 10.814511
v -0.869148 -1.165287 10.814511
v -0.649461 -1.324899 10.814511
v -0.401389 -1.435348 10.814511
v -0.335076 -1.449443 10.814511
v -0.135774 -1.491806 10.814511
v -0.0 -1.491806 10.814511
v 0.135774 -1.491806 10.814511
v 0.335076 -1.449443 10.814511
v 0.401389 -1.435348 10.814511
v 0.649461 -1.324899 10.814511
v 0.869148 -1.165287 10.814511
v 0.914511 -1.114906 10.814511
v 1.05085 -0.963487 10.814511
v 1.118737 -0.845903 10.814511
v 1.186624 -0.728319 10.814511
v 1.249588 -0.534537 10.814511
v 1.270537 -0.470061 10.814511
v 1.298922 -0.2 10.814511
v 1.83778 -1.018233 10.989974
v 1.967741 -0.618256 10.989974
v 1.627501 -1.382448 10.989974
v 1.346091 -1.694985 10.989974
v 1.005851 -1.942184 10.989974
v 0.62165 -2.113241 10.989974
v 0.21028 -2.200681 10.989974
v -0.21028 -2.200681 10.989974
v -0.62165 -2.113241 10.989974
v -1.005851 -1.942184 10.989974
v -1.346091 -1.694985 10.989974
v -1.627501 -1.382448 10.989974
v -1.83778 -1.018233 10.989974
v -1.967741 -0.618256 10.989974
v -2.011701 -0.2 10.989974
v -1.967741 0.218256 10.989974
v -1.83778 0.618233 10.989974
v -1.627501 0.982448 10.989974
v -1.346091 1.294985 10.989974
v -1.005851 1.542184 10.989974
v -0.62165 1.713242 10.989974
v -0.21028 1.800681 10.989974
v 0.21028 1.800681 10.989974
v 0.62165 1.713242 10.989974
v 1.005851 1.542184 10.989974
v 1.346091 1.294985 10.989974
v 1.627501 0.982448 10.989974
v 1.83778 0.618233 10.989974
v 1.967741 0.218256 10.989974
v 2.011701 -0.2 10.989974
v 2.011701 -0.2 13.319949
v 1.967741 0.218256 13.319949
v 1.83778 0.618233 13.319949
v 1.627501 0.982448 13.319949
v 1.346091 1.294985 13.319949
v 1.005851 1.542184 13.319949
v 0.62165 1.713242 13.319949
v 0.21028 1.800681 13.319949
v -0.21028 1.800681 13.319949
v -0.62165 1.713242 13.319949
v -1.005851 1.542184 13.319949
v -1.346091 1.294985 13.319949
v -1.627501 0.982448 13.319949
v -1.83778 0.618233 13.319949
v -1.967741 0.218256 13.319949
v -2.011701 -0.2 13.319949
v -1.967741 -0.618256 13.319949
v -1.83778 -1.018233 13.319949
v -1.627501 -1.382448 13.319949
v -1.346091 -1.694985 13.319949
v -1.005851 -1.942184 13.319949
v -0.62165 -2.113241 13.319949
v -0.21028 -2.200681 13.319949
v 0.21028 -2.200681 13.319949
v 0.62165 -2.113241 13.319949
v 1.005851 -1.942184 13.319949
v 1.346091 -1.694985 13.319949
v 1.627501 -1.382448 13.319949
v 1.83778 -1.018233 13.319949
v 1.967741 -0.618256 13.319949
v -1.813519 0.185475 13.81047
v -1.693744 0.554103 13.81047
v -1.499945 0.889774 13.81047
v -1.240591 1.177816 13.81047
v -0.927017 1.40564 13.81047
v -0.572928 1.563291 13.81047
v -0.193799 1.643877 13.81047
v 0.193799 1.643877 13.81047
v 0.572928 1.563291 13.81047
v 0.927017 1.40564 13.81047
v 1.240591 1.177816 13.81047
v 1.499945 0.889774 13.81047
v 1.693744 0.554103 13.81047
v 1.813519 0.185475 13.81047
v 1.854034 -0.2 13.81047
v 1.813519 -0.585475 13.81047
v 1.693744 -0.954103 13.81047
v 1.499945 -1.289774 13.81047
v 1.240591 -1.577816 13.81047
v 0.927017 -1.80564 13.81047
v 0.572928 -1.963291 13.81047
v 0.193799 -2.043877 13.81047
v -0.193799 -2.043877 13.81047
v -0.572928 -1.963291 13.81047
v -0.927017 -1.80564 13.81047
v -1.240591 -1.577816 13.81047
v -1.499945 -1.289774 13.81047
v -1.693744 -0.954103 13.81047
v -1.813519 -0.585475 13.81047
v -1.854034 -0.2 13.81047
v -1.94 -4.3 6.5
v -1.94 -3.3 6.5
v -1.94 2.9 6.5
v -1.94 3.9 6.5
v -3.83 3.9 0.0
v -3.54 3.9 0.0
v -3.83 3.9 2.151718
v -3.54 3.9 2.456766
v -6.33 3.9 2.151718
v -6.62 3.9 2.456766
v -6.33 3.9 0.0
v -6.62 3.9 0.0
v -3.83 5.0 9.8
v -3.83 5.0 2.456766
v -6.33 5.0 2.456766
v -7.62 5.0 0.0
v -6.33 5.0 9.8
v -7.62 5.0 9.8
v -6.842938 3.9 9.8
v -7.62 3.9 9.8
v -6.62 3.041148 0.0
v -6.33 3.041148 0.0
v -6.33 2.41051 0.0
v -6.33 -3.767084 0.0
v -7.02 -4.3 0.0
v -6.33 -2.81051 0.0
v -7.02 -3.3 0.0
v -7.12 -2.81051 0.0
v -7.62 -3.46077 0.0
v -7.12 2.41051 0.0
v -7.62 3.06077 0.0
v -7.02 2.9 0.0
v -6.33 4.389117 0.0
v -3.54 3.041148 0.0
v -3.83 -3.767084 0.0
v -3.83 -2.81051 0.0
v -3.04 -2.81051 0.0
v -3.83 4.389117 0.0
v -7.02 3.9 0.0
v -7.62 3.739231 0.0
v -3.83 3.041148 0.0
v -3.83 2.41051 0.0
v -3.04 2.41051 0.0
v -7.62 -5.0 0.0
v -7.62 -4.139231 0.0
v -3.54 2.41051 5.149502
v -3.83 2.41051 5.149502
v -6.33 2.41051 5.149502
v -6.62 2.41051 5.149502
v -7.12 2.41051 10.500249
v -6.62 2.41051 6.079107
v -3.04 2.41051 10.500249
v -3.54 2.41051 6.079107
v -7.047713 -5.0 6.638134
v -7.62 -5.0 6.638134
v -7.047713 -5.0 1.684985
v -3.112287 -5.0 1.684985
v -3.112287 -5.0 6.638134
v -3.83 -2.81051 6.079107
v -6.33 -2.81051 6.079107
v -7.12 -2.81051 10.500249
v -3.04 -2.81051 10.500249
v -6.62 3.041148 5.149502
v -6.33 3.041148 5.149502
v -7.62 -4.139231 6.5
v -7.62 3.739231 6.5
v -7.62 3.06077 6.5
v -7.62 2.8 14.0
v -7.62 -3.46077 6.5
v -7.62 -3.2 14.0
v -7.62 -4.374398 7.165406
v -7.62 -4.506975 7.171484
v -7.62 -4.63697 7.144741
v -7.62 -4.983539 6.769826
v -7.62 -4.935167 6.893414
v -7.62 -4.857862 7.001292
v -7.62 -4.756382 7.086823
v -3.4525 0.982448 14.0
v -3.242219 0.618233 14.0
v -3.112259 0.218256 14.0
v -3.068299 -0.2 14.0
v -3.112259 -0.618256 14.0
v -3.242219 -1.018233 14.0
v -5.70165 -2.113241 14.0
v -6.085851 -1.942184 14.0
v -3.4525 -1.382448 14.0
v -3.733909 -1.694985 14.0
v -4.074149 -1.942184 14.0
v -6.426091 -1.694985 14.0
v -6.7075 -1.382448 14.0
v -6.917781 -1.018233 14.0
v -4.45835 -2.113241 14.0
v -4.86972 -2.200681 14.0
v -5.29028 -2.200681 14.0
v -4.45835 1.713242 14.0
v -4.074149 1.542184 14.0
v -3.733909 1.294985 14.0
v -7.047741 -0.618256 14.0
v -7.091701 -0.2 14.0
v -7.047741 0.218256 14.0
v -6.917781 0.618233 14.0
v -6.7075 0.982448 14.0
v -6.426091 1.294985 14.0
v -6.085851 1.542184 14.0
v -5.70165 1.713242 14.0
v -5.29028 1.800681 14.0
v -4.86972 1.800681 14.0
v -3.317062 3.9 9.8
v -5.08 1.098922 10.500249
v -5.416185 1.054662 10.500249
v -5.729461 0.924899 10.500249
v -5.998477 0.718476 10.500249
v -6.204899 0.449461 10.500249
v -3.955101 0.449461 10.500249
v -4.161524 0.718476 10.500249
v -6.204899 -0.849461 10.500249
v -5.998477 -1.118476 10.500249
v -5.729461 -1.324899 10.500249
v -6.334662 0.136186 10.500249
v -6.378922 -0.2 10.500249
v -6.334662 -0.536186 10.500249
v -4.430539 0.924899 10.500249
v -4.743814 1.054662 10.500249
v -4.743814 -1.454662 10.500249
v -5.08 -1.498922 10.500249
v -5.416185 -1.454662 10.500249
v -4.430539 -1.324899 10.500249
v -4.161524 -1.118476 10.500249
v -3.955101 -0.849461 10.500249
v -3.825338 -0.536186 10.500249
v -3.781078 -0.2 10.500249
v -3.825338 0.136186 10.500249
v -6.62 3.041148 6.079107
v -6.62 3.041148 7.393004
v -3.54 3.041148 6.079107
v -3.54 3.041148 7.393004
v -6.62 3.9 7.393004
v -3.54 3.9 7.393004
v -3.83 3.041148 5.149502
v -3.54 3.041148 5.149502
v -6.33 4.389117 0.824929
v -3.83 4.389117 0.824929
v -6.33 -3.392755 1.684985
v -3.83 -3.392755 1.684985
v -6.33 -3.392755 2.206321
v -3.83 -3.392755 2.206321
v -6.33 -3.975 2.206321
v -3.83 -3.975 2.206321
v -3.83 -3.975 5.304827
v -6.33 -3.975 5.304827
v -6.33 -3.380045 5.304827
v -3.83 -3.380045 5.304827
v -6.33 -3.380045 6.079107
v -3.83 -3.380045 6.079107
v -3.317062 3.9 2.456766
v -6.842938 3.9 2.456766
v -3.068299 -0.2 13.81047
v -3.112259 0.218256 13.81047
v -3.242219 0.618233 13.81047
v -3.4525 0.982448 13.81047
v -3.733909 1.294985 13.81047
v -4.074149 1.542184 13.81047
v -4.45835 1.713242 13.81047
v -4.86972 1.800681 13.81047
v -5.29028 1.800681 13.81047
v -5.70165 1.713242 13.81047
v -6.085851 1.542184 13.81047
v -6.426091 1.294985 13.81047
v -6.7075 0.982448 13.81047
v -6.917781 0.618233 13.81047
v -7.047741 0.218256 13.81047
v -7.091701 -0.2 13.81047
v -7.047741 -0.618256 13.81047
v -6.917781 -1.018233 13.81047
v -6.7075 -1.382448 13.81047
v -6.426091 -1.694985 13.81047
v -6.085851 -1.942184 13.81047
v -5.70165 -2.113241 13.81047
v -5.29028 -2.200681 13.81047
v -4.86972 -2.200681 13.81047
v -4.45835 -2.113241 13.81047
v -4.074149 -1.942184 13.81047
v -3.733909 -1.694985 13.81047
v -3.4525 -1.382448 13.81047
v -3.242219 -1.018233 13.81047
v -3.112259 -0.618256 13.81047
v -3.809463 0.070061 10.814511
v -3.830412 0.134537 10.814511
v -3.893376 0.328319 10.814511
v -3.961263 0.445903 10.814511
v -4.02915 0.563487 10.814511
v -4.165489 0.714906 10.814511
v -4.210852 0.765287 10.814511
v -4.430539 0.924899 10.814511
v -4.678611 1.035348 10.814511
v -4.744924 1.049443 10.814511
v -4.944226 1.091806 10.814511
v -5.08 1.091806 10.814511
v -5.215774 1.091806 10.814511
v -5.415076 1.049443 10.814511
v -5.481389 1.035348 10.814511
v -5.729461 0.924899 10.814511
v -5.949149 0.765287 10.814511
v -5.994511 0.714906 10.814511
v -6.130849 0.563487 10.814511
v -6.198737 0.445903 10.814511
v -6.266623 0.328319 10.814511
v -6.329587 0.134537 10.814511
v -6.350537 0.070061 10.814511
v -6.378922 -0.2 10.814511
v -6.350537 -0.470061 10.814511
v -6.329587 -0.534537 10.814511
v -6.266623 -0.728319 10.814511
v -6.198737 -0.845903 10.814511
v -6.130849 -0.963487 10.814511
v -5.994511 -1.114906 10.814511
v -5.949149 -1.165287 10.814511
v -5.729461 -1.324899 10.814511
v -5.481389 -1.435348 10.814511
v -5.415076 -1.449443 10.814511
v -5.215774 -1.491806 10.814511
v -5.08 -1.491806 10.814511
v -4.944226 -1.491806 10.814511
v -4.744924 -1.449443 10.814511
v -4.678611 -1.435348 10.814511
v -4.430539 -1.324899 10.814511
v -4.210852 -1.165287 10.814511
v -4.165489 -1.114906 10.814511
v -4.02915 -0.963487 10.814511
v -3.961263 -0.845903 10.814511
v -3.893376 -0.728319 10.814511
v -3.830412 -0.534537 10.814511
v -3.809463 -0.470061 10.814511
v -3.781078 -0.2 10.814511
v -3.242219 -1.018233 10.989974
v -3.112259 -0.618256 10.989974
v -3.4525 -1.382448 10.989974
v -3.733909 -1.694985 10.989974
v -4.074149 -1.942184 10.989974
v -4.45835 -2.113241 10.989974
v -4.86972 -2.200681 10.989974
v -5.29028 -2.200681 10.989974
v -5.70165 -2.113241 10.989974
v -6.085851 -1.942184 10.989974
v -6.426091 -1.694985 10.989974
v -6.7075 -1.382448 10.989974
v -6.917781 -1.018233 10.989974
v -7.047741 -0.618256 10.989974
v -7.091701 -0.2 10.989974
v -7.047741 0.218256 10.989974
v -6.917781 0.618233 10.989974
v -6.7075 0.982448 10.989974
v -6.426091 1.294985 10.989974
v -6.085851 1.542184 10.989974
v -5.70165 1.713242 10.989974
v -5.29028 1.800681 10.989974
v -4.86972 1.800681 10.989974
v -4.45835 1.713242 10.989974
v -4.074149 1.542184 10.989974
v -3.733909 1.294985 10.989974
v -3.4525 0.982448 10.989974
v -3.242219 0.618233 10.989974
v -3.112259 0.218256 10.989974
v -3.068299 -0.2 10.989974
v -3.068299 -0.2 13.319949
v -3.112259 0.218256 13.319949
v -3.242219 0.618233 13.319949
v -3.4525 0.982448 13.319949
v -3.733909 1.294985 13.319949
v -4.074149 1.542184 13.319949
v -4.45835 1.713242 13.319949
v -4.86972 1.800681 13.319949
v -5.29028 1.800681 13.319949
v -5.70165 1.713242 13.319949
v -6.085851 1.542184 13.319949
v -6.426091 1.294985 13.319949
v -6.7075 0.982448 13.319949
v -6.917781 0.618233 13.319949
v -7.047741 0.218256 13.319949
v -7.091701 -0.2 13.319949
v -7.047741 -0.618256 13.319949
v -6.917781 -1.018233 13.319949
v -6.7075 -1.382448 13.319949
v -6.426091 -1.694985 13.319949
v -6.085851 -1.942184 13.319949
v -5.70165 -2.113241 13.319949
v -5.29028 -2.200681 13.319949
v -4.86972 -2.200681 13.319949
v -4.45835 -2.113241 13.319949
v -4.074149 -1.942184 13.319949
v -3.733909 -1.694985 13.319949
v -3.4525 -1.382448 13.319949
v -3.242219 -1.018233 13.319949
v -3.112259 -0.618256 13.319949
v -6.893519 0.185475 13.81047
v -6.773744 0.554103 13.81047
v -6.579945 0.889774 13.81047
v -6.32059 1.177816 13.81047
v -6.007017 1.40564 13.81047
v -5.652928 1.563291 13.81047
v -5.273799 1.643877 13.81047
v -4.8862 1.643877 13.81047
v -4.507072 1.563291 13.81047
v -4.152983 1.40564 13.81047
v -3.839409 1.177816 13.81047
v -3.580055 0.889774 13.81047
v -3.386256 0.554103 13.81047
v -3.266481 0.185475 13.81047
v -3.225966 -0.2 13.81047
v -3.266481 -0.585475 13.81047
v -3.386256 -0.954103 13.81047
v -3.580055 -1.289774 13.81047
v -3.839409 -1.577816 13.81047
v -4.152983 -1.80564 13.81047
v -4.507072 -1.963291 13.81047
v -4.8862 -2.043877 13.81047
v -5.273799 -2.043877 13.81047
v -5.652928 -1.963291 13.81047
v -6.007017 -1.80564 13.81047
v -6.32059 -1.577816 13.81047
v -6.579945 -1.289774 13.81047
v -6.773744 -0.954103 13.81047
v -6.893519 -0.585475 13.81047
v -6.934034 -0.2 13.81047
v -7.02 -4.3 6.5
v -7.02 -3.3 6.5
v -7.02 2.9 6.5
v -7.02 3.9 6.5
v 1.15 -2.753248 5.215123
v 1.15 -3.19272 5.215123
v -1.15 -2.753248 5.215123
v -1.15 -3.19272 5.215123
v -1.15 -2.196408 5.215123
v -1.15 -1.753248 5.215123
v 1.15 -2.196408 5.215123
v 1.15 -1.753248 5.215123
v -1.15 -1.196408 5.215123
v -1.15 -0.753248 5.215123
v 1.15 -1.196408 5.215123
v 1.15 -0.753248 5.215123
v -1.15 -0.196408 5.215123
v -1.15 0.246752 5.215123
v 1.15 -0.196408 5.215123
v 1.15 0.246752 5.215123
v -1.15 0.803592 5.215123
v -1.15 1.246752 5.215123
v 1.15 0.803592 5.215123
v 1.15 1.246752 5.215123
v 0.5813 3.877045 3.674764
v 1.15 3.877045 4.559439
v 0.5813 3.877045 2.456766
v 1.15 3.877045 1.697749
v -0.586355 3.877045 2.456766
v -1.15 3.877045 1.697749
v -0.586355 3.877045 3.674764
v -1.15 3.877045 4.559439
v -0.15 0.1 -4.5
v 0.15 0.1 -4.5
v -0.45 0.1 -3.380385
v 0.45 0.1 -3.380385
v -0.45 0.1 -0.0
v 0.45 0.1 -0.0
v -0.15 0.9 -4.5
v 0.15 0.9 -4.5
v -0.45 0.9 0.0
v 0.45 0.9 0.0
v -0.45 0.9 -3.380385
v 0.45 0.9 -3.380385
v 0.45 0.90431 0.032737
v -0.45 0.90431 0.032737
v 0.45 0.916946 0.063244
v -0.45 0.916946 0.063244
v 0.45 0.937047 0.089441
v -0.45 0.937047 0.089441
v 0.45 0.963244 0.109542
v -0.45 0.963244 0.109542
v 0.45 0.993751 0.122178
v -0.45 0.993751 0.122178
v 0.45 1.026488 0.126488
v -0.45 1.026488 0.126488
v -1.15 2.305784 0.126488
v 1.15 2.305784 0.126488
v 0.45 1.605784 0.126488
v -0.45 1.605784 0.126488
v -1.15 2.612322 0.156679
v 1.15 2.612322 0.156679
v -1.15 2.907079 0.246093
v 1.15 2.907079 0.246093
v -1.15 3.17873 0.391293
v 1.15 3.17873 0.391293
v -1.15 3.416833 0.5867
v 1.15 3.416833 0.5867
v -1.15 3.61224 0.824803
v 1.15 3.61224 0.824803
v -1.15 3.75744 1.096453
v 1.15 3.75744 1.096453
v -1.15 3.846853 1.391211
v 1.15 3.846853 1.391211
v -1.15 3.849074 4.843429
v 1.15 3.849074 4.843429
v -1.15 3.766237 5.116505
v 1.15 3.766237 5.116505
v -1.15 3.631718 5.368174
v 1.15 3.631718 5.368174
v -1.15 3.450685 5.588763
v 1.15 3.450685 5.588763
v -1.15 3.230095 5.769796
v 1.15 3.230095 5.769796
v -1.15 2.978427 5.904315
v 1.15 2.978427 5.904315
v -1.15 2.70535 5.987153
v 1.15 2.70535 5.987153
v -1.15 2.42136 6.015123
v 1.15 2.42136 6.015123
v 1.15 -3.19272 6.015123
v -1.15 -3.19272 6.015123
v -1.15 1.803592 5.215123
v -1.15 2.42136 5.215123
v 1.15 1.803592 5.215123
v 1.15 2.42136 5.215123
v 1.15 2.591064 5.192781
v -1.15 2.591064 5.192781
v 1.15 2.749202 5.127278
v -1.15 2.749202 5.127278
v 1.15 2.884999 5.023077
v -1.15 2.884999 5.023077
v 1.15 2.9892 4.887281
v -1.15 2.9892 4.887281
v 1.15 3.054703 4.729142
v -1.15 3.054703 4.729142
v 1.15 3.077045 4.559439
v -1.15 3.077045 4.559439
v 1.15 3.077045 1.697749
v -1.15 3.077045 1.697749
v 1.15 3.050765 1.498132
v -1.15 3.050765 1.498132
v 1.15 2.973715 1.312118
v -1.15 2.973715 1.312118
v 1.15 2.851148 1.152385
v -1.15 2.851148 1.152385
v 1.15 2.691414 1.029817
v -1.15 2.691414 1.029817
v 1.15 2.505401 0.952768
v -1.15 2.505401 0.952768
v 1.15 2.305784 0.926488
v -1.15 2.305784 0.926488
v -0.45 1.026488 0.926488
v 0.45 1.026488 0.926488
v -0.45 1.605784 0.926488
v 0.45 1.605784 0.926488
v -0.45 0.786695 0.894919
v 0.45 0.786695 0.894919
v -0.45 0.563244 0.802362
v 0.45 0.563244 0.802362
v -0.45 0.371362 0.655126
v 0.45 0.371362 0.655126
v -0.45 0.224126 0.463244
v 0.45 0.224126 0.463244
v -0.45 0.131569 0.239793
v 0.45 0.131569 0.239793
v 1.15 -2.474828 5.493543
v 1.15 -1.474828 5.493543
v 1.15 -0.474828 5.493543
v 1.15 0.525172 5.493543
v 1.15 1.525172 5.493543
v -1.15 0.525172 5.493543
v -1.15 -0.474828 5.493543
v -1.15 -1.474828 5.493543
v -1.15 -2.474828 5.493543
v -1.15 1.525172 5.493543
v -0.586355 4.377045 2.602511
v -0.586355 4.377045 2.456766
v 0.5813 4.377045 2.602511
v 0.5813 4.377045 2.456766
v -3.93 -2.753248 5.215123
v -3.93 -3.19272 5.215123
v -6.23 -2.753248 5.215123
v -6.23 -3.19272 5.215123
v -6.23 -2.196408 5.215123
v -6.23 -1.753248 5.215123
v -3.93 -2.196408 5.215123
v -3.93 -1.753248 5.215123
v -6.23 -1.196408 5.215123
v -6.23 -0.753248 5.215123
v -3.93 -1.196408 5.215123
v -3.93 -0.753248 5.215123
v -6.23 -0.196408 5.215123
v -6.23 0.246752 5.215123
v -3.93 -0.196408 5.215123
v -3.93 0.246752 5.215123
v -6.23 0.803592 5.215123
v -6.23 1.246752 5.215123
v -3.93 0.803592 5.215123
v -3.93 1.246752 5.215123
v -4.4987 3.877045 3.674764
v -3.93 3.877045 4.559439
v -4.4987 3.877045 2.456766
v -3.93 3.877045 1.697749
v -5.666355 3.877045 2.456766
v -6.23 3.877045 1.697749
v -5.666355 3.877045 3.674764
v -6.23 3.877045 4.559439
v -5.23 0.1 -4.5
v -4.93 0.1 -4.5
v -5.53 0.1 -3.380385
v -4.63 0.1 -3.380385
v -5.53 0.1 -0.0
v -4.63 0.1 -0.0
v -5.23 0.9 -4.5
v -4.93 0.9 -4.5
v -5.53 0.9 0.0
v -4.63 0.9 0.0
v -5.53 0.9 -3.380385
v -4.63 0.9 -3.380385
v -4.63 0.90431 0.032737
v -5.53 0.90431 0.032737
v -4.63 0.916946 0.063244
v -5.53 0.916946 0.063244
v -4.63 0.937047 0.089441
v -5.53 0.937047 0.089441
v -4.63 0.963244 0.109542
v -5.53 0.963244 0.109542
v -4.63 0.993751 0.122178
v -5.53 0.993751 0.122178
v -4.63 1.026488 0.126488
v -5.53 1.026488 0.126488
v -6.23 2.305784 0.126488
v -3.93 2.305784 0.126488
v -4.63 1.605784 0.126488
v -5.53 1.605784 0.126488
v -6.23 2.612322 0.156679
v -3.93 2.612322 0.156679
v -6.23 2.907079 0.246093
v -3.93 2.907079 0.246093
v -6.23 3.17873 0.391293
v -3.93 3.17873 0.391293
v -6.23 3.416833 0.5867
v -3.93 3.416833 0.5867
v -6.23 3.61224 0.824803
v -3.93 3.61224 0.824803
v -6.23 3.75744 1.096453
v -3.93 3.75744 1.096453
v -6.23 3.846853 1.391211
v -3.93 3.846853 1.391211
v -6.23 3.849074 4.843429
v -3.93 3.849074 4.843429
v -6.23 3.766237 5.116505
v -3.93 3.766237 5.116505
v -6.23 3.631718 5.368174
v -3.93 3.631718 5.368174
v -6.23 3.450685 5.588763
v -3.93 3.450685 5.588763
v -6.23 3.230095 5.769796
v -3.93 3.230095 5.769796
v -6.23 2.978427 5.904315
v -3.93 2.978427 5.904315
v -6.23 2.70535 5.987153
v -3.93 2.70535 5.987153
v -6.23 2.42136 6.015123
v -3.93 2.42136 6.015123
v -3.93 -3.19272 6.015123
v -6.23 -3.19272 6.015123
v -6.23 1.803592 5.215123
v -6.23 2.42136 5.215123
v -3.93 1.803592 5.215123
v -3.93 2.42136 5.215123
v -3.93 2.591064 5.192781
v -6.23 2.591064 5.192781
v -3.93 2.749202 5.127278
v -6.23 2.749202 5.127278
v -3.93 2.884999 5.023077
v -6.23 2.884999 5.023077
v -3.93 2.9892 4.887281
v -6.23 2.9892 4.887281
v -3.93 3.054703 4.729142
v -6.23 3.054703 4.729142
v -3.93 3.077045 4.559439
v -6.23 3.077045 4.559439
v -3.93 3.077045 1.697749
v -6.23 3.077045 1.697749
v -3.93 3.050765 1.498132
v -6.23 3.050765 1.498132
v -3.93 2.973715 1.312118
v -6.23 2.973715 1.312118
v -3.93 2.851148 1.152385
v -6.23 2.851148 1.152385
v -3.93 2.691414 1.029817
v -6.23 2.691414 1.029817
v -3.93 2.505401 0.952768
v -6.23 2.505401 0.952768
v -3.93 2.305784 0.926488
v -6.23 2.305784 0.926488
v -5.53 1.026488 0.926488
v -4.63 1.026488 0.926488
v -5.53 1.605784 0.926488
v -4.63 1.605784 0.926488
v -5.53 0.786695 0.894919
v -4.63 0.786695 0.894919
v -5.53 0.563244 0.802362
v -4.63 0.563244 0.802362
v -5.53 0.371362 0.655126
v -4.63 0.371362 0.655126
v -5.53 0.224126 0.463244
v -4.63 0.224126 0.463244
v -5.53 0.131569 0.239793
v -4.63 0.131569 0.239793
v -3.93 -2.474828 5.493543
v -3.93 -1.474828 5.493543
v -3.93 -0.474828 5.493543
v -3.93 0.525172 5.493543
v -3.93 1.525172 5.493543
v -6.23 0.525172 5.493543
v -6.23 -0.474828 5.493543
v -6.23 -1.474828 5.493543
v -6.23 -2.474828 5.493543
v -6.23 1.525172 5.493543
v -5.666355 4.377045 2.602511
v -5.666355 4.377045 2.456766
v -4.4987 4.377045 2.602511
v -4.4987 4.377045 2.456766
v 1.25 -2.617619 6.102784
v 2.0 -2.617619 7.715472
v -1.25 -2.617619 6.102784
v -2.0 -2.617619 7.715472
v -1.25 -2.617619 2.599814
v -2.0 -2.617619 1.47622
v 1.25 -2.617619 2.599814
v 2.0 -2.617619 1.47622
v 1.25 2.220445 6.102784
v 2.0 2.220445 7.715472
v 1.25 2.220445 2.599814
v 2.0 2.220445 1.47622
v -1.25 2.220445 2.599814
v -2.0 2.220445 1.47622
v -1.25 2.220445 6.102784
v -2.0 2.220445 7.715472
v -3.83 -2.617619 6.102784
v -3.08 -2.617619 7.715472
v -6.33 -2.617619 6.102784
v -7.08 -2.617619 7.715472
v -6.33 -2.617619 2.599814
v -7.08 -2.617619 1.47622
v -3.83 -2.617619 2.599814
v -3.08 -2.617619 1.47622
v -3.83 2.220445 6.102784
v -3.08 2.220445 7.715472
v -3.83 2.220445 2.599814
v -3.08 2.220445 1.47622
v -6.33 2.220445 2.599814
v -7.08 2.220445 1.47622
v -6.33 2.220445 6.102784
v -7.08 2.220445 7.715472
v 0.747567 1.559286 13.350813
v 0.722118 1.571208 13.350813
v 0.718458 1.562231 13.449242
v 0.483326 1.648574 13.350813
v 0.348475 1.680744 13.350813
v 0.346709 1.671212 13.449242
v 0.208937 1.699303 13.350813
v 0.155239 1.706445 13.350813
v 0.154453 1.696783 13.449242
v -0.069764 1.71018 13.350813
v -0.234045 1.698382 13.350813
v -0.232859 1.688761 13.449242
v -0.617514 1.610114 13.350813
v -0.794838 1.539789 13.350813
v -0.79081 1.530971 13.449242
v -0.873456 1.498908 13.350813
v -0.96779 1.449854 13.350813
v -0.962885 1.441491 13.449242
v -1.11241 1.354797 13.350813
v -1.130689 1.342782 13.350813
v -1.124958 1.334963 13.449242
v -1.326063 1.175468 13.350813
v -1.419686 1.081844 13.350813
v -1.412491 1.075348 13.449242
v -1.51251 0.967862 13.350813
v -1.542782 0.930689 13.350813
v -1.534963 0.924958 13.449242
v -1.666676 0.735439 13.350813
v -1.739789 0.594838 13.350813
v -1.730971 0.59081 13.449242
v -1.8665 0.215804 13.350813
v -1.898383 0.034045 13.350813
v -1.888761 0.032859 13.449242
v -1.905176 -0.060556 13.350813
v -1.912345 -0.160391 13.350813
v -1.902653 -0.160592 13.449242
v -1.906919 -0.3396 13.350813
v -1.906446 -0.355239 13.350813
v -1.896783 -0.354453 13.449242
v -1.864787 -0.615364 13.350813
v -1.835508 -0.738091 13.350813
v -1.826206 -0.735364 13.449242
v -1.784966 -0.882744 13.350813
v -1.771208 -0.922118 13.350813
v -1.762231 -0.918458 13.449242
v -1.392228 -1.026542 13.809162
v -1.379064 -1.013378 13.816397
v -1.41357 -0.952318 13.816937
v -1.237593 -0.871908 13.855343
v -1.24313 -0.861608 13.855343
v -1.26456 -0.898875 13.854013
v -1.330019 -0.907852 13.845649
v -1.358411 -0.992725 13.827747
v -1.312316 -0.94663 13.845003
v -1.309948 -0.944263 13.84545
v -1.434161 -1.068475 13.778028
v -1.490571 -0.993299 13.770314
v -1.442512 -1.076826 13.769737
v -1.472542 -1.106856 13.739923
v -1.558062 -1.029219 13.70757
v -1.497636 -1.131951 13.708619
v -1.529044 -1.163359 13.659611
v -1.613451 -1.058697 13.631115
v -1.54328 -1.177595 13.630532
v -1.555431 -1.189746 13.605716
v -1.654608 -1.080602 13.543888
v -1.569825 -1.20414 13.568233
v -1.679953 -1.094091 13.449242
v -1.587428 -1.221743 13.507444
v -1.576985 -1.2113 13.543507
v -1.688511 -1.098645 13.350813
v -1.666852 -1.135451 13.350813
v -1.60546 -1.239775 13.350813
v -1.603273 -1.237587 13.405978
v -1.599127 -1.233441 13.444408
v -1.598243 -1.232558 13.449169
v 1.036691 1.402376 13.416275
v 1.039775 1.40546 13.350813
v 0.995667 1.431416 13.350813
v 0.898645 1.488511 13.350813
v 0.894091 1.479953 13.449242
v 1.032017 1.397703 13.449039
v 0.880602 1.454609 13.543888
v 1.019996 1.385681 13.514655
v 1.027576 1.393262 13.480175
v 0.858697 1.413451 13.631115
v 1.001667 1.367352 13.575246
v 1.011277 1.376962 13.543477
v 0.829219 1.358062 13.70757
v 0.963023 1.328708 13.660208
v 0.977978 1.343663 13.631625
v 0.793299 1.29057 13.770314
v 0.877091 1.242776 13.770221
v 0.89555 1.261236 13.752254
v 0.931358 1.297044 13.709429
v 0.932624 1.29831 13.70746
v 0.788746 1.154431 13.829591
v 0.813238 1.178923 13.815969
v 0.752318 1.21357 13.816937
v 0.833067 1.198752 13.804941
v 0.874878 1.240563 13.772375
v 0.707852 1.130019 13.845649
v 0.661608 1.04313 13.855343
v 0.671908 1.037593 13.855343
v 0.715852 1.081538 13.851799
v 0.744114 1.109799 13.844625
v 0.763534 1.129219 13.839694
v -1.333791 0.251773 13.855343
v -1.280882 0.385183 13.855343
v -1.427017 0.28335 13.845649
v -1.37041 0.426084 13.845649
v -1.516661 0.313713 13.816937
v -1.456498 0.465414 13.816937
v -1.599277 0.341697 13.770314
v -1.535837 0.501661 13.770314
v -1.671691 0.366224 13.70757
v -1.605378 0.533432 13.70757
v -1.73112 0.386353 13.631115
v -1.662449 0.559505 13.631115
v -1.775279 0.401311 13.543888
v -1.704857 0.578879 13.543888
v -1.802472 0.410521 13.449242
v -0.313671 1.172847 13.855343
v -0.172311 1.197643 13.855343
v -0.335595 1.268803 13.845649
v -0.184355 1.295333 13.845649
v -0.356677 1.361072 13.816937
v -0.195935 1.389268 13.816937
v -0.376106 1.446107 13.770314
v -0.206609 1.475839 13.770314
v -0.393135 1.520641 13.70757
v -0.215964 1.551719 13.70757
v -0.407111 1.58181 13.631115
v -0.223641 1.613993 13.631115
v -0.417496 1.627262 13.543888
v -0.229346 1.660266 13.543888
v -0.423892 1.655251 13.449242
v -1.304014 -0.731644 13.855343
v -1.395159 -0.768804 13.845649
v -1.482801 -0.804535 13.816937
v -1.563573 -0.837466 13.770314
v -1.63437 -0.86633 13.70757
v -1.692472 -0.890018 13.631115
v -1.735645 -0.907619 13.543888
v -1.798654 -0.727287 13.543888
v -1.753914 -0.714171 13.631115
v -1.693703 -0.69652 13.70757
v -1.620336 -0.675012 13.770314
v -1.536632 -0.650473 13.816937
v -1.445807 -0.623848 13.845649
v -1.351354 -0.596158 13.855343
v -1.880744 -0.548475 13.350813
v -1.871212 -0.546709 13.449242
v -1.842982 -0.541478 13.543888
v -1.797138 -0.532984 13.631115
v -1.735444 -0.521553 13.70757
v -1.660268 -0.507624 13.770314
v -1.574502 -0.491733 13.816937
v -1.481439 -0.474489 13.845649
v -1.384657 -0.456557 13.855343
v -1.403579 -0.314292 13.855343
v -1.501684 -0.32228 13.845649
v -1.596018 -0.329962 13.816937
v -1.682957 -0.337041 13.770314
v -1.759159 -0.343246 13.70757
v -1.821697 -0.348338 13.631115
v -1.868167 -0.352122 13.543888
v -1.873948 -0.161187 13.543888
v -1.827335 -0.162152 13.631115
v -1.764603 -0.163451 13.70757
v -1.688165 -0.165035 13.770314
v -1.600957 -0.166841 13.816937
v -1.506331 -0.168801 13.845649
v -1.407923 -0.170839 13.855343
v -1.860266 0.029346 13.543888
v -1.813993 0.023641 13.631115
v -1.751719 0.015964 13.70757
v -1.675839 0.006609 13.770314
v -1.589268 -0.004065 13.816937
v -1.495333 -0.015645 13.845649
v -1.397643 -0.027689 13.855343
v -1.864702 0.226051 13.350813
v -1.855251 0.223892 13.449242
v -1.827262 0.217496 13.543888
v -1.78181 0.207111 13.631115
v -1.720641 0.193135 13.70757
v -1.646107 0.176106 13.770314
v -1.561072 0.156677 13.816937
v -1.468803 0.135595 13.845649
v -1.372847 0.113671 13.855343
v -1.811654 0.413631 13.350813
v -1.784368 0.482432 13.350813
v -1.649854 0.76779 13.350813
v -1.641492 0.762885 13.449242
v -1.616727 0.748358 13.543888
v -1.576512 0.724768 13.631115
v -1.522391 0.693021 13.70757
v -1.456445 0.654338 13.770314
v -1.381207 0.610204 13.816937
v -1.299569 0.562316 13.845649
v -1.214669 0.512514 13.855343
v -1.13584 0.632445 13.855343
v -1.21523 0.69063 13.845649
v -1.29157 0.746578 13.816937
v -1.361925 0.798141 13.770314
v -1.423591 0.843336 13.70757
v -1.4742 0.880426 13.631115
v -1.511805 0.907987 13.543888
v -1.391181 1.056107 13.543888
v -1.356576 1.024862 13.631115
v -1.310005 0.982813 13.70757
v -1.253259 0.931576 13.770314
v -1.188518 0.873121 13.816937
v -1.118269 0.809693 13.845649
v -1.045213 0.74373 13.855343
v -1.281844 1.219686 13.350813
v -1.275348 1.212491 13.449242
v -1.256107 1.191181 13.543888
v -1.224862 1.156576 13.631115
v -1.182813 1.110005 13.70757
v -1.131577 1.053259 13.770314
v -1.073121 0.988518 13.816937
v -1.009693 0.918269 13.845649
v -0.94373 0.845213 13.855343
v -0.832445 0.93584 13.855343
v -0.89063 1.01523 13.845649
v -0.946578 1.09157 13.816937
v -0.998141 1.161925 13.770314
v -1.043336 1.223591 13.70757
v -1.080426 1.2742 13.631115
v -1.107987 1.311805 13.543888
v -0.948358 1.416727 13.543888
v -0.924768 1.376512 13.631115
v -0.893021 1.322391 13.70757
v -0.854338 1.256445 13.770314
v -0.810204 1.181207 13.816937
v -0.762316 1.099569 13.845649
v -0.712514 1.014669 13.855343
v -0.778879 1.504857 13.543888
v -0.759505 1.462449 13.631115
v -0.733432 1.405378 13.70757
v -0.701661 1.335837 13.770314
v -0.665414 1.256498 13.816937
v -0.626084 1.17041 13.845649
v -0.585183 1.080882 13.855343
v -0.613631 1.611654 13.350813
v -0.610521 1.602472 13.449242
v -0.601311 1.575279 13.543888
v -0.586353 1.53112 13.631115
v -0.566224 1.471691 13.70757
v -0.541697 1.399277 13.770314
v -0.513713 1.316661 13.816937
v -0.48335 1.227018 13.845649
v -0.451773 1.133791 13.855343
v -0.426051 1.664702 13.350813
v -0.347011 1.678567 13.350813
v -0.039609 1.712345 13.350813
v -0.039408 1.702653 13.449242
v -0.038813 1.673949 13.543888
v -0.037848 1.627335 13.631115
v -0.036549 1.564603 13.70757
v -0.034965 1.488165 13.770314
v -0.033159 1.400957 13.816937
v -0.031199 1.306331 13.845649
v -0.029161 1.207923 13.855343
v 0.114292 1.203579 13.855343
v 0.12228 1.301684 13.845649
v 0.129962 1.396018 13.816937
v 0.137041 1.482957 13.770314
v 0.143246 1.559159 13.70757
v 0.148338 1.621697 13.631115
v 0.152122 1.668167 13.543888
v 0.341478 1.642982 13.543888
v 0.332984 1.597139 13.631115
v 0.321553 1.535444 13.70757
v 0.307624 1.460268 13.770314
v 0.291733 1.374501 13.816937
v 0.274489 1.281439 13.845649
v 0.256557 1.184657 13.855343
v 0.538091 1.635509 13.350813
v 0.535364 1.626206 13.449242
v 0.527287 1.598654 13.543888
v 0.514171 1.553914 13.631115
v 0.49652 1.493703 13.70757
v 0.475012 1.420336 13.770314
v 0.450473 1.336632 13.816937
v 0.423848 1.245807 13.845649
v 0.396158 1.151353 13.855343
v 0.531644 1.104014 13.855343
v 0.568804 1.195159 13.845649
v 0.604535 1.282801 13.816937
v 0.637466 1.363573 13.770314
v 0.66633 1.43437 13.70757
v 0.690018 1.492472 13.631115
v 0.707619 1.535645 13.543888
v 0.876143 -0.2 7.137566
v 0.867225 -0.324688 7.137566
v 0.0 -0.2 7.137566
v 0.867225 -0.075312 7.137566
v 0.737058 0.273678 7.137566
v 0.796967 0.163963 7.137566
v 0.840653 0.046838 7.137566
v 0.473678 0.537058 7.137566
v 0.573751 0.462144 7.137566
v 0.662144 0.373751 7.137566
v 0.124688 0.667225 7.137566
v 0.246838 0.640653 7.137566
v 0.363963 0.596967 7.137566
v -0.246838 0.640653 7.137566
v -0.124688 0.667225 7.137566
v 0.0 0.676143 7.137566
v -0.573751 0.462144 7.137566
v -0.473678 0.537058 7.137566
v -0.363963 0.596967 7.137566
v -0.796967 0.163963 7.137566
v -0.737058 0.273678 7.137566
v -0.662144 0.373751 7.137566
v -0.876143 -0.2 7.137566
v -0.867225 -0.075312 7.137566
v -0.840653 0.046838 7.137566
v -0.796967 -0.563963 7.137566
v -0.840653 -0.446838 7.137566
v -0.867225 -0.324688 7.137566
v -0.573751 -0.862144 7.137566
v -0.662144 -0.773751 7.137566
v -0.737058 -0.673678 7.137566
v -0.246838 -1.040653 7.137566
v -0.363963 -0.996967 7.137566
v -0.473678 -0.937058 7.137566
v 0.124688 -1.067225 7.137566
v -0.0 -1.076143 7.137566
v -0.124688 -1.067225 7.137566
v 0.473678 -0.937058 7.137566
v 0.363963 -0.996967 7.137566
v 0.246838 -1.040653 7.137566
v 0.737058 -0.673678 7.137566
v 0.662144 -0.773751 7.137566
v 0.573751 -0.862144 7.137566
v 0.840653 -0.446838 7.137566
v 0.796967 -0.563963 7.137566
v 0.695772 -0.932035 7.273613
v 0.659808 -0.961459 7.238401
v 0.764963 -0.862844 7.273613
v 0.761459 -0.859808 7.238401
v 0.829188 -0.777049 7.273613
v 0.847609 -0.744725 7.238401
v 0.851509 -0.747232 7.273613
v 0.916504 -0.618553 7.238401
v 0.920721 -0.620479 7.273613
v 0.662844 -0.964963 7.273613
v 0.547231 -1.051509 7.273613
v 0.544725 -1.047609 7.238401
v 0.53498 -1.058198 7.273613
v 0.418553 -1.116504 7.238401
v 0.420479 -1.120721 7.273613
v 0.283861 -1.166742 7.238401
v 0.350639 -1.14677 7.273613
v 0.285167 -1.17119 7.273613
v 0.153141 -1.19991 7.273613
v 0.14339 -1.197299 7.238401
v 0.14405 -1.201888 7.273613
v 0.0 -1.212191 7.273613
v 0.0 -1.207555 7.238401
v -0.051098 -1.208536 7.273613
v -0.14339 -1.197299 7.238401
v -0.14405 -1.201888 7.273613
v -0.283861 -1.166742 7.238401
v -0.253325 -1.178117 7.273613
v -0.285167 -1.17119 7.273613
v -0.420479 -1.120721 7.273613
v -0.418553 -1.116504 7.238401
v -0.444991 -1.107336 7.273613
v -0.544725 -1.047609 7.238401
v -0.547231 -1.051509 7.273613
v -0.659808 -0.961459 7.238401
v -0.618101 -0.998456 7.273613
v -0.662844 -0.964963 7.273613
v -0.764963 -0.862844 7.273613
v -0.761459 -0.859808 7.238401
v -0.76775 -0.85912 7.273613
v -0.847609 -0.744725 7.238401
v -0.851509 -0.747232 7.273613
v -0.882763 -0.689994 7.273613
v -0.916504 -0.618553 7.238401
v -0.920721 -0.620479 7.273613
v -0.964685 -0.502607 7.273613
v -0.966742 -0.483861 7.238401
v -0.97119 -0.485167 7.273613
v -1.001888 -0.34405 7.273613
v -0.997299 -0.34339 7.238401
v -1.004877 -0.30225 7.273613
v -1.007555 -0.2 7.238401
v -1.012191 -0.2 7.273613
v -0.997299 -0.05661 7.238401
v -1.004877 -0.09775 7.273613
v -1.001888 -0.05595 7.273613
v -0.97119 0.085167 7.273613
v -0.966742 0.083861 7.238401
v -0.964685 0.102607 7.273613
v -0.916504 0.218553 7.238401
v -0.920721 0.220479 7.273613
v -0.847609 0.344725 7.238401
v -0.882763 0.289994 7.273613
v -0.851509 0.347232 7.273613
v -0.76775 0.45912 7.273613
v -0.761459 0.459808 7.238401
v -0.764963 0.462844 7.273613
v -0.662844 0.564963 7.273613
v -0.659808 0.561459 7.238401
v -0.618101 0.598457 7.273613
v -0.544725 0.647609 7.238401
v -0.547231 0.651509 7.273613
v -0.418553 0.716504 7.238401
v -0.444991 0.707336 7.273613
v -0.420479 0.720721 7.273613
v -0.285167 0.77119 7.273613
v -0.283861 0.766742 7.238401
v -0.253325 0.778117 7.273613
v -0.14339 0.797299 7.238401
v -0.14405 0.801888 7.273613
v -0.0 0.807555 7.238401
v -0.051098 0.808536 7.273613
v -0.0 0.812191 7.273613
v 0.14405 0.801888 7.273613
v 0.14339 0.797299 7.238401
v 0.153141 0.79991 7.273613
v 0.283861 0.766742 7.238401
v 0.285167 0.77119 7.273613
v 0.350639 0.74677 7.273613
v 0.418553 0.716504 7.238401
v 0.420479 0.720721 7.273613
v 0.53498 0.658199 7.273613
v 0.544725 0.647609 7.238401
v 0.547231 0.651509 7.273613
v 0.662844 0.564963 7.273613
v 0.659808 0.561459 7.238401
v 0.695772 0.532035 7.273613
v 0.761459 0.459808 7.238401
v 0.764963 0.462844 7.273613
v 0.847609 0.344725 7.238401
v 0.829188 0.377049 7.273613
v 0.851509 0.347232 7.273613
v 0.920721 0.220479 7.273613
v 0.916504 0.218553 7.238401
v 0.928853 0.198676 7.273613
v 0.966742 0.083861 7.238401
v 0.97119 0.085167 7.273613
v 0.997299 -0.05661 7.238401
v 0.989017 0.003219 7.273613
v 1.001888 -0.05595 7.273613
v 1.012191 -0.2 7.273613
v 1.007555 -0.2 7.238401
v 1.001888 -0.34405 7.273613
v 0.997299 -0.34339 7.238401
v 0.989017 -0.403219 7.273613
v 0.966742 -0.483861 7.238401
v 0.97119 -0.485167 7.273613
v 0.928853 -0.598676 7.273613
v 0.983846 -0.058544 7.20559
v 0.953701 0.080032 7.20559
v 0.904141 0.212907 7.20559
v 0.836175 0.337377 7.20559
v 0.751188 0.450908 7.20559
v 0.650908 0.551188 7.20559
v 0.537377 0.636175 7.20559
v 0.412907 0.704141 7.20559
v 0.280032 0.753701 7.20559
v 0.141456 0.783846 7.20559
v -0.0 0.793964 7.20559
v -0.141456 0.783846 7.20559
v -0.280032 0.753701 7.20559
v -0.412907 0.704141 7.20559
v -0.537377 0.636175 7.20559
v -0.650908 0.551188 7.20559
v -0.751188 0.450908 7.20559
v -0.836175 0.337377 7.20559
v -0.904141 0.212907 7.20559
v -0.953701 0.080032 7.20559
v -0.983846 -0.058544 7.20559
v -0.993964 -0.2 7.20559
v -0.983846 -0.341456 7.20559
v -0.953701 -0.480032 7.20559
v -0.904141 -0.612907 7.20559
v -0.836175 -0.737377 7.20559
v -0.751188 -0.850908 7.20559
v -0.650908 -0.951188 7.20559
v -0.537377 -1.036175 7.20559
v -0.412907 -1.104141 7.20559
v -0.280032 -1.153701 7.20559
v -0.141456 -1.183846 7.20559
v 0.0 -1.193964 7.20559
v 0.141456 -1.183846 7.20559
v 0.280032 -1.153701 7.20559
v 0.412907 -1.104141 7.20559
v 0.537377 -1.036175 7.20559
v 0.650908 -0.951188 7.20559
v 0.751188 -0.850908 7.20559
v 0.836175 -0.737377 7.20559
v 0.904141 -0.612907 7.20559
v 0.953701 -0.480032 7.20559
v 0.983846 -0.341456 7.20559
v 0.993964 -0.2 7.20559
v 0.962446 -0.061621 7.177413
v 0.932956 0.073941 7.177413
v 0.884474 0.203926 7.177413
v 0.817987 0.325688 7.177413
v 0.734848 0.436749 7.177413
v 0.636749 0.534848 7.177413
v 0.525688 0.617987 7.177413
v 0.403926 0.684474 7.177413
v 0.273941 0.732956 7.177413
v 0.138379 0.762446 7.177413
v -0.0 0.772343 7.177413
v -0.138379 0.762446 7.177413
v -0.273941 0.732956 7.177413
v -0.403926 0.684474 7.177413
v -0.525688 0.617987 7.177413
v -0.636749 0.534848 7.177413
v -0.734848 0.436749 7.177413
v -0.817987 0.325688 7.177413
v -0.884474 0.203926 7.177413
v -0.932956 0.073941 7.177413
v -0.962446 -0.061621 7.177413
v -0.972343 -0.2 7.177413
v -0.962446 -0.338379 7.177413
v -0.932956 -0.473941 7.177413
v -0.884474 -0.603926 7.177413
v -0.817987 -0.725688 7.177413
v -0.734848 -0.836749 7.177413
v -0.636749 -0.934848 7.177413
v -0.525688 -1.017987 7.177413
v -0.403926 -1.084474 7.177413
v -0.273941 -1.132956 7.177413
v -0.138379 -1.162446 7.177413
v 0.0 -1.172343 7.177413
v 0.138379 -1.162446 7.177413
v 0.273941 -1.132956 7.177413
v 0.403926 -1.084474 7.177413
v 0.525688 -1.017987 7.177413
v 0.636749 -0.934848 7.177413
v 0.734848 -0.836749 7.177413
v 0.817987 -0.725688 7.177413
v 0.884474 -0.603926 7.177413
v 0.932956 -0.473941 7.177413
v 0.962446 -0.338379 7.177413
v 0.972343 -0.2 7.177413
v 0.934556 -0.065631 7.155792
v 0.905921 0.066002 7.155792
v 0.858844 0.192221 7.155792
v 0.794284 0.310455 7.155792
v 0.713553 0.418298 7.155792
v 0.618298 0.513554 7.155792
v 0.510455 0.594284 7.155792
v 0.392221 0.658844 7.155792
v 0.266002 0.705921 7.155792
v 0.134369 0.734556 7.155792
v -0.0 0.744167 7.155792
v -0.134369 0.734556 7.155792
v -0.266002 0.705921 7.155792
v -0.392221 0.658844 7.155792
v -0.510455 0.594284 7.155792
v -0.618298 0.513554 7.155792
v -0.713553 0.418298 7.155792
v -0.794284 0.310455 7.155792
v -0.858844 0.192221 7.155792
v -0.905921 0.066002 7.155792
v -0.934556 -0.065631 7.155792
v -0.944167 -0.2 7.155792
v -0.934556 -0.334369 7.155792
v -0.905921 -0.466002 7.155792
v -0.858844 -0.592221 7.155792
v -0.794284 -0.710455 7.155792
v -0.713553 -0.818298 7.155792
v -0.618298 -0.913554 7.155792
v -0.510455 -0.994283 7.155792
v -0.392221 -1.058844 7.155792
v -0.266002 -1.105921 7.155792
v -0.134369 -1.134556 7.155792
v 0.0 -1.144167 7.155792
v 0.134369 -1.134556 7.155792
v 0.266002 -1.105921 7.155792
v 0.392221 -1.058844 7.155792
v 0.510455 -0.994283 7.155792
v 0.618298 -0.913554 7.155792
v 0.713553 -0.818298 7.155792
v 0.794284 -0.710455 7.155792
v 0.858844 -0.592221 7.155792
v 0.905921 -0.466002 7.155792
v 0.934556 -0.334369 7.155792
v 0.944167 -0.2 7.155792
v 0.902078 -0.070301 7.142201
v 0.874438 0.056758 7.142201
v 0.828997 0.17859 7.142201
v 0.76668 0.292715 7.142201
v 0.688756 0.39681 7.142201
v 0.59681 0.488756 7.142201
v 0.492715 0.56668 7.142201
v 0.37859 0.628997 7.142201
v 0.256758 0.674438 7.142201
v 0.129699 0.702078 7.142201
v -0.0 0.711354 7.142201
v -0.129699 0.702078 7.142201
v -0.256758 0.674438 7.142201
v -0.37859 0.628997 7.142201
v -0.492715 0.56668 7.142201
v -0.59681 0.488756 7.142201
v -0.688756 0.39681 7.142201
v -0.76668 0.292715 7.142201
v -0.828997 0.17859 7.142201
v -0.874438 0.056758 7.142201
v -0.902078 -0.070301 7.142201
v -0.911354 -0.2 7.142201
v -0.902078 -0.329699 7.142201
v -0.874438 -0.456758 7.142201
v -0.828997 -0.57859 7.142201
v -0.76668 -0.692715 7.142201
v -0.688756 -0.79681 7.142201
v -0.59681 -0.888756 7.142201
v -0.492715 -0.96668 7.142201
v -0.37859 -1.028997 7.142201
v -0.256758 -1.074438 7.142201
v -0.129699 -1.102078 7.142201
v 0.0 -1.111354 7.142201
v 0.129699 -1.102078 7.142201
v 0.256758 -1.074438 7.142201
v 0.37859 -1.028997 7.142201
v 0.492715 -0.96668 7.142201
v 0.59681 -0.888756 7.142201
v 0.688756 -0.79681 7.142201
v 0.76668 -0.692715 7.142201
v 0.828997 -0.57859 7.142201
v 0.874438 -0.456758 7.142201
v 0.902078 -0.329699 7.142201
v 0.911354 -0.2 7.142201
v 0.533142 -1.055323 7.718234
v 0.609981 -1.007746 7.718234
v 0.694605 -0.9306 7.718234
v 0.748018 -0.881908 7.718234
v 0.82793 -0.776088 7.718234
v 0.860582 -0.73285 7.718234
v -0.051267 -1.207873 7.718234
v 0.093393 -1.207873 7.718234
v 0.15258 -1.196809 7.718234
v 0.276999 -1.173551 7.718234
v 0.35002 -1.145262 7.718234
v 0.451172 -1.106076 7.718234
v -0.766144 -0.857906 7.718234
v -0.748018 -0.881908 7.718234
v -0.618866 -0.999646 7.718234
v -0.609981 -1.007746 7.718234
v -0.451172 -1.106076 7.718234
v -0.445568 -1.108247 7.718234
v -0.276999 -1.173551 7.718234
v -0.253352 -1.177971 7.718234
v -0.093393 -1.207873 7.718234
v -1.002738 -0.302007 7.718234
v -0.994956 -0.38599 7.718234
v -0.961968 -0.501931 7.718234
v -0.94384 -0.565645 7.718234
v -0.882046 -0.689744 7.718234
v -0.860582 -0.73285 7.718234
v -0.961968 0.101931 7.718234
v -0.994956 -0.01401 7.718234
v -1.002738 -0.097993 7.718234
v -1.012191 -0.2 7.718234
v -0.618866 0.599646 7.718234
v -0.748018 0.481908 7.718234
v -0.766144 0.457906 7.718234
v -0.860582 0.33285 7.718234
v -0.882046 0.289744 7.718234
v -0.94384 0.165645 7.718234
v -0.609981 0.607746 7.718234
v -0.451172 0.706076 7.718234
v -0.445568 0.708247 7.718234
v -0.276999 0.773551 7.718234
v 0.15258 0.796809 7.718234
v 0.093393 0.807873 7.718234
v -0.051267 0.807873 7.718234
v -0.093393 0.807873 7.718234
v -0.253352 0.777971 7.718234
v 0.694605 0.5306 7.718234
v 0.609981 0.607746 7.718234
v 0.533142 0.655322 7.718234
v 0.451172 0.706076 7.718234
v 0.35002 0.745262 7.718234
v 0.276999 0.773551 7.718234
v 0.99002 0.00334 7.718234
v 0.94384 0.165645 7.718234
v 0.927748 0.197962 7.718234
v 0.860582 0.33285 7.718234
v 0.82793 0.376088 7.718234
v 0.748018 0.481908 7.718234
v 0.927748 -0.597962 7.718234
v 0.94384 -0.565645 7.718234
v 0.99002 -0.40334 7.718234
v 0.994956 -0.38599 7.718234
v 1.012191 -0.2 7.718234
v 0.994956 -0.01401 7.718234
v 1.174048 -0.419468 7.900428
v 1.11373 -0.631461 7.900428
v 1.015486 -0.828762 7.900428
v 0.882661 -1.004652 7.900428
v 0.719777 -1.153139 7.900428
v 0.532383 -1.269169 7.900428
v 0.326859 -1.34879 7.900428
v 0.110204 -1.389289 7.900428
v -0.110204 -1.389289 7.900428
v -0.326859 -1.34879 7.900428
v -0.719777 -1.153139 7.900428
v -0.532383 -1.269169 7.900428
v -0.882661 -1.004652 7.900428
v -1.015486 -0.828762 7.900428
v -1.11373 -0.631461 7.900428
v -1.174048 -0.419468 7.900428
v -1.194384 -0.2 7.900428
v -1.174048 0.019468 7.900428
v -1.11373 0.231461 7.900428
v -1.015486 0.428762 7.900428
v -0.882661 0.604652 7.900428
v -0.532383 0.869169 7.900428
v -0.719777 0.753139 7.900428
v -0.326859 0.94879 7.900428
v -0.110204 0.989289 7.900428
v 0.110204 0.989289 7.900428
v 0.326859 0.94879 7.900428
v 0.532383 0.869169 7.900428
v 0.719777 0.753139 7.900428
v 0.882661 0.604652 7.900428
v 1.015486 0.428762 7.900428
v 1.11373 0.231461 7.900428
v 1.194384 -0.2 7.900428
v 1.174048 0.019468 7.900428
v 1.194384 -0.2 12.40699
v 1.174048 0.019468 12.40699
v 1.11373 0.231461 12.40699
v 1.015486 0.428762 12.40699
v 0.882661 0.604652 12.40699
v 0.719777 0.753139 12.40699
v 0.532383 0.869169 12.40699
v 0.326859 0.94879 12.40699
v 0.110204 0.989289 12.40699
v -0.110204 0.989289 12.40699
v -0.326859 0.94879 12.40699
v -0.532383 0.869169 12.40699
v -0.719777 0.753139 12.40699
v -0.882661 0.604652 12.40699
v -1.015486 0.428762 12.40699
v -1.11373 0.231461 12.40699
v -1.174048 0.019468 12.40699
v -1.194384 -0.2 12.40699
v -1.174048 -0.419468 12.40699
v -1.11373 -0.631461 12.40699
v -1.015486 -0.828762 12.40699
v -0.882661 -1.004652 12.40699
v -0.719777 -1.153139 12.40699
v -0.532383 -1.269169 12.40699
v -0.326859 -1.34879 12.40699
v -0.110204 -1.389289 12.40699
v 0.110204 -1.389289 12.40699
v 0.326859 -1.34879 12.40699
v 0.532383 -1.269169 12.40699
v 0.719777 -1.153139 12.40699
v 0.882661 -1.004652 12.40699
v 1.015486 -0.828762 12.40699
v 1.11373 -0.631461 12.40699
v 1.174048 -0.419468 12.40699
v -1.391872 0.252247 12.40699
v -1.336975 0.395259 12.40699
v -1.455484 -0.047022 12.40699
v -1.43152 0.104279 12.40699
v 0.304279 1.23152 12.40699
v 0.452247 1.191872 12.40699
v -0.731751 1.067429 12.40699
v -0.59526 1.136975 12.40699
v -0.979273 0.887593 12.40699
v -0.860224 0.983997 12.40699
v -0.304279 -1.63152 12.40699
v -0.452247 -1.591872 12.40699
v 0.59526 1.136975 12.40699
v 0.731751 1.067429 12.40699
v 0.0 1.263501 12.40699
v 0.152978 1.255484 12.40699
v -1.455484 -0.352978 12.40699
v -1.463501 -0.2 12.40699
v 0.979273 -1.287593 12.40699
v 1.391872 -0.652247 12.40699
v 1.336975 -0.795259 12.40699
v 1.455484 -0.352978 12.40699
v 1.43152 -0.504279 12.40699
v -0.452247 1.191872 12.40699
v -0.304279 1.23152 12.40699
v -0.152978 1.255484 12.40699
v -1.267429 0.531751 12.40699
v -1.183997 0.660224 12.40699
v -1.087593 0.779273 12.40699
v -1.183997 -1.060224 12.40699
v -1.267429 -0.931751 12.40699
v -0.0 -1.663501 12.40699
v -0.152978 -1.655484 12.40699
v 0.860224 -1.383997 12.40699
v 0.731751 -1.467429 12.40699
v 0.59526 -1.536975 12.40699
v 1.267429 -0.931751 12.40699
v 1.183997 -1.060224 12.40699
v 1.087593 -1.179273 12.40699
v 1.455484 -0.047022 12.40699
v 1.463501 -0.2 12.40699
v -1.336975 -0.795259 12.40699
v -1.391872 -0.652247 12.40699
v -1.43152 -0.504279 12.40699
v 0.452247 -1.591872 12.40699
v 0.304279 -1.63152 12.40699
v 0.152978 -1.655484 12.40699
v 1.391872 0.252247 12.40699
v 1.43152 0.104279 12.40699
v -0.979273 -1.287593 12.40699
v -1.087593 -1.179273 12.40699
v 1.183997 0.660224 12.40699
v 1.267429 0.531751 12.40699
v 1.336975 0.395259 12.40699
v 0.860224 0.983997 12.40699
v 0.979273 0.887593 12.40699
v 1.087593 0.779273 12.40699
v -0.59526 -1.536975 12.40699
v -0.731751 -1.467429 12.40699
v -0.860224 -1.383997 12.40699
v 1.82998 -0.750614 12.856245
v 1.810929 -0.788406 12.7686
v 1.862514 -0.595889 12.7686
v 1.819139 -0.791074 12.856245
v 1.747389 -0.977988 12.856245
v 1.739503 -0.974477 12.7686
v 1.730486 -1.011161 12.856245
v 1.649019 -1.152062 12.7686
v 1.656495 -1.156378 12.856245
v 1.540468 -1.319216 12.7686
v 1.593094 -1.254007 12.856245
v 1.547452 -1.324289 12.856245
v 1.424382 -1.476268 12.856245
v 1.415039 -1.474107 12.7686
v 1.421454 -1.479883 12.856245
v 1.279883 -1.621454 12.856245
v 1.274107 -1.615039 12.7686
v 1.221996 -1.66833 12.856245
v 1.119215 -1.740468 12.7686
v 1.12429 -1.747452 12.856245
v 0.995412 -1.831146 12.856245
v 0.952062 -1.849019 12.7686
v 0.956378 -1.856495 12.856245
v 0.777988 -1.947389 12.856245
v 0.774477 -1.939503 12.7686
v 0.747576 -1.959063 12.856245
v 0.588406 -2.010929 12.7686
v 0.591074 -2.019139 12.856245
v 0.395889 -2.062514 12.7686
v 0.48313 -2.048062 12.856245
v 0.397684 -2.070957 12.856245
v 0.209128 -2.100821 12.856245
v 0.199035 -2.093692 12.7686
v 0.199937 -2.102277 12.856245
v -0.0 -2.112756 12.856245
v -0.0 -2.104123 12.7686
v -0.069733 -2.109101 12.856245
v -0.199035 -2.093692 12.7686
v -0.199937 -2.102277 12.856245
v -0.347115 -2.078967 12.856245
v -0.395889 -2.062514 12.7686
v -0.397684 -2.070957 12.856245
v -0.591074 -2.019139 12.856245
v -0.588406 -2.010929 12.7686
v -0.61714 -2.009133 12.856245
v -0.774477 -1.939503 12.7686
v -0.777988 -1.947389 12.856245
v -0.952062 -1.849019 12.7686
v -0.873408 -1.89877 12.856245
v -0.956378 -1.856495 12.856245
v -1.112583 -1.755054 12.856245
v -1.119215 -1.740468 12.7686
v -1.12429 -1.747452 12.856245
v -1.279883 -1.621454 12.856245
v -1.274107 -1.615039 12.7686
v -1.325966 -1.575371 12.856245
v -1.415039 -1.474107 12.7686
v -1.421454 -1.479883 12.856245
v -1.540468 -1.319216 12.7686
v -1.5123 -1.367698 12.856245
v -1.547452 -1.324289 12.856245
v -1.656495 -1.156378 12.856245
v -1.649019 -1.152062 12.7686
v -1.667057 -1.135648 12.856245
v -1.739503 -0.974477 12.7686
v -1.747389 -0.977988 12.856245
v -1.810929 -0.788406 12.7686
v -1.784099 -0.882356 12.856245
v -1.819139 -0.791074 12.856245
v -1.86614 -0.615662 12.856245
v -1.862514 -0.595889 12.7686
v -1.870957 -0.597684 12.856245
v -1.902277 -0.399937 12.856245
v -1.893692 -0.399035 12.7686
v -1.905444 -0.339506 12.856245
v -1.904123 -0.2 12.7686
v -1.912755 -0.2 12.856245
v -1.893692 -9.65E-4 12.7686
v -1.905444 -0.060494 12.856245
v -1.902277 -6.3E-5 12.856245
v -1.870957 0.197684 12.856245
v -1.862514 0.195889 12.7686
v -1.86614 0.215662 12.856245
v -1.810929 0.388406 12.7686
v -1.819139 0.391074 12.856245
v -1.784099 0.482356 12.856245
v -1.739503 0.574477 12.7686
v -1.747389 0.577988 12.856245
v -1.667057 0.735648 12.856245
v -1.649019 0.752062 12.7686
v -1.656495 0.756378 12.856245
v -1.547452 0.924289 12.856245
v -1.540468 0.919216 12.7686
v -1.5123 0.967698 12.856245
v -1.415039 1.074107 12.7686
v -1.421454 1.079883 12.856245
v -1.274107 1.215039 12.7686
v -1.325966 1.175371 12.856245
v -1.279883 1.221454 12.856245
v -1.12429 1.347452 12.856245
v -1.119215 1.340468 12.7686
v -1.112583 1.355054 12.856245
v -0.952062 1.449019 12.7686
v -0.956378 1.456495 12.856245
v -0.873408 1.49877 12.856245
v -0.774477 1.539503 12.7686
v -0.777988 1.547389 12.856245
v -0.61714 1.609133 12.856245
v -0.588406 1.610929 12.7686
v -0.591074 1.619138 12.856245
v -0.397684 1.670957 12.856245
v -0.395889 1.662513 12.7686
v -0.347115 1.678967 12.856245
v -0.199035 1.693692 12.7686
v -0.199937 1.702277 12.856245
v 0.0 1.704123 12.7686
v -0.069733 1.709101 12.856245
v 0.0 1.712755 12.856245
v 0.199937 1.702277 12.856245
v 0.199035 1.693692 12.7686
v 0.209128 1.700822 12.856245
v 0.395889 1.662513 12.7686
v 0.397684 1.670957 12.856245
v 0.48313 1.648062 12.856245
v 0.588406 1.610929 12.7686
v 0.591074 1.619138 12.856245
v 0.747576 1.559063 12.856245
v 0.774477 1.539503 12.7686
v 0.777988 1.547389 12.856245
v 0.956378 1.456495 12.856245
v 0.952062 1.449019 12.7686
v 0.995412 1.431145 12.856245
v 1.119215 1.340468 12.7686
v 1.12429 1.347452 12.856245
v 1.274107 1.215039 12.7686
v 1.221996 1.26833 12.856245
v 1.279883 1.221454 12.856245
v 1.421454 1.079883 12.856245
v 1.415039 1.074107 12.7686
v 1.424382 1.076268 12.856245
v 1.540468 0.919216 12.7686
v 1.547452 0.924289 12.856245
v 1.593094 0.854007 12.856245
v 1.649019 0.752062 12.7686
v 1.656495 0.756378 12.856245
v 1.730486 0.611161 12.856245
v 1.739503 0.574477 12.7686
v 1.747389 0.577988 12.856245
v 1.819139 0.391074 12.856245
v 1.810929 0.388406 12.7686
v 1.82998 0.350614 12.856245
v 1.862514 0.195889 12.7686
v 1.870957 0.197684 12.856245
v 1.893692 -9.65E-4 12.7686
v 1.889896 0.078107 12.856245
v 1.902277 -6.3E-5 12.856245
v 1.912755 -0.2 12.856245
v 1.904123 -0.2 12.7686
v 1.902277 -0.399937 12.856245
v 1.893692 -0.399035 12.7686
v 1.889896 -0.478107 12.856245
v 1.870957 -0.597684 12.856245
v 1.868267 -0.003637 12.684322
v 1.837507 0.190574 12.684322
v 1.786615 0.380506 12.684322
v 1.716148 0.564078 12.684322
v 1.626879 0.739279 12.684322
v 1.519785 0.904189 12.684322
v 1.396041 1.057001 12.684322
v 1.257001 1.196041 12.684322
v 1.104189 1.319785 12.684322
v 0.939279 1.426879 12.684322
v 0.764078 1.516148 12.684322
v 0.580506 1.586615 12.684322
v 0.390574 1.637507 12.684322
v 0.196363 1.668267 12.684322
v 0.0 1.678558 12.684322
v -0.196363 1.668267 12.684322
v -0.390574 1.637507 12.684322
v -0.580506 1.586615 12.684322
v -0.764078 1.516148 12.684322
v -0.939279 1.426879 12.684322
v -1.104189 1.319785 12.684322
v -1.257001 1.196041 12.684322
v -1.396041 1.057001 12.684322
v -1.519785 0.904189 12.684322
v -1.626879 0.739279 12.684322
v -1.716148 0.564078 12.684322
v -1.786615 0.380506 12.684322
v -1.837507 0.190574 12.684322
v -1.868267 -0.003637 12.684322
v -1.878558 -0.2 12.684322
v -1.868267 -0.396363 12.684322
v -1.837507 -0.590574 12.684322
v -1.786615 -0.780506 12.684322
v -1.716148 -0.964078 12.684322
v -1.626879 -1.139279 12.684322
v -1.519785 -1.304189 12.684322
v -1.396041 -1.457001 12.684322
v -1.257001 -1.596041 12.684322
v -1.104189 -1.719785 12.684322
v -0.939279 -1.826879 12.684322
v -0.764078 -1.916148 12.684322
v -0.580506 -1.986615 12.684322
v -0.390574 -2.037507 12.684322
v -0.196363 -2.068267 12.684322
v -0.0 -2.078558 12.684322
v 0.196363 -2.068267 12.684322
v 0.390574 -2.037507 12.684322
v 0.580506 -1.986615 12.684322
v 0.764078 -1.916148 12.684322
v 0.939279 -1.826879 12.684322
v 1.104189 -1.719785 12.684322
v 1.257001 -1.596041 12.684322
v 1.396041 -1.457001 12.684322
v 1.519785 -1.304189 12.684322
v 1.626879 -1.139279 12.684322
v 1.716148 -0.964078 12.684322
v 1.786615 -0.780506 12.684322
v 1.837507 -0.590574 12.684322
v 1.868267 -0.396363 12.684322
v 1.878558 -0.2 12.684322
v 1.826979 -0.007977 12.606652
v 1.796899 0.181943 12.606652
v 1.747131 0.367677 12.606652
v 1.678222 0.547192 12.606652
v 1.590925 0.718521 12.606652
v 1.486199 0.879786 12.606652
v 1.365189 1.029221 12.606652
v 1.229221 1.165189 12.606652
v 1.079786 1.286199 12.606652
v 0.918521 1.390925 12.606652
v 0.747193 1.478222 12.606652
v 0.567677 1.547131 12.606652
v 0.381943 1.596899 12.606652
v 0.192023 1.626979 12.606652
v 0.0 1.637043 12.606652
v -0.192023 1.626979 12.606652
v -0.381943 1.596899 12.606652
v -0.567677 1.547131 12.606652
v -0.747193 1.478222 12.606652
v -0.918521 1.390925 12.606652
v -1.079786 1.286199 12.606652
v -1.229221 1.165189 12.606652
v -1.365189 1.029221 12.606652
v -1.486199 0.879786 12.606652
v -1.590925 0.718521 12.606652
v -1.678222 0.547192 12.606652
v -1.747131 0.367677 12.606652
v -1.796899 0.181943 12.606652
v -1.826979 -0.007977 12.606652
v -1.837042 -0.2 12.606652
v -1.826979 -0.392023 12.606652
v -1.796899 -0.581943 12.606652
v -1.747131 -0.767677 12.606652
v -1.678222 -0.947192 12.606652
v -1.590925 -1.118521 12.606652
v -1.486199 -1.279786 12.606652
v -1.365189 -1.429221 12.606652
v -1.229221 -1.565189 12.606652
v -1.079786 -1.686198 12.606652
v -0.918521 -1.790925 12.606652
v -0.747193 -1.878222 12.606652
v -0.567677 -1.947131 12.606652
v -0.381943 -1.996899 12.606652
v -0.192023 -2.026979 12.606652
v -0.0 -2.037043 12.606652
v 0.192023 -2.026979 12.606652
v 0.381943 -1.996899 12.606652
v 0.567677 -1.947131 12.606652
v 0.747193 -1.878222 12.606652
v 0.918521 -1.790925 12.606652
v 1.079786 -1.686198 12.606652
v 1.229221 -1.565189 12.606652
v 1.365189 -1.429221 12.606652
v 1.486199 -1.279786 12.606652
v 1.590925 -1.118521 12.606652
v 1.678222 -0.947192 12.606652
v 1.747131 -0.767677 12.606652
v 1.796899 -0.581943 12.606652
v 1.826979 -0.392023 12.606652
v 1.837042 -0.2 12.606652
v 1.771414 -0.013817 12.538573
v 1.742249 0.170326 12.538573
v 1.693995 0.350412 12.538573
v 1.627182 0.524468 12.538573
v 1.54254 0.690586 12.538573
v 1.440998 0.846947 12.538573
v 1.323669 0.991837 12.538573
v 1.191837 1.123669 12.538573
v 1.046947 1.240998 12.538573
v 0.890586 1.34254 12.538573
v 0.724468 1.427181 12.538573
v 0.550412 1.493995 12.538573
v 0.370326 1.542249 12.538573
v 0.186183 1.571414 12.538573
v 0.0 1.581172 12.538573
v -0.186183 1.571414 12.538573
v -0.370326 1.542249 12.538573
v -0.550412 1.493995 12.538573
v -0.724468 1.427181 12.538573
v -0.890586 1.34254 12.538573
v -1.046947 1.240998 12.538573
v -1.191837 1.123669 12.538573
v -1.323669 0.991837 12.538573
v -1.440998 0.846947 12.538573
v -1.54254 0.690586 12.538573
v -1.627182 0.524468 12.538573
v -1.693995 0.350412 12.538573
v -1.742249 0.170326 12.538573
v -1.771414 -0.013817 12.538573
v -1.781172 -0.2 12.538573
v -1.771414 -0.386183 12.538573
v -1.742249 -0.570326 12.538573
v -1.693995 -0.750412 12.538573
v -1.627182 -0.924468 12.538573
v -1.54254 -1.090586 12.538573
v -1.440998 -1.246947 12.538573
v -1.323669 -1.391837 12.538573
v -1.191837 -1.523669 12.538573
v -1.046947 -1.640998 12.538573
v -0.890586 -1.74254 12.538573
v -0.724468 -1.827182 12.538573
v -0.550412 -1.893995 12.538573
v -0.370326 -1.942249 12.538573
v -0.186183 -1.971415 12.538573
v -0.0 -1.981172 12.538573
v 0.186183 -1.971415 12.538573
v 0.370326 -1.942249 12.538573
v 0.550412 -1.893995 12.538573
v 0.724468 -1.827182 12.538573
v 0.890586 -1.74254 12.538573
v 1.046947 -1.640998 12.538573
v 1.191837 -1.523669 12.538573
v 1.323669 -1.391837 12.538573
v 1.440998 -1.246947 12.538573
v 1.54254 -1.090586 12.538573
v 1.627182 -0.924468 12.538573
v 1.693995 -0.750412 12.538573
v 1.742249 -0.570326 12.538573
v 1.771414 -0.386183 12.538573
v 1.781172 -0.2 12.538573
v 1.703709 -0.020933 12.482703
v 1.675658 0.156172 12.482703
v 1.629249 0.329375 12.482703
v 1.564989 0.496778 12.482703
v 1.483582 0.656547 12.482703
v 1.385922 0.806931 12.482703
v 1.273077 0.946283 12.482703
v 1.146283 1.073076 12.482703
v 1.006931 1.185922 12.482703
v 0.856547 1.283582 12.482703
v 0.696778 1.364989 12.482703
v 0.529375 1.429249 12.482703
v 0.356172 1.475658 12.482703
v 0.179067 1.503709 12.482703
v 0.0 1.513093 12.482703
v -0.179067 1.503709 12.482703
v -0.356172 1.475658 12.482703
v -0.529375 1.429249 12.482703
v -0.696778 1.364989 12.482703
v -0.856547 1.283582 12.482703
v -1.006931 1.185922 12.482703
v -1.146283 1.073076 12.482703
v -1.273077 0.946283 12.482703
v -1.385922 0.806931 12.482703
v -1.483582 0.656547 12.482703
v -1.564989 0.496778 12.482703
v -1.629249 0.329375 12.482703
v -1.675658 0.156172 12.482703
v -1.703709 -0.020933 12.482703
v -1.713094 -0.2 12.482703
v -1.703709 -0.379067 12.482703
v -1.675658 -0.556172 12.482703
v -1.629249 -0.729375 12.482703
v -1.564989 -0.896778 12.482703
v -1.483582 -1.056547 12.482703
v -1.385922 -1.206931 12.482703
v -1.273077 -1.346283 12.482703
v -1.146283 -1.473077 12.482703
v -1.006931 -1.585922 12.482703
v -0.856547 -1.683582 12.482703
v -0.696778 -1.764989 12.482703
v -0.529375 -1.829249 12.482703
v -0.356172 -1.875658 12.482703
v -0.179067 -1.903709 12.482703
v -0.0 -1.913093 12.482703
v 0.179067 -1.903709 12.482703
v 0.356172 -1.875658 12.482703
v 0.529375 -1.829249 12.482703
v 0.696778 -1.764989 12.482703
v 0.856547 -1.683582 12.482703
v 1.006931 -1.585922 12.482703
v 1.146283 -1.473077 12.482703
v 1.273077 -1.346283 12.482703
v 1.385922 -1.206931 12.482703
v 1.483582 -1.056547 12.482703
v 1.564989 -0.896778 12.482703
v 1.629249 -0.729375 12.482703
v 1.675658 -0.556172 12.482703
v 1.703709 -0.379067 12.482703
v 1.713094 -0.2 12.482703
v 1.626464 -0.029052 12.441188
v 1.599685 0.140024 12.441188
v 1.55538 0.305374 12.441188
v 1.494033 0.465187 12.441188
v 1.416318 0.617712 12.441188
v 1.323085 0.761278 12.441188
v 1.215356 0.894312 12.441188
v 1.094312 1.015356 12.441188
v 0.961278 1.123085 12.441188
v 0.817712 1.216318 12.441188
v 0.665187 1.294034 12.441188
v 0.505374 1.35538 12.441188
v 0.340024 1.399685 12.441188
v 0.170948 1.426464 12.441188
v 0.0 1.435423 12.441188
v -0.170948 1.426464 12.441188
v -0.340024 1.399685 12.441188
v -0.505374 1.35538 12.441188
v -0.665187 1.294034 12.441188
v -0.817712 1.216318 12.441188
v -0.961278 1.123085 12.441188
v -1.094312 1.015356 12.441188
v -1.215356 0.894312 12.441188
v -1.323085 0.761278 12.441188
v -1.416318 0.617712 12.441188
v -1.494033 0.465187 12.441188
v -1.55538 0.305374 12.441188
v -1.599685 0.140024 12.441188
v -1.626464 -0.029052 12.441188
v -1.635423 -0.2 12.441188
v -1.626464 -0.370948 12.441188
v -1.599685 -0.540024 12.441188
v -1.55538 -0.705374 12.441188
v -1.494033 -0.865187 12.441188
v -1.416318 -1.017712 12.441188
v -1.323085 -1.161278 12.441188
v -1.215356 -1.294312 12.441188
v -1.094312 -1.415356 12.441188
v -0.961278 -1.523085 12.441188
v -0.817712 -1.616318 12.441188
v -0.665187 -1.694034 12.441188
v -0.505374 -1.75538 12.441188
v -0.340024 -1.799685 12.441188
v -0.170948 -1.826464 12.441188
v -0.0 -1.835423 12.441188
v 0.170948 -1.826464 12.441188
v 0.340024 -1.799685 12.441188
v 0.505374 -1.75538 12.441188
v 0.665187 -1.694034 12.441188
v 0.817712 -1.616318 12.441188
v 0.961278 -1.523085 12.441188
v 1.094312 -1.415356 12.441188
v 1.215356 -1.294312 12.441188
v 1.323085 -1.161278 12.441188
v 1.416318 -1.017712 12.441188
v 1.494033 -0.865187 12.441188
v 1.55538 -0.705374 12.441188
v 1.599685 -0.540024 12.441188
v 1.626464 -0.370948 12.441188
v 1.635423 -0.2 12.441188
v 1.542649 -0.037861 12.415623
v 1.51725 0.122501 12.415623
v 1.475228 0.279331 12.415623
v 1.417043 0.430908 12.415623
v 1.343332 0.575573 12.415623
v 1.254904 0.711741 12.415623
v 1.152726 0.837919 12.415623
v 1.037919 0.952726 12.415623
v 0.911741 1.054904 12.415623
v 0.775573 1.143332 12.415623
v 0.630908 1.217043 12.415623
v 0.479331 1.275228 12.415623
v 0.322501 1.31725 12.415623
v 0.162139 1.342649 12.415623
v 0.0 1.351146 12.415623
v -0.162139 1.342649 12.415623
v -0.322501 1.31725 12.415623
v -0.479331 1.275228 12.415623
v -0.630908 1.217043 12.415623
v -0.775573 1.143332 12.415623
v -0.911741 1.054904 12.415623
v -1.037919 0.952726 12.415623
v -1.152726 0.837919 12.415623
v -1.254904 0.711741 12.415623
v -1.343332 0.575573 12.415623
v -1.417043 0.430908 12.415623
v -1.475228 0.279331 12.415623
v -1.51725 0.122501 12.415623
v -1.542649 -0.037861 12.415623
v -1.551146 -0.2 12.415623
v -1.542649 -0.362139 12.415623
v -1.51725 -0.522501 12.415623
v -1.475228 -0.679331 12.415623
v -1.417043 -0.830908 12.415623
v -1.343332 -0.975573 12.415623
v -1.254904 -1.111741 12.415623
v -1.152726 -1.237919 12.415623
v -1.037919 -1.352726 12.415623
v -0.911741 -1.454904 12.415623
v -0.775573 -1.543332 12.415623
v -0.630908 -1.617043 12.415623
v -0.479331 -1.675228 12.415623
v -0.322501 -1.71725 12.415623
v -0.162139 -1.742649 12.415623
v -0.0 -1.751146 12.415623
v 0.162139 -1.742649 12.415623
v 0.322501 -1.71725 12.415623
v 0.479331 -1.675228 12.415623
v 0.630908 -1.617043 12.415623
v 0.775573 -1.543332 12.415623
v 0.911741 -1.454904 12.415623
v 1.037919 -1.352726 12.415623
v 1.152726 -1.237919 12.415623
v 1.254904 -1.111741 12.415623
v 1.343332 -0.975573 12.415623
v 1.417043 -0.830908 12.415623
v 1.475228 -0.679331 12.415623
v 1.51725 -0.522501 12.415623
v 1.542649 -0.362139 12.415623
v 1.551146 -0.2 12.415623
v -1.60546 -1.239775 13.055344
v -1.513939 -1.369026 13.055344
v -1.327594 -1.576999 13.055344
v -1.112954 -1.755624 13.055344
v -0.898645 -1.888511 13.350813
v -1.039775 -1.80546 13.350813
v -1.039775 -1.80546 13.055344
v 1.60546 0.839775 13.350813
v 1.60546 0.839775 13.055344
v 1.595234 0.855397 13.055344
v 1.424567 1.076418 13.055344
v 1.223538 1.270234 13.055344
v 1.039775 1.40546 13.055344
v 1.912345 -0.239609 13.350813
v 1.898383 -0.434045 13.350813
v 1.890638 -0.478195 13.350813
v 1.864702 -0.626051 13.350813
v 1.829519 -0.750459 13.350813
v 1.811654 -0.813631 13.350813
v 1.739789 -0.994838 13.350813
v 1.731134 -1.011483 13.350813
v 1.649854 -1.16779 13.350813
v 1.593165 -1.254037 13.350813
v 1.542782 -1.330689 13.350813
v 1.424289 -1.476192 13.350813
v 1.419686 -1.481844 13.350813
v 1.281844 -1.619686 13.350813
v 1.222037 -1.668391 13.350813
v 1.130689 -1.742782 13.350813
v 0.995657 -1.831537 13.350813
v 0.96779 -1.849854 13.350813
v 0.794838 -1.939789 13.350813
v 0.747379 -1.958611 13.350813
v 0.613631 -2.011654 13.350813
v 0.483226 -2.048533 13.350813
v 0.426051 -2.064702 13.350813
v 0.234045 -2.098382 13.350813
v 0.209121 -2.100173 13.350813
v 0.039609 -2.112345 13.350813
v -0.538091 -2.035508 13.350813
v -0.616789 -2.008011 13.350813
v -0.069784 -2.109033 13.350813
v -0.155239 -2.106445 13.350813
v -0.34742 -2.080884 13.350813
v -0.348475 -2.080744 13.350813
v -0.722118 -1.971208 13.350813
v -0.874088 -1.900016 13.350813
v 1.688511 0.698645 13.350813
v 1.729651 0.610828 13.350813
v 1.771208 0.522118 13.350813
v 1.83105 0.350851 13.350813
v 1.835508 0.338091 13.350813
v 1.880744 0.148475 13.350813
v 1.890092 0.078196 13.350813
v 1.906446 -0.044761 13.350813
v 1.911147 -0.200049 13.350813
v -0.718458 -1.962231 13.449242
v -0.154453 -2.096783 13.449242
v 0.039408 -2.102653 13.449242
v 0.232859 -2.088761 13.449242
v 0.610521 -2.002472 13.449242
v 0.79081 -1.930971 13.449242
v 1.124958 -1.734963 13.449242
v 1.534963 -1.324958 13.449242
v 1.641492 -1.162885 13.449242
v 1.730971 -0.99081 13.449242
v 1.855251 -0.623892 13.449242
v 1.888761 -0.432859 13.449242
v 1.896783 -0.045547 13.449242
v 1.762231 0.518458 13.449242
v 1.392228 0.626542 13.809162
v 1.379064 0.613378 13.816397
v 1.41357 0.552318 13.816937
v -1.036691 -1.802376 13.416275
v -0.894091 -1.879953 13.449242
v -1.032017 -1.797703 13.449039
v -0.880602 -1.854609 13.543888
v -1.019996 -1.785681 13.514655
v -1.027576 -1.793262 13.480175
v -0.858697 -1.813451 13.631115
v -1.001667 -1.767352 13.575246
v -1.011277 -1.776962 13.543477
v -0.829219 -1.758062 13.70757
v -0.963023 -1.728708 13.660208
v -0.977978 -1.743663 13.631625
v -0.793299 -1.69057 13.770314
v -0.877091 -1.642776 13.770221
v -0.89555 -1.661236 13.752254
v -0.931358 -1.697044 13.709429
v -0.932624 -1.69831 13.70746
v -0.788746 -1.554431 13.829591
v -0.813238 -1.578923 13.815969
v -0.752318 -1.61357 13.816937
v -0.833067 -1.598752 13.804941
v -0.874878 -1.640563 13.772375
v -0.707852 -1.530019 13.845649
v -0.661608 -1.44313 13.855343
v -0.671908 -1.437593 13.855343
v -0.715852 -1.481538 13.851799
v -0.744114 -1.509799 13.844625
v -0.763534 -1.529219 13.839694
v 1.237593 0.471908 13.855343
v 1.24313 0.461608 13.855343
v 1.26456 0.498875 13.854013
v 1.330019 0.507852 13.845649
v 1.358411 0.592725 13.827747
v 1.312316 0.54663 13.845003
v 1.309948 0.544263 13.84545
v 1.434161 0.668475 13.778028
v 1.490571 0.593299 13.770314
v 1.442512 0.676826 13.769737
v 1.472542 0.706856 13.739923
v 1.558062 0.629219 13.70757
v 1.497636 0.731951 13.708619
v 1.529044 0.763359 13.659611
v 1.613451 0.658697 13.631115
v 1.54328 0.777595 13.630532
v 1.555431 0.789746 13.605716
v 1.654608 0.680602 13.543888
v 1.569825 0.80414 13.568233
v 1.679953 0.694091 13.449242
v 1.587428 0.821743 13.507444
v 1.576985 0.8113 13.543507
v 1.603273 0.837587 13.405978
v 1.599127 0.833441 13.444408
v 1.598243 0.832558 13.449169
v 1.304014 0.331644 13.855343
v 1.395159 0.368804 13.845649
v 1.482801 0.404535 13.816937
v 1.563573 0.437466 13.770314
v 1.63437 0.46633 13.70757
v 1.692472 0.490018 13.631115
v 1.735645 0.507619 13.543888
v 1.384657 0.056557 13.855343
v 1.403579 -0.085708 13.855343
v 1.481439 0.074489 13.845649
v 1.501684 -0.07772 13.845649
v 1.574502 0.091733 13.816937
v 1.596018 -0.070038 13.816937
v 1.660268 0.107624 13.770314
v 1.682957 -0.062959 13.770314
v 1.735444 0.121553 13.70757
v 1.759159 -0.056754 13.70757
v 1.797138 0.132984 13.631115
v 1.821697 -0.051662 13.631115
v 1.842982 0.141478 13.543888
v 1.868167 -0.047878 13.543888
v 1.871212 0.146709 13.449242
v 0.94373 -1.245213 13.855343
v 0.832445 -1.33584 13.855343
v 1.009693 -1.318269 13.845649
v 0.89063 -1.41523 13.845649
v 1.073121 -1.388518 13.816937
v 0.946578 -1.49157 13.816937
v 1.131577 -1.453259 13.770314
v 0.998141 -1.561925 13.770314
v 1.182813 -1.510005 13.70757
v 1.043336 -1.623591 13.70757
v 1.224862 -1.556576 13.631115
v 1.080426 -1.6742 13.631115
v 1.256107 -1.591181 13.543888
v 1.107987 -1.711805 13.543888
v 1.275348 -1.612491 13.449242
v -0.396158 -1.551353 13.855343
v -0.531644 -1.504014 13.855343
v -0.423848 -1.645807 13.845649
v -0.568804 -1.595159 13.845649
v -0.450473 -1.736632 13.816937
v -0.604535 -1.682801 13.816937
v -0.475012 -1.820336 13.770314
v -0.637466 -1.763573 13.770314
v -0.49652 -1.893703 13.70757
v -0.66633 -1.83437 13.70757
v -0.514171 -1.953914 13.631115
v -0.690018 -1.892472 13.631115
v -0.527287 -1.998654 13.543888
v -0.707619 -1.935645 13.543888
v -0.535364 -2.026206 13.449242
v 1.826206 0.335364 13.449242
v 1.798654 0.327287 13.543888
v 1.753914 0.314171 13.631115
v 1.693703 0.29652 13.70757
v 1.620336 0.275012 13.770314
v 1.536632 0.250473 13.816937
v 1.445807 0.223848 13.845649
v 1.351354 0.196158 13.855343
v 1.902653 -0.239408 13.449242
v 1.873948 -0.238813 13.543888
v 1.827335 -0.237848 13.631115
v 1.764603 -0.236549 13.70757
v 1.688165 -0.234965 13.770314
v 1.600957 -0.233159 13.816937
v 1.506331 -0.231199 13.845649
v 1.407923 -0.229161 13.855343
v 1.397643 -0.372311 13.855343
v 1.495333 -0.384355 13.845649
v 1.589268 -0.395935 13.816937
v 1.675839 -0.406609 13.770314
v 1.751719 -0.415964 13.70757
v 1.813993 -0.423641 13.631115
v 1.860266 -0.429346 13.543888
v 1.827262 -0.617496 13.543888
v 1.78181 -0.607111 13.631115
v 1.720641 -0.593135 13.70757
v 1.646107 -0.576106 13.770314
v 1.561072 -0.556677 13.816937
v 1.468803 -0.535595 13.845649
v 1.372847 -0.513671 13.855343
v 1.802472 -0.810521 13.449242
v 1.775279 -0.801311 13.543888
v 1.73112 -0.786353 13.631115
v 1.671691 -0.766224 13.70757
v 1.599277 -0.741697 13.770314
v 1.516661 -0.713713 13.816937
v 1.427017 -0.68335 13.845649
v 1.333791 -0.651773 13.855343
v 1.280882 -0.785183 13.855343
v 1.37041 -0.826084 13.845649
v 1.456498 -0.865414 13.816937
v 1.535837 -0.901661 13.770314
v 1.605378 -0.933432 13.70757
v 1.662449 -0.959505 13.631115
v 1.704857 -0.978879 13.543888
v 1.616727 -1.148358 13.543888
v 1.576512 -1.124768 13.631115
v 1.522391 -1.093021 13.70757
v 1.456445 -1.054338 13.770314
v 1.381207 -1.010204 13.816937
v 1.299569 -0.962316 13.845649
v 1.214669 -0.912514 13.855343
v 1.511805 -1.307987 13.543888
v 1.4742 -1.280426 13.631115
v 1.423591 -1.243335 13.70757
v 1.361925 -1.198141 13.770314
v 1.29157 -1.146578 13.816937
v 1.21523 -1.09063 13.845649
v 1.13584 -1.032445 13.855343
v 1.412491 -1.475348 13.449242
v 1.391181 -1.456107 13.543888
v 1.356576 -1.424862 13.631115
v 1.310005 -1.382813 13.70757
v 1.253259 -1.331576 13.770314
v 1.188518 -1.273121 13.816937
v 1.118269 -1.209693 13.845649
v 1.045213 -1.14373 13.855343
v 0.962885 -1.841492 13.449242
v 0.948358 -1.816727 13.543888
v 0.924768 -1.776512 13.631115
v 0.893021 -1.722391 13.70757
v 0.854338 -1.656445 13.770314
v 0.810204 -1.581207 13.816937
v 0.762316 -1.499569 13.845649
v 0.712514 -1.414669 13.855343
v 0.585183 -1.480882 13.855343
v 0.626084 -1.57041 13.845649
v 0.665414 -1.656498 13.816937
v 0.701661 -1.735837 13.770314
v 0.733432 -1.805378 13.70757
v 0.759505 -1.862449 13.631115
v 0.778879 -1.904857 13.543888
v 0.601311 -1.975279 13.543888
v 0.586353 -1.93112 13.631115
v 0.566224 -1.871691 13.70757
v 0.541697 -1.799278 13.770314
v 0.513713 -1.716661 13.816937
v 0.48335 -1.627017 13.845649
v 0.451773 -1.533791 13.855343
v 0.423892 -2.055251 13.449242
v 0.417496 -2.027262 13.543888
v 0.407111 -1.981809 13.631115
v 0.393135 -1.920641 13.70757
v 0.376106 -1.846107 13.770314
v 0.356677 -1.761072 13.816937
v 0.335595 -1.668803 13.845649
v 0.313671 -1.572847 13.855343
v 0.172311 -1.597643 13.855343
v 0.184355 -1.695333 13.845649
v 0.195935 -1.789268 13.816937
v 0.206609 -1.875839 13.770314
v 0.215964 -1.951719 13.70757
v 0.223641 -2.013993 13.631115
v 0.229346 -2.060266 13.543888
v 0.038813 -2.073949 13.543888
v 0.037848 -2.027335 13.631115
v 0.036549 -1.964603 13.70757
v 0.034965 -1.888165 13.770314
v 0.033159 -1.800957 13.816937
v 0.031199 -1.706331 13.845649
v 0.029161 -1.607923 13.855343
v -0.152122 -2.068167 13.543888
v -0.148338 -2.021697 13.631115
v -0.143246 -1.959159 13.70757
v -0.137041 -1.882957 13.770314
v -0.129962 -1.796018 13.816937
v -0.12228 -1.701684 13.845649
v -0.114292 -1.603579 13.855343
v -0.346709 -2.071212 13.449242
v -0.341478 -2.042982 13.543888
v -0.332984 -1.997138 13.631115
v -0.321553 -1.935444 13.70757
v -0.307624 -1.860268 13.770314
v -0.291733 -1.774502 13.816937
v -0.274489 -1.681439 13.845649
v -0.256557 -1.584657 13.855343
v -4.332433 1.559286 13.350813
v -4.357882 1.571208 13.350813
v -4.361541 1.562231 13.449242
v -4.596674 1.648574 13.350813
v -4.731525 1.680744 13.350813
v -4.733291 1.671212 13.449242
v -4.871062 1.699303 13.350813
v -4.924761 1.706445 13.350813
v -4.925547 1.696783 13.449242
v -5.149765 1.71018 13.350813
v -5.314045 1.698382 13.350813
v -5.312859 1.688761 13.449242
v -5.697515 1.610114 13.350813
v -5.874838 1.539789 13.350813
v -5.87081 1.530971 13.449242
v -5.953456 1.498908 13.350813
v -6.04779 1.449854 13.350813
v -6.042885 1.441491 13.449242
v -6.19241 1.354797 13.350813
v -6.210689 1.342782 13.350813
v -6.204958 1.334963 13.449242
v -6.406063 1.175468 13.350813
v -6.499686 1.081844 13.350813
v -6.49249 1.075348 13.449242
v -6.59251 0.967862 13.350813
v -6.622782 0.930689 13.350813
v -6.614963 0.924958 13.449242
v -6.746676 0.735439 13.350813
v -6.819789 0.594838 13.350813
v -6.810971 0.59081 13.449242
v -6.946499 0.215804 13.350813
v -6.978383 0.034045 13.350813
v -6.968761 0.032859 13.449242
v -6.985176 -0.060556 13.350813
v -6.992345 -0.160391 13.350813
v -6.982653 -0.160592 13.449242
v -6.986919 -0.3396 13.350813
v -6.986445 -0.355239 13.350813
v -6.976783 -0.354453 13.449242
v -6.944787 -0.615364 13.350813
v -6.915508 -0.738091 13.350813
v -6.906206 -0.735364 13.449242
v -6.864966 -0.882744 13.350813
v -6.851208 -0.922118 13.350813
v -6.842231 -0.918458 13.449242
v -6.472228 -1.026542 13.809162
v -6.459064 -1.013378 13.816397
v -6.49357 -0.952318 13.816937
v -6.317593 -0.871908 13.855343
v -6.32313 -0.861608 13.855343
v -6.34456 -0.898875 13.854013
v -6.410019 -0.907852 13.845649
v -6.43841 -0.992725 13.827747
v -6.392315 -0.94663 13.845003
v -6.389948 -0.944263 13.84545
v -6.514161 -1.068475 13.778028
v -6.57057 -0.993299 13.770314
v -6.522511 -1.076826 13.769737
v -6.552542 -1.106856 13.739923
v -6.638062 -1.029219 13.70757
v -6.577636 -1.131951 13.708619
v -6.609044 -1.163359 13.659611
v -6.693451 -1.058697 13.631115
v -6.62328 -1.177595 13.630532
v -6.635431 -1.189746 13.605716
v -6.734609 -1.080602 13.543888
v -6.649825 -1.20414 13.568233
v -6.759953 -1.094091 13.449242
v -6.667428 -1.221743 13.507444
v -6.656985 -1.2113 13.543507
v -6.768511 -1.098645 13.350813
v -6.746852 -1.135451 13.350813
v -6.68546 -1.239775 13.350813
v -6.683273 -1.237587 13.405978
v -6.679127 -1.233441 13.444408
v -6.678244 -1.232558 13.449169
v -4.04331 1.402376 13.416275
v -4.040226 1.40546 13.350813
v -4.084333 1.431416 13.350813
v -4.181355 1.488511 13.350813
v -4.185909 1.479953 13.449242
v -4.047982 1.397703 13.449039
v -4.199398 1.454609 13.543888
v -4.060004 1.385681 13.514655
v -4.052424 1.393262 13.480175
v -4.221303 1.413451 13.631115
v -4.078333 1.367352 13.575246
v -4.068723 1.376962 13.543477
v -4.250781 1.358062 13.70757
v -4.116977 1.328708 13.660208
v -4.102022 1.343663 13.631625
v -4.286701 1.29057 13.770314
v -4.202909 1.242776 13.770221
v -4.18445 1.261236 13.752254
v -4.148642 1.297044 13.709429
v -4.147376 1.29831 13.70746
v -4.291254 1.154431 13.829591
v -4.266762 1.178923 13.815969
v -4.327682 1.21357 13.816937
v -4.246933 1.198752 13.804941
v -4.205122 1.240563 13.772375
v -4.372149 1.130019 13.845649
v -4.418392 1.04313 13.855343
v -4.408092 1.037593 13.855343
v -4.364147 1.081538 13.851799
v -4.335886 1.109799 13.844625
v -4.316466 1.129219 13.839694
v -6.413791 0.251773 13.855343
v -6.360882 0.385183 13.855343
v -6.507018 0.28335 13.845649
v -6.45041 0.426084 13.845649
v -6.596661 0.313713 13.816937
v -6.536498 0.465414 13.816937
v -6.679277 0.341697 13.770314
v -6.615837 0.501661 13.770314
v -6.751691 0.366224 13.70757
v -6.685378 0.533432 13.70757
v -6.81112 0.386353 13.631115
v -6.742449 0.559505 13.631115
v -6.855279 0.401311 13.543888
v -6.784857 0.578879 13.543888
v -6.882472 0.410521 13.449242
v -5.393671 1.172847 13.855343
v -5.252311 1.197643 13.855343
v -5.415595 1.268803 13.845649
v -5.264354 1.295333 13.845649
v -5.436677 1.361072 13.816937
v -5.275935 1.389268 13.816937
v -5.456106 1.446107 13.770314
v -5.286608 1.475839 13.770314
v -5.473135 1.520641 13.70757
v -5.295963 1.551719 13.70757
v -5.487112 1.58181 13.631115
v -5.303641 1.613993 13.631115
v -5.497497 1.627262 13.543888
v -5.309346 1.660266 13.543888
v -5.503891 1.655251 13.449242
v -6.384014 -0.731644 13.855343
v -6.475159 -0.768804 13.845649
v -6.562801 -0.804535 13.816937
v -6.643573 -0.837466 13.770314
v -6.71437 -0.86633 13.70757
v -6.772471 -0.890018 13.631115
v -6.815645 -0.907619 13.543888
v -6.878654 -0.727287 13.543888
v -6.833914 -0.714171 13.631115
v -6.773703 -0.69652 13.70757
v -6.700336 -0.675012 13.770314
v -6.616632 -0.650473 13.816937
v -6.525807 -0.623848 13.845649
v -6.431353 -0.596158 13.855343
v -6.960744 -0.548475 13.350813
v -6.951212 -0.546709 13.449242
v -6.922982 -0.541478 13.543888
v -6.877138 -0.532984 13.631115
v -6.815444 -0.521553 13.70757
v -6.740268 -0.507624 13.770314
v -6.654501 -0.491733 13.816937
v -6.561439 -0.474489 13.845649
v -6.464657 -0.456557 13.855343
v -6.483579 -0.314292 13.855343
v -6.581684 -0.32228 13.845649
v -6.676018 -0.329962 13.816937
v -6.762957 -0.337041 13.770314
v -6.839159 -0.343246 13.70757
v -6.901697 -0.348338 13.631115
v -6.948167 -0.352122 13.543888
v -6.953948 -0.161187 13.543888
v -6.907335 -0.162152 13.631115
v -6.844604 -0.163451 13.70757
v -6.768165 -0.165035 13.770314
v -6.680957 -0.166841 13.816937
v -6.586331 -0.168801 13.845649
v -6.487923 -0.170839 13.855343
v -6.940266 0.029346 13.543888
v -6.893993 0.023641 13.631115
v -6.831719 0.015964 13.70757
v -6.755839 0.006609 13.770314
v -6.669268 -0.004065 13.816937
v -6.575333 -0.015645 13.845649
v -6.477643 -0.027689 13.855343
v -6.944702 0.226051 13.350813
v -6.935251 0.223892 13.449242
v -6.907262 0.217496 13.543888
v -6.86181 0.207111 13.631115
v -6.800641 0.193135 13.70757
v -6.726107 0.176106 13.770314
v -6.641072 0.156677 13.816937
v -6.548803 0.135595 13.845649
v -6.452847 0.113671 13.855343
v -6.891654 0.413631 13.350813
v -6.864368 0.482432 13.350813
v -6.729853 0.76779 13.350813
v -6.721491 0.762885 13.449242
v -6.696727 0.748358 13.543888
v -6.656512 0.724768 13.631115
v -6.602391 0.693021 13.70757
v -6.536445 0.654338 13.770314
v -6.461207 0.610204 13.816937
v -6.37957 0.562316 13.845649
v -6.294669 0.512514 13.855343
v -6.21584 0.632445 13.855343
v -6.29523 0.69063 13.845649
v -6.37157 0.746578 13.816937
v -6.441925 0.798141 13.770314
v -6.503592 0.843336 13.70757
v -6.5542 0.880426 13.631115
v -6.591805 0.907987 13.543888
v -6.471181 1.056107 13.543888
v -6.436576 1.024862 13.631115
v -6.390005 0.982813 13.70757
v -6.333259 0.931576 13.770314
v -6.268517 0.873121 13.816937
v -6.198269 0.809693 13.845649
v -6.125213 0.74373 13.855343
v -6.361845 1.219686 13.350813
v -6.355348 1.212491 13.449242
v -6.336107 1.191181 13.543888
v -6.304862 1.156576 13.631115
v -6.262813 1.110005 13.70757
v -6.211576 1.053259 13.770314
v -6.153121 0.988518 13.816937
v -6.089693 0.918269 13.845649
v -6.02373 0.845213 13.855343
v -5.912446 0.93584 13.855343
v -5.97063 1.01523 13.845649
v -6.026578 1.09157 13.816937
v -6.078141 1.161925 13.770314
v -6.123335 1.223591 13.70757
v -6.160426 1.2742 13.631115
v -6.187986 1.311805 13.543888
v -6.028358 1.416727 13.543888
v -6.004768 1.376512 13.631115
v -5.973021 1.322391 13.70757
v -5.934338 1.256445 13.770314
v -5.890204 1.181207 13.816937
v -5.842316 1.099569 13.845649
v -5.792514 1.014669 13.855343
v -5.858879 1.504857 13.543888
v -5.839505 1.462449 13.631115
v -5.813431 1.405378 13.70757
v -5.781661 1.335837 13.770314
v -5.745414 1.256498 13.816937
v -5.706084 1.17041 13.845649
v -5.665183 1.080882 13.855343
v -5.693631 1.611654 13.350813
v -5.690521 1.602472 13.449242
v -5.681311 1.575279 13.543888
v -5.666353 1.53112 13.631115
v -5.646224 1.471691 13.70757
v -5.621697 1.399277 13.770314
v -5.593713 1.316661 13.816937
v -5.56335 1.227018 13.845649
v -5.531773 1.133791 13.855343
v -5.506051 1.664702 13.350813
v -5.427011 1.678567 13.350813
v -5.119609 1.712345 13.350813
v -5.119408 1.702653 13.449242
v -5.118814 1.673949 13.543888
v -5.117848 1.627335 13.631115
v -5.116549 1.564603 13.70757
v -5.114965 1.488165 13.770314
v -5.113159 1.400957 13.816937
v -5.111199 1.306331 13.845649
v -5.109161 1.207923 13.855343
v -4.965708 1.203579 13.855343
v -4.95772 1.301684 13.845649
v -4.950038 1.396018 13.816937
v -4.942959 1.482957 13.770314
v -4.936754 1.559159 13.70757
v -4.931662 1.621697 13.631115
v -4.927877 1.668167 13.543888
v -4.738522 1.642982 13.543888
v -4.747016 1.597139 13.631115
v -4.758447 1.535444 13.70757
v -4.772376 1.460268 13.770314
v -4.788268 1.374501 13.816937
v -4.805511 1.281439 13.845649
v -4.823443 1.184657 13.855343
v -4.541909 1.635509 13.350813
v -4.544636 1.626206 13.449242
v -4.552712 1.598654 13.543888
v -4.565829 1.553914 13.631115
v -4.58348 1.493703 13.70757
v -4.604988 1.420336 13.770314
v -4.629527 1.336632 13.816937
v -4.656152 1.245807 13.845649
v -4.683842 1.151353 13.855343
v -4.548356 1.104014 13.855343
v -4.511196 1.195159 13.845649
v -4.475464 1.282801 13.816937
v -4.442534 1.363573 13.770314
v -4.413671 1.43437 13.70757
v -4.389982 1.492472 13.631115
v -4.372381 1.535645 13.543888
v -4.203857 -0.2 7.137566
v -4.212775 -0.324688 7.137566
v -5.08 -0.2 7.137566
v -4.212775 -0.075312 7.137566
v -4.342942 0.273678 7.137566
v -4.283033 0.163963 7.137566
v -4.239347 0.046838 7.137566
v -4.606321 0.537058 7.137566
v -4.506248 0.462144 7.137566
v -4.417856 0.373751 7.137566
v -4.955312 0.667225 7.137566
v -4.833162 0.640653 7.137566
v -4.716037 0.596967 7.137566
v -5.326838 0.640653 7.137566
v -5.204688 0.667225 7.137566
v -5.08 0.676143 7.137566
v -5.653751 0.462144 7.137566
v -5.553679 0.537058 7.137566
v -5.443963 0.596967 7.137566
v -5.876967 0.163963 7.137566
v -5.817058 0.273678 7.137566
v -5.742144 0.373751 7.137566
v -5.956143 -0.2 7.137566
v -5.947225 -0.075312 7.137566
v -5.920653 0.046838 7.137566
v -5.876967 -0.563963 7.137566
v -5.920653 -0.446838 7.137566
v -5.947225 -0.324688 7.137566
v -5.653751 -0.862144 7.137566
v -5.742144 -0.773751 7.137566
v -5.817058 -0.673678 7.137566
v -5.326838 -1.040653 7.137566
v -5.443963 -0.996967 7.137566
v -5.553679 -0.937058 7.137566
v -4.955312 -1.067225 7.137566
v -5.08 -1.076143 7.137566
v -5.204688 -1.067225 7.137566
v -4.606321 -0.937058 7.137566
v -4.716037 -0.996967 7.137566
v -4.833162 -1.040653 7.137566
v -4.342942 -0.673678 7.137566
v -4.417856 -0.773751 7.137566
v -4.506248 -0.862144 7.137566
v -4.239347 -0.446838 7.137566
v -4.283033 -0.563963 7.137566
v -4.384228 -0.932035 7.273613
v -4.420192 -0.961459 7.238401
v -4.315037 -0.862844 7.273613
v -4.318541 -0.859808 7.238401
v -4.250812 -0.777049 7.273613
v -4.232391 -0.744725 7.238401
v -4.228491 -0.747232 7.273613
v -4.163496 -0.618553 7.238401
v -4.159279 -0.620479 7.273613
v -4.417156 -0.964963 7.273613
v -4.532768 -1.051509 7.273613
v -4.535275 -1.047609 7.238401
v -4.54502 -1.058198 7.273613
v -4.661447 -1.116504 7.238401
v -4.659521 -1.120721 7.273613
v -4.796139 -1.166742 7.238401
v -4.729361 -1.14677 7.273613
v -4.794833 -1.17119 7.273613
v -4.926858 -1.19991 7.273613
v -4.93661 -1.197299 7.238401
v -4.93595 -1.201888 7.273613
v -5.08 -1.212191 7.273613
v -5.08 -1.207555 7.238401
v -5.131098 -1.208536 7.273613
v -5.22339 -1.197299 7.238401
v -5.22405 -1.201888 7.273613
v -5.363861 -1.166742 7.238401
v -5.333325 -1.178117 7.273613
v -5.365167 -1.17119 7.273613
v -5.500479 -1.120721 7.273613
v -5.498554 -1.116504 7.238401
v -5.524991 -1.107336 7.273613
v -5.624725 -1.047609 7.238401
v -5.627232 -1.051509 7.273613
v -5.739808 -0.961459 7.238401
v -5.698101 -0.998456 7.273613
v -5.742844 -0.964963 7.273613
v -5.844963 -0.862844 7.273613
v -5.841459 -0.859808 7.238401
v -5.84775 -0.85912 7.273613
v -5.927609 -0.744725 7.238401
v -5.931509 -0.747232 7.273613
v -5.962763 -0.689994 7.273613
v -5.996504 -0.618553 7.238401
v -6.000721 -0.620479 7.273613
v -6.044685 -0.502607 7.273613
v -6.046742 -0.483861 7.238401
v -6.05119 -0.485167 7.273613
v -6.081888 -0.34405 7.273613
v -6.0773 -0.34339 7.238401
v -6.084877 -0.30225 7.273613
v -6.087555 -0.2 7.238401
v -6.092191 -0.2 7.273613
v -6.0773 -0.05661 7.238401
v -6.084877 -0.09775 7.273613
v -6.081888 -0.05595 7.273613
v -6.05119 0.085167 7.273613
v -6.046742 0.083861 7.238401
v -6.044685 0.102607 7.273613
v -5.996504 0.218553 7.238401
v -6.000721 0.220479 7.273613
v -5.927609 0.344725 7.238401
v -5.962763 0.289994 7.273613
v -5.931509 0.347232 7.273613
v -5.84775 0.45912 7.273613
v -5.841459 0.459808 7.238401
v -5.844963 0.462844 7.273613
v -5.742844 0.564963 7.273613
v -5.739808 0.561459 7.238401
v -5.698101 0.598457 7.273613
v -5.624725 0.647609 7.238401
v -5.627232 0.651509 7.273613
v -5.498554 0.716504 7.238401
v -5.524991 0.707336 7.273613
v -5.500479 0.720721 7.273613
v -5.365167 0.77119 7.273613
v -5.363861 0.766742 7.238401
v -5.333325 0.778117 7.273613
v -5.22339 0.797299 7.238401
v -5.22405 0.801888 7.273613
v -5.08 0.807555 7.238401
v -5.131098 0.808536 7.273613
v -5.08 0.812191 7.273613
v -4.93595 0.801888 7.273613
v -4.93661 0.797299 7.238401
v -4.926858 0.79991 7.273613
v -4.796139 0.766742 7.238401
v -4.794833 0.77119 7.273613
v -4.729361 0.74677 7.273613
v -4.661447 0.716504 7.238401
v -4.659521 0.720721 7.273613
v -4.54502 0.658199 7.273613
v -4.535275 0.647609 7.238401
v -4.532768 0.651509 7.273613
v -4.417156 0.564963 7.273613
v -4.420192 0.561459 7.238401
v -4.384228 0.532035 7.273613
v -4.318541 0.459808 7.238401
v -4.315037 0.462844 7.273613
v -4.232391 0.344725 7.238401
v -4.250812 0.377049 7.273613
v -4.228491 0.347232 7.273613
v -4.159279 0.220479 7.273613
v -4.163496 0.218553 7.238401
v -4.151147 0.198676 7.273613
v -4.113258 0.083861 7.238401
v -4.10881 0.085167 7.273613
v -4.082701 -0.05661 7.238401
v -4.090983 0.003219 7.273613
v -4.078112 -0.05595 7.273613
v -4.067809 -0.2 7.273613
v -4.072445 -0.2 7.238401
v -4.078112 -0.34405 7.273613
v -4.082701 -0.34339 7.238401
v -4.090983 -0.403219 7.273613
v -4.113258 -0.483861 7.238401
v -4.10881 -0.485167 7.273613
v -4.151147 -0.598676 7.273613
v -4.096154 -0.058544 7.20559
v -4.126299 0.080032 7.20559
v -4.175859 0.212907 7.20559
v -4.243824 0.337377 7.20559
v -4.328813 0.450908 7.20559
v -4.429092 0.551188 7.20559
v -4.542623 0.636175 7.20559
v -4.667093 0.704141 7.20559
v -4.799968 0.753701 7.20559
v -4.938544 0.783846 7.20559
v -5.08 0.793964 7.20559
v -5.221456 0.783846 7.20559
v -5.360032 0.753701 7.20559
v -5.492908 0.704141 7.20559
v -5.617377 0.636175 7.20559
v -5.730908 0.551188 7.20559
v -5.831188 0.450908 7.20559
v -5.916175 0.337377 7.20559
v -5.984141 0.212907 7.20559
v -6.033701 0.080032 7.20559
v -6.063847 -0.058544 7.20559
v -6.073964 -0.2 7.20559
v -6.063847 -0.341456 7.20559
v -6.033701 -0.480032 7.20559
v -5.984141 -0.612907 7.20559
v -5.916175 -0.737377 7.20559
v -5.831188 -0.850908 7.20559
v -5.730908 -0.951188 7.20559
v -5.617377 -1.036175 7.20559
v -5.492908 -1.104141 7.20559
v -5.360032 -1.153701 7.20559
v -5.221456 -1.183846 7.20559
v -5.08 -1.193964 7.20559
v -4.938544 -1.183846 7.20559
v -4.799968 -1.153701 7.20559
v -4.667093 -1.104141 7.20559
v -4.542623 -1.036175 7.20559
v -4.429092 -0.951188 7.20559
v -4.328813 -0.850908 7.20559
v -4.243824 -0.737377 7.20559
v -4.175859 -0.612907 7.20559
v -4.126299 -0.480032 7.20559
v -4.096154 -0.341456 7.20559
v -4.086036 -0.2 7.20559
v -4.117554 -0.061621 7.177413
v -4.147043 0.073941 7.177413
v -4.195526 0.203926 7.177413
v -4.262013 0.325688 7.177413
v -4.345152 0.436749 7.177413
v -4.443251 0.534848 7.177413
v -4.554312 0.617987 7.177413
v -4.676074 0.684474 7.177413
v -4.806059 0.732956 7.177413
v -4.941621 0.762446 7.177413
v -5.08 0.772343 7.177413
v -5.218379 0.762446 7.177413
v -5.35394 0.732956 7.177413
v -5.483926 0.684474 7.177413
v -5.605688 0.617987 7.177413
v -5.71675 0.534848 7.177413
v -5.814848 0.436749 7.177413
v -5.897987 0.325688 7.177413
v -5.964474 0.203926 7.177413
v -6.012956 0.073941 7.177413
v -6.042446 -0.061621 7.177413
v -6.052343 -0.2 7.177413
v -6.042446 -0.338379 7.177413
v -6.012956 -0.473941 7.177413
v -5.964474 -0.603926 7.177413
v -5.897987 -0.725688 7.177413
v -5.814848 -0.836749 7.177413
v -5.71675 -0.934848 7.177413
v -5.605688 -1.017987 7.177413
v -5.483926 -1.084474 7.177413
v -5.35394 -1.132956 7.177413
v -5.218379 -1.162446 7.177413
v -5.08 -1.172343 7.177413
v -4.941621 -1.162446 7.177413
v -4.806059 -1.132956 7.177413
v -4.676074 -1.084474 7.177413
v -4.554312 -1.017987 7.177413
v -4.443251 -0.934848 7.177413
v -4.345152 -0.836749 7.177413
v -4.262013 -0.725688 7.177413
v -4.195526 -0.603926 7.177413
v -4.147043 -0.473941 7.177413
v -4.117554 -0.338379 7.177413
v -4.107657 -0.2 7.177413
v -4.145443 -0.065631 7.155792
v -4.174079 0.066002 7.155792
v -4.221156 0.192221 7.155792
v -4.285717 0.310455 7.155792
v -4.366446 0.418298 7.155792
v -4.461702 0.513554 7.155792
v -4.569545 0.594284 7.155792
v -4.687779 0.658844 7.155792
v -4.813998 0.705921 7.155792
v -4.945631 0.734556 7.155792
v -5.08 0.744167 7.155792
v -5.214369 0.734556 7.155792
v -5.346003 0.705921 7.155792
v -5.472221 0.658844 7.155792
v -5.590455 0.594284 7.155792
v -5.698298 0.513554 7.155792
v -5.793553 0.418298 7.155792
v -5.874284 0.310455 7.155792
v -5.938844 0.192221 7.155792
v -5.985921 0.066002 7.155792
v -6.014556 -0.065631 7.155792
v -6.024167 -0.2 7.155792
v -6.014556 -0.334369 7.155792
v -5.985921 -0.466002 7.155792
v -5.938844 -0.592221 7.155792
v -5.874284 -0.710455 7.155792
v -5.793553 -0.818298 7.155792
v -5.698298 -0.913554 7.155792
v -5.590455 -0.994283 7.155792
v -5.472221 -1.058844 7.155792
v -5.346003 -1.105921 7.155792
v -5.214369 -1.134556 7.155792
v -5.08 -1.144167 7.155792
v -4.945631 -1.134556 7.155792
v -4.813998 -1.105921 7.155792
v -4.687779 -1.058844 7.155792
v -4.569545 -0.994283 7.155792
v -4.461702 -0.913554 7.155792
v -4.366446 -0.818298 7.155792
v -4.285717 -0.710455 7.155792
v -4.221156 -0.592221 7.155792
v -4.174079 -0.466002 7.155792
v -4.145443 -0.334369 7.155792
v -4.135834 -0.2 7.155792
v -4.177922 -0.070301 7.142201
v -4.205562 0.056758 7.142201
v -4.251003 0.17859 7.142201
v -4.31332 0.292715 7.142201
v -4.391244 0.39681 7.142201
v -4.48319 0.488756 7.142201
v -4.587285 0.56668 7.142201
v -4.701409 0.628997 7.142201
v -4.823242 0.674438 7.142201
v -4.950301 0.702078 7.142201
v -5.08 0.711354 7.142201
v -5.209699 0.702078 7.142201
v -5.336758 0.674438 7.142201
v -5.45859 0.628997 7.142201
v -5.572715 0.56668 7.142201
v -5.67681 0.488756 7.142201
v -5.768756 0.39681 7.142201
v -5.84668 0.292715 7.142201
v -5.908997 0.17859 7.142201
v -5.954438 0.056758 7.142201
v -5.982078 -0.070301 7.142201
v -5.991354 -0.2 7.142201
v -5.982078 -0.329699 7.142201
v -5.954438 -0.456758 7.142201
v -5.908997 -0.57859 7.142201
v -5.84668 -0.692715 7.142201
v -5.768756 -0.79681 7.142201
v -5.67681 -0.888756 7.142201
v -5.572715 -0.96668 7.142201
v -5.45859 -1.028997 7.142201
v -5.336758 -1.074438 7.142201
v -5.209699 -1.102078 7.142201
v -5.08 -1.111354 7.142201
v -4.950301 -1.102078 7.142201
v -4.823242 -1.074438 7.142201
v -4.701409 -1.028997 7.142201
v -4.587285 -0.96668 7.142201
v -4.48319 -0.888756 7.142201
v -4.391244 -0.79681 7.142201
v -4.31332 -0.692715 7.142201
v -4.251003 -0.57859 7.142201
v -4.205562 -0.456758 7.142201
v -4.177922 -0.329699 7.142201
v -4.168645 -0.2 7.142201
v -4.546858 -1.055323 7.718234
v -4.470019 -1.007746 7.718234
v -4.385395 -0.9306 7.718234
v -4.331982 -0.881908 7.718234
v -4.25207 -0.776088 7.718234
v -4.219419 -0.73285 7.718234
v -5.131267 -1.207873 7.718234
v -4.986607 -1.207873 7.718234
v -4.92742 -1.196809 7.718234
v -4.803001 -1.173551 7.718234
v -4.72998 -1.145262 7.718234
v -4.628828 -1.106076 7.718234
v -5.846144 -0.857906 7.718234
v -5.828018 -0.881908 7.718234
v -5.698866 -0.999646 7.718234
v -5.689981 -1.007746 7.718234
v -5.531172 -1.106076 7.718234
v -5.525568 -1.108247 7.718234
v -5.356999 -1.173551 7.718234
v -5.333352 -1.177971 7.718234
v -5.173393 -1.207873 7.718234
v -6.082738 -0.302007 7.718234
v -6.074956 -0.38599 7.718234
v -6.041968 -0.501931 7.718234
v -6.023839 -0.565645 7.718234
v -5.962046 -0.689744 7.718234
v -5.940582 -0.73285 7.718234
v -6.041968 0.101931 7.718234
v -6.074956 -0.01401 7.718234
v -6.082738 -0.097993 7.718234
v -6.092191 -0.2 7.718234
v -5.698866 0.599646 7.718234
v -5.828018 0.481908 7.718234
v -5.846144 0.457906 7.718234
v -5.940582 0.33285 7.718234
v -5.962046 0.289744 7.718234
v -6.023839 0.165645 7.718234
v -5.689981 0.607746 7.718234
v -5.531172 0.706076 7.718234
v -5.525568 0.708247 7.718234
v -5.356999 0.773551 7.718234
v -4.92742 0.796809 7.718234
v -4.986607 0.807873 7.718234
v -5.131267 0.807873 7.718234
v -5.173393 0.807873 7.718234
v -5.333352 0.777971 7.718234
v -4.385395 0.5306 7.718234
v -4.470019 0.607746 7.718234
v -4.546858 0.655322 7.718234
v -4.628828 0.706076 7.718234
v -4.72998 0.745262 7.718234
v -4.803001 0.773551 7.718234
v -4.089981 0.00334 7.718234
v -4.13616 0.165645 7.718234
v -4.152252 0.197962 7.718234
v -4.219419 0.33285 7.718234
v -4.25207 0.376088 7.718234
v -4.331982 0.481908 7.718234
v -4.152252 -0.597962 7.718234
v -4.13616 -0.565645 7.718234
v -4.089981 -0.40334 7.718234
v -4.085044 -0.38599 7.718234
v -4.067809 -0.2 7.718234
v -4.085044 -0.01401 7.718234
v -3.905952 -0.419468 7.900428
v -3.966269 -0.631461 7.900428
v -4.064514 -0.828762 7.900428
v -4.19734 -1.004652 7.900428
v -4.360223 -1.153139 7.900428
v -4.547617 -1.269169 7.900428
v -4.753141 -1.34879 7.900428
v -4.969796 -1.389289 7.900428
v -5.190204 -1.389289 7.900428
v -5.406859 -1.34879 7.900428
v -5.799778 -1.153139 7.900428
v -5.612383 -1.269169 7.900428
v -5.96266 -1.004652 7.900428
v -6.095486 -0.828762 7.900428
v -6.19373 -0.631461 7.900428
v -6.254047 -0.419468 7.900428
v -6.274384 -0.2 7.900428
v -6.254047 0.019468 7.900428
v -6.19373 0.231461 7.900428
v -6.095486 0.428762 7.900428
v -5.96266 0.604652 7.900428
v -5.612383 0.869169 7.900428
v -5.799778 0.753139 7.900428
v -5.406859 0.94879 7.900428
v -5.190204 0.989289 7.900428
v -4.969796 0.989289 7.900428
v -4.753141 0.94879 7.900428
v -4.547617 0.869169 7.900428
v -4.360223 0.753139 7.900428
v -4.19734 0.604652 7.900428
v -4.064514 0.428762 7.900428
v -3.966269 0.231461 7.900428
v -3.885616 -0.2 7.900428
v -3.905952 0.019468 7.900428
v -3.885616 -0.2 12.40699
v -3.905952 0.019468 12.40699
v -3.966269 0.231461 12.40699
v -4.064514 0.428762 12.40699
v -4.19734 0.604652 12.40699
v -4.360223 0.753139 12.40699
v -4.547617 0.869169 12.40699
v -4.753141 0.94879 12.40699
v -4.969796 0.989289 12.40699
v -5.190204 0.989289 12.40699
v -5.406859 0.94879 12.40699
v -5.612383 0.869169 12.40699
v -5.799778 0.753139 12.40699
v -5.96266 0.604652 12.40699
v -6.095486 0.428762 12.40699
v -6.19373 0.231461 12.40699
v -6.254047 0.019468 12.40699
v -6.274384 -0.2 12.40699
v -6.254047 -0.419468 12.40699
v -6.19373 -0.631461 12.40699
v -6.095486 -0.828762 12.40699
v -5.96266 -1.004652 12.40699
v -5.799778 -1.153139 12.40699
v -5.612383 -1.269169 12.40699
v -5.406859 -1.34879 12.40699
v -5.190204 -1.389289 12.40699
v -4.969796 -1.389289 12.40699
v -4.753141 -1.34879 12.40699
v -4.547617 -1.269169 12.40699
v -4.360223 -1.153139 12.40699
v -4.19734 -1.004652 12.40699
v -4.064514 -0.828762 12.40699
v -3.966269 -0.631461 12.40699
v -3.905952 -0.419468 12.40699
v -6.535484 -0.047022 12.40699
v -6.535484 -0.352978 12.40699
v -6.543501 -0.2 12.40699
v -6.471872 -0.652247 12.40699
v -6.51152 -0.504279 12.40699
v -6.263998 -1.060224 12.40699
v -6.347429 -0.931751 12.40699
v -6.416975 -0.795259 12.40699
v -5.384279 -1.63152 12.40699
v -5.532247 -1.591872 12.40699
v -3.896003 0.660224 12.40699
v -3.812571 0.531751 12.40699
v -4.100727 0.887593 12.40699
v -3.992407 0.779273 12.40699
v -6.059273 0.887593 12.40699
v -6.059273 -1.287593 12.40699
v -6.167593 -1.179273 12.40699
v -5.67526 -1.536975 12.40699
v -5.81175 -1.467429 12.40699
v -5.940225 -1.383997 12.40699
v -3.688128 -0.652247 12.40699
v -3.743025 -0.795259 12.40699
v -3.624516 -0.352978 12.40699
v -3.64848 -0.504279 12.40699
v -6.51152 0.104279 12.40699
v -6.471872 0.252247 12.40699
v -6.416975 0.395259 12.40699
v -5.08 -1.663501 12.40699
v -5.232978 -1.655484 12.40699
v -3.624516 -0.047022 12.40699
v -3.616499 -0.2 12.40699
v -3.743025 0.395259 12.40699
v -3.688128 0.252247 12.40699
v -3.64848 0.104279 12.40699
v -4.348249 1.067429 12.40699
v -4.219776 0.983997 12.40699
v -4.775721 1.23152 12.40699
v -4.627754 1.191872 12.40699
v -4.484741 1.136975 12.40699
v -5.940225 0.983997 12.40699
v -5.81175 1.067429 12.40699
v -5.67526 1.136975 12.40699
v -4.775721 -1.63152 12.40699
v -4.927022 -1.655484 12.40699
v -4.348249 -1.467429 12.40699
v -4.484741 -1.536975 12.40699
v -4.627754 -1.591872 12.40699
v -5.08 1.263501 12.40699
v -4.927022 1.255484 12.40699
v -6.347429 0.531751 12.40699
v -6.263998 0.660224 12.40699
v -6.167593 0.779273 12.40699
v -4.100727 -1.287593 12.40699
v -4.219776 -1.383997 12.40699
v -5.532247 1.191872 12.40699
v -5.384279 1.23152 12.40699
v -5.232978 1.255484 12.40699
v -3.812571 -0.931751 12.40699
v -3.896003 -1.060224 12.40699
v -3.992407 -1.179273 12.40699
v -3.25002 -0.750614 12.856245
v -3.269071 -0.788406 12.7686
v -3.217486 -0.595889 12.7686
v -3.260861 -0.791074 12.856245
v -3.332611 -0.977988 12.856245
v -3.340497 -0.974477 12.7686
v -3.349514 -1.011161 12.856245
v -3.430981 -1.152062 12.7686
v -3.423505 -1.156378 12.856245
v -3.539532 -1.319216 12.7686
v -3.486907 -1.254007 12.856245
v -3.532548 -1.324289 12.856245
v -3.655618 -1.476268 12.856245
v -3.664961 -1.474107 12.7686
v -3.658546 -1.479883 12.856245
v -3.800117 -1.621454 12.856245
v -3.805893 -1.615039 12.7686
v -3.858004 -1.66833 12.856245
v -3.960784 -1.740468 12.7686
v -3.955711 -1.747452 12.856245
v -4.084588 -1.831146 12.856245
v -4.127938 -1.849019 12.7686
v -4.123622 -1.856495 12.856245
v -4.302012 -1.947389 12.856245
v -4.305523 -1.939503 12.7686
v -4.332425 -1.959063 12.856245
v -4.491594 -2.010929 12.7686
v -4.488926 -2.019139 12.856245
v -4.684111 -2.062514 12.7686
v -4.596869 -2.048062 12.856245
v -4.682316 -2.070957 12.856245
v -4.870872 -2.100821 12.856245
v -4.880965 -2.093692 12.7686
v -4.880063 -2.102277 12.856245
v -5.08 -2.112756 12.856245
v -5.08 -2.104123 12.7686
v -5.149733 -2.109101 12.856245
v -5.279035 -2.093692 12.7686
v -5.279937 -2.102277 12.856245
v -5.427114 -2.078967 12.856245
v -5.475889 -2.062514 12.7686
v -5.477684 -2.070957 12.856245
v -5.671074 -2.019139 12.856245
v -5.668406 -2.010929 12.7686
v -5.69714 -2.009133 12.856245
v -5.854477 -1.939503 12.7686
v -5.857988 -1.947389 12.856245
v -6.032062 -1.849019 12.7686
v -5.953408 -1.89877 12.856245
v -6.036377 -1.856495 12.856245
v -6.192583 -1.755054 12.856245
v -6.199215 -1.740468 12.7686
v -6.204289 -1.747452 12.856245
v -6.359883 -1.621454 12.856245
v -6.354107 -1.615039 12.7686
v -6.405966 -1.575371 12.856245
v -6.495039 -1.474107 12.7686
v -6.501454 -1.479883 12.856245
v -6.620468 -1.319216 12.7686
v -6.5923 -1.367698 12.856245
v -6.627451 -1.324289 12.856245
v -6.736495 -1.156378 12.856245
v -6.729019 -1.152062 12.7686
v -6.747057 -1.135648 12.856245
v -6.819503 -0.974477 12.7686
v -6.827389 -0.977988 12.856245
v -6.890929 -0.788406 12.7686
v -6.864099 -0.882356 12.856245
v -6.899138 -0.791074 12.856245
v -6.94614 -0.615662 12.856245
v -6.942513 -0.595889 12.7686
v -6.950957 -0.597684 12.856245
v -6.982277 -0.399937 12.856245
v -6.973692 -0.399035 12.7686
v -6.985444 -0.339506 12.856245
v -6.984123 -0.2 12.7686
v -6.992755 -0.2 12.856245
v -6.973692 -9.65E-4 12.7686
v -6.985444 -0.060494 12.856245
v -6.982277 -6.3E-5 12.856245
v -6.950957 0.197684 12.856245
v -6.942513 0.195889 12.7686
v -6.94614 0.215662 12.856245
v -6.890929 0.388406 12.7686
v -6.899138 0.391074 12.856245
v -6.864099 0.482356 12.856245
v -6.819503 0.574477 12.7686
v -6.827389 0.577988 12.856245
v -6.747057 0.735648 12.856245
v -6.729019 0.752062 12.7686
v -6.736495 0.756378 12.856245
v -6.627451 0.924289 12.856245
v -6.620468 0.919216 12.7686
v -6.5923 0.967698 12.856245
v -6.495039 1.074107 12.7686
v -6.501454 1.079883 12.856245
v -6.354107 1.215039 12.7686
v -6.405966 1.175371 12.856245
v -6.359883 1.221454 12.856245
v -6.204289 1.347452 12.856245
v -6.199215 1.340468 12.7686
v -6.192583 1.355054 12.856245
v -6.032062 1.449019 12.7686
v -6.036377 1.456495 12.856245
v -5.953408 1.49877 12.856245
v -5.854477 1.539503 12.7686
v -5.857988 1.547389 12.856245
v -5.69714 1.609133 12.856245
v -5.668406 1.610929 12.7686
v -5.671074 1.619138 12.856245
v -5.477684 1.670957 12.856245
v -5.475889 1.662513 12.7686
v -5.427114 1.678967 12.856245
v -5.279035 1.693692 12.7686
v -5.279937 1.702277 12.856245
v -5.08 1.704123 12.7686
v -5.149733 1.709101 12.856245
v -5.08 1.712755 12.856245
v -4.880063 1.702277 12.856245
v -4.880965 1.693692 12.7686
v -4.870872 1.700822 12.856245
v -4.684111 1.662513 12.7686
v -4.682316 1.670957 12.856245
v -4.596869 1.648062 12.856245
v -4.491594 1.610929 12.7686
v -4.488926 1.619138 12.856245
v -4.332425 1.559063 12.856245
v -4.305523 1.539503 12.7686
v -4.302012 1.547389 12.856245
v -4.123622 1.456495 12.856245
v -4.127938 1.449019 12.7686
v -4.084588 1.431145 12.856245
v -3.960784 1.340468 12.7686
v -3.955711 1.347452 12.856245
v -3.805893 1.215039 12.7686
v -3.858004 1.26833 12.856245
v -3.800117 1.221454 12.856245
v -3.658546 1.079883 12.856245
v -3.664961 1.074107 12.7686
v -3.655618 1.076268 12.856245
v -3.539532 0.919216 12.7686
v -3.532548 0.924289 12.856245
v -3.486907 0.854007 12.856245
v -3.430981 0.752062 12.7686
v -3.423505 0.756378 12.856245
v -3.349514 0.611161 12.856245
v -3.340497 0.574477 12.7686
v -3.332611 0.577988 12.856245
v -3.260861 0.391074 12.856245
v -3.269071 0.388406 12.7686
v -3.25002 0.350614 12.856245
v -3.217486 0.195889 12.7686
v -3.209043 0.197684 12.856245
v -3.186308 -9.65E-4 12.7686
v -3.190104 0.078107 12.856245
v -3.177723 -6.3E-5 12.856245
v -3.167245 -0.2 12.856245
v -3.175877 -0.2 12.7686
v -3.177723 -0.399937 12.856245
v -3.186308 -0.399035 12.7686
v -3.190104 -0.478107 12.856245
v -3.209043 -0.597684 12.856245
v -3.211733 -0.003637 12.684322
v -3.242493 0.190574 12.684322
v -3.293385 0.380506 12.684322
v -3.363852 0.564078 12.684322
v -3.453121 0.739279 12.684322
v -3.560215 0.904189 12.684322
v -3.683959 1.057001 12.684322
v -3.822999 1.196041 12.684322
v -3.975811 1.319785 12.684322
v -4.140721 1.426879 12.684322
v -4.315922 1.516148 12.684322
v -4.499494 1.586615 12.684322
v -4.689425 1.637507 12.684322
v -4.883637 1.668267 12.684322
v -5.08 1.678558 12.684322
v -5.276363 1.668267 12.684322
v -5.470574 1.637507 12.684322
v -5.660506 1.586615 12.684322
v -5.844079 1.516148 12.684322
v -6.019279 1.426879 12.684322
v -6.184189 1.319785 12.684322
v -6.337 1.196041 12.684322
v -6.47604 1.057001 12.684322
v -6.599785 0.904189 12.684322
v -6.706879 0.739279 12.684322
v -6.796148 0.564078 12.684322
v -6.866615 0.380506 12.684322
v -6.917507 0.190574 12.684322
v -6.948267 -0.003637 12.684322
v -6.958558 -0.2 12.684322
v -6.948267 -0.396363 12.684322
v -6.917507 -0.590574 12.684322
v -6.866615 -0.780506 12.684322
v -6.796148 -0.964078 12.684322
v -6.706879 -1.139279 12.684322
v -6.599785 -1.304189 12.684322
v -6.47604 -1.457001 12.684322
v -6.337 -1.596041 12.684322
v -6.184189 -1.719785 12.684322
v -6.019279 -1.826879 12.684322
v -5.844079 -1.916148 12.684322
v -5.660506 -1.986615 12.684322
v -5.470574 -2.037507 12.684322
v -5.276363 -2.068267 12.684322
v -5.08 -2.078558 12.684322
v -4.883637 -2.068267 12.684322
v -4.689425 -2.037507 12.684322
v -4.499494 -1.986615 12.684322
v -4.315922 -1.916148 12.684322
v -4.140721 -1.826879 12.684322
v -3.975811 -1.719785 12.684322
v -3.822999 -1.596041 12.684322
v -3.683959 -1.457001 12.684322
v -3.560215 -1.304189 12.684322
v -3.453121 -1.139279 12.684322
v -3.363852 -0.964078 12.684322
v -3.293385 -0.780506 12.684322
v -3.242493 -0.590574 12.684322
v -3.211733 -0.396363 12.684322
v -3.201442 -0.2 12.684322
v -3.253021 -0.007977 12.606652
v -3.283101 0.181943 12.606652
v -3.332869 0.367677 12.606652
v -3.401778 0.547192 12.606652
v -3.489074 0.718521 12.606652
v -3.593801 0.879786 12.606652
v -3.714811 1.029221 12.606652
v -3.850779 1.165189 12.606652
v -4.000214 1.286199 12.606652
v -4.161479 1.390925 12.606652
v -4.332808 1.478222 12.606652
v -4.512322 1.547131 12.606652
v -4.698057 1.596899 12.606652
v -4.887977 1.626979 12.606652
v -5.08 1.637043 12.606652
v -5.272023 1.626979 12.606652
v -5.461942 1.596899 12.606652
v -5.647677 1.547131 12.606652
v -5.827193 1.478222 12.606652
v -5.998521 1.390925 12.606652
v -6.159787 1.286199 12.606652
v -6.309221 1.165189 12.606652
v -6.445189 1.029221 12.606652
v -6.566198 0.879786 12.606652
v -6.670925 0.718521 12.606652
v -6.758222 0.547192 12.606652
v -6.827131 0.367677 12.606652
v -6.876898 0.181943 12.606652
v -6.906979 -0.007977 12.606652
v -6.917043 -0.2 12.606652
v -6.906979 -0.392023 12.606652
v -6.876898 -0.581943 12.606652
v -6.827131 -0.767677 12.606652
v -6.758222 -0.947192 12.606652
v -6.670925 -1.118521 12.606652
v -6.566198 -1.279786 12.606652
v -6.445189 -1.429221 12.606652
v -6.309221 -1.565189 12.606652
v -6.159787 -1.686198 12.606652
v -5.998521 -1.790925 12.606652
v -5.827193 -1.878222 12.606652
v -5.647677 -1.947131 12.606652
v -5.461942 -1.996899 12.606652
v -5.272023 -2.026979 12.606652
v -5.08 -2.037043 12.606652
v -4.887977 -2.026979 12.606652
v -4.698057 -1.996899 12.606652
v -4.512322 -1.947131 12.606652
v -4.332808 -1.878222 12.606652
v -4.161479 -1.790925 12.606652
v -4.000214 -1.686198 12.606652
v -3.850779 -1.565189 12.606652
v -3.714811 -1.429221 12.606652
v -3.593801 -1.279786 12.606652
v -3.489074 -1.118521 12.606652
v -3.401778 -0.947192 12.606652
v -3.332869 -0.767677 12.606652
v -3.283101 -0.581943 12.606652
v -3.253021 -0.392023 12.606652
v -3.242958 -0.2 12.606652
v -3.308586 -0.013817 12.538573
v -3.337751 0.170326 12.538573
v -3.386005 0.350412 12.538573
v -3.452819 0.524468 12.538573
v -3.53746 0.690586 12.538573
v -3.639002 0.846947 12.538573
v -3.756331 0.991837 12.538573
v -3.888163 1.123669 12.538573
v -4.033053 1.240998 12.538573
v -4.189414 1.34254 12.538573
v -4.355532 1.427181 12.538573
v -4.529587 1.493995 12.538573
v -4.709673 1.542249 12.538573
v -4.893817 1.571414 12.538573
v -5.08 1.581172 12.538573
v -5.266183 1.571414 12.538573
v -5.450326 1.542249 12.538573
v -5.630413 1.493995 12.538573
v -5.804468 1.427181 12.538573
v -5.970586 1.34254 12.538573
v -6.126947 1.240998 12.538573
v -6.271837 1.123669 12.538573
v -6.403669 0.991837 12.538573
v -6.520998 0.846947 12.538573
v -6.62254 0.690586 12.538573
v -6.707181 0.524468 12.538573
v -6.773995 0.350412 12.538573
v -6.822249 0.170326 12.538573
v -6.851415 -0.013817 12.538573
v -6.861172 -0.2 12.538573
v -6.851415 -0.386183 12.538573
v -6.822249 -0.570326 12.538573
v -6.773995 -0.750412 12.538573
v -6.707181 -0.924468 12.538573
v -6.62254 -1.090586 12.538573
v -6.520998 -1.246947 12.538573
v -6.403669 -1.391837 12.538573
v -6.271837 -1.523669 12.538573
v -6.126947 -1.640998 12.538573
v -5.970586 -1.74254 12.538573
v -5.804468 -1.827182 12.538573
v -5.630413 -1.893995 12.538573
v -5.450326 -1.942249 12.538573
v -5.266183 -1.971415 12.538573
v -5.08 -1.981172 12.538573
v -4.893817 -1.971415 12.538573
v -4.709673 -1.942249 12.538573
v -4.529587 -1.893995 12.538573
v -4.355532 -1.827182 12.538573
v -4.189414 -1.74254 12.538573
v -4.033053 -1.640998 12.538573
v -3.888163 -1.523669 12.538573
v -3.756331 -1.391837 12.538573
v -3.639002 -1.246947 12.538573
v -3.53746 -1.090586 12.538573
v -3.452819 -0.924468 12.538573
v -3.386005 -0.750412 12.538573
v -3.337751 -0.570326 12.538573
v -3.308586 -0.386183 12.538573
v -3.298828 -0.2 12.538573
v -3.376291 -0.020933 12.482703
v -3.404342 0.156172 12.482703
v -3.450751 0.329375 12.482703
v -3.515011 0.496778 12.482703
v -3.596418 0.656547 12.482703
v -3.694078 0.806931 12.482703
v -3.806924 0.946283 12.482703
v -3.933717 1.073076 12.482703
v -4.073069 1.185922 12.482703
v -4.223454 1.283582 12.482703
v -4.383222 1.364989 12.482703
v -4.550625 1.429249 12.482703
v -4.723828 1.475658 12.482703
v -4.900933 1.503709 12.482703
v -5.08 1.513093 12.482703
v -5.259067 1.503709 12.482703
v -5.436172 1.475658 12.482703
v -5.609375 1.429249 12.482703
v -5.776778 1.364989 12.482703
v -5.936547 1.283582 12.482703
v -6.086931 1.185922 12.482703
v -6.226283 1.073076 12.482703
v -6.353076 0.946283 12.482703
v -6.465922 0.806931 12.482703
v -6.563582 0.656547 12.482703
v -6.644989 0.496778 12.482703
v -6.709249 0.329375 12.482703
v -6.755659 0.156172 12.482703
v -6.783709 -0.020933 12.482703
v -6.793093 -0.2 12.482703
v -6.783709 -0.379067 12.482703
v -6.755659 -0.556172 12.482703
v -6.709249 -0.729375 12.482703
v -6.644989 -0.896778 12.482703
v -6.563582 -1.056547 12.482703
v -6.465922 -1.206931 12.482703
v -6.353076 -1.346283 12.482703
v -6.226283 -1.473077 12.482703
v -6.086931 -1.585922 12.482703
v -5.936547 -1.683582 12.482703
v -5.776778 -1.764989 12.482703
v -5.609375 -1.829249 12.482703
v -5.436172 -1.875658 12.482703
v -5.259067 -1.903709 12.482703
v -5.08 -1.913093 12.482703
v -4.900933 -1.903709 12.482703
v -4.723828 -1.875658 12.482703
v -4.550625 -1.829249 12.482703
v -4.383222 -1.764989 12.482703
v -4.223454 -1.683582 12.482703
v -4.073069 -1.585922 12.482703
v -3.933717 -1.473077 12.482703
v -3.806924 -1.346283 12.482703
v -3.694078 -1.206931 12.482703
v -3.596418 -1.056547 12.482703
v -3.515011 -0.896778 12.482703
v -3.450751 -0.729375 12.482703
v -3.404342 -0.556172 12.482703
v -3.376291 -0.379067 12.482703
v -3.366907 -0.2 12.482703
v -3.453536 -0.029052 12.441188
v -3.480315 0.140024 12.441188
v -3.52462 0.305374 12.441188
v -3.585967 0.465187 12.441188
v -3.663682 0.617712 12.441188
v -3.756915 0.761278 12.441188
v -3.864644 0.894312 12.441188
v -3.985688 1.015356 12.441188
v -4.118722 1.123085 12.441188
v -4.262289 1.216318 12.441188
v -4.414814 1.294034 12.441188
v -4.574626 1.35538 12.441188
v -4.739976 1.399685 12.441188
v -4.909051 1.426464 12.441188
v -5.08 1.435423 12.441188
v -5.250948 1.426464 12.441188
v -5.420023 1.399685 12.441188
v -5.585373 1.35538 12.441188
v -5.745186 1.294034 12.441188
v -5.897711 1.216318 12.441188
v -6.041278 1.123085 12.441188
v -6.174312 1.015356 12.441188
v -6.295356 0.894312 12.441188
v -6.403085 0.761278 12.441188
v -6.496318 0.617712 12.441188
v -6.574033 0.465187 12.441188
v -6.63538 0.305374 12.441188
v -6.679685 0.140024 12.441188
v -6.706464 -0.029052 12.441188
v -6.715424 -0.2 12.441188
v -6.706464 -0.370948 12.441188
v -6.679685 -0.540024 12.441188
v -6.63538 -0.705374 12.441188
v -6.574033 -0.865187 12.441188
v -6.496318 -1.017712 12.441188
v -6.403085 -1.161278 12.441188
v -6.295356 -1.294312 12.441188
v -6.174312 -1.415356 12.441188
v -6.041278 -1.523085 12.441188
v -5.897711 -1.616318 12.441188
v -5.745186 -1.694034 12.441188
v -5.585373 -1.75538 12.441188
v -5.420023 -1.799685 12.441188
v -5.250948 -1.826464 12.441188
v -5.08 -1.835423 12.441188
v -4.909051 -1.826464 12.441188
v -4.739976 -1.799685 12.441188
v -4.574626 -1.75538 12.441188
v -4.414814 -1.694034 12.441188
v -4.262289 -1.616318 12.441188
v -4.118722 -1.523085 12.441188
v -3.985688 -1.415356 12.441188
v -3.864644 -1.294312 12.441188
v -3.756915 -1.161278 12.441188
v -3.663682 -1.017712 12.441188
v -3.585967 -0.865187 12.441188
v -3.52462 -0.705374 12.441188
v -3.480315 -0.540024 12.441188
v -3.453536 -0.370948 12.441188
v -3.444577 -0.2 12.441188
v -3.537351 -0.037861 12.415623
v -3.56275 0.122501 12.415623
v -3.604772 0.279331 12.415623
v -3.662957 0.430908 12.415623
v -3.736668 0.575573 12.415623
v -3.825096 0.711741 12.415623
v -3.927274 0.837919 12.415623
v -4.04208 0.952726 12.415623
v -4.168259 1.054904 12.415623
v -4.304427 1.143332 12.415623
v -4.449092 1.217043 12.415623
v -4.600669 1.275228 12.415623
v -4.757498 1.31725 12.415623
v -4.917861 1.342649 12.415623
v -5.08 1.351146 12.415623
v -5.242139 1.342649 12.415623
v -5.402502 1.31725 12.415623
v -5.55933 1.275228 12.415623
v -5.710908 1.217043 12.415623
v -5.855573 1.143332 12.415623
v -5.991741 1.054904 12.415623
v -6.117919 0.952726 12.415623
v -6.232727 0.837919 12.415623
v -6.334904 0.711741 12.415623
v -6.423332 0.575573 12.415623
v -6.497043 0.430908 12.415623
v -6.555228 0.279331 12.415623
v -6.59725 0.122501 12.415623
v -6.622649 -0.037861 12.415623
v -6.631146 -0.2 12.415623
v -6.622649 -0.362139 12.415623
v -6.59725 -0.522501 12.415623
v -6.555228 -0.679331 12.415623
v -6.497043 -0.830908 12.415623
v -6.423332 -0.975573 12.415623
v -6.334904 -1.111741 12.415623
v -6.232727 -1.237919 12.415623
v -6.117919 -1.352726 12.415623
v -5.991741 -1.454904 12.415623
v -5.855573 -1.543332 12.415623
v -5.710908 -1.617043 12.415623
v -5.55933 -1.675228 12.415623
v -5.402502 -1.71725 12.415623
v -5.242139 -1.742649 12.415623
v -5.08 -1.751146 12.415623
v -4.917861 -1.742649 12.415623
v -4.757498 -1.71725 12.415623
v -4.600669 -1.675228 12.415623
v -4.449092 -1.617043 12.415623
v -4.304427 -1.543332 12.415623
v -4.168259 -1.454904 12.415623
v -4.04208 -1.352726 12.415623
v -3.927274 -1.237919 12.415623
v -3.825096 -1.111741 12.415623
v -3.736668 -0.975573 12.415623
v -3.662957 -0.830908 12.415623
v -3.604772 -0.679331 12.415623
v -3.56275 -0.522501 12.415623
v -3.537351 -0.362139 12.415623
v -3.528854 -0.2 12.415623
v -6.68546 -1.239775 13.055344
v -6.593939 -1.369026 13.055344
v -6.407594 -1.576999 13.055344
v -6.192954 -1.755624 13.055344
v -5.978645 -1.888511 13.350813
v -6.119775 -1.80546 13.350813
v -6.119775 -1.80546 13.055344
v -3.47454 0.839775 13.350813
v -3.47454 0.839775 13.055344
v -3.484766 0.855397 13.055344
v -3.655433 1.076418 13.055344
v -3.856462 1.270234 13.055344
v -4.040226 1.40546 13.055344
v -3.167655 -0.239609 13.350813
v -3.181617 -0.434045 13.350813
v -3.189362 -0.478195 13.350813
v -3.215298 -0.626051 13.350813
v -3.250481 -0.750459 13.350813
v -3.268346 -0.813631 13.350813
v -3.340211 -0.994838 13.350813
v -3.348866 -1.011483 13.350813
v -3.430146 -1.16779 13.350813
v -3.486835 -1.254037 13.350813
v -3.537218 -1.330689 13.350813
v -3.65571 -1.476192 13.350813
v -3.660314 -1.481844 13.350813
v -3.798156 -1.619686 13.350813
v -3.857963 -1.668391 13.350813
v -3.949311 -1.742782 13.350813
v -4.084343 -1.831537 13.350813
v -4.11221 -1.849854 13.350813
v -4.285162 -1.939789 13.350813
v -4.332621 -1.958611 13.350813
v -4.466369 -2.011654 13.350813
v -4.596774 -2.048533 13.350813
v -4.653949 -2.064702 13.350813
v -4.845955 -2.098382 13.350813
v -4.870879 -2.100173 13.350813
v -5.040391 -2.112345 13.350813
v -5.618091 -2.035508 13.350813
v -5.696789 -2.008011 13.350813
v -5.149784 -2.109033 13.350813
v -5.23524 -2.106445 13.350813
v -5.42742 -2.080884 13.350813
v -5.428475 -2.080744 13.350813
v -5.802118 -1.971208 13.350813
v -5.954088 -1.900016 13.350813
v -3.391489 0.698645 13.350813
v -3.350349 0.610828 13.350813
v -3.308792 0.522118 13.350813
v -3.24895 0.350851 13.350813
v -3.244492 0.338091 13.350813
v -3.199256 0.148475 13.350813
v -3.189908 0.078196 13.350813
v -3.173555 -0.044761 13.350813
v -3.168853 -0.200049 13.350813
v -5.798459 -1.962231 13.449242
v -5.234452 -2.096783 13.449242
v -5.040592 -2.102653 13.449242
v -4.847141 -2.088761 13.449242
v -4.469479 -2.002472 13.449242
v -4.28919 -1.930971 13.449242
v -3.955041 -1.734963 13.449242
v -3.545038 -1.324958 13.449242
v -3.438508 -1.162885 13.449242
v -3.349029 -0.99081 13.449242
v -3.224749 -0.623892 13.449242
v -3.191239 -0.432859 13.449242
v -3.183217 -0.045547 13.449242
v -3.317769 0.518458 13.449242
v -3.687772 0.626542 13.809162
v -3.700936 0.613378 13.816397
v -3.66643 0.552318 13.816937
v -6.116691 -1.802376 13.416275
v -5.974091 -1.879953 13.449242
v -6.112018 -1.797703 13.449039
v -5.960602 -1.854609 13.543888
v -6.099996 -1.785681 13.514655
v -6.107576 -1.793262 13.480175
v -5.938697 -1.813451 13.631115
v -6.081667 -1.767352 13.575246
v -6.091277 -1.776962 13.543477
v -5.909219 -1.758062 13.70757
v -6.043023 -1.728708 13.660208
v -6.057978 -1.743663 13.631625
v -5.873299 -1.69057 13.770314
v -5.957091 -1.642776 13.770221
v -5.975551 -1.661236 13.752254
v -6.011358 -1.697044 13.709429
v -6.012624 -1.69831 13.70746
v -5.868745 -1.554431 13.829591
v -5.893238 -1.578923 13.815969
v -5.832318 -1.61357 13.816937
v -5.913067 -1.598752 13.804941
v -5.954878 -1.640563 13.772375
v -5.787852 -1.530019 13.845649
v -5.741608 -1.44313 13.855343
v -5.751908 -1.437593 13.855343
v -5.795852 -1.481538 13.851799
v -5.824114 -1.509799 13.844625
v -5.843534 -1.529219 13.839694
v -3.842407 0.471908 13.855343
v -3.83687 0.461608 13.855343
v -3.81544 0.498875 13.854013
v -3.749981 0.507852 13.845649
v -3.72159 0.592725 13.827747
v -3.767684 0.54663 13.845003
v -3.770052 0.544263 13.84545
v -3.645839 0.668475 13.778028
v -3.589429 0.593299 13.770314
v -3.637488 0.676826 13.769737
v -3.607458 0.706856 13.739923
v -3.521938 0.629219 13.70757
v -3.582364 0.731951 13.708619
v -3.550956 0.763359 13.659611
v -3.466549 0.658697 13.631115
v -3.53672 0.777595 13.630532
v -3.524569 0.789746 13.605716
v -3.425391 0.680602 13.543888
v -3.510175 0.80414 13.568233
v -3.400047 0.694091 13.449242
v -3.492571 0.821743 13.507444
v -3.503015 0.8113 13.543507
v -3.476727 0.837587 13.405978
v -3.480873 0.833441 13.444408
v -3.481756 0.832558 13.449169
v -3.775986 0.331644 13.855343
v -3.684841 0.368804 13.845649
v -3.597199 0.404535 13.816937
v -3.516427 0.437466 13.770314
v -3.44563 0.46633 13.70757
v -3.387528 0.490018 13.631115
v -3.344355 0.507619 13.543888
v -3.695343 0.056557 13.855343
v -3.676421 -0.085708 13.855343
v -3.598561 0.074489 13.845649
v -3.578316 -0.07772 13.845649
v -3.505498 0.091733 13.816937
v -3.483982 -0.070038 13.816937
v -3.419732 0.107624 13.770314
v -3.397043 -0.062959 13.770314
v -3.344556 0.121553 13.70757
v -3.320841 -0.056754 13.70757
v -3.282861 0.132984 13.631115
v -3.258303 -0.051662 13.631115
v -3.237018 0.141478 13.543888
v -3.211833 -0.047878 13.543888
v -3.208788 0.146709 13.449242
v -4.13627 -1.245213 13.855343
v -4.247555 -1.33584 13.855343
v -4.070307 -1.318269 13.845649
v -4.18937 -1.41523 13.845649
v -4.006879 -1.388518 13.816937
v -4.133422 -1.49157 13.816937
v -3.948424 -1.453259 13.770314
v -4.081859 -1.561925 13.770314
v -3.897187 -1.510005 13.70757
v -4.036664 -1.623591 13.70757
v -3.855138 -1.556576 13.631115
v -3.999574 -1.6742 13.631115
v -3.823893 -1.591181 13.543888
v -3.972013 -1.711805 13.543888
v -3.804652 -1.612491 13.449242
v -5.476158 -1.551353 13.855343
v -5.611644 -1.504014 13.855343
v -5.503848 -1.645807 13.845649
v -5.648804 -1.595159 13.845649
v -5.530473 -1.736632 13.816937
v -5.684536 -1.682801 13.816937
v -5.555012 -1.820336 13.770314
v -5.717466 -1.763573 13.770314
v -5.57652 -1.893703 13.70757
v -5.74633 -1.83437 13.70757
v -5.594171 -1.953914 13.631115
v -5.770018 -1.892472 13.631115
v -5.607287 -1.998654 13.543888
v -5.78762 -1.935645 13.543888
v -5.615364 -2.026206 13.449242
v -3.253794 0.335364 13.449242
v -3.281346 0.327287 13.543888
v -3.326086 0.314171 13.631115
v -3.386297 0.29652 13.70757
v -3.459665 0.275012 13.770314
v -3.543369 0.250473 13.816937
v -3.634192 0.223848 13.845649
v -3.728647 0.196158 13.855343
v -3.177347 -0.239408 13.449242
v -3.206052 -0.238813 13.543888
v -3.252665 -0.237848 13.631115
v -3.315397 -0.236549 13.70757
v -3.391835 -0.234965 13.770314
v -3.479043 -0.233159 13.816937
v -3.573669 -0.231199 13.845649
v -3.672077 -0.229161 13.855343
v -3.682357 -0.372311 13.855343
v -3.584667 -0.384355 13.845649
v -3.490732 -0.395935 13.816937
v -3.404161 -0.406609 13.770314
v -3.32828 -0.415964 13.70757
v -3.266007 -0.423641 13.631115
v -3.219734 -0.429346 13.543888
v -3.252738 -0.617496 13.543888
v -3.29819 -0.607111 13.631115
v -3.359359 -0.593135 13.70757
v -3.433893 -0.576106 13.770314
v -3.518928 -0.556677 13.816937
v -3.611197 -0.535595 13.845649
v -3.707153 -0.513671 13.855343
v -3.277528 -0.810521 13.449242
v -3.304721 -0.801311 13.543888
v -3.348881 -0.786353 13.631115
v -3.408309 -0.766224 13.70757
v -3.480722 -0.741697 13.770314
v -3.563339 -0.713713 13.816937
v -3.652982 -0.68335 13.845649
v -3.746209 -0.651773 13.855343
v -3.799118 -0.785183 13.855343
v -3.709589 -0.826084 13.845649
v -3.623502 -0.865414 13.816937
v -3.544163 -0.901661 13.770314
v -3.474622 -0.933432 13.70757
v -3.417551 -0.959505 13.631115
v -3.375143 -0.978879 13.543888
v -3.463273 -1.148358 13.543888
v -3.503488 -1.124768 13.631115
v -3.557609 -1.093021 13.70757
v -3.623555 -1.054338 13.770314
v -3.698793 -1.010204 13.816937
v -3.780431 -0.962316 13.845649
v -3.865331 -0.912514 13.855343
v -3.568195 -1.307987 13.543888
v -3.6058 -1.280426 13.631115
v -3.656409 -1.243335 13.70757
v -3.718075 -1.198141 13.770314
v -3.78843 -1.146578 13.816937
v -3.86477 -1.09063 13.845649
v -3.94416 -1.032445 13.855343
v -3.667509 -1.475348 13.449242
v -3.688819 -1.456107 13.543888
v -3.723424 -1.424862 13.631115
v -3.769995 -1.382813 13.70757
v -3.826741 -1.331576 13.770314
v -3.891482 -1.273121 13.816937
v -3.961731 -1.209693 13.845649
v -4.034787 -1.14373 13.855343
v -4.117115 -1.841492 13.449242
v -4.131642 -1.816727 13.543888
v -4.155232 -1.776512 13.631115
v -4.186978 -1.722391 13.70757
v -4.225662 -1.656445 13.770314
v -4.269796 -1.581207 13.816937
v -4.317684 -1.499569 13.845649
v -4.367486 -1.414669 13.855343
v -4.494817 -1.480882 13.855343
v -4.453916 -1.57041 13.845649
v -4.414586 -1.656498 13.816937
v -4.378339 -1.735837 13.770314
v -4.346569 -1.805378 13.70757
v -4.320495 -1.862449 13.631115
v -4.301121 -1.904857 13.543888
v -4.478689 -1.975279 13.543888
v -4.493647 -1.93112 13.631115
v -4.513776 -1.871691 13.70757
v -4.538303 -1.799278 13.770314
v -4.566287 -1.716661 13.816937
v -4.59665 -1.627017 13.845649
v -4.628227 -1.533791 13.855343
v -4.656108 -2.055251 13.449242
v -4.662504 -2.027262 13.543888
v -4.672889 -1.981809 13.631115
v -4.686864 -1.920641 13.70757
v -4.703894 -1.846107 13.770314
v -4.723323 -1.761072 13.816937
v -4.744405 -1.668803 13.845649
v -4.766329 -1.572847 13.855343
v -4.907689 -1.597643 13.855343
v -4.895646 -1.695333 13.845649
v -4.884065 -1.789268 13.816937
v -4.873391 -1.875839 13.770314
v -4.864037 -1.951719 13.70757
v -4.856359 -2.013993 13.631115
v -4.850654 -2.060266 13.543888
v -5.041187 -2.073949 13.543888
v -5.042152 -2.027335 13.631115
v -5.043452 -1.964603 13.70757
v -5.045034 -1.888165 13.770314
v -5.046841 -1.800957 13.816937
v -5.048801 -1.706331 13.845649
v -5.050839 -1.607923 13.855343
v -5.232122 -2.068167 13.543888
v -5.228338 -2.021697 13.631115
v -5.223246 -1.959159 13.70757
v -5.217041 -1.882957 13.770314
v -5.209962 -1.796018 13.816937
v -5.202281 -1.701684 13.845649
v -5.194292 -1.603579 13.855343
v -5.426709 -2.071212 13.449242
v -5.421478 -2.042982 13.543888
v -5.412984 -1.997138 13.631115
v -5.401553 -1.935444 13.70757
v -5.387624 -1.860268 13.770314
v -5.371733 -1.774502 13.816937
v -5.35449 -1.681439 13.845649
v -5.336557 -1.584657 13.855343
usemtl 1
f 1// 2// 3//
f 4// 5// 6//
f 7// 8// 9//
f 10// 11// 12//
f 13// 14// 15//
f 16// 17// 18//
f 19// 20// 21//
f 22// 23// 24//
f 25// 26// 27//
f 28// 29// 30//
f 31// 32// 33//
f 34// 35// 36//
f 37// 38// 39//
f 40// 41// 42//
f 43// 44// 45//
f 46// 47// 48//
f 49// 50// 51//
f 51// 50// 52//
f 47// 53// 48//
f 48// 53// 54//
f 48// 54// 52//
f 52// 54// 55//
f 52// 55// 51//
f 46// 48// 56//
f 56// 48// 57//
f 56// 57// 58//
f 58// 57// 59//
f 59// 57// 60//
f 59// 60// 61//
f 61// 60// 62//
f 62// 60// 63//
f 62// 63// 64//
f 64// 63// 65//
f 65// 63// 66//
f 65// 66// 67//
f 68// 69// 66//
f 66// 69// 70//
f 66// 70// 67//
f 71// 72// 68//
f 68// 72// 73//
f 68// 73// 74//
f 74// 75// 68//
f 68// 75// 76//
f 68// 76// 69//
f 77// 78// 79//
f 80// 81// 79//
f 79// 81// 82//
f 79// 82// 77//
f 83// 84// 81//
f 81// 84// 85//
f 81// 85// 82//
f 86// 87// 83//
f 83// 87// 88//
f 83// 88// 84//
f 89// 90// 86//
f 86// 90// 91//
f 86// 91// 87//
f 92// 93// 89//
f 89// 93// 94//
f 94// 95// 89//
f 89// 95// 96//
f 89// 96// 90//
f 97// 98// 99//
f 99// 98// 100//
f 99// 100// 92//
f 92// 100// 101//
f 92// 101// 93//
f 102// 103// 104//
f 104// 105// 102//
f 102// 105// 106//
f 102// 106// 99//
f 99// 106// 107//
f 99// 107// 97//
f 108// 109// 110//
f 110// 109// 111//
f 110// 111// 112//
f 112// 111// 113//
f 112// 113// 114//
f 114// 113// 115//
f 114// 115// 116//
f 116// 115// 117//
f 116// 117// 118//
f 118// 117// 119//
f 118// 119// 120//
f 120// 119// 121//
f 120// 121// 122//
f 122// 121// 30//
f 123// 124// 125//
f 125// 124// 126//
f 125// 126// 127//
f 127// 126// 128//
f 127// 128// 129//
f 129// 128// 130//
f 129// 130// 131//
f 131// 130// 132//
f 131// 132// 133//
f 133// 132// 134//
f 133// 134// 135//
f 135// 134// 136//
f 135// 136// 137//
f 137// 136// 12//
f 50// 138// 52//
f 52// 138// 139//
f 52// 139// 48//
f 48// 139// 140//
f 48// 140// 57//
f 57// 140// 141//
f 57// 141// 60//
f 60// 141// 142//
f 60// 142// 63//
f 63// 142// 143//
f 63// 143// 66//
f 66// 143// 144//
f 66// 144// 68//
f 68// 144// 45//
f 68// 45// 71//
f 71// 45// 44//
f 41// 43// 42//
f 42// 43// 45//
f 42// 45// 145//
f 145// 45// 144//
f 145// 144// 146//
f 146// 144// 143//
f 146// 143// 147//
f 147// 143// 142//
f 147// 142// 148//
f 148// 142// 141//
f 148// 141// 149//
f 149// 141// 140//
f 149// 140// 150//
f 150// 140// 139//
f 150// 139// 151//
f 151// 139// 138//
f 152// 40// 153//
f 153// 40// 42//
f 153// 42// 154//
f 154// 42// 145//
f 154// 145// 155//
f 155// 145// 146//
f 155// 146// 156//
f 156// 146// 147//
f 156// 147// 157//
f 157// 147// 148//
f 157// 148// 158//
f 158// 148// 149//
f 158// 149// 159//
f 159// 149// 150//
f 159// 150// 160//
f 160// 150// 151//
f 160// 161// 159//
f 159// 161// 162//
f 159// 162// 158//
f 158// 162// 163//
f 158// 163// 157//
f 157// 163// 164//
f 157// 164// 156//
f 156// 164// 165//
f 156// 165// 155//
f 155// 165// 166//
f 155// 166// 154//
f 154// 166// 167//
f 154// 167// 153//
f 153// 167// 39//
f 153// 39// 152//
f 152// 39// 38//
f 35// 37// 36//
f 36// 37// 39//
f 36// 39// 168//
f 168// 39// 167//
f 168// 167// 169//
f 169// 167// 166//
f 169// 166// 170//
f 170// 166// 165//
f 170// 165// 171//
f 171// 165// 164//
f 171// 164// 172//
f 172// 164// 163//
f 172// 163// 173//
f 173// 163// 162//
f 173// 162// 174//
f 174// 162// 161//
f 32// 34// 33//
f 33// 34// 36//
f 33// 36// 175//
f 175// 36// 168//
f 175// 168// 176//
f 176// 168// 169//
f 176// 169// 177//
f 177// 169// 170//
f 177// 170// 178//
f 178// 170// 171//
f 178// 171// 179//
f 179// 171// 172//
f 179// 172// 180//
f 180// 172// 173//
f 180// 173// 181//
f 181// 173// 174//
f 182// 31// 183//
f 183// 31// 33//
f 183// 33// 184//
f 184// 33// 175//
f 184// 175// 185//
f 185// 175// 176//
f 185// 176// 186//
f 186// 176// 177//
f 186// 177// 187//
f 187// 177// 178//
f 187// 178// 188//
f 188// 178// 179//
f 188// 179// 189//
f 189// 179// 180//
f 189// 180// 190//
f 190// 180// 181//
f 190// 108// 189//
f 189// 108// 110//
f 189// 110// 188//
f 188// 110// 112//
f 188// 112// 187//
f 187// 112// 114//
f 187// 114// 186//
f 186// 114// 116//
f 186// 116// 185//
f 185// 116// 118//
f 185// 118// 184//
f 184// 118// 120//
f 184// 120// 183//
f 183// 120// 122//
f 183// 122// 182//
f 182// 122// 191//
f 30// 29// 122//
f 122// 29// 192//
f 122// 192// 191//
f 193// 28// 194//
f 194// 28// 30//
f 194// 30// 195//
f 195// 30// 121//
f 195// 121// 196//
f 196// 121// 119//
f 196// 119// 197//
f 197// 119// 117//
f 197// 117// 198//
f 198// 117// 115//
f 198// 115// 199//
f 199// 115// 113//
f 199// 113// 200//
f 200// 113// 111//
f 200// 111// 201//
f 201// 111// 109//
f 201// 202// 200//
f 200// 202// 203//
f 200// 203// 199//
f 199// 203// 204//
f 199// 204// 198//
f 198// 204// 205//
f 198// 205// 197//
f 197// 205// 206//
f 197// 206// 196//
f 196// 206// 207//
f 196// 207// 195//
f 195// 207// 208//
f 195// 208// 194//
f 194// 208// 27//
f 194// 27// 193//
f 193// 27// 26//
f 23// 25// 24//
f 24// 25// 27//
f 24// 27// 209//
f 209// 27// 208//
f 209// 208// 210//
f 210// 208// 207//
f 210// 207// 211//
f 211// 207// 206//
f 211// 206// 212//
f 212// 206// 205//
f 212// 205// 213//
f 213// 205// 204//
f 213// 204// 214//
f 214// 204// 203//
f 214// 203// 215//
f 215// 203// 202//
f 216// 22// 217//
f 217// 22// 24//
f 217// 24// 218//
f 218// 24// 209//
f 218// 209// 219//
f 219// 209// 210//
f 219// 210// 220//
f 220// 210// 211//
f 220// 211// 221//
f 221// 211// 212//
f 221// 212// 222//
f 222// 212// 213//
f 222// 213// 223//
f 223// 213// 214//
f 223// 214// 224//
f 224// 214// 215//
f 224// 225// 223//
f 223// 225// 226//
f 223// 226// 222//
f 222// 226// 227//
f 222// 227// 221//
f 221// 227// 228//
f 221// 228// 220//
f 220// 228// 229//
f 220// 229// 219//
f 219// 229// 230//
f 219// 230// 218//
f 218// 230// 231//
f 218// 231// 217//
f 217// 231// 21//
f 217// 21// 216//
f 216// 21// 20//
f 17// 19// 18//
f 18// 19// 21//
f 18// 21// 232//
f 232// 21// 231//
f 232// 231// 233//
f 233// 231// 230//
f 233// 230// 234//
f 234// 230// 229//
f 234// 229// 235//
f 235// 229// 228//
f 235// 228// 236//
f 236// 228// 227//
f 236// 227// 237//
f 237// 227// 226//
f 237// 226// 238//
f 238// 226// 225//
f 14// 16// 15//
f 15// 16// 18//
f 15// 18// 239//
f 239// 18// 232//
f 239// 232// 240//
f 240// 232// 233//
f 240// 233// 241//
f 241// 233// 234//
f 241// 234// 242//
f 242// 234// 235//
f 242// 235// 243//
f 243// 235// 236//
f 243// 236// 244//
f 244// 236// 237//
f 244// 237// 245//
f 245// 237// 238//
f 246// 13// 247//
f 247// 13// 15//
f 247// 15// 248//
f 248// 15// 239//
f 248// 239// 249//
f 249// 239// 240//
f 249// 240// 250//
f 250// 240// 241//
f 250// 241// 251//
f 251// 241// 242//
f 251// 242// 252//
f 252// 242// 243//
f 252// 243// 253//
f 253// 243// 244//
f 253// 244// 254//
f 254// 244// 245//
f 254// 123// 253//
f 253// 123// 125//
f 253// 125// 252//
f 252// 125// 127//
f 252// 127// 251//
f 251// 127// 129//
f 251// 129// 250//
f 250// 129// 131//
f 250// 131// 249//
f 249// 131// 133//
f 249// 133// 248//
f 248// 133// 135//
f 248// 135// 247//
f 247// 135// 137//
f 247// 137// 246//
f 246// 137// 255//
f 12// 11// 137//
f 137// 11// 256//
f 137// 256// 255//
f 257// 10// 258//
f 258// 10// 12//
f 258// 12// 259//
f 259// 12// 136//
f 259// 136// 260//
f 260// 136// 134//
f 260// 134// 261//
f 261// 134// 132//
f 261// 132// 262//
f 262// 132// 130//
f 262// 130// 263//
f 263// 130// 128//
f 263// 128// 264//
f 264// 128// 126//
f 264// 126// 265//
f 265// 126// 124//
f 265// 266// 264//
f 264// 266// 267//
f 264// 267// 263//
f 263// 267// 268//
f 263// 268// 262//
f 262// 268// 269//
f 262// 269// 261//
f 261// 269// 270//
f 261// 270// 260//
f 260// 270// 271//
f 260// 271// 259//
f 259// 271// 272//
f 259// 272// 258//
f 258// 272// 9//
f 258// 9// 257//
f 257// 9// 8//
f 5// 7// 6//
f 6// 7// 9//
f 6// 9// 273//
f 273// 9// 272//
f 273// 272// 274//
f 274// 272// 271//
f 274// 271// 275//
f 275// 271// 270//
f 275// 270// 276//
f 276// 270// 269//
f 276// 269// 277//
f 277// 269// 268//
f 277// 268// 278//
f 278// 268// 267//
f 278// 267// 279//
f 279// 267// 266//
f 280// 4// 281//
f 281// 4// 6//
f 281// 6// 282//
f 282// 6// 273//
f 282// 273// 283//
f 283// 273// 274//
f 283// 274// 284//
f 284// 274// 275//
f 284// 275// 285//
f 285// 275// 276//
f 285// 276// 286//
f 286// 276// 277//
f 286// 277// 287//
f 287// 277// 278//
f 287// 278// 288//
f 288// 278// 279//
f 288// 289// 287//
f 287// 289// 290//
f 287// 290// 286//
f 286// 290// 291//
f 286// 291// 285//
f 285// 291// 292//
f 285// 292// 284//
f 284// 292// 293//
f 284// 293// 283//
f 283// 293// 294//
f 283// 294// 282//
f 282// 294// 295//
f 282// 295// 281//
f 281// 295// 3//
f 281// 3// 280//
f 280// 3// 2//
f 80// 1// 81//
f 81// 1// 3//
f 81// 3// 83//
f 83// 3// 295//
f 83// 295// 86//
f 86// 295// 294//
f 86// 294// 89//
f 89// 294// 293//
f 89// 293// 92//
f 92// 293// 292//
f 92// 292// 99//
f 99// 292// 291//
f 99// 291// 102//
f 102// 291// 290//
f 102// 290// 103//
f 103// 290// 289//
f 49// 104// 103//
f 201// 103// 289//
f 201// 109// 103//
f 103// 109// 108//
f 103// 108// 190//
f 161// 160// 103//
f 103// 160// 151//
f 238// 225// 279//
f 279// 225// 224//
f 279// 224// 215//
f 289// 288// 201//
f 201// 288// 279//
f 201// 279// 202//
f 202// 279// 215//
f 190// 181// 103//
f 103// 181// 174//
f 103// 174// 161//
f 151// 138// 103//
f 103// 138// 50//
f 103// 50// 49//
f 279// 266// 238//
f 238// 266// 265//
f 238// 265// 124//
f 124// 123// 238//
f 238// 123// 254//
f 238// 254// 245//
f 296// 297// 298//
f 296// 298// 299//
f 300// 301// 298//
f 298// 301// 302//
f 298// 302// 299//
f 303// 304// 298//
f 298// 304// 305//
f 298// 305// 300//
f 306// 307// 298//
f 298// 307// 308//
f 298// 308// 303//
f 309// 310// 298//
f 298// 310// 311//
f 298// 311// 306//
f 312// 313// 298//
f 298// 313// 314//
f 298// 314// 309//
f 315// 316// 298//
f 298// 316// 317//
f 298// 317// 312//
f 318// 319// 298//
f 298// 319// 320//
f 298// 320// 315//
f 321// 322// 298//
f 298// 322// 323//
f 298// 323// 318//
f 324// 325// 298//
f 298// 325// 326//
f 298// 326// 321//
f 327// 328// 298//
f 298// 328// 329//
f 298// 329// 324//
f 330// 331// 298//
f 298// 331// 332//
f 298// 332// 327//
f 333// 334// 298//
f 298// 334// 335//
f 298// 335// 330//
f 336// 337// 298//
f 298// 337// 338//
f 298// 338// 333//
f 297// 339// 298//
f 298// 339// 340//
f 298// 340// 336//
f 341// 342// 343//
f 343// 342// 344//
f 343// 344// 345//
f 345// 344// 346//
f 345// 346// 347//
f 347// 346// 348//
f 347// 348// 349//
f 341// 350// 342//
f 342// 350// 351//
f 342// 351// 352//
f 352// 351// 353//
f 352// 353// 354//
f 354// 353// 355//
f 354// 355// 356//
f 356// 355// 357//
f 357// 358// 356//
f 356// 358// 359//
f 356// 359// 360//
f 359// 361// 360//
f 360// 361// 362//
f 360// 362// 363//
f 363// 362// 364//
f 363// 364// 365//
f 365// 364// 366//
f 365// 366// 367//
f 367// 366// 368//
f 368// 369// 367//
f 367// 369// 370//
f 367// 370// 371//
f 371// 370// 372//
f 371// 372// 373//
f 373// 372// 374//
f 373// 374// 375//
f 375// 374// 376//
f 376// 377// 375//
f 375// 377// 378//
f 375// 378// 379//
f 379// 378// 380//
f 379// 380// 381//
f 380// 382// 381//
f 381// 382// 383//
f 381// 383// 384//
f 383// 385// 384//
f 384// 385// 386//
f 384// 386// 387//
f 386// 388// 387//
f 387// 388// 389//
f 387// 389// 390//
f 390// 389// 391//
f 390// 391// 392//
f 392// 391// 393//
f 392// 393// 394//
f 394// 393// 395//
f 395// 396// 394//
f 394// 396// 397//
f 394// 397// 398//
f 398// 397// 399//
f 398// 399// 400//
f 400// 399// 401//
f 400// 401// 402//
f 402// 401// 403//
f 403// 404// 402//
f 402// 404// 405//
f 402// 405// 406//
f 405// 407// 406//
f 406// 407// 408//
f 406// 408// 409//
f 409// 408// 410//
f 409// 410// 411//
f 411// 410// 412//
f 411// 412// 413//
f 413// 412// 414//
f 414// 415// 413//
f 413// 415// 416//
f 413// 416// 417//
f 417// 416// 418//
f 417// 418// 419//
f 419// 418// 420//
f 419// 420// 421//
f 421// 420// 422//
f 422// 423// 421//
f 421// 423// 424//
f 421// 424// 425//
f 425// 424// 426//
f 425// 426// 427//
f 426// 428// 427//
f 427// 428// 429//
f 427// 429// 430//
f 429// 431// 430//
f 430// 431// 432//
f 430// 432// 433//
f 432// 434// 433//
f 433// 434// 435//
f 433// 435// 436//
f 436// 435// 437//
f 436// 437// 438//
f 438// 437// 439//
f 438// 439// 440//
f 440// 439// 441//
f 441// 442// 440//
f 440// 442// 443//
f 440// 443// 444//
f 444// 443// 445//
f 444// 445// 446//
f 446// 445// 447//
f 446// 447// 448//
f 448// 447// 449//
f 449// 450// 448//
f 448// 450// 451//
f 448// 451// 452//
f 452// 451// 453//
f 452// 453// 454//
f 454// 453// 455//
f 454// 455// 456//
f 456// 455// 457//
f 456// 457// 348//
f 348// 457// 458//
f 348// 458// 349//
f 452// 459// 448//
f 448// 459// 460//
f 448// 460// 446//
f 446// 460// 461//
f 446// 461// 444//
f 444// 461// 462//
f 444// 462// 440//
f 440// 462// 463//
f 440// 463// 438//
f 438// 463// 464//
f 438// 464// 436//
f 436// 464// 465//
f 436// 465// 433//
f 433// 465// 466//
f 433// 466// 430//
f 430// 466// 467//
f 430// 467// 427//
f 427// 467// 468//
f 427// 468// 425//
f 425// 468// 469//
f 425// 469// 421//
f 421// 469// 470//
f 421// 470// 419//
f 419// 470// 471//
f 419// 471// 417//
f 417// 471// 472//
f 417// 472// 413//
f 413// 472// 473//
f 413// 473// 411//
f 411// 473// 474//
f 411// 474// 409//
f 409// 474// 475//
f 409// 475// 406//
f 406// 475// 476//
f 406// 476// 402//
f 402// 476// 477//
f 402// 477// 400//
f 400// 477// 478//
f 400// 478// 398//
f 398// 478// 479//
f 398// 479// 394//
f 394// 479// 480//
f 394// 480// 392//
f 392// 480// 481//
f 392// 481// 390//
f 390// 481// 482//
f 390// 482// 387//
f 387// 482// 483//
f 387// 483// 384//
f 384// 483// 484//
f 384// 484// 381//
f 381// 484// 485//
f 381// 485// 379//
f 379// 485// 486//
f 379// 486// 375//
f 375// 486// 487//
f 375// 487// 373//
f 373// 487// 488//
f 373// 488// 371//
f 371// 488// 489//
f 371// 489// 367//
f 367// 489// 490//
f 367// 490// 365//
f 365// 490// 491//
f 365// 491// 363//
f 363// 491// 492//
f 363// 492// 360//
f 360// 492// 493//
f 360// 493// 356//
f 356// 493// 494//
f 356// 494// 354//
f 354// 494// 495//
f 354// 495// 352//
f 352// 495// 496//
f 352// 496// 342//
f 342// 496// 497//
f 342// 497// 344//
f 344// 497// 498//
f 344// 498// 346//
f 346// 498// 499//
f 346// 499// 348//
f 348// 499// 500//
f 348// 500// 456//
f 456// 500// 501//
f 456// 501// 454//
f 454// 501// 502//
f 454// 502// 452//
f 452// 502// 459//
f 502// 503// 459//
f 459// 503// 504//
f 459// 504// 460//
f 460// 504// 505//
f 460// 505// 461//
f 461// 505// 506//
f 461// 506// 462//
f 462// 506// 507//
f 462// 507// 463//
f 463// 507// 508//
f 463// 508// 464//
f 464// 508// 509//
f 464// 509// 465//
f 465// 509// 510//
f 465// 510// 466//
f 466// 510// 511//
f 466// 511// 467//
f 467// 511// 512//
f 467// 512// 468//
f 468// 512// 513//
f 468// 513// 469//
f 469// 513// 514//
f 469// 514// 470//
f 470// 514// 515//
f 470// 515// 471//
f 471// 515// 516//
f 471// 516// 472//
f 472// 516// 517//
f 472// 517// 473//
f 473// 517// 518//
f 473// 518// 474//
f 474// 518// 519//
f 474// 519// 475//
f 475// 519// 520//
f 475// 520// 476//
f 476// 520// 521//
f 476// 521// 477//
f 477// 521// 522//
f 477// 522// 478//
f 478// 522// 523//
f 478// 523// 479//
f 479// 523// 524//
f 479// 524// 480//
f 480// 524// 525//
f 480// 525// 481//
f 481// 525// 526//
f 481// 526// 482//
f 482// 526// 527//
f 482// 527// 483//
f 483// 527// 528//
f 483// 528// 484//
f 484// 528// 529//
f 484// 529// 485//
f 485// 529// 530//
f 485// 530// 486//
f 486// 530// 531//
f 486// 531// 487//
f 487// 531// 532//
f 487// 532// 488//
f 488// 532// 533//
f 488// 533// 489//
f 489// 533// 534//
f 489// 534// 490//
f 490// 534// 535//
f 490// 535// 491//
f 491// 535// 536//
f 491// 536// 492//
f 492// 536// 537//
f 492// 537// 493//
f 493// 537// 538//
f 493// 538// 494//
f 494// 538// 539//
f 494// 539// 495//
f 495// 539// 540//
f 495// 540// 496//
f 496// 540// 541//
f 496// 541// 497//
f 497// 541// 542//
f 497// 542// 498//
f 498// 542// 543//
f 498// 543// 499//
f 499// 543// 544//
f 499// 544// 500//
f 500// 544// 545//
f 500// 545// 501//
f 501// 545// 546//
f 501// 546// 502//
f 502// 546// 503//
f 546// 547// 503//
f 503// 547// 548//
f 503// 548// 504//
f 504// 548// 549//
f 504// 549// 505//
f 505// 549// 550//
f 505// 550// 506//
f 506// 550// 551//
f 506// 551// 507//
f 507// 551// 552//
f 507// 552// 508//
f 508// 552// 553//
f 508// 553// 509//
f 509// 553// 554//
f 509// 554// 510//
f 510// 554// 555//
f 510// 555// 511//
f 511// 555// 556//
f 511// 556// 512//
f 512// 556// 557//
f 512// 557// 513//
f 513// 557// 558//
f 513// 558// 514//
f 514// 558// 559//
f 514// 559// 515//
f 515// 559// 560//
f 515// 560// 516//
f 516// 560// 561//
f 516// 561// 517//
f 517// 561// 562//
f 517// 562// 518//
f 518// 562// 563//
f 518// 563// 519//
f 519// 563// 564//
f 519// 564// 520//
f 520// 564// 565//
f 520// 565// 521//
f 521// 565// 566//
f 521// 566// 522//
f 522// 566// 567//
f 522// 567// 523//
f 523// 567// 568//
f 523// 568// 524//
f 524// 568// 569//
f 524// 569// 525//
f 525// 569// 570//
f 525// 570// 526//
f 526// 570// 571//
f 526// 571// 527//
f 527// 571// 572//
f 527// 572// 528//
f 528// 572// 573//
f 528// 573// 529//
f 529// 573// 574//
f 529// 574// 530//
f 530// 574// 575//
f 530// 575// 531//
f 531// 575// 576//
f 531// 576// 532//
f 532// 576// 577//
f 532// 577// 533//
f 533// 577// 578//
f 533// 578// 534//
f 534// 578// 579//
f 534// 579// 535//
f 535// 579// 580//
f 535// 580// 536//
f 536// 580// 581//
f 536// 581// 537//
f 537// 581// 582//
f 537// 582// 538//
f 538// 582// 583//
f 538// 583// 539//
f 539// 583// 584//
f 539// 584// 540//
f 540// 584// 585//
f 540// 585// 541//
f 541// 585// 586//
f 541// 586// 542//
f 542// 586// 587//
f 542// 587// 543//
f 543// 587// 588//
f 543// 588// 544//
f 544// 588// 589//
f 544// 589// 545//
f 545// 589// 590//
f 545// 590// 546//
f 546// 590// 547//
f 590// 591// 547//
f 547// 591// 592//
f 547// 592// 548//
f 548// 592// 593//
f 548// 593// 549//
f 549// 593// 594//
f 549// 594// 550//
f 550// 594// 595//
f 550// 595// 551//
f 551// 595// 596//
f 551// 596// 552//
f 552// 596// 597//
f 552// 597// 553//
f 553// 597// 598//
f 553// 598// 554//
f 554// 598// 599//
f 554// 599// 555//
f 555// 599// 600//
f 555// 600// 556//
f 556// 600// 601//
f 556// 601// 557//
f 557// 601// 602//
f 557// 602// 558//
f 558// 602// 603//
f 558// 603// 559//
f 559// 603// 604//
f 559// 604// 560//
f 560// 604// 605//
f 560// 605// 561//
f 561// 605// 606//
f 561// 606// 562//
f 562// 606// 607//
f 562// 607// 563//
f 563// 607// 608//
f 563// 608// 564//
f 564// 608// 609//
f 564// 609// 565//
f 565// 609// 610//
f 565// 610// 566//
f 566// 610// 611//
f 566// 611// 567//
f 567// 611// 612//
f 567// 612// 568//
f 568// 612// 613//
f 568// 613// 569//
f 569// 613// 614//
f 569// 614// 570//
f 570// 614// 615//
f 570// 615// 571//
f 571// 615// 616//
f 571// 616// 572//
f 572// 616// 617//
f 572// 617// 573//
f 573// 617// 618//
f 573// 618// 574//
f 574// 618// 619//
f 574// 619// 575//
f 575// 619// 620//
f 575// 620// 576//
f 576// 620// 621//
f 576// 621// 577//
f 577// 621// 622//
f 577// 622// 578//
f 578// 622// 623//
f 578// 623// 579//
f 579// 623// 624//
f 579// 624// 580//
f 580// 624// 625//
f 580// 625// 581//
f 581// 625// 626//
f 581// 626// 582//
f 582// 626// 627//
f 582// 627// 583//
f 583// 627// 628//
f 583// 628// 584//
f 584// 628// 629//
f 584// 629// 585//
f 585// 629// 630//
f 585// 630// 586//
f 586// 630// 631//
f 586// 631// 587//
f 587// 631// 632//
f 587// 632// 588//
f 588// 632// 633//
f 588// 633// 589//
f 589// 633// 634//
f 589// 634// 590//
f 590// 634// 591//
f 634// 299// 591//
f 591// 299// 302//
f 591// 302// 592//
f 592// 302// 301//
f 592// 301// 593//
f 593// 301// 300//
f 593// 300// 594//
f 594// 300// 305//
f 594// 305// 595//
f 595// 305// 304//
f 595// 304// 596//
f 596// 304// 303//
f 596// 303// 597//
f 597// 303// 308//
f 597// 308// 598//
f 598// 308// 307//
f 598// 307// 599//
f 599// 307// 306//
f 599// 306// 600//
f 600// 306// 311//
f 600// 311// 601//
f 601// 311// 310//
f 601// 310// 602//
f 602// 310// 309//
f 602// 309// 603//
f 603// 309// 314//
f 603// 314// 604//
f 604// 314// 313//
f 604// 313// 605//
f 605// 313// 312//
f 605// 312// 606//
f 606// 312// 317//
f 606// 317// 607//
f 607// 317// 316//
f 607// 316// 608//
f 608// 316// 315//
f 608// 315// 609//
f 609// 315// 320//
f 609// 320// 610//
f 610// 320// 319//
f 610// 319// 611//
f 611// 319// 318//
f 611// 318// 612//
f 612// 318// 323//
f 612// 323// 613//
f 613// 323// 322//
f 613// 322// 614//
f 614// 322// 321//
f 614// 321// 615//
f 615// 321// 326//
f 615// 326// 616//
f 616// 326// 325//
f 616// 325// 617//
f 617// 325// 324//
f 617// 324// 618//
f 618// 324// 329//
f 618// 329// 619//
f 619// 329// 328//
f 619// 328// 620//
f 620// 328// 327//
f 620// 327// 621//
f 621// 327// 332//
f 621// 332// 622//
f 622// 332// 331//
f 622// 331// 623//
f 623// 331// 330//
f 623// 330// 624//
f 624// 330// 335//
f 624// 335// 625//
f 625// 335// 334//
f 625// 334// 626//
f 626// 334// 333//
f 626// 333// 627//
f 627// 333// 338//
f 627// 338// 628//
f 628// 338// 337//
f 628// 337// 629//
f 629// 337// 336//
f 629// 336// 630//
f 630// 336// 340//
f 630// 340// 631//
f 631// 340// 339//
f 631// 339// 632//
f 632// 339// 297//
f 632// 297// 633//
f 633// 297// 296//
f 633// 296// 634//
f 634// 296// 299//
f 635// 351// 636//
f 636// 351// 350//
f 636// 350// 637//
f 637// 350// 341//
f 637// 341// 638//
f 638// 341// 343//
f 638// 343// 639//
f 639// 343// 345//
f 639// 345// 640//
f 641// 362// 642//
f 642// 362// 361//
f 642// 361// 643//
f 643// 361// 359//
f 643// 359// 644//
f 644// 359// 358//
f 644// 358// 645//
f 645// 358// 357//
f 645// 357// 646//
f 646// 357// 355//
f 646// 355// 635//
f 635// 355// 353//
f 635// 353// 351//
f 647// 378// 648//
f 648// 378// 377//
f 648// 377// 649//
f 649// 377// 376//
f 649// 376// 650//
f 650// 376// 374//
f 650// 374// 651//
f 651// 374// 372//
f 651// 372// 652//
f 652// 372// 370//
f 652// 370// 653//
f 653// 370// 369//
f 653// 369// 654//
f 654// 369// 368//
f 654// 368// 655//
f 655// 368// 366//
f 655// 366// 641//
f 641// 366// 364//
f 641// 364// 362//
f 656// 389// 657//
f 657// 389// 388//
f 657// 388// 658//
f 658// 388// 386//
f 658// 386// 659//
f 659// 386// 385//
f 659// 385// 660//
f 660// 385// 383//
f 660// 383// 661//
f 661// 383// 382//
f 661// 382// 647//
f 647// 382// 380//
f 647// 380// 378//
f 662// 397// 663//
f 663// 397// 396//
f 663// 396// 664//
f 664// 396// 395//
f 664// 395// 665//
f 665// 395// 393//
f 665// 393// 656//
f 656// 393// 391//
f 656// 391// 389//
f 412// 410// 666//
f 666// 410// 408//
f 666// 408// 667//
f 667// 408// 407//
f 667// 407// 668//
f 668// 407// 405//
f 668// 405// 669//
f 669// 405// 404//
f 669// 404// 670//
f 670// 404// 403//
f 670// 403// 671//
f 671// 403// 401//
f 671// 401// 662//
f 662// 401// 399//
f 662// 399// 397//
f 666// 672// 412//
f 412// 672// 673//
f 412// 673// 414//
f 414// 673// 674//
f 414// 674// 415//
f 415// 674// 675//
f 676// 424// 677//
f 677// 424// 423//
f 677// 423// 678//
f 678// 423// 422//
f 678// 422// 679//
f 679// 422// 420//
f 679// 420// 680//
f 680// 420// 418//
f 680// 418// 675//
f 675// 418// 416//
f 675// 416// 415//
f 681// 435// 682//
f 682// 435// 434//
f 682// 434// 683//
f 683// 434// 432//
f 683// 432// 684//
f 684// 432// 431//
f 684// 431// 685//
f 685// 431// 429//
f 685// 429// 686//
f 686// 429// 428//
f 686// 428// 676//
f 676// 428// 426//
f 676// 426// 424//
f 687// 447// 688//
f 688// 447// 445//
f 688// 445// 689//
f 689// 445// 443//
f 689// 443// 690//
f 690// 443// 442//
f 690// 442// 691//
f 691// 442// 441//
f 691// 441// 692//
f 692// 441// 439//
f 692// 439// 681//
f 681// 439// 437//
f 681// 437// 435//
f 345// 347// 640//
f 640// 347// 349//
f 640// 349// 693//
f 693// 349// 458//
f 693// 458// 694//
f 694// 458// 457//
f 694// 457// 695//
f 695// 457// 455//
f 695// 455// 696//
f 696// 455// 453//
f 696// 453// 697//
f 697// 453// 451//
f 697// 451// 698//
f 698// 451// 450//
f 698// 450// 687//
f 687// 450// 449//
f 687// 449// 447//
f 695// 699// 700//
f 701// 693// 700//
f 700// 693// 694//
f 700// 694// 695//
f 702// 639// 701//
f 701// 639// 640//
f 701// 640// 693//
f 703// 637// 702//
f 702// 637// 638//
f 702// 638// 639//
f 704// 635// 703//
f 703// 635// 636//
f 703// 636// 637//
f 705// 645// 704//
f 704// 645// 646//
f 704// 646// 635//
f 706// 643// 705//
f 705// 643// 644//
f 705// 644// 645//
f 707// 641// 706//
f 706// 641// 642//
f 706// 642// 643//
f 708// 654// 707//
f 707// 654// 655//
f 707// 655// 641//
f 709// 651// 710//
f 710// 651// 652//
f 710// 652// 708//
f 708// 652// 653//
f 708// 653// 654//
f 711// 649// 709//
f 709// 649// 650//
f 709// 650// 651//
f 712// 647// 711//
f 711// 647// 648//
f 711// 648// 649//
f 713// 660// 712//
f 712// 660// 661//
f 712// 661// 647//
f 714// 658// 713//
f 713// 658// 659//
f 713// 659// 660//
f 715// 656// 714//
f 714// 656// 657//
f 714// 657// 658//
f 716// 664// 715//
f 715// 664// 665//
f 715// 665// 656//
f 717// 662// 716//
f 716// 662// 663//
f 716// 663// 664//
f 718// 670// 717//
f 717// 670// 671//
f 717// 671// 662//
f 719// 668// 718//
f 718// 668// 669//
f 718// 669// 670//
f 720// 672// 721//
f 721// 672// 666//
f 721// 666// 719//
f 719// 666// 667//
f 719// 667// 668//
f 722// 674// 720//
f 720// 674// 673//
f 720// 673// 672//
f 723// 680// 722//
f 722// 680// 675//
f 722// 675// 674//
f 724// 678// 723//
f 723// 678// 679//
f 723// 679// 680//
f 725// 676// 724//
f 724// 676// 677//
f 724// 677// 678//
f 726// 685// 725//
f 725// 685// 686//
f 725// 686// 676//
f 727// 683// 726//
f 726// 683// 684//
f 726// 684// 685//
f 728// 681// 727//
f 727// 681// 682//
f 727// 682// 683//
f 729// 691// 728//
f 728// 691// 692//
f 728// 692// 681//
f 730// 689// 729//
f 729// 689// 690//
f 729// 690// 691//
f 695// 696// 699//
f 699// 696// 697//
f 699// 697// 731//
f 731// 697// 698//
f 731// 698// 732//
f 732// 698// 687//
f 732// 687// 730//
f 730// 687// 688//
f 730// 688// 689//
f 733// 732// 734//
f 734// 732// 730//
f 734// 730// 735//
f 735// 730// 729//
f 735// 729// 736//
f 736// 729// 728//
f 736// 728// 737//
f 737// 728// 727//
f 737// 727// 738//
f 738// 727// 726//
f 738// 726// 739//
f 739// 726// 725//
f 739// 725// 740//
f 740// 725// 724//
f 740// 724// 741//
f 741// 724// 723//
f 741// 723// 742//
f 742// 723// 722//
f 742// 722// 743//
f 743// 722// 720//
f 743// 720// 744//
f 744// 720// 721//
f 744// 721// 745//
f 745// 721// 719//
f 745// 719// 746//
f 746// 719// 718//
f 746// 718// 747//
f 747// 718// 717//
f 747// 717// 748//
f 748// 717// 716//
f 748// 716// 749//
f 749// 716// 715//
f 749// 715// 750//
f 750// 715// 714//
f 750// 714// 751//
f 751// 714// 713//
f 751// 713// 752//
f 752// 713// 712//
f 752// 712// 753//
f 753// 712// 711//
f 753// 711// 754//
f 754// 711// 709//
f 754// 709// 755//
f 755// 709// 710//
f 755// 710// 756//
f 756// 710// 708//
f 756// 708// 757//
f 757// 708// 707//
f 757// 707// 758//
f 758// 707// 706//
f 758// 706// 759//
f 759// 706// 705//
f 759// 705// 760//
f 760// 705// 704//
f 760// 704// 761//
f 761// 704// 703//
f 761// 703// 762//
f 762// 703// 702//
f 762// 702// 763//
f 763// 702// 701//
f 763// 701// 764//
f 764// 701// 700//
f 764// 700// 765//
f 765// 700// 699//
f 765// 699// 766//
f 766// 699// 731//
f 766// 731// 733//
f 733// 731// 732//
f 767// 749// 750//
f 754// 768// 753//
f 753// 768// 769//
f 753// 769// 752//
f 751// 770// 750//
f 750// 770// 771//
f 750// 771// 767//
f 769// 772// 752//
f 752// 772// 773//
f 752// 773// 751//
f 751// 773// 774//
f 751// 774// 770//
f 758// 775// 757//
f 757// 775// 776//
f 757// 776// 756//
f 766// 777// 765//
f 765// 777// 778//
f 765// 778// 764//
f 733// 779// 766//
f 766// 779// 780//
f 766// 780// 777//
f 737// 781// 736//
f 736// 781// 782//
f 736// 782// 735//
f 738// 783// 737//
f 737// 783// 784//
f 737// 784// 781//
f 785// 745// 746//
f 734// 786// 733//
f 733// 786// 787//
f 733// 787// 779//
f 782// 788// 735//
f 735// 788// 789//
f 735// 789// 734//
f 734// 789// 790//
f 734// 790// 786//
f 767// 791// 749//
f 749// 791// 792//
f 749// 792// 748//
f 748// 792// 793//
f 748// 793// 747//
f 755// 794// 754//
f 754// 794// 795//
f 754// 795// 768//
f 776// 796// 756//
f 756// 796// 797//
f 756// 797// 755//
f 755// 797// 798//
f 755// 798// 794//
f 759// 799// 758//
f 758// 799// 800//
f 758// 800// 775//
f 739// 801// 738//
f 738// 801// 802//
f 738// 802// 783//
f 741// 803// 740//
f 740// 803// 804//
f 740// 804// 739//
f 739// 804// 805//
f 739// 805// 801//
f 785// 806// 745//
f 745// 806// 807//
f 745// 807// 744//
f 744// 807// 808//
f 744// 808// 743//
f 760// 809// 759//
f 759// 809// 810//
f 759// 810// 799//
f 762// 811// 761//
f 761// 811// 812//
f 761// 812// 760//
f 760// 812// 813//
f 760// 813// 809//
f 793// 814// 747//
f 747// 814// 815//
f 747// 815// 746//
f 746// 815// 816//
f 746// 816// 785//
f 763// 817// 762//
f 762// 817// 818//
f 762// 818// 811//
f 742// 819// 741//
f 741// 819// 820//
f 741// 820// 803//
f 808// 821// 743//
f 743// 821// 822//
f 743// 822// 742//
f 742// 822// 823//
f 742// 823// 819//
f 778// 824// 764//
f 764// 824// 825//
f 764// 825// 763//
f 763// 825// 826//
f 763// 826// 817//
f 827// 828// 829//
f 827// 830// 828//
f 828// 830// 831//
f 828// 831// 832//
f 832// 831// 833//
f 832// 833// 834//
f 834// 833// 835//
f 834// 835// 836//
f 836// 835// 837//
f 837// 838// 836//
f 836// 838// 839//
f 836// 839// 840//
f 839// 841// 840//
f 840// 841// 842//
f 840// 842// 843//
f 843// 842// 844//
f 843// 844// 845//
f 844// 846// 845//
f 845// 846// 847//
f 845// 847// 848//
f 847// 849// 848//
f 848// 849// 850//
f 848// 850// 851//
f 851// 850// 852//
f 851// 852// 853//
f 853// 852// 854//
f 853// 854// 855//
f 855// 854// 856//
f 856// 857// 855//
f 855// 857// 858//
f 855// 858// 859//
f 858// 860// 859//
f 859// 860// 861//
f 859// 861// 862//
f 862// 861// 863//
f 862// 863// 864//
f 863// 865// 864//
f 864// 865// 866//
f 864// 866// 867//
f 866// 868// 867//
f 867// 868// 869//
f 867// 869// 870//
f 870// 869// 871//
f 870// 871// 872//
f 872// 871// 873//
f 872// 873// 874//
f 874// 873// 875//
f 875// 876// 874//
f 874// 876// 877//
f 874// 877// 878//
f 877// 879// 878//
f 878// 879// 880//
f 878// 880// 881//
f 881// 880// 882//
f 881// 882// 883//
f 883// 882// 884//
f 883// 884// 885//
f 885// 884// 886//
f 886// 887// 885//
f 885// 887// 888//
f 885// 888// 889//
f 889// 888// 890//
f 889// 890// 891//
f 891// 890// 892//
f 891// 892// 893//
f 893// 892// 894//
f 894// 895// 893//
f 893// 895// 896//
f 893// 896// 897//
f 896// 898// 897//
f 897// 898// 899//
f 897// 899// 900//
f 900// 899// 901//
f 900// 901// 902//
f 902// 901// 903//
f 902// 903// 904//
f 904// 903// 905//
f 905// 906// 904//
f 904// 906// 907//
f 904// 907// 908//
f 908// 907// 909//
f 908// 909// 910//
f 909// 911// 910//
f 910// 911// 912//
f 910// 912// 913//
f 912// 914// 913//
f 913// 914// 915//
f 913// 915// 916//
f 915// 917// 916//
f 916// 917// 918//
f 916// 918// 919//
f 919// 918// 920//
f 919// 920// 921//
f 921// 920// 922//
f 921// 922// 923//
f 923// 922// 924//
f 924// 925// 923//
f 923// 925// 926//
f 923// 926// 927//
f 927// 926// 928//
f 927// 928// 929//
f 928// 930// 929//
f 929// 930// 931//
f 929// 931// 932//
f 931// 933// 932//
f 932// 933// 934//
f 932// 934// 935//
f 934// 936// 935//
f 935// 936// 937//
f 935// 937// 938//
f 938// 937// 939//
f 938// 939// 940//
f 940// 939// 941//
f 940// 941// 942//
f 942// 941// 943//
f 943// 944// 942//
f 942// 944// 945//
f 942// 945// 946//
f 946// 945// 947//
f 946// 947// 948//
f 947// 949// 948//
f 948// 949// 950//
f 948// 950// 951//
f 950// 952// 951//
f 951// 952// 953//
f 951// 953// 954//
f 953// 955// 954//
f 954// 955// 956//
f 954// 956// 957//
f 957// 956// 958//
f 957// 958// 959//
f 959// 958// 960//
f 959// 960// 961//
f 961// 960// 962//
f 962// 963// 961//
f 961// 963// 964//
f 961// 964// 965//
f 965// 964// 966//
f 965// 966// 967//
f 966// 968// 967//
f 967// 968// 969//
f 967// 969// 970//
f 969// 971// 970//
f 970// 971// 972//
f 970// 972// 973//
f 972// 974// 973//
f 973// 974// 975//
f 973// 975// 976//
f 976// 975// 977//
f 976// 977// 978//
f 978// 977// 979//
f 978// 979// 980//
f 980// 979// 981//
f 981// 982// 980//
f 980// 982// 983//
f 980// 983// 984//
f 984// 983// 985//
f 984// 985// 986//
f 986// 985// 987//
f 986// 987// 829//
f 829// 987// 988//
f 829// 988// 827//
f 984// 989// 980//
f 980// 989// 990//
f 980// 990// 978//
f 978// 990// 991//
f 978// 991// 976//
f 976// 991// 992//
f 976// 992// 973//
f 973// 992// 993//
f 973// 993// 970//
f 970// 993// 994//
f 970// 994// 967//
f 967// 994// 995//
f 967// 995// 965//
f 965// 995// 996//
f 965// 996// 961//
f 961// 996// 997//
f 961// 997// 959//
f 959// 997// 998//
f 959// 998// 957//
f 957// 998// 999//
f 957// 999// 954//
f 954// 999// 1000//
f 954// 1000// 951//
f 951// 1000// 1001//
f 951// 1001// 948//
f 948// 1001// 1002//
f 948// 1002// 946//
f 946// 1002// 1003//
f 946// 1003// 942//
f 942// 1003// 1004//
f 942// 1004// 940//
f 940// 1004// 1005//
f 940// 1005// 938//
f 938// 1005// 1006//
f 938// 1006// 935//
f 935// 1006// 1007//
f 935// 1007// 932//
f 932// 1007// 1008//
f 932// 1008// 929//
f 929// 1008// 1009//
f 929// 1009// 927//
f 927// 1009// 1010//
f 927// 1010// 923//
f 923// 1010// 1011//
f 923// 1011// 921//
f 921// 1011// 1012//
f 921// 1012// 919//
f 919// 1012// 1013//
f 919// 1013// 916//
f 916// 1013// 1014//
f 916// 1014// 913//
f 913// 1014// 1015//
f 913// 1015// 910//
f 910// 1015// 1016//
f 910// 1016// 908//
f 908// 1016// 1017//
f 908// 1017// 904//
f 904// 1017// 1018//
f 904// 1018// 902//
f 902// 1018// 1019//
f 902// 1019// 900//
f 900// 1019// 1020//
f 900// 1020// 897//
f 897// 1020// 1021//
f 897// 1021// 893//
f 893// 1021// 1022//
f 893// 1022// 891//
f 891// 1022// 1023//
f 891// 1023// 889//
f 889// 1023// 1024//
f 889// 1024// 885//
f 885// 1024// 1025//
f 885// 1025// 883//
f 883// 1025// 1026//
f 883// 1026// 881//
f 881// 1026// 1027//
f 881// 1027// 878//
f 878// 1027// 1028//
f 878// 1028// 874//
f 874// 1028// 1029//
f 874// 1029// 872//
f 872// 1029// 1030//
f 872// 1030// 870//
f 870// 1030// 1031//
f 870// 1031// 867//
f 867// 1031// 1032//
f 867// 1032// 864//
f 864// 1032// 1033//
f 864// 1033// 862//
f 862// 1033// 1034//
f 862// 1034// 859//
f 859// 1034// 1035//
f 859// 1035// 855//
f 855// 1035// 1036//
f 855// 1036// 853//
f 853// 1036// 1037//
f 853// 1037// 851//
f 851// 1037// 1038//
f 851// 1038// 848//
f 848// 1038// 1039//
f 848// 1039// 845//
f 845// 1039// 1040//
f 845// 1040// 843//
f 843// 1040// 1041//
f 843// 1041// 840//
f 840// 1041// 1042//
f 840// 1042// 836//
f 836// 1042// 1043//
f 836// 1043// 834//
f 834// 1043// 1044//
f 834// 1044// 832//
f 832// 1044// 1045//
f 832// 1045// 828//
f 828// 1045// 1046//
f 828// 1046// 829//
f 829// 1046// 1047//
f 829// 1047// 986//
f 986// 1047// 1048//
f 986// 1048// 984//
f 984// 1048// 989//
f 1048// 1049// 989//
f 989// 1049// 1050//
f 989// 1050// 990//
f 990// 1050// 1051//
f 990// 1051// 991//
f 991// 1051// 1052//
f 991// 1052// 992//
f 992// 1052// 1053//
f 992// 1053// 993//
f 993// 1053// 1054//
f 993// 1054// 994//
f 994// 1054// 1055//
f 994// 1055// 995//
f 995// 1055// 1056//
f 995// 1056// 996//
f 996// 1056// 1057//
f 996// 1057// 997//
f 997// 1057// 1058//
f 997// 1058// 998//
f 998// 1058// 1059//
f 998// 1059// 999//
f 999// 1059// 1060//
f 999// 1060// 1000//
f 1000// 1060// 1061//
f 1000// 1061// 1001//
f 1001// 1061// 1062//
f 1001// 1062// 1002//
f 1002// 1062// 1063//
f 1002// 1063// 1003//
f 1003// 1063// 1064//
f 1003// 1064// 1004//
f 1004// 1064// 1065//
f 1004// 1065// 1005//
f 1005// 1065// 1066//
f 1005// 1066// 1006//
f 1006// 1066// 1067//
f 1006// 1067// 1007//
f 1007// 1067// 1068//
f 1007// 1068// 1008//
f 1008// 1068// 1069//
f 1008// 1069// 1009//
f 1009// 1069// 1070//
f 1009// 1070// 1010//
f 1010// 1070// 1071//
f 1010// 1071// 1011//
f 1011// 1071// 1072//
f 1011// 1072// 1012//
f 1012// 1072// 1073//
f 1012// 1073// 1013//
f 1013// 1073// 1074//
f 1013// 1074// 1014//
f 1014// 1074// 1075//
f 1014// 1075// 1015//
f 1015// 1075// 1076//
f 1015// 1076// 1016//
f 1016// 1076// 1077//
f 1016// 1077// 1017//
f 1017// 1077// 1078//
f 1017// 1078// 1018//
f 1018// 1078// 1079//
f 1018// 1079// 1019//
f 1019// 1079// 1080//
f 1019// 1080// 1020//
f 1020// 1080// 1081//
f 1020// 1081// 1021//
f 1021// 1081// 1082//
f 1021// 1082// 1022//
f 1022// 1082// 1083//
f 1022// 1083// 1023//
f 1023// 1083// 1084//
f 1023// 1084// 1024//
f 1024// 1084// 1085//
f 1024// 1085// 1025//
f 1025// 1085// 1086//
f 1025// 1086// 1026//
f 1026// 1086// 1087//
f 1026// 1087// 1027//
f 1027// 1087// 1088//
f 1027// 1088// 1028//
f 1028// 1088// 1089//
f 1028// 1089// 1029//
f 1029// 1089// 1090//
f 1029// 1090// 1030//
f 1030// 1090// 1091//
f 1030// 1091// 1031//
f 1031// 1091// 1092//
f 1031// 1092// 1032//
f 1032// 1092// 1093//
f 1032// 1093// 1033//
f 1033// 1093// 1094//
f 1033// 1094// 1034//
f 1034// 1094// 1095//
f 1034// 1095// 1035//
f 1035// 1095// 1096//
f 1035// 1096// 1036//
f 1036// 1096// 1097//
f 1036// 1097// 1037//
f 1037// 1097// 1098//
f 1037// 1098// 1038//
f 1038// 1098// 1099//
f 1038// 1099// 1039//
f 1039// 1099// 1100//
f 1039// 1100// 1040//
f 1040// 1100// 1101//
f 1040// 1101// 1041//
f 1041// 1101// 1102//
f 1041// 1102// 1042//
f 1042// 1102// 1103//
f 1042// 1103// 1043//
f 1043// 1103// 1104//
f 1043// 1104// 1044//
f 1044// 1104// 1105//
f 1044// 1105// 1045//
f 1045// 1105// 1106//
f 1045// 1106// 1046//
f 1046// 1106// 1107//
f 1046// 1107// 1047//
f 1047// 1107// 1108//
f 1047// 1108// 1048//
f 1048// 1108// 1049//
f 1108// 1109// 1049//
f 1049// 1109// 1110//
f 1049// 1110// 1050//
f 1050// 1110// 1111//
f 1050// 1111// 1051//
f 1051// 1111// 1112//
f 1051// 1112// 1052//
f 1052// 1112// 1113//
f 1052// 1113// 1053//
f 1053// 1113// 1114//
f 1053// 1114// 1054//
f 1054// 1114// 1115//
f 1054// 1115// 1055//
f 1055// 1115// 1116//
f 1055// 1116// 1056//
f 1056// 1116// 1117//
f 1056// 1117// 1057//
f 1057// 1117// 1118//
f 1057// 1118// 1058//
f 1058// 1118// 1119//
f 1058// 1119// 1059//
f 1059// 1119// 1120//
f 1059// 1120// 1060//
f 1060// 1120// 1121//
f 1060// 1121// 1061//
f 1061// 1121// 1122//
f 1061// 1122// 1062//
f 1062// 1122// 1123//
f 1062// 1123// 1063//
f 1063// 1123// 1124//
f 1063// 1124// 1064//
f 1064// 1124// 1125//
f 1064// 1125// 1065//
f 1065// 1125// 1126//
f 1065// 1126// 1066//
f 1066// 1126// 1127//
f 1066// 1127// 1067//
f 1067// 1127// 1128//
f 1067// 1128// 1068//
f 1068// 1128// 1129//
f 1068// 1129// 1069//
f 1069// 1129// 1130//
f 1069// 1130// 1070//
f 1070// 1130// 1131//
f 1070// 1131// 1071//
f 1071// 1131// 1132//
f 1071// 1132// 1072//
f 1072// 1132// 1133//
f 1072// 1133// 1073//
f 1073// 1133// 1134//
f 1073// 1134// 1074//
f 1074// 1134// 1135//
f 1074// 1135// 1075//
f 1075// 1135// 1136//
f 1075// 1136// 1076//
f 1076// 1136// 1137//
f 1076// 1137// 1077//
f 1077// 1137// 1138//
f 1077// 1138// 1078//
f 1078// 1138// 1139//
f 1078// 1139// 1079//
f 1079// 1139// 1140//
f 1079// 1140// 1080//
f 1080// 1140// 1141//
f 1080// 1141// 1081//
f 1081// 1141// 1142//
f 1081// 1142// 1082//
f 1082// 1142// 1143//
f 1082// 1143// 1083//
f 1083// 1143// 1144//
f 1083// 1144// 1084//
f 1084// 1144// 1145//
f 1084// 1145// 1085//
f 1085// 1145// 1146//
f 1085// 1146// 1086//
f 1086// 1146// 1147//
f 1086// 1147// 1087//
f 1087// 1147// 1148//
f 1087// 1148// 1088//
f 1088// 1148// 1149//
f 1088// 1149// 1089//
f 1089// 1149// 1150//
f 1089// 1150// 1090//
f 1090// 1150// 1151//
f 1090// 1151// 1091//
f 1091// 1151// 1152//
f 1091// 1152// 1092//
f 1092// 1152// 1153//
f 1092// 1153// 1093//
f 1093// 1153// 1154//
f 1093// 1154// 1094//
f 1094// 1154// 1155//
f 1094// 1155// 1095//
f 1095// 1155// 1156//
f 1095// 1156// 1096//
f 1096// 1156// 1157//
f 1096// 1157// 1097//
f 1097// 1157// 1158//
f 1097// 1158// 1098//
f 1098// 1158// 1159//
f 1098// 1159// 1099//
f 1099// 1159// 1160//
f 1099// 1160// 1100//
f 1100// 1160// 1161//
f 1100// 1161// 1101//
f 1101// 1161// 1162//
f 1101// 1162// 1102//
f 1102// 1162// 1163//
f 1102// 1163// 1103//
f 1103// 1163// 1164//
f 1103// 1164// 1104//
f 1104// 1164// 1165//
f 1104// 1165// 1105//
f 1105// 1165// 1166//
f 1105// 1166// 1106//
f 1106// 1166// 1167//
f 1106// 1167// 1107//
f 1107// 1167// 1168//
f 1107// 1168// 1108//
f 1108// 1168// 1109//
f 1168// 1169// 1109//
f 1109// 1169// 1170//
f 1109// 1170// 1110//
f 1110// 1170// 1171//
f 1110// 1171// 1111//
f 1111// 1171// 1172//
f 1111// 1172// 1112//
f 1112// 1172// 1173//
f 1112// 1173// 1113//
f 1113// 1173// 1174//
f 1113// 1174// 1114//
f 1114// 1174// 1175//
f 1114// 1175// 1115//
f 1115// 1175// 1176//
f 1115// 1176// 1116//
f 1116// 1176// 1177//
f 1116// 1177// 1117//
f 1117// 1177// 1178//
f 1117// 1178// 1118//
f 1118// 1178// 1179//
f 1118// 1179// 1119//
f 1119// 1179// 1180//
f 1119// 1180// 1120//
f 1120// 1180// 1181//
f 1120// 1181// 1121//
f 1121// 1181// 1182//
f 1121// 1182// 1122//
f 1122// 1182// 1183//
f 1122// 1183// 1123//
f 1123// 1183// 1184//
f 1123// 1184// 1124//
f 1124// 1184// 1185//
f 1124// 1185// 1125//
f 1125// 1185// 1186//
f 1125// 1186// 1126//
f 1126// 1186// 1187//
f 1126// 1187// 1127//
f 1127// 1187// 1188//
f 1127// 1188// 1128//
f 1128// 1188// 1189//
f 1128// 1189// 1129//
f 1129// 1189// 1190//
f 1129// 1190// 1130//
f 1130// 1190// 1191//
f 1130// 1191// 1131//
f 1131// 1191// 1192//
f 1131// 1192// 1132//
f 1132// 1192// 1193//
f 1132// 1193// 1133//
f 1133// 1193// 1194//
f 1133// 1194// 1134//
f 1134// 1194// 1195//
f 1134// 1195// 1135//
f 1135// 1195// 1196//
f 1135// 1196// 1136//
f 1136// 1196// 1197//
f 1136// 1197// 1137//
f 1137// 1197// 1198//
f 1137// 1198// 1138//
f 1138// 1198// 1199//
f 1138// 1199// 1139//
f 1139// 1199// 1200//
f 1139// 1200// 1140//
f 1140// 1200// 1201//
f 1140// 1201// 1141//
f 1141// 1201// 1202//
f 1141// 1202// 1142//
f 1142// 1202// 1203//
f 1142// 1203// 1143//
f 1143// 1203// 1204//
f 1143// 1204// 1144//
f 1144// 1204// 1205//
f 1144// 1205// 1145//
f 1145// 1205// 1206//
f 1145// 1206// 1146//
f 1146// 1206// 1207//
f 1146// 1207// 1147//
f 1147// 1207// 1208//
f 1147// 1208// 1148//
f 1148// 1208// 1209//
f 1148// 1209// 1149//
f 1149// 1209// 1210//
f 1149// 1210// 1150//
f 1150// 1210// 1211//
f 1150// 1211// 1151//
f 1151// 1211// 1212//
f 1151// 1212// 1152//
f 1152// 1212// 1213//
f 1152// 1213// 1153//
f 1153// 1213// 1214//
f 1153// 1214// 1154//
f 1154// 1214// 1215//
f 1154// 1215// 1155//
f 1155// 1215// 1216//
f 1155// 1216// 1156//
f 1156// 1216// 1217//
f 1156// 1217// 1157//
f 1157// 1217// 1218//
f 1157// 1218// 1158//
f 1158// 1218// 1219//
f 1158// 1219// 1159//
f 1159// 1219// 1220//
f 1159// 1220// 1160//
f 1160// 1220// 1221//
f 1160// 1221// 1161//
f 1161// 1221// 1222//
f 1161// 1222// 1162//
f 1162// 1222// 1223//
f 1162// 1223// 1163//
f 1163// 1223// 1224//
f 1163// 1224// 1164//
f 1164// 1224// 1225//
f 1164// 1225// 1165//
f 1165// 1225// 1226//
f 1165// 1226// 1166//
f 1166// 1226// 1227//
f 1166// 1227// 1167//
f 1167// 1227// 1228//
f 1167// 1228// 1168//
f 1168// 1228// 1169//
f 1228// 1229// 1169//
f 1169// 1229// 1230//
f 1169// 1230// 1170//
f 1170// 1230// 1231//
f 1170// 1231// 1171//
f 1171// 1231// 1232//
f 1171// 1232// 1172//
f 1172// 1232// 1233//
f 1172// 1233// 1173//
f 1173// 1233// 1234//
f 1173// 1234// 1174//
f 1174// 1234// 1235//
f 1174// 1235// 1175//
f 1175// 1235// 1236//
f 1175// 1236// 1176//
f 1176// 1236// 1237//
f 1176// 1237// 1177//
f 1177// 1237// 1238//
f 1177// 1238// 1178//
f 1178// 1238// 1239//
f 1178// 1239// 1179//
f 1179// 1239// 1240//
f 1179// 1240// 1180//
f 1180// 1240// 1241//
f 1180// 1241// 1181//
f 1181// 1241// 1242//
f 1181// 1242// 1182//
f 1182// 1242// 1243//
f 1182// 1243// 1183//
f 1183// 1243// 1244//
f 1183// 1244// 1184//
f 1184// 1244// 1245//
f 1184// 1245// 1185//
f 1185// 1245// 1246//
f 1185// 1246// 1186//
f 1186// 1246// 1247//
f 1186// 1247// 1187//
f 1187// 1247// 1248//
f 1187// 1248// 1188//
f 1188// 1248// 1249//
f 1188// 1249// 1189//
f 1189// 1249// 1250//
f 1189// 1250// 1190//
f 1190// 1250// 1251//
f 1190// 1251// 1191//
f 1191// 1251// 1252//
f 1191// 1252// 1192//
f 1192// 1252// 1253//
f 1192// 1253// 1193//
f 1193// 1253// 1254//
f 1193// 1254// 1194//
f 1194// 1254// 1255//
f 1194// 1255// 1195//
f 1195// 1255// 1256//
f 1195// 1256// 1196//
f 1196// 1256// 1257//
f 1196// 1257// 1197//
f 1197// 1257// 1258//
f 1197// 1258// 1198//
f 1198// 1258// 1259//
f 1198// 1259// 1199//
f 1199// 1259// 1260//
f 1199// 1260// 1200//
f 1200// 1260// 1261//
f 1200// 1261// 1201//
f 1201// 1261// 1262//
f 1201// 1262// 1202//
f 1202// 1262// 1263//
f 1202// 1263// 1203//
f 1203// 1263// 1264//
f 1203// 1264// 1204//
f 1204// 1264// 1265//
f 1204// 1265// 1205//
f 1205// 1265// 1266//
f 1205// 1266// 1206//
f 1206// 1266// 1267//
f 1206// 1267// 1207//
f 1207// 1267// 1268//
f 1207// 1268// 1208//
f 1208// 1268// 1269//
f 1208// 1269// 1209//
f 1209// 1269// 1270//
f 1209// 1270// 1210//
f 1210// 1270// 1271//
f 1210// 1271// 1211//
f 1211// 1271// 1272//
f 1211// 1272// 1212//
f 1212// 1272// 1273//
f 1212// 1273// 1213//
f 1213// 1273// 1274//
f 1213// 1274// 1214//
f 1214// 1274// 1275//
f 1214// 1275// 1215//
f 1215// 1275// 1276//
f 1215// 1276// 1216//
f 1216// 1276// 1277//
f 1216// 1277// 1217//
f 1217// 1277// 1278//
f 1217// 1278// 1218//
f 1218// 1278// 1279//
f 1218// 1279// 1219//
f 1219// 1279// 1280//
f 1219// 1280// 1220//
f 1220// 1280// 1281//
f 1220// 1281// 1221//
f 1221// 1281// 1282//
f 1221// 1282// 1222//
f 1222// 1282// 1283//
f 1222// 1283// 1223//
f 1223// 1283// 1284//
f 1223// 1284// 1224//
f 1224// 1284// 1285//
f 1224// 1285// 1225//
f 1225// 1285// 1286//
f 1225// 1286// 1226//
f 1226// 1286// 1287//
f 1226// 1287// 1227//
f 1227// 1287// 1288//
f 1227// 1288// 1228//
f 1228// 1288// 1229//
f 1288// 1289// 1229//
f 1229// 1289// 1290//
f 1229// 1290// 1230//
f 1230// 1290// 1291//
f 1230// 1291// 1231//
f 1231// 1291// 1292//
f 1231// 1292// 1232//
f 1232// 1292// 1293//
f 1232// 1293// 1233//
f 1233// 1293// 1294//
f 1233// 1294// 1234//
f 1234// 1294// 1295//
f 1234// 1295// 1235//
f 1235// 1295// 1296//
f 1235// 1296// 1236//
f 1236// 1296// 1297//
f 1236// 1297// 1237//
f 1237// 1297// 1298//
f 1237// 1298// 1238//
f 1238// 1298// 1299//
f 1238// 1299// 1239//
f 1239// 1299// 1300//
f 1239// 1300// 1240//
f 1240// 1300// 1301//
f 1240// 1301// 1241//
f 1241// 1301// 1302//
f 1241// 1302// 1242//
f 1242// 1302// 1303//
f 1242// 1303// 1243//
f 1243// 1303// 1304//
f 1243// 1304// 1244//
f 1244// 1304// 1305//
f 1244// 1305// 1245//
f 1245// 1305// 1306//
f 1245// 1306// 1246//
f 1246// 1306// 1307//
f 1246// 1307// 1247//
f 1247// 1307// 1308//
f 1247// 1308// 1248//
f 1248// 1308// 1309//
f 1248// 1309// 1249//
f 1249// 1309// 1310//
f 1249// 1310// 1250//
f 1250// 1310// 1311//
f 1250// 1311// 1251//
f 1251// 1311// 1312//
f 1251// 1312// 1252//
f 1252// 1312// 1313//
f 1252// 1313// 1253//
f 1253// 1313// 1314//
f 1253// 1314// 1254//
f 1254// 1314// 1315//
f 1254// 1315// 1255//
f 1255// 1315// 1316//
f 1255// 1316// 1256//
f 1256// 1316// 1317//
f 1256// 1317// 1257//
f 1257// 1317// 1318//
f 1257// 1318// 1258//
f 1258// 1318// 1319//
f 1258// 1319// 1259//
f 1259// 1319// 1320//
f 1259// 1320// 1260//
f 1260// 1320// 1321//
f 1260// 1321// 1261//
f 1261// 1321// 1322//
f 1261// 1322// 1262//
f 1262// 1322// 1323//
f 1262// 1323// 1263//
f 1263// 1323// 1324//
f 1263// 1324// 1264//
f 1264// 1324// 1325//
f 1264// 1325// 1265//
f 1265// 1325// 1326//
f 1265// 1326// 1266//
f 1266// 1326// 1327//
f 1266// 1327// 1267//
f 1267// 1327// 1328//
f 1267// 1328// 1268//
f 1268// 1328// 1329//
f 1268// 1329// 1269//
f 1269// 1329// 1330//
f 1269// 1330// 1270//
f 1270// 1330// 1331//
f 1270// 1331// 1271//
f 1271// 1331// 1332//
f 1271// 1332// 1272//
f 1272// 1332// 1333//
f 1272// 1333// 1273//
f 1273// 1333// 1334//
f 1273// 1334// 1274//
f 1274// 1334// 1335//
f 1274// 1335// 1275//
f 1275// 1335// 1336//
f 1275// 1336// 1276//
f 1276// 1336// 1337//
f 1276// 1337// 1277//
f 1277// 1337// 1338//
f 1277// 1338// 1278//
f 1278// 1338// 1339//
f 1278// 1339// 1279//
f 1279// 1339// 1340//
f 1279// 1340// 1280//
f 1280// 1340// 1341//
f 1280// 1341// 1281//
f 1281// 1341// 1342//
f 1281// 1342// 1282//
f 1282// 1342// 1343//
f 1282// 1343// 1283//
f 1283// 1343// 1344//
f 1283// 1344// 1284//
f 1284// 1344// 1345//
f 1284// 1345// 1285//
f 1285// 1345// 1346//
f 1285// 1346// 1286//
f 1286// 1346// 1347//
f 1286// 1347// 1287//
f 1287// 1347// 1348//
f 1287// 1348// 1288//
f 1288// 1348// 1289//
f 1348// 786// 1289//
f 1289// 786// 790//
f 1289// 790// 1290//
f 1290// 790// 789//
f 1290// 789// 1291//
f 1291// 789// 788//
f 1291// 788// 1292//
f 1292// 788// 782//
f 1292// 782// 1293//
f 1293// 782// 781//
f 1293// 781// 1294//
f 1294// 781// 784//
f 1294// 784// 1295//
f 1295// 784// 783//
f 1295// 783// 1296//
f 1296// 783// 802//
f 1296// 802// 1297//
f 1297// 802// 801//
f 1297// 801// 1298//
f 1298// 801// 805//
f 1298// 805// 1299//
f 1299// 805// 804//
f 1299// 804// 1300//
f 1300// 804// 803//
f 1300// 803// 1301//
f 1301// 803// 820//
f 1301// 820// 1302//
f 1302// 820// 819//
f 1302// 819// 1303//
f 1303// 819// 823//
f 1303// 823// 1304//
f 1304// 823// 822//
f 1304// 822// 1305//
f 1305// 822// 821//
f 1305// 821// 1306//
f 1306// 821// 808//
f 1306// 808// 1307//
f 1307// 808// 807//
f 1307// 807// 1308//
f 1308// 807// 806//
f 1308// 806// 1309//
f 1309// 806// 785//
f 1309// 785// 1310//
f 1310// 785// 816//
f 1310// 816// 1311//
f 1311// 816// 815//
f 1311// 815// 1312//
f 1312// 815// 814//
f 1312// 814// 1313//
f 1313// 814// 793//
f 1313// 793// 1314//
f 1314// 793// 792//
f 1314// 792// 1315//
f 1315// 792// 791//
f 1315// 791// 1316//
f 1316// 791// 767//
f 1316// 767// 1317//
f 1317// 767// 771//
f 1317// 771// 1318//
f 1318// 771// 770//
f 1318// 770// 1319//
f 1319// 770// 774//
f 1319// 774// 1320//
f 1320// 774// 773//
f 1320// 773// 1321//
f 1321// 773// 772//
f 1321// 772// 1322//
f 1322// 772// 769//
f 1322// 769// 1323//
f 1323// 769// 768//
f 1323// 768// 1324//
f 1324// 768// 795//
f 1324// 795// 1325//
f 1325// 795// 794//
f 1325// 794// 1326//
f 1326// 794// 798//
f 1326// 798// 1327//
f 1327// 798// 797//
f 1327// 797// 1328//
f 1328// 797// 796//
f 1328// 796// 1329//
f 1329// 796// 776//
f 1329// 776// 1330//
f 1330// 776// 775//
f 1330// 775// 1331//
f 1331// 775// 800//
f 1331// 800// 1332//
f 1332// 800// 799//
f 1332// 799// 1333//
f 1333// 799// 810//
f 1333// 810// 1334//
f 1334// 810// 809//
f 1334// 809// 1335//
f 1335// 809// 813//
f 1335// 813// 1336//
f 1336// 813// 812//
f 1336// 812// 1337//
f 1337// 812// 811//
f 1337// 811// 1338//
f 1338// 811// 818//
f 1338// 818// 1339//
f 1339// 818// 817//
f 1339// 817// 1340//
f 1340// 817// 826//
f 1340// 826// 1341//
f 1341// 826// 825//
f 1341// 825// 1342//
f 1342// 825// 824//
f 1342// 824// 1343//
f 1343// 824// 778//
f 1343// 778// 1344//
f 1344// 778// 777//
f 1344// 777// 1345//
f 1345// 777// 780//
f 1345// 780// 1346//
f 1346// 780// 779//
f 1346// 779// 1347//
f 1347// 779// 787//
f 1347// 787// 1348//
f 1348// 787// 786//
f 1349// 73// 72//
f 890// 888// 1349//
f 1349// 888// 887//
f 1349// 887// 1350//
f 1350// 887// 886//
f 1350// 886// 1351//
f 1351// 886// 884//
f 1351// 884// 882//
f 882// 880// 1351//
f 1351// 880// 879//
f 1351// 879// 1352//
f 1353// 1354// 1355//
f 879// 877// 1352//
f 1352// 877// 876//
f 1352// 876// 1355//
f 1355// 876// 875//
f 1355// 875// 1353//
f 1356// 972// 1357//
f 1357// 972// 971//
f 1357// 971// 1358//
f 966// 1359// 968//
f 968// 1359// 1358//
f 968// 1358// 969//
f 969// 1358// 971//
f 966// 964// 1359//
f 1359// 964// 963//
f 1359// 963// 1360//
f 79// 78// 1361//
f 983// 1362// 985//
f 985// 1362// 1363//
f 985// 1363// 987//
f 987// 1363// 1364//
f 987// 1364// 988//
f 988// 1364// 1365//
f 988// 1365// 827//
f 827// 1365// 1366//
f 827// 1366// 830//
f 830// 1366// 1367//
f 830// 1367// 831//
f 831// 1367// 1368//
f 831// 1368// 833//
f 833// 1368// 1369//
f 833// 1369// 835//
f 835// 1369// 1370//
f 835// 1370// 837//
f 837// 1370// 1371//
f 837// 1371// 838//
f 838// 1371// 1372//
f 838// 1372// 839//
f 839// 1372// 1373//
f 839// 1373// 841//
f 841// 1373// 1374//
f 841// 1374// 842//
f 842// 1374// 1375//
f 842// 1375// 844//
f 844// 1375// 1376//
f 844// 1376// 846//
f 846// 1376// 1377//
f 846// 1377// 847//
f 847// 1377// 1378//
f 847// 1378// 849//
f 849// 1378// 1379//
f 849// 1379// 850//
f 850// 1379// 1380//
f 850// 1380// 852//
f 852// 1380// 1381//
f 852// 1381// 854//
f 854// 1381// 1382//
f 854// 1382// 856//
f 856// 1382// 1383//
f 856// 1383// 857//
f 1383// 1384// 857//
f 857// 1384// 1385//
f 857// 1385// 858//
f 858// 1385// 1386//
f 858// 1386// 860//
f 860// 1386// 1387//
f 860// 1387// 861//
f 868// 1388// 869//
f 869// 1388// 1389//
f 869// 1389// 871//
f 861// 1387// 863//
f 863// 1387// 1390//
f 863// 1390// 865//
f 865// 1390// 1391//
f 865// 1391// 866//
f 866// 1391// 1392//
f 866// 1392// 868//
f 868// 1392// 1393//
f 868// 1393// 1388//
f 871// 1389// 873//
f 873// 1389// 1394//
f 873// 1394// 875//
f 875// 1394// 1395//
f 875// 1395// 1353//
f 944// 8// 945//
f 945// 8// 7//
f 945// 7// 947//
f 1349// 72// 890//
f 890// 72// 71//
f 890// 71// 892//
f 892// 71// 44//
f 892// 44// 894//
f 894// 44// 43//
f 894// 43// 895//
f 895// 43// 41//
f 895// 41// 896//
f 896// 41// 40//
f 896// 40// 898//
f 898// 40// 152//
f 898// 152// 899//
f 899// 152// 38//
f 899// 38// 901//
f 901// 38// 37//
f 901// 37// 903//
f 903// 37// 35//
f 903// 35// 905//
f 905// 35// 34//
f 905// 34// 906//
f 906// 34// 32//
f 906// 32// 907//
f 907// 32// 31//
f 907// 31// 909//
f 909// 31// 182//
f 909// 182// 911//
f 911// 182// 191//
f 911// 191// 912//
f 912// 191// 192//
f 912// 192// 914//
f 914// 192// 29//
f 914// 29// 915//
f 915// 29// 28//
f 915// 28// 917//
f 917// 28// 193//
f 917// 193// 918//
f 918// 193// 26//
f 918// 26// 920//
f 920// 26// 25//
f 920// 25// 922//
f 922// 25// 23//
f 922// 23// 924//
f 924// 23// 22//
f 924// 22// 925//
f 925// 22// 216//
f 925// 216// 926//
f 926// 216// 20//
f 926// 20// 928//
f 928// 20// 19//
f 928// 19// 930//
f 930// 19// 17//
f 930// 17// 931//
f 931// 17// 16//
f 931// 16// 933//
f 933// 16// 14//
f 933// 14// 934//
f 934// 14// 13//
f 934// 13// 936//
f 936// 13// 246//
f 936// 246// 937//
f 937// 246// 255//
f 937// 255// 939//
f 939// 255// 256//
f 939// 256// 941//
f 941// 256// 11//
f 941// 11// 943//
f 943// 11// 10//
f 943// 10// 944//
f 944// 10// 257//
f 944// 257// 8//
f 947// 7// 949//
f 949// 7// 5//
f 949// 5// 950//
f 950// 5// 4//
f 950// 4// 952//
f 963// 962// 1360//
f 1360// 962// 960//
f 1360// 960// 1361//
f 1361// 960// 958//
f 1361// 958// 79//
f 79// 958// 956//
f 79// 956// 80//
f 80// 956// 955//
f 80// 955// 1//
f 1// 955// 953//
f 1// 953// 2//
f 2// 953// 952//
f 2// 952// 280//
f 280// 952// 4//
f 1356// 1396// 972//
f 972// 1396// 1397//
f 972// 1397// 974//
f 974// 1397// 1398//
f 974// 1398// 975//
f 975// 1398// 1399//
f 975// 1399// 977//
f 977// 1399// 1400//
f 977// 1400// 979//
f 979// 1400// 1401//
f 979// 1401// 981//
f 981// 1401// 1402//
f 981// 1402// 982//
f 982// 1402// 1403//
f 982// 1403// 983//
f 983// 1403// 1404//
f 983// 1404// 1362//
f 1395// 1394// 1405//
f 1392// 1391// 1406//
f 1390// 1387// 1407//
f 1386// 1385// 1408//
f 1383// 1382// 1409//
f 1381// 1380// 1410//
f 1378// 1377// 1411//
f 1373// 1372// 1412//
f 1371// 1370// 1413//
f 1369// 1368// 1414//
f 1366// 1365// 1415//
f 1364// 1363// 1416//
f 1404// 1403// 1417//
f 1399// 1398// 1418//
f 1419// 1420// 1421//
f 1354// 1353// 1422//
f 1422// 1353// 1423//
f 1422// 1423// 1424//
f 1425// 1426// 1423//
f 1423// 1426// 1427//
f 1423// 1427// 1424//
f 1428// 1429// 1425//
f 1425// 1429// 1430//
f 1425// 1430// 1426//
f 1431// 1432// 1428//
f 1428// 1432// 1433//
f 1428// 1433// 1429//
f 1434// 1435// 1431//
f 1431// 1435// 1436//
f 1436// 1437// 1431//
f 1431// 1437// 1438//
f 1431// 1438// 1432//
f 1439// 1440// 1441//
f 1441// 1440// 1442//
f 1441// 1442// 1434//
f 1434// 1442// 1443//
f 1434// 1443// 1435//
f 1444// 1445// 1446//
f 1446// 1447// 1444//
f 1444// 1447// 1448//
f 1444// 1448// 1441//
f 1441// 1448// 1449//
f 1441// 1449// 1439//
f 1450// 1451// 1452//
f 1452// 1451// 1453//
f 1420// 1454// 1421//
f 1421// 1454// 1455//
f 1421// 1455// 1453//
f 1453// 1455// 1456//
f 1453// 1456// 1452//
f 1419// 1421// 1457//
f 1457// 1421// 1458//
f 1457// 1458// 1459//
f 1459// 1458// 1460//
f 1460// 1458// 1461//
f 1460// 1461// 1462//
f 1462// 1461// 1463//
f 1463// 1461// 1464//
f 1463// 1464// 1465//
f 1465// 1464// 1466//
f 1466// 1464// 1467//
f 1466// 1467// 1468//
f 1469// 1470// 1467//
f 1467// 1470// 1471//
f 1467// 1471// 1468//
f 1396// 1356// 1469//
f 1469// 1356// 1472//
f 1472// 1473// 1469//
f 1469// 1473// 1474//
f 1469// 1474// 1470//
f 1451// 1475// 1453//
f 1453// 1475// 1476//
f 1453// 1476// 1421//
f 1421// 1476// 1477//
f 1421// 1477// 1458//
f 1458// 1477// 1478//
f 1458// 1478// 1461//
f 1461// 1478// 1479//
f 1461// 1479// 1464//
f 1464// 1479// 1480//
f 1464// 1480// 1467//
f 1467// 1480// 1481//
f 1467// 1481// 1469//
f 1469// 1481// 1418//
f 1482// 1483// 1484//
f 1484// 1483// 1485//
f 1484// 1485// 1486//
f 1486// 1485// 1487//
f 1486// 1487// 1488//
f 1488// 1487// 1489//
f 1488// 1489// 1490//
f 1490// 1489// 1491//
f 1490// 1491// 1492//
f 1492// 1491// 1493//
f 1492// 1493// 1494//
f 1494// 1493// 1495//
f 1494// 1495// 1496//
f 1496// 1495// 1417//
f 1497// 1498// 1499//
f 1499// 1498// 1500//
f 1499// 1500// 1501//
f 1501// 1500// 1502//
f 1501// 1502// 1503//
f 1503// 1502// 1504//
f 1503// 1504// 1505//
f 1505// 1504// 1506//
f 1505// 1506// 1507//
f 1507// 1506// 1508//
f 1507// 1508// 1509//
f 1509// 1508// 1510//
f 1509// 1510// 1511//
f 1511// 1510// 1411//
f 1512// 1513// 1514//
f 1514// 1513// 1515//
f 1514// 1515// 1516//
f 1516// 1515// 1517//
f 1516// 1517// 1518//
f 1518// 1517// 1519//
f 1518// 1519// 1520//
f 1520// 1519// 1521//
f 1520// 1521// 1522//
f 1522// 1521// 1523//
f 1522// 1523// 1524//
f 1524// 1523// 1525//
f 1524// 1525// 1526//
f 1526// 1525// 1405//
f 1418// 1398// 1469//
f 1469// 1398// 1397//
f 1469// 1397// 1396//
f 1400// 1399// 1527//
f 1527// 1399// 1418//
f 1527// 1418// 1528//
f 1528// 1418// 1481//
f 1528// 1481// 1529//
f 1529// 1481// 1480//
f 1529// 1480// 1530//
f 1530// 1480// 1479//
f 1530// 1479// 1531//
f 1531// 1479// 1478//
f 1531// 1478// 1532//
f 1532// 1478// 1477//
f 1532// 1477// 1533//
f 1533// 1477// 1476//
f 1533// 1476// 1534//
f 1534// 1476// 1475//
f 1534// 1482// 1533//
f 1533// 1482// 1484//
f 1533// 1484// 1532//
f 1532// 1484// 1486//
f 1532// 1486// 1531//
f 1531// 1486// 1488//
f 1531// 1488// 1530//
f 1530// 1488// 1490//
f 1530// 1490// 1529//
f 1529// 1490// 1492//
f 1529// 1492// 1528//
f 1528// 1492// 1494//
f 1528// 1494// 1527//
f 1527// 1494// 1496//
f 1527// 1496// 1400//
f 1400// 1496// 1401//
f 1417// 1403// 1496//
f 1496// 1403// 1402//
f 1496// 1402// 1401//
f 1362// 1404// 1535//
f 1535// 1404// 1417//
f 1535// 1417// 1536//
f 1536// 1417// 1495//
f 1536// 1495// 1537//
f 1537// 1495// 1493//
f 1537// 1493// 1538//
f 1538// 1493// 1491//
f 1538// 1491// 1539//
f 1539// 1491// 1489//
f 1539// 1489// 1540//
f 1540// 1489// 1487//
f 1540// 1487// 1541//
f 1541// 1487// 1485//
f 1541// 1485// 1542//
f 1542// 1485// 1483//
f 1542// 1543// 1541//
f 1541// 1543// 1544//
f 1541// 1544// 1540//
f 1540// 1544// 1545//
f 1540// 1545// 1539//
f 1539// 1545// 1546//
f 1539// 1546// 1538//
f 1538// 1546// 1547//
f 1538// 1547// 1537//
f 1537// 1547// 1548//
f 1537// 1548// 1536//
f 1536// 1548// 1549//
f 1536// 1549// 1535//
f 1535// 1549// 1416//
f 1535// 1416// 1362//
f 1362// 1416// 1363//
f 1365// 1364// 1415//
f 1415// 1364// 1416//
f 1415// 1416// 1550//
f 1550// 1416// 1549//
f 1550// 1549// 1551//
f 1551// 1549// 1548//
f 1551// 1548// 1552//
f 1552// 1548// 1547//
f 1552// 1547// 1553//
f 1553// 1547// 1546//
f 1553// 1546// 1554//
f 1554// 1546// 1545//
f 1554// 1545// 1555//
f 1555// 1545// 1544//
f 1555// 1544// 1556//
f 1556// 1544// 1543//
f 1367// 1366// 1557//
f 1557// 1366// 1415//
f 1557// 1415// 1558//
f 1558// 1415// 1550//
f 1558// 1550// 1559//
f 1559// 1550// 1551//
f 1559// 1551// 1560//
f 1560// 1551// 1552//
f 1560// 1552// 1561//
f 1561// 1552// 1553//
f 1561// 1553// 1562//
f 1562// 1553// 1554//
f 1562// 1554// 1563//
f 1563// 1554// 1555//
f 1563// 1555// 1564//
f 1564// 1555// 1556//
f 1564// 1565// 1563//
f 1563// 1565// 1566//
f 1563// 1566// 1562//
f 1562// 1566// 1567//
f 1562// 1567// 1561//
f 1561// 1567// 1568//
f 1561// 1568// 1560//
f 1560// 1568// 1569//
f 1560// 1569// 1559//
f 1559// 1569// 1570//
f 1559// 1570// 1558//
f 1558// 1570// 1571//
f 1558// 1571// 1557//
f 1557// 1571// 1414//
f 1557// 1414// 1367//
f 1367// 1414// 1368//
f 1370// 1369// 1413//
f 1413// 1369// 1414//
f 1413// 1414// 1572//
f 1572// 1414// 1571//
f 1572// 1571// 1573//
f 1573// 1571// 1570//
f 1573// 1570// 1574//
f 1574// 1570// 1569//
f 1574// 1569// 1575//
f 1575// 1569// 1568//
f 1575// 1568// 1576//
f 1576// 1568// 1567//
f 1576// 1567// 1577//
f 1577// 1567// 1566//
f 1577// 1566// 1578//
f 1578// 1566// 1565//
f 1372// 1371// 1412//
f 1412// 1371// 1413//
f 1412// 1413// 1579//
f 1579// 1413// 1572//
f 1579// 1572// 1580//
f 1580// 1572// 1573//
f 1580// 1573// 1581//
f 1581// 1573// 1574//
f 1581// 1574// 1582//
f 1582// 1574// 1575//
f 1582// 1575// 1583//
f 1583// 1575// 1576//
f 1583// 1576// 1584//
f 1584// 1576// 1577//
f 1584// 1577// 1585//
f 1585// 1577// 1578//
f 1374// 1373// 1586//
f 1586// 1373// 1412//
f 1586// 1412// 1587//
f 1587// 1412// 1579//
f 1587// 1579// 1588//
f 1588// 1579// 1580//
f 1588// 1580// 1589//
f 1589// 1580// 1581//
f 1589// 1581// 1590//
f 1590// 1581// 1582//
f 1590// 1582// 1591//
f 1591// 1582// 1583//
f 1591// 1583// 1592//
f 1592// 1583// 1584//
f 1592// 1584// 1593//
f 1593// 1584// 1585//
f 1593// 1497// 1592//
f 1592// 1497// 1499//
f 1592// 1499// 1591//
f 1591// 1499// 1501//
f 1591// 1501// 1590//
f 1590// 1501// 1503//
f 1590// 1503// 1589//
f 1589// 1503// 1505//
f 1589// 1505// 1588//
f 1588// 1505// 1507//
f 1588// 1507// 1587//
f 1587// 1507// 1509//
f 1587// 1509// 1586//
f 1586// 1509// 1511//
f 1586// 1511// 1374//
f 1374// 1511// 1375//
f 1411// 1377// 1511//
f 1511// 1377// 1376//
f 1511// 1376// 1375//
f 1379// 1378// 1594//
f 1594// 1378// 1411//
f 1594// 1411// 1595//
f 1595// 1411// 1510//
f 1595// 1510// 1596//
f 1596// 1510// 1508//
f 1596// 1508// 1597//
f 1597// 1508// 1506//
f 1597// 1506// 1598//
f 1598// 1506// 1504//
f 1598// 1504// 1599//
f 1599// 1504// 1502//
f 1599// 1502// 1600//
f 1600// 1502// 1500//
f 1600// 1500// 1601//
f 1601// 1500// 1498//
f 1601// 1602// 1600//
f 1600// 1602// 1603//
f 1600// 1603// 1599//
f 1599// 1603// 1604//
f 1599// 1604// 1598//
f 1598// 1604// 1605//
f 1598// 1605// 1597//
f 1597// 1605// 1606//
f 1597// 1606// 1596//
f 1596// 1606// 1607//
f 1596// 1607// 1595//
f 1595// 1607// 1608//
f 1595// 1608// 1594//
f 1594// 1608// 1410//
f 1594// 1410// 1379//
f 1379// 1410// 1380//
f 1382// 1381// 1409//
f 1409// 1381// 1410//
f 1409// 1410// 1609//
f 1609// 1410// 1608//
f 1609// 1608// 1610//
f 1610// 1608// 1607//
f 1610// 1607// 1611//
f 1611// 1607// 1606//
f 1611// 1606// 1612//
f 1612// 1606// 1605//
f 1612// 1605// 1613//
f 1613// 1605// 1604//
f 1613// 1604// 1614//
f 1614// 1604// 1603//
f 1614// 1603// 1615//
f 1615// 1603// 1602//
f 1384// 1383// 1616//
f 1616// 1383// 1409//
f 1616// 1409// 1617//
f 1617// 1409// 1609//
f 1617// 1609// 1618//
f 1618// 1609// 1610//
f 1618// 1610// 1619//
f 1619// 1610// 1611//
f 1619// 1611// 1620//
f 1620// 1611// 1612//
f 1620// 1612// 1621//
f 1621// 1612// 1613//
f 1621// 1613// 1622//
f 1622// 1613// 1614//
f 1622// 1614// 1623//
f 1623// 1614// 1615//
f 1623// 1624// 1622//
f 1622// 1624// 1625//
f 1622// 1625// 1621//
f 1621// 1625// 1626//
f 1621// 1626// 1620//
f 1620// 1626// 1627//
f 1620// 1627// 1619//
f 1619// 1627// 1628//
f 1619// 1628// 1618//
f 1618// 1628// 1629//
f 1618// 1629// 1617//
f 1617// 1629// 1630//
f 1617// 1630// 1616//
f 1616// 1630// 1408//
f 1616// 1408// 1384//
f 1384// 1408// 1385//
f 1387// 1386// 1407//
f 1407// 1386// 1408//
f 1407// 1408// 1631//
f 1631// 1408// 1630//
f 1631// 1630// 1632//
f 1632// 1630// 1629//
f 1632// 1629// 1633//
f 1633// 1629// 1628//
f 1633// 1628// 1634//
f 1634// 1628// 1627//
f 1634// 1627// 1635//
f 1635// 1627// 1626//
f 1635// 1626// 1636//
f 1636// 1626// 1625//
f 1636// 1625// 1637//
f 1637// 1625// 1624//
f 1391// 1390// 1406//
f 1406// 1390// 1407//
f 1406// 1407// 1638//
f 1638// 1407// 1631//
f 1638// 1631// 1639//
f 1639// 1631// 1632//
f 1639// 1632// 1640//
f 1640// 1632// 1633//
f 1640// 1633// 1641//
f 1641// 1633// 1634//
f 1641// 1634// 1642//
f 1642// 1634// 1635//
f 1642// 1635// 1643//
f 1643// 1635// 1636//
f 1643// 1636// 1644//
f 1644// 1636// 1637//
f 1393// 1392// 1645//
f 1645// 1392// 1406//
f 1645// 1406// 1646//
f 1646// 1406// 1638//
f 1646// 1638// 1647//
f 1647// 1638// 1639//
f 1647// 1639// 1648//
f 1648// 1639// 1640//
f 1648// 1640// 1649//
f 1649// 1640// 1641//
f 1649// 1641// 1650//
f 1650// 1641// 1642//
f 1650// 1642// 1651//
f 1651// 1642// 1643//
f 1651// 1643// 1652//
f 1652// 1643// 1644//
f 1652// 1512// 1651//
f 1651// 1512// 1514//
f 1651// 1514// 1650//
f 1650// 1514// 1516//
f 1650// 1516// 1649//
f 1649// 1516// 1518//
f 1649// 1518// 1648//
f 1648// 1518// 1520//
f 1648// 1520// 1647//
f 1647// 1520// 1522//
f 1647// 1522// 1646//
f 1646// 1522// 1524//
f 1646// 1524// 1645//
f 1645// 1524// 1526//
f 1645// 1526// 1393//
f 1393// 1526// 1388//
f 1405// 1394// 1526//
f 1526// 1394// 1389//
f 1526// 1389// 1388//
f 1353// 1395// 1423//
f 1423// 1395// 1405//
f 1423// 1405// 1425//
f 1425// 1405// 1525//
f 1425// 1525// 1428//
f 1428// 1525// 1523//
f 1428// 1523// 1431//
f 1431// 1523// 1521//
f 1431// 1521// 1434//
f 1434// 1521// 1519//
f 1434// 1519// 1441//
f 1441// 1519// 1517//
f 1441// 1517// 1444//
f 1444// 1517// 1515//
f 1444// 1515// 1445//
f 1445// 1515// 1513//
f 1450// 1446// 1445//
f 1593// 1585// 1451//
f 1601// 1498// 1451//
f 1451// 1498// 1497//
f 1451// 1497// 1593//
f 1585// 1578// 1451//
f 1451// 1578// 1565//
f 1451// 1565// 1475//
f 1542// 1483// 1565//
f 1512// 1652// 1451//
f 1451// 1624// 1623//
f 1450// 1445// 1451//
f 1451// 1445// 1513//
f 1451// 1513// 1512//
f 1623// 1615// 1451//
f 1451// 1615// 1602//
f 1451// 1602// 1601//
f 1652// 1644// 1451//
f 1451// 1644// 1637//
f 1451// 1637// 1624//
f 1564// 1556// 1565//
f 1565// 1556// 1543//
f 1565// 1543// 1542//
f 1483// 1482// 1565//
f 1565// 1482// 1534//
f 1565// 1534// 1475//
f 1361// 78// 1349//
f 1349// 78// 77//
f 75// 74// 96//
f 77// 82// 1349//
f 1349// 82// 85//
f 1349// 85// 84//
f 84// 88// 1349//
f 1349// 88// 87//
f 1349// 87// 91//
f 74// 73// 96//
f 96// 73// 1349//
f 96// 1349// 90//
f 90// 1349// 91//
f 94// 93// 76//
f 75// 96// 76//
f 76// 96// 95//
f 76// 95// 94//
f 93// 101// 76//
f 76// 101// 100//
f 76// 100// 98//
f 98// 97// 76//
f 76// 97// 107//
f 76// 107// 106//
f 49// 51// 76//
f 76// 51// 55//
f 76// 55// 69//
f 58// 59// 55//
f 55// 59// 61//
f 65// 67// 55//
f 55// 67// 70//
f 55// 70// 69//
f 106// 105// 76//
f 76// 105// 104//
f 76// 104// 49//
f 54// 53// 55//
f 55// 53// 47//
f 55// 47// 58//
f 58// 47// 46//
f 58// 46// 56//
f 61// 62// 55//
f 55// 62// 64//
f 55// 64// 65//
f 1355// 1354// 1357//
f 1357// 1354// 1422//
f 1473// 1472// 1438//
f 1422// 1424// 1357//
f 1357// 1424// 1427//
f 1357// 1427// 1426//
f 1426// 1430// 1357//
f 1357// 1430// 1429//
f 1357// 1429// 1433//
f 1472// 1356// 1438//
f 1438// 1356// 1357//
f 1438// 1357// 1432//
f 1432// 1357// 1433//
f 1436// 1435// 1474//
f 1473// 1438// 1474//
f 1474// 1438// 1437//
f 1474// 1437// 1436//
f 1435// 1443// 1474//
f 1474// 1443// 1442//
f 1474// 1442// 1440//
f 1440// 1439// 1474//
f 1474// 1439// 1449//
f 1474// 1449// 1448//
f 1450// 1452// 1474//
f 1474// 1452// 1456//
f 1474// 1456// 1470//
f 1459// 1460// 1456//
f 1456// 1460// 1462//
f 1466// 1468// 1456//
f 1456// 1468// 1471//
f 1456// 1471// 1470//
f 1448// 1447// 1474//
f 1474// 1447// 1446//
f 1474// 1446// 1450//
f 1455// 1454// 1456//
f 1456// 1454// 1420//
f 1456// 1420// 1459//
f 1459// 1420// 1419//
f 1459// 1419// 1457//
f 1462// 1463// 1456//
f 1456// 1463// 1465//
f 1456// 1465// 1466//
f 1355// 1357// 1352//
f 1352// 1357// 1358//
f 1352// 1358// 1351//
f 1351// 1358// 1350//
f 1361// 1349// 1360//
f 1360// 1349// 1350//
f 1360// 1350// 1359//
f 1359// 1350// 1358//
f 1653// 1654// 1655//
f 1655// 1654// 1656//
f 1655// 1656// 1657//
f 1657// 1656// 1658//
f 1657// 1658// 1659//
f 1659// 1658// 1660//
f 1659// 1660// 1653//
f 1653// 1660// 1654//
f 1661// 1662// 1663//
f 1663// 1662// 1664//
f 1663// 1664// 1665//
f 1665// 1664// 1666//
f 1665// 1666// 1667//
f 1667// 1666// 1668//
f 1667// 1668// 1661//
f 1661// 1668// 1662//
f 1664// 1660// 1666//
f 1666// 1660// 1658//
f 1654// 1662// 1656//
f 1656// 1662// 1668//
f 1664// 1662// 1660//
f 1660// 1662// 1654//
f 1668// 1666// 1656//
f 1656// 1666// 1658//
f 1655// 1667// 1653//
f 1653// 1667// 1661//
f 1665// 1657// 1663//
f 1663// 1657// 1659//
f 1665// 1667// 1657//
f 1657// 1667// 1655//
f 1661// 1663// 1653//
f 1653// 1663// 1659//
f 1669// 1670// 1671//
f 1671// 1670// 1672//
f 1673// 1674// 1675//
f 1675// 1674// 1676//
f 1677// 1678// 1679//
f 1679// 1678// 1680//
f 1681// 1682// 1683//
f 1683// 1682// 1684//
f 1685// 1686// 1687//
f 1687// 1686// 1688//
f 1689// 1690// 1691//
f 1691// 1690// 1692//
f 1691// 1692// 1693//
f 1693// 1692// 1694//
f 1693// 1694// 1695//
f 1695// 1694// 1696//
f 1695// 1696// 1689//
f 1689// 1696// 1690//
f 1697// 1698// 1699//
f 1699// 1698// 1700//
f 1699// 1700// 1701//
f 1701// 1700// 1702//
f 1703// 1704// 1697//
f 1697// 1704// 1698//
f 1705// 1706// 1707//
f 1707// 1706// 1708//
f 1707// 1708// 1703//
f 1703// 1708// 1704//
f 1706// 1705// 1709//
f 1709// 1705// 1710//
f 1709// 1710// 1711//
f 1711// 1710// 1712//
f 1711// 1712// 1713//
f 1713// 1712// 1714//
f 1713// 1714// 1715//
f 1715// 1714// 1716//
f 1715// 1716// 1717//
f 1717// 1716// 1718//
f 1717// 1718// 1719//
f 1719// 1718// 1720//
f 1721// 1722// 1723//
f 1719// 1720// 1723//
f 1723// 1720// 1724//
f 1723// 1724// 1721//
f 1722// 1721// 1725//
f 1722// 1725// 1726//
f 1726// 1725// 1727//
f 1726// 1727// 1728//
f 1728// 1727// 1729//
f 1728// 1729// 1730//
f 1730// 1729// 1731//
f 1730// 1731// 1732//
f 1732// 1731// 1733//
f 1732// 1733// 1734//
f 1734// 1733// 1735//
f 1734// 1735// 1736//
f 1736// 1735// 1737//
f 1736// 1737// 1738//
f 1738// 1737// 1694//
f 1738// 1694// 1692//
f 1690// 1696// 1739//
f 1690// 1739// 1740//
f 1740// 1739// 1741//
f 1740// 1741// 1742//
f 1742// 1741// 1743//
f 1742// 1743// 1744//
f 1744// 1743// 1745//
f 1744// 1745// 1746//
f 1746// 1745// 1747//
f 1746// 1747// 1748//
f 1748// 1747// 1749//
f 1748// 1749// 1750//
f 1750// 1749// 1751//
f 1750// 1751// 1752//
f 1752// 1751// 1753//
f 1752// 1753// 1754//
f 1755// 1754// 1756//
f 1756// 1754// 1753//
f 1670// 1755// 1672//
f 1672// 1755// 1756//
f 1757// 1758// 1759//
f 1759// 1758// 1760//
f 1760// 1758// 1761//
f 1761// 1758// 1762//
f 1761// 1762// 1763//
f 1763// 1762// 1764//
f 1763// 1764// 1765//
f 1765// 1764// 1766//
f 1765// 1766// 1767//
f 1767// 1766// 1768//
f 1767// 1768// 1769//
f 1769// 1768// 1770//
f 1769// 1770// 1771//
f 1771// 1770// 1772//
f 1773// 1771// 1774//
f 1774// 1771// 1772//
f 1773// 1774// 1775//
f 1775// 1774// 1776//
f 1775// 1776// 1777//
f 1777// 1776// 1778//
f 1777// 1778// 1779//
f 1779// 1778// 1780//
f 1779// 1780// 1781//
f 1781// 1780// 1782//
f 1781// 1782// 1783//
f 1783// 1782// 1784//
f 1783// 1784// 1785//
f 1785// 1784// 1786//
f 1787// 1788// 1789//
f 1789// 1788// 1790//
f 1789// 1790// 1786//
f 1786// 1790// 1785//
f 1788// 1787// 1791//
f 1788// 1791// 1792//
f 1792// 1791// 1793//
f 1792// 1793// 1794//
f 1794// 1793// 1795//
f 1794// 1795// 1796//
f 1796// 1795// 1797//
f 1796// 1797// 1798//
f 1798// 1797// 1799//
f 1798// 1799// 1800//
f 1800// 1799// 1701//
f 1800// 1701// 1702//
f 1783// 1785// 1722//
f 1670// 1669// 1755//
f 1755// 1669// 1801//
f 1679// 1680// 1802//
f 1802// 1680// 1803//
f 1804// 1687// 1688//
f 1683// 1684// 1803//
f 1803// 1684// 1804//
f 1675// 1676// 1801//
f 1801// 1676// 1802//
f 1801// 1802// 1755//
f 1755// 1802// 1803//
f 1755// 1803// 1754//
f 1754// 1803// 1804//
f 1754// 1804// 1805//
f 1805// 1804// 1688//
f 1805// 1759// 1754//
f 1754// 1759// 1760//
f 1754// 1760// 1752//
f 1752// 1760// 1761//
f 1752// 1761// 1750//
f 1750// 1761// 1763//
f 1769// 1742// 1767//
f 1767// 1742// 1744//
f 1767// 1744// 1765//
f 1765// 1744// 1746//
f 1765// 1746// 1763//
f 1763// 1746// 1748//
f 1763// 1748// 1750//
f 1722// 1726// 1783//
f 1783// 1726// 1728//
f 1783// 1728// 1781//
f 1781// 1728// 1730//
f 1781// 1730// 1779//
f 1779// 1730// 1732//
f 1779// 1732// 1777//
f 1732// 1734// 1777//
f 1777// 1734// 1736//
f 1777// 1736// 1775//
f 1775// 1736// 1738//
f 1775// 1738// 1773//
f 1773// 1738// 1692//
f 1773// 1692// 1771//
f 1771// 1692// 1690//
f 1771// 1690// 1769//
f 1769// 1690// 1740//
f 1769// 1740// 1742//
f 1682// 1681// 1806//
f 1806// 1681// 1807//
f 1678// 1677// 1807//
f 1807// 1677// 1808//
f 1808// 1674// 1673//
f 1671// 1672// 1809//
f 1809// 1672// 1756//
f 1757// 1810// 1758//
f 1758// 1810// 1753//
f 1758// 1753// 1762//
f 1686// 1685// 1810//
f 1810// 1685// 1806//
f 1810// 1806// 1753//
f 1753// 1806// 1807//
f 1753// 1807// 1756//
f 1756// 1807// 1808//
f 1756// 1808// 1809//
f 1809// 1808// 1673//
f 1721// 1786// 1725//
f 1725// 1786// 1784//
f 1725// 1784// 1727//
f 1727// 1784// 1782//
f 1776// 1735// 1778//
f 1778// 1735// 1733//
f 1778// 1733// 1780//
f 1780// 1733// 1731//
f 1780// 1731// 1782//
f 1782// 1731// 1729//
f 1782// 1729// 1727//
f 1753// 1751// 1762//
f 1762// 1751// 1749//
f 1762// 1749// 1764//
f 1764// 1749// 1747//
f 1764// 1747// 1766//
f 1766// 1747// 1745//
f 1766// 1745// 1768//
f 1745// 1743// 1768//
f 1768// 1743// 1741//
f 1768// 1741// 1770//
f 1770// 1741// 1739//
f 1770// 1739// 1772//
f 1772// 1739// 1696//
f 1772// 1696// 1774//
f 1774// 1696// 1694//
f 1774// 1694// 1776//
f 1776// 1694// 1737//
f 1776// 1737// 1735//
f 1811// 1812// 1695//
f 1695// 1812// 1693//
f 1689// 1691// 1813//
f 1813// 1691// 1814//
f 1812// 1814// 1693//
f 1693// 1814// 1691//
f 1813// 1814// 1811//
f 1811// 1814// 1812//
f 1689// 1813// 1695//
f 1695// 1813// 1811//
f 1805// 1688// 1810//
f 1810// 1688// 1686//
f 1810// 1757// 1805//
f 1805// 1757// 1759//
f 1804// 1684// 1806//
f 1806// 1684// 1682//
f 1806// 1685// 1804//
f 1804// 1685// 1687//
f 1803// 1680// 1807//
f 1807// 1680// 1678//
f 1807// 1681// 1803//
f 1803// 1681// 1683//
f 1802// 1676// 1808//
f 1808// 1676// 1674//
f 1808// 1677// 1802//
f 1802// 1677// 1679//
f 1801// 1669// 1809//
f 1809// 1669// 1671//
f 1809// 1673// 1801//
f 1801// 1673// 1675//
f 1707// 1699// 1705//
f 1705// 1699// 1701//
f 1705// 1701// 1710//
f 1710// 1701// 1799//
f 1710// 1799// 1712//
f 1712// 1799// 1797//
f 1712// 1797// 1714//
f 1714// 1797// 1795//
f 1714// 1795// 1716//
f 1716// 1795// 1793//
f 1716// 1793// 1718//
f 1718// 1793// 1791//
f 1718// 1791// 1720//
f 1720// 1791// 1787//
f 1720// 1787// 1724//
f 1724// 1787// 1789//
f 1789// 1786// 1724//
f 1724// 1786// 1721//
f 1723// 1790// 1719//
f 1719// 1790// 1788//
f 1719// 1788// 1717//
f 1717// 1788// 1792//
f 1717// 1792// 1715//
f 1715// 1792// 1794//
f 1715// 1794// 1713//
f 1713// 1794// 1796//
f 1713// 1796// 1711//
f 1711// 1796// 1798//
f 1711// 1798// 1709//
f 1709// 1798// 1800//
f 1709// 1800// 1706//
f 1706// 1800// 1702//
f 1706// 1702// 1708//
f 1708// 1702// 1700//
f 1785// 1790// 1722//
f 1722// 1790// 1723//
f 1697// 1699// 1703//
f 1703// 1699// 1707//
f 1704// 1708// 1698//
f 1698// 1708// 1700//
usemtl 2
f 1815// 1816// 1817//
f 1818// 1819// 1820//
f 1821// 1822// 1823//
f 1824// 1825// 1826//
f 1827// 1828// 1829//
f 1830// 1831// 1832//
f 1833// 1834// 1835//
f 1835// 1834// 1818//
f 1836// 1837// 1835//
f 1835// 1837// 1838//
f 1838// 1839// 1835//
f 1835// 1839// 1840//
f 1835// 1840// 1833//
f 1841// 1842// 1843//
f 1844// 1845// 1841//
f 1845// 1846// 1841//
f 1841// 1846// 1847//
f 1841// 1847// 1848//
f 1844// 1849// 1850//
f 1850// 1849// 1851//
f 1850// 1851// 1852//
f 1853// 1854// 1851//
f 1851// 1854// 1855//
f 1851// 1855// 1856//
f 1851// 1857// 1852//
f 1852// 1857// 1858//
f 1852// 1858// 1859//
f 1859// 1858// 1860//
f 1859// 1860// 1861//
f 1856// 1862// 1851//
f 1851// 1862// 1863//
f 1851// 1863// 1857//
f 1864// 1865// 1866//
f 1864// 1866// 1867//
f 1865// 1868// 1866//
f 1866// 1868// 1869//
f 1866// 1869// 1870//
f 1870// 1869// 1871//
f 1871// 1872// 1870//
f 1870// 1872// 1873//
f 1870// 1873// 1853//
f 1853// 1873// 1874//
f 1853// 1874// 1854//
f 1875// 1867// 1876//
f 1876// 1867// 1866//
f 1876// 1866// 1877//
f 1877// 1866// 1878//
f 1879// 1880// 1881//
f 1879// 1881// 1882//
f 1881// 1883// 1882//
f 1882// 1883// 1884//
f 1882// 1884// 1885//
f 1885// 1884// 1886//
f 1885// 1886// 1866//
f 1866// 1886// 1887//
f 1866// 1887// 1878//
f 1815// 1888// 1816//
f 1816// 1888// 1889//
f 1816// 1889// 1890//
f 1890// 1891// 1816//
f 1816// 1891// 1892//
f 1816// 1892// 1893//
f 1894// 1895// 1819//
f 1896// 1897// 1898//
f 1899// 1900// 1815//
f 1901// 1902// 1903//
f 1903// 1902// 1904//
f 1896// 1898// 1905//
f 1899// 1815// 1906//
f 1907// 1908// 1902//
f 1902// 1908// 1909//
f 1902// 1909// 1910//
f 1819// 1895// 1815//
f 1815// 1895// 1911//
f 1815// 1911// 1906//
f 1897// 1912// 1898//
f 1898// 1912// 1913//
f 1898// 1913// 1914//
f 1915// 1916// 1917//
f 1917// 1916// 1918//
f 1917// 1918// 1919//
f 1920// 1910// 1921//
f 1921// 1910// 1922//
f 1921// 1922// 1917//
f 1917// 1922// 1923//
f 1917// 1923// 1915//
f 1920// 1924// 1910//
f 1910// 1924// 1925//
f 1910// 1925// 1902//
f 1902// 1925// 1926//
f 1902// 1926// 1904//
f 1927// 1928// 1929//
f 1929// 1928// 1930//
f 1929// 1930// 1898//
f 1898// 1930// 1931//
f 1898// 1931// 1905//
f 1932// 1933// 1898//
f 1898// 1933// 1934//
f 1898// 1934// 1902//
f 1902// 1934// 1935//
f 1902// 1935// 1907//
f 1936// 1937// 1888//
f 1888// 1937// 1938//
f 1888// 1938// 1939//
f 1939// 1940// 1888//
f 1888// 1940// 1941//
f 1888// 1941// 1942//
f 1942// 1941// 1927//
f 1942// 1927// 1943//
f 1943// 1927// 1929//
f 1900// 1944// 1815//
f 1815// 1944// 1945//
f 1815// 1945// 1888//
f 1888// 1945// 1946//
f 1888// 1946// 1936//
f 1914// 1947// 1898//
f 1898// 1947// 1948//
f 1898// 1948// 1949//
f 1949// 1950// 1898//
f 1898// 1950// 1951//
f 1898// 1951// 1932//
f 1952// 1953// 1954//
f 1954// 1910// 1952//
f 1952// 1910// 1909//
f 1952// 1909// 1955//
f 1955// 1909// 1956//
f 1956// 1957// 1955//
f 1955// 1957// 1958//
f 1955// 1958// 1959//
f 1960// 1961// 1962//
f 1961// 1963// 1962//
f 1962// 1963// 1964//
f 1962// 1964// 1965//
f 1966// 1962// 1967//
f 1953// 1952// 1966//
f 1966// 1952// 1968//
f 1966// 1968// 1962//
f 1962// 1968// 1969//
f 1962// 1969// 1960//
f 1967// 1970// 1966//
f 1966// 1970// 1971//
f 1966// 1971// 1972//
f 1965// 1964// 1973//
f 1973// 1964// 1974//
f 1973// 1974// 1975//
f 1975// 1974// 1976//
f 1975// 1976// 1977//
f 1978// 1979// 1972//
f 1972// 1979// 1980//
f 1972// 1980// 1966//
f 1834// 1981// 1818//
f 1818// 1981// 1982//
f 1818// 1982// 1819//
f 1819// 1982// 1983//
f 1819// 1983// 1894//
f 1984// 1985// 1986//
f 1986// 1985// 1987//
f 1984// 1988// 1989//
f 1989// 1988// 1990//
f 1991// 1992// 1993//
f 1993// 1992// 1994//
f 1994// 1992// 1995//
f 1995// 1992// 1984//
f 1995// 1984// 1996//
f 1996// 1984// 1989//
f 1996// 1989// 1832//
f 1832// 1989// 1997//
f 1832// 1997// 1830//
f 1985// 1998// 1987//
f 1987// 1998// 1999//
f 1987// 1999// 2000//
f 2000// 1999// 2001//
f 2002// 2003// 2004//
f 2005// 2006// 2007//
f 2007// 2006// 2008//
f 2004// 2003// 2009//
f 2010// 2011// 2012//
f 2012// 2011// 2009//
f 2013// 2014// 2015//
f 2015// 2016// 2017//
f 2018// 2019// 2020//
f 2020// 2019// 2021//
f 2005// 2022// 2006//
f 2006// 2022// 2023//
f 2006// 2023// 2024//
f 2024// 2023// 2025//
f 2026// 2027// 2025//
f 2025// 2027// 2028//
f 2025// 2028// 2024//
f 2029// 2030// 2004//
f 2004// 2030// 2031//
f 2014// 2032// 2015//
f 2015// 2032// 2033//
f 2015// 2033// 2016//
f 2031// 2034// 2004//
f 2004// 2034// 2035//
f 2004// 2035// 2002//
f 2036// 2037// 2038//
f 2017// 2039// 2015//
f 2015// 2039// 2040//
f 2015// 2040// 2019//
f 2019// 2040// 2008//
f 2019// 2008// 2021//
f 2021// 2008// 2006//
f 2041// 2042// 2043//
f 2036// 2038// 2044//
f 2018// 2045// 2019//
f 2019// 2045// 2046//
f 2019// 2046// 2047//
f 2048// 2049// 2025//
f 2025// 2049// 2050//
f 2025// 2050// 2051//
f 2052// 2011// 2053//
f 2041// 2043// 2010//
f 2038// 2054// 2044//
f 2044// 2054// 2052//
f 2044// 2052// 2055//
f 2055// 2052// 2053//
f 2051// 2056// 2025//
f 2025// 2056// 2057//
f 2025// 2057// 2026//
f 2043// 2058// 2010//
f 2010// 2058// 2059//
f 2010// 2059// 2011//
f 2011// 2059// 2060//
f 2011// 2060// 2053//
f 2061// 2062// 2063//
f 2063// 2062// 2064//
f 2065// 2066// 1829//
f 2067// 2068// 2069//
f 2069// 2068// 2070//
f 2069// 2070// 2071//
f 2072// 2073// 1829//
f 1829// 2073// 2074//
f 2071// 2075// 2069//
f 2069// 2075// 2076//
f 2069// 2076// 2077//
f 2077// 2076// 2078//
f 2077// 2078// 2065//
f 2079// 2080// 2066//
f 2066// 2080// 2081//
f 2066// 2081// 1829//
f 1829// 2081// 2082//
f 1829// 2082// 2072//
f 2074// 2083// 1829//
f 1829// 2083// 2084//
f 1829// 2084// 1827//
f 2085// 2086// 2087//
f 2087// 2086// 2088//
f 2087// 2088// 2089//
f 2087// 2090// 2085//
f 2085// 2090// 2091//
f 2085// 2091// 2092//
f 2092// 2093// 2085//
f 2085// 2093// 2094//
f 2085// 2094// 2095//
f 2095// 2094// 2096//
f 2095// 2096// 2097//
f 2097// 2096// 2098//
f 2097// 2098// 2066//
f 2066// 2098// 2099//
f 2066// 2099// 2079//
f 2100// 2101// 2089//
f 2089// 2101// 2102//
f 2089// 2102// 2087//
f 2103// 2104// 2042//
f 2042// 2104// 2105//
f 2042// 2105// 2043//
f 2103// 2106// 2104//
f 2104// 2106// 2107//
f 2104// 2107// 2108//
f 2108// 2107// 2109//
f 2108// 2110// 2111//
f 2109// 2112// 2108//
f 2108// 2112// 2113//
f 2108// 2113// 2114//
f 2114// 2115// 2108//
f 2108// 2115// 2116//
f 2108// 2116// 2110//
f 2111// 2117// 2108//
f 2108// 2117// 2118//
f 2108// 2118// 2119//
f 2120// 2121// 2122//
f 2122// 2121// 2123//
f 2122// 2123// 2124//
f 2121// 2125// 2123//
f 2123// 2125// 2126//
f 2123// 2126// 2127//
f 2127// 2126// 2128//
f 2127// 2128// 2129//
f 2129// 2128// 2130//
f 2129// 2130// 2131//
f 2131// 2130// 2132//
f 2131// 2132// 2133//
f 2134// 2135// 2136//
f 2136// 2135// 2137//
f 2137// 2135// 2138//
f 2138// 2135// 2139//
f 2138// 2139// 2140//
f 2140// 2139// 2141//
f 2140// 2141// 2142//
f 2143// 2144// 2127//
f 2145// 2146// 2129//
f 2144// 2147// 2127//
f 2127// 2147// 2148//
f 2127// 2148// 2141//
f 2141// 2148// 2149//
f 2141// 2149// 2142//
f 2145// 2129// 2150//
f 2136// 2151// 2134//
f 2134// 2151// 2152//
f 2134// 2152// 2129//
f 2129// 2152// 2153//
f 2129// 2153// 2150//
f 2146// 2154// 2129//
f 2129// 2154// 2155//
f 2129// 2155// 2127//
f 2127// 2155// 2156//
f 2127// 2156// 2143//
f 2135// 2157// 2158//
f 2158// 2157// 2159//
f 2160// 2161// 2162//
f 2162// 2161// 2163//
f 2163// 2161// 2164//
f 2164// 2161// 2165//
f 2164// 2165// 2166//
f 2166// 2165// 2167//
f 2166// 2167// 1826//
f 1826// 2167// 2168//
f 1826// 2168// 1824//
f 2169// 2170// 2171//
f 2158// 2167// 2135//
f 2135// 2167// 2165//
f 2135// 2165// 2139//
f 2139// 2165// 2172//
f 2139// 2172// 2171//
f 2171// 2172// 2173//
f 2171// 2173// 2169//
f 2159// 2157// 2174//
f 2174// 2157// 2175//
f 2174// 2175// 2169//
f 2176// 2177// 2178//
f 2178// 2177// 2179//
f 2178// 2179// 2180//
f 1844// 1841// 1849//
f 1849// 1841// 1843//
f 1849// 1843// 2181//
f 2181// 1843// 2182//
f 2181// 2182// 2178//
f 2178// 2182// 2183//
f 2178// 2183// 2176//
f 2184// 2185// 2186//
f 2186// 2185// 2187//
f 2186// 2187// 2188//
f 2188// 2187// 2189//
f 2188// 2189// 2190//
f 2190// 2189// 2191//
f 2190// 2191// 2192//
f 2192// 2191// 2193//
f 2192// 2193// 2194//
f 2194// 2193// 2195//
f 2194// 2195// 2196//
f 2196// 2195// 2178//
f 2196// 2178// 2197//
f 2197// 2178// 2180//
f 2198// 2131// 2199//
f 2199// 2131// 2133//
f 2199// 2133// 2200//
f 2201// 2202// 2203//
f 2204// 2205// 2206//
f 2206// 2205// 2207//
f 2206// 2207// 2208//
f 2208// 2207// 2209//
f 2208// 2209// 2210//
f 2210// 2209// 2211//
f 2210// 2211// 2212//
f 2212// 2211// 2213//
f 2212// 2213// 2214//
f 2214// 2213// 2215//
f 2214// 2215// 2216//
f 2216// 2215// 2217//
f 2216// 2217// 2198//
f 2133// 2124// 2200//
f 2200// 2124// 2123//
f 2200// 2123// 2218//
f 2219// 2220// 1986//
f 2221// 2222// 2223//
f 1984// 1986// 1988//
f 1988// 1986// 2220//
f 1988// 2220// 2224//
f 2218// 1988// 2225//
f 2225// 1988// 2226//
f 2223// 2227// 2221//
f 2221// 2227// 2228//
f 2221// 2228// 2229//
f 2222// 2221// 2230//
f 2230// 2221// 2226//
f 2230// 2226// 2231//
f 2232// 2233// 2226//
f 2226// 2233// 2234//
f 2226// 2234// 2231//
f 2224// 2235// 1988//
f 1988// 2235// 2236//
f 1988// 2236// 2226//
f 2226// 2236// 2237//
f 2226// 2237// 2232//
f 2218// 2225// 2238//
f 2238// 2225// 2239//
f 2238// 2239// 2240//
f 2241// 2242// 2240//
f 2240// 2242// 2243//
f 2240// 2243// 2238//
f 2238// 2243// 2221//
f 2229// 2244// 2221//
f 2221// 2244// 2219//
f 2221// 2219// 2238//
f 2238// 2219// 1986//
f 2238// 1986// 2245//
f 2246// 2245// 2247//
f 2248// 2249// 2175//
f 2175// 2249// 2250//
f 2251// 2252// 2170//
f 2252// 2253// 2170//
f 2170// 2253// 2254//
f 2170// 2254// 2255//
f 2256// 2257// 2251//
f 2169// 2175// 2170//
f 2170// 2175// 2250//
f 2170// 2250// 2251//
f 2251// 2250// 2258//
f 2251// 2258// 2256//
f 2257// 2259// 2251//
f 2251// 2259// 2260//
f 2251// 2260// 2261//
f 2262// 2263// 2264//
f 2261// 2265// 2251//
f 2251// 2265// 2266//
f 2251// 2266// 2267//
f 2267// 2266// 2268//
f 2268// 2266// 2264//
f 2264// 2266// 2269//
f 2264// 2269// 2262//
f 2263// 2270// 2264//
f 2264// 2270// 2271//
f 2264// 2271// 2272//
f 2272// 2273// 2264//
f 2264// 2273// 2274//
f 2264// 2274// 2275//
f 2275// 2274// 2276//
f 1822// 2277// 2278//
f 2278// 2277// 2279//
f 2278// 2279// 2280//
f 1823// 2281// 2282//
f 2282// 2283// 1823//
f 1823// 2283// 2284//
f 1823// 2284// 1821//
f 2285// 2286// 2287//
f 2288// 2289// 2290//
f 2290// 2289// 2291//
f 2290// 2291// 1823//
f 1823// 2291// 2292//
f 1823// 2292// 2281//
f 2293// 2294// 2295//
f 2295// 2294// 2296//
f 2295// 2296// 2297//
f 2298// 2299// 2019//
f 2019// 2299// 2300//
f 2019// 2300// 2295//
f 2295// 2300// 2301//
f 2295// 2301// 2293//
f 2037// 2036// 2047//
f 2047// 2036// 2067//
f 2047// 2067// 2019//
f 2019// 2067// 2069//
f 2019// 2069// 2298//
f 2302// 2064// 2303//
f 2303// 2064// 2062//
f 2303// 2062// 2304//
f 2013// 2015// 2305//
f 2305// 2015// 2304//
f 2305// 2304// 2306//
f 2306// 2304// 2003//
f 2003// 2304// 2062//
f 2003// 2062// 2009//
f 2009// 2062// 2061//
f 2009// 2061// 2012//
f 2307// 2308// 2309//
f 1990// 1988// 2310//
f 2310// 1988// 2311//
f 2310// 2311// 2001//
f 2001// 2311// 2309//
f 2001// 2309// 2000//
f 2000// 2309// 2308//
f 2000// 2308// 2312//
f 2313// 2314// 2315//
f 2309// 2316// 2307//
f 2307// 2316// 2317//
f 2307// 2317// 2318//
f 2318// 2317// 2313//
f 2318// 2313// 2319//
f 2319// 2313// 2315//
f 2320// 2321// 1829//
f 1829// 2321// 2322//
f 2065// 1829// 2077//
f 2077// 1829// 2322//
f 2077// 2322// 2316//
f 2316// 2322// 2323//
f 2316// 2323// 2317//
f 2324// 2321// 2325//
f 2325// 2321// 2320//
f 2325// 2320// 2326//
f 2327// 2328// 2329//
f 2330// 2331// 2320//
f 2320// 2331// 2332//
f 2320// 2332// 2326//
f 2302// 2303// 1828//
f 1828// 2303// 2327//
f 1828// 2327// 1829//
f 1829// 2327// 2329//
f 1829// 2329// 2320//
f 2320// 2329// 2333//
f 2320// 2333// 2334//
f 2335// 2336// 2337//
f 2337// 2336// 2338//
f 2337// 2338// 2327//
f 2327// 2338// 2339//
f 2327// 2339// 2328//
f 2334// 2340// 2320//
f 2320// 2340// 2341//
f 2320// 2341// 2330//
f 2342// 2343// 2344//
f 2343// 2345// 2344//
f 2344// 2345// 2346//
f 2344// 2346// 2337//
f 2337// 2346// 2347//
f 2337// 2347// 2335//
f 2348// 2349// 2287//
f 2287// 2349// 2350//
f 2351// 2290// 1835//
f 2286// 2288// 2287//
f 2287// 2288// 2290//
f 2287// 2290// 2348//
f 2348// 2290// 2351//
f 2348// 2351// 2352//
f 1820// 2287// 1818//
f 1818// 2287// 2350//
f 1818// 2350// 1835//
f 1835// 2350// 2353//
f 1835// 2353// 2351//
f 2354// 2355// 2356//
f 2355// 2354// 2357//
f 2357// 2354// 1820//
f 2357// 1820// 2358//
f 2359// 2360// 2361//
f 2361// 2360// 2357//
f 2361// 2357// 2362//
f 2362// 2357// 2358//
f 2362// 2358// 2363//
f 2363// 2358// 2364//
f 1817// 2354// 1815//
f 1815// 2354// 2356//
f 1815// 2356// 1819//
f 1819// 2356// 2365//
f 1819// 2365// 1820//
f 1820// 2365// 2366//
f 1820// 2366// 2358//
f 1822// 2278// 1823//
f 1823// 2278// 2367//
f 1823// 2367// 2290//
f 2290// 2367// 1841//
f 2290// 1841// 1835//
f 1835// 1841// 1848//
f 1835// 1848// 1836//
f 1817// 2304// 2354//
f 2354// 2304// 2015//
f 2354// 2015// 1820//
f 1820// 2015// 2019//
f 1820// 2019// 2287//
f 2287// 2019// 2295//
f 2287// 2295// 2285//
f 2285// 2295// 2297//
f 2217// 2201// 2198//
f 2198// 2201// 2203//
f 2198// 2203// 2131//
f 2131// 2203// 2368//
f 2131// 2368// 2129//
f 2129// 2368// 2369//
f 2129// 2369// 2134//
f 2134// 2369// 2370//
f 2134// 2370// 2135//
f 2135// 2370// 2371//
f 2135// 2371// 2157//
f 2157// 2371// 2280//
f 2157// 2280// 2175//
f 2175// 2280// 2279//
f 2175// 2279// 2248//
f 2218// 2123// 1988//
f 1988// 2123// 2127//
f 1988// 2127// 2311//
f 2311// 2127// 2141//
f 2311// 2141// 2309//
f 2309// 2141// 2139//
f 2309// 2139// 2316//
f 2316// 2139// 2171//
f 2316// 2171// 2077//
f 2077// 2171// 2170//
f 2077// 2170// 2069//
f 2069// 2170// 2255//
f 2069// 2255// 2298//
f 2245// 1986// 2247//
f 2247// 1986// 1987//
f 2247// 1987// 2372//
f 2372// 1987// 2000//
f 2372// 2000// 2344//
f 2344// 2000// 2312//
f 2344// 2312// 2342//
f 2246// 2247// 2373//
f 2373// 2247// 2372//
f 2373// 2372// 2374//
f 2374// 2372// 2344//
f 2374// 2344// 2375//
f 2375// 2344// 2337//
f 2375// 2337// 2376//
f 2376// 2337// 2327//
f 2376// 2327// 2377//
f 2377// 2327// 2303//
f 2377// 2303// 2378//
f 2378// 2303// 2304//
f 2378// 2304// 2379//
f 2379// 2304// 1817//
f 2379// 1817// 2380//
f 2380// 1817// 1816//
f 2380// 1816// 1879//
f 1879// 1816// 1893//
f 1879// 1893// 1880//
f 2381// 2382// 2383//
f 2383// 2382// 2384//
f 2383// 2384// 2385//
f 2385// 2384// 2386//
f 2385// 2386// 2387//
f 2387// 2386// 2388//
f 2389// 2217// 2390//
f 2390// 2217// 2205//
f 2390// 2205// 2391//
f 2391// 2205// 2392//
f 2391// 2392// 2393//
f 2393// 2392// 2394//
f 2393// 2394// 2395//
f 2395// 2394// 2396//
f 2397// 2398// 2399//
f 2400// 2401// 2204//
f 2204// 2401// 2246//
f 2402// 2403// 2404//
f 2404// 2403// 2405//
f 2404// 2405// 2406//
f 2406// 2405// 2407//
f 2406// 2407// 2408//
f 2408// 2407// 2409//
f 2408// 2409// 2410//
f 2411// 2387// 2388//
f 2412// 2413// 1882//
f 1882// 2413// 2185//
f 2382// 2205// 2414//
f 2414// 2205// 2204//
f 2415// 2416// 2417//
f 2382// 2381// 2205//
f 2205// 2381// 2418//
f 2205// 2418// 2392//
f 2392// 2418// 2411//
f 2399// 2408// 2397//
f 2397// 2408// 2410//
f 2397// 2410// 2388//
f 2388// 2410// 2419//
f 2388// 2419// 2411//
f 2411// 2419// 2420//
f 2411// 2420// 2392//
f 2421// 2414// 2422//
f 2422// 2414// 2204//
f 2422// 2204// 2423//
f 2423// 2204// 2246//
f 2423// 2246// 2417//
f 2417// 2246// 1882//
f 2417// 1882// 2415//
f 2415// 1882// 2185//
f 2415// 2185// 2402//
f 2402// 2185// 2184//
f 2402// 2184// 2403//
f 2403// 2184// 2424//
f 2403// 2424// 2425//
f 2426// 2427// 2422//
f 2399// 2428// 2408//
f 2408// 2428// 2429//
f 2408// 2429// 2430//
f 2430// 2429// 2431//
f 2430// 2431// 2432//
f 2431// 2433// 2432//
f 2432// 2433// 2426//
f 2432// 2426// 2423//
f 2423// 2426// 2422//
f 2434// 2435// 2436//
f 2436// 2435// 2424//
f 2436// 2424// 2437//
f 2437// 2424// 2184//
f 2437// 2184// 2438//
f 2438// 2184// 2196//
f 2417// 2416// 2439//
f 2404// 2406// 2440//
f 2440// 2406// 2441//
f 2440// 2441// 2439//
f 2439// 2441// 2442//
f 2439// 2442// 2417//
f 2397// 2443// 2398//
f 2398// 2443// 2444//
f 2443// 2429// 2444//
f 2444// 2429// 2428//
f 2445// 2425// 2424//
f 2392// 2420// 2394//
f 2394// 2420// 2446//
f 2394// 2446// 2396//
f 2396// 2446// 2447//
f 2396// 2447// 2448//
f 2409// 2407// 2447//
f 2447// 2407// 2449//
f 2447// 2449// 2448//
f 2450// 2448// 2451//
f 2451// 2448// 2449//
f 2451// 2449// 2452//
f 2452// 2449// 2445//
f 2452// 2445// 2453//
f 2424// 2435// 2445//
f 2445// 2435// 2454//
f 2445// 2454// 2455//
f 2455// 2456// 2445//
f 2445// 2456// 2457//
f 2445// 2457// 2453//
f 2202// 2458// 2459//
f 2459// 2460// 2202//
f 2202// 2460// 2461//
f 2202// 2461// 1842//
f 1842// 2461// 2462//
f 1842// 2462// 2463//
f 2464// 2465// 2450//
f 2463// 2466// 1842//
f 1842// 2466// 2467//
f 1842// 2467// 2468//
f 2465// 2469// 2450//
f 2450// 2469// 2470//
f 2450// 2470// 2471//
f 2472// 2473// 2202//
f 2202// 2473// 2474//
f 2202// 2474// 2458//
f 2468// 2475// 1842//
f 1842// 2475// 2476//
f 1842// 2476// 2450//
f 2450// 2476// 2477//
f 2450// 2477// 2464//
f 2471// 2478// 2450//
f 2450// 2478// 2479//
f 2450// 2479// 2448//
f 2448// 2479// 2480//
f 2448// 2480// 2481//
f 2481// 2482// 2448//
f 2448// 2482// 2483//
f 2448// 2483// 2484//
f 2484// 2485// 2448//
f 2448// 2485// 2486//
f 2448// 2486// 2202//
f 2202// 2486// 2487//
f 2202// 2487// 2472//
f 2395// 2396// 2448//
f 2395// 2448// 2488//
f 2488// 2448// 2202//
f 2488// 2202// 2201//
f 2201// 2217// 2488//
f 2488// 2217// 2389//
f 2438// 2196// 2197//
f 2454// 2435// 2434//
f 2438// 2197// 2434//
f 2434// 2197// 2454//
f 2454// 2197// 2180//
f 2454// 2180// 2455//
f 2455// 2180// 2179//
f 2455// 2179// 2456//
f 2456// 2179// 2177//
f 2456// 2177// 2457//
f 2457// 2177// 2176//
f 2457// 2176// 2453//
f 2453// 2176// 2183//
f 2453// 2183// 2452//
f 2452// 2183// 2182//
f 2452// 2182// 2451//
f 2450// 2451// 1842//
f 1842// 2451// 2182//
f 2489// 2432// 2490//
f 2490// 2432// 2442//
f 2489// 2491// 2432//
f 2432// 2491// 2492//
f 2432// 2492// 2493//
f 2493// 2494// 2432//
f 2432// 2494// 2495//
f 2432// 2495// 2430//
f 2430// 2495// 2496//
f 2496// 2497// 2430//
f 2430// 2497// 2498//
f 2430// 2498// 2499//
f 2500// 2501// 2441//
f 2441// 2501// 2502//
f 2499// 2503// 2430//
f 2430// 2503// 2504//
f 2430// 2504// 2441//
f 2441// 2504// 2505//
f 2441// 2505// 2500//
f 2506// 2507// 2442//
f 2502// 2508// 2441//
f 2441// 2508// 2509//
f 2441// 2509// 2442//
f 2442// 2509// 2510//
f 2442// 2510// 2506//
f 2507// 2511// 2442//
f 2442// 2511// 2512//
f 2442// 2512// 2490//
f 2408// 2430// 2406//
f 2406// 2430// 2441//
f 2432// 2423// 2442//
f 2442// 2423// 2417//
f 2513// 2514// 2515//
f 2515// 2514// 2516//
f 2514// 2517// 2516//
f 2516// 2517// 2518//
f 2519// 2520// 2421//
f 2421// 2520// 2414//
f 2427// 2426// 2519//
f 2519// 2426// 2520//
f 2431// 2513// 2433//
f 2433// 2513// 2515//
f 2431// 2429// 2513//
f 2513// 2429// 2443//
f 2514// 2513// 2517//
f 2517// 2513// 2443//
f 2517// 2443// 2386//
f 2386// 2443// 2397//
f 2386// 2397// 2388//
f 2515// 2516// 2518//
f 2520// 2426// 2433//
f 2433// 2515// 2520//
f 2520// 2515// 2518//
f 2520// 2518// 2414//
f 2414// 2518// 2384//
f 2414// 2384// 2382//
f 2519// 2421// 2427//
f 2427// 2421// 2422//
f 2398// 2444// 2399//
f 2399// 2444// 2428//
f 2385// 2521// 2383//
f 2383// 2521// 2522//
f 2521// 2411// 2522//
f 2522// 2411// 2418//
f 2411// 2521// 2387//
f 2387// 2521// 2385//
f 2522// 2418// 2383//
f 2383// 2418// 2381//
f 2402// 2523// 2415//
f 2415// 2523// 2524//
f 2523// 2525// 2524//
f 2524// 2525// 2526//
f 2525// 2527// 2526//
f 2526// 2527// 2528//
f 2528// 2527// 2437//
f 2437// 2527// 2436//
f 2438// 2434// 2529//
f 2529// 2434// 2530//
f 2530// 2531// 2529//
f 2529// 2531// 2532//
f 2531// 2533// 2532//
f 2532// 2533// 2534//
f 2533// 2440// 2534//
f 2534// 2440// 2439//
f 2404// 2440// 2531//
f 2531// 2440// 2533//
f 2530// 2527// 2531//
f 2531// 2527// 2525//
f 2531// 2525// 2404//
f 2404// 2525// 2523//
f 2404// 2523// 2402//
f 2416// 2415// 2524//
f 2528// 2529// 2526//
f 2526// 2529// 2532//
f 2534// 2439// 2532//
f 2532// 2439// 2416//
f 2532// 2416// 2526//
f 2526// 2416// 2524//
f 2535// 2390// 2384//
f 2384// 2390// 2391//
f 2384// 2391// 2386//
f 2386// 2391// 2536//
f 2535// 2384// 2518//
f 2386// 2536// 2517//
f 2517// 2536// 2395//
f 2517// 2395// 2518//
f 2518// 2395// 2488//
f 2518// 2488// 2535//
f 2393// 2395// 2391//
f 2391// 2395// 2536//
f 2488// 2389// 2535//
f 2535// 2389// 2390//
f 2537// 2461// 2538//
f 2538// 2461// 2460//
f 2538// 2460// 2539//
f 2539// 2460// 2459//
f 2539// 2459// 2540//
f 2540// 2459// 2458//
f 2540// 2458// 2541//
f 2541// 2458// 2474//
f 2541// 2474// 2542//
f 2542// 2474// 2473//
f 2542// 2473// 2543//
f 2543// 2473// 2472//
f 2543// 2472// 2544//
f 2544// 2472// 2487//
f 2544// 2487// 2545//
f 2545// 2487// 2486//
f 2545// 2486// 2546//
f 2546// 2486// 2485//
f 2546// 2485// 2547//
f 2547// 2485// 2484//
f 2547// 2484// 2548//
f 2548// 2484// 2483//
f 2548// 2483// 2549//
f 2549// 2483// 2482//
f 2549// 2482// 2550//
f 2550// 2482// 2481//
f 2550// 2481// 2551//
f 2551// 2481// 2480//
f 2551// 2480// 2552//
f 2552// 2480// 2479//
f 2552// 2479// 2553//
f 2553// 2479// 2478//
f 2553// 2478// 2554//
f 2554// 2478// 2471//
f 2554// 2471// 2555//
f 2555// 2471// 2470//
f 2555// 2470// 2556//
f 2556// 2470// 2469//
f 2556// 2469// 2557//
f 2557// 2469// 2465//
f 2557// 2465// 2558//
f 2558// 2465// 2464//
f 2558// 2464// 2559//
f 2559// 2464// 2477//
f 2559// 2477// 2560//
f 2560// 2477// 2476//
f 2560// 2476// 2561//
f 2561// 2476// 2475//
f 2561// 2475// 2562//
f 2562// 2475// 2468//
f 2562// 2468// 2563//
f 2563// 2468// 2467//
f 2563// 2467// 2564//
f 2564// 2467// 2466//
f 2564// 2466// 2565//
f 2565// 2466// 2463//
f 2565// 2463// 2566//
f 2566// 2463// 2462//
f 2566// 2462// 2537//
f 2537// 2462// 2461//
f 2567// 2489// 2490//
f 2567// 2568// 2489//
f 2489// 2568// 2569//
f 2489// 2569// 2491//
f 2569// 2570// 2491//
f 2491// 2570// 2571//
f 2491// 2571// 2492//
f 2571// 2572// 2492//
f 2492// 2572// 2573//
f 2492// 2573// 2493//
f 2573// 2574// 2493//
f 2493// 2574// 2575//
f 2493// 2575// 2494//
f 2575// 2576// 2494//
f 2494// 2576// 2577//
f 2494// 2577// 2495//
f 2577// 2578// 2495//
f 2495// 2578// 2579//
f 2495// 2579// 2496//
f 2579// 2580// 2496//
f 2496// 2580// 2581//
f 2496// 2581// 2497//
f 2581// 2582// 2497//
f 2497// 2582// 2583//
f 2497// 2583// 2498//
f 2583// 2584// 2498//
f 2498// 2584// 2585//
f 2498// 2585// 2499//
f 2585// 2586// 2499//
f 2499// 2586// 2587//
f 2499// 2587// 2503//
f 2587// 2588// 2503//
f 2503// 2588// 2589//
f 2503// 2589// 2504//
f 2589// 2590// 2504//
f 2504// 2590// 2591//
f 2504// 2591// 2505//
f 2591// 2592// 2505//
f 2505// 2592// 2593//
f 2505// 2593// 2500//
f 2593// 2594// 2500//
f 2500// 2594// 2595//
f 2500// 2595// 2501//
f 2595// 2596// 2501//
f 2501// 2596// 2597//
f 2501// 2597// 2502//
f 2597// 2598// 2502//
f 2502// 2598// 2599//
f 2502// 2599// 2508//
f 2599// 2600// 2508//
f 2508// 2600// 2601//
f 2508// 2601// 2509//
f 2601// 2602// 2509//
f 2509// 2602// 2603//
f 2509// 2603// 2510//
f 2603// 2604// 2510//
f 2510// 2604// 2605//
f 2510// 2605// 2506//
f 2605// 2606// 2506//
f 2506// 2606// 2607//
f 2506// 2607// 2507//
f 2607// 2608// 2507//
f 2507// 2608// 2609//
f 2507// 2609// 2511//
f 2609// 2610// 2511//
f 2511// 2610// 2611//
f 2511// 2611// 2512//
f 2611// 2612// 2512//
f 2512// 2612// 2613//
f 2512// 2613// 2490//
f 2490// 2613// 2614//
f 2490// 2614// 2567//
f 2615// 2616// 2612//
f 2612// 2611// 2615//
f 2615// 2611// 2610//
f 2615// 2610// 2617//
f 2610// 2609// 2617//
f 2617// 2609// 2608//
f 2617// 2608// 2618//
f 2618// 2608// 2607//
f 2618// 2607// 2619//
f 2619// 2607// 2606//
f 2619// 2606// 2620//
f 2606// 2605// 2620//
f 2620// 2605// 2604//
f 2620// 2604// 2621//
f 2604// 2603// 2621//
f 2621// 2603// 2602//
f 2621// 2602// 2622//
f 2602// 2601// 2622//
f 2622// 2601// 2600//
f 2622// 2600// 2623//
f 2623// 2600// 2599//
f 2623// 2599// 2624//
f 2624// 2599// 2598//
f 2624// 2598// 2625//
f 2598// 2597// 2625//
f 2625// 2597// 2596//
f 2625// 2596// 2626//
f 2596// 2595// 2626//
f 2626// 2595// 2594//
f 2626// 2594// 2627//
f 2594// 2593// 2627//
f 2627// 2593// 2592//
f 2627// 2592// 2628//
f 2628// 2592// 2591//
f 2628// 2591// 2629//
f 2629// 2591// 2590//
f 2629// 2590// 2630//
f 2590// 2589// 2630//
f 2630// 2589// 2588//
f 2630// 2588// 2631//
f 2588// 2587// 2631//
f 2631// 2587// 2586//
f 2631// 2586// 2632//
f 2586// 2585// 2632//
f 2632// 2585// 2584//
f 2632// 2584// 2633//
f 2633// 2584// 2583//
f 2633// 2583// 2634//
f 2634// 2583// 2582//
f 2634// 2582// 2635//
f 2582// 2581// 2635//
f 2635// 2581// 2580//
f 2635// 2580// 2636//
f 2580// 2579// 2636//
f 2636// 2579// 2578//
f 2636// 2578// 2637//
f 2578// 2577// 2637//
f 2637// 2577// 2576//
f 2637// 2576// 2638//
f 2638// 2576// 2575//
f 2638// 2575// 2639//
f 2639// 2575// 2574//
f 2639// 2574// 2640//
f 2574// 2573// 2640//
f 2640// 2573// 2572//
f 2640// 2572// 2641//
f 2572// 2571// 2641//
f 2641// 2571// 2570//
f 2641// 2570// 2642//
f 2570// 2569// 2642//
f 2642// 2569// 2568//
f 2642// 2568// 2643//
f 2643// 2568// 2567//
f 2643// 2567// 2644//
f 2644// 2567// 2614//
f 2644// 2614// 2616//
f 2616// 2614// 2613//
f 2616// 2613// 2612//
f 2644// 2645// 2643//
f 2643// 2645// 2646//
f 2643// 2646// 2642//
f 2642// 2646// 2647//
f 2642// 2647// 2641//
f 2641// 2647// 2648//
f 2641// 2648// 2640//
f 2640// 2648// 2649//
f 2640// 2649// 2639//
f 2639// 2649// 2650//
f 2639// 2650// 2638//
f 2638// 2650// 2651//
f 2638// 2651// 2637//
f 2637// 2651// 2652//
f 2637// 2652// 2636//
f 2636// 2652// 2653//
f 2636// 2653// 2635//
f 2635// 2653// 2654//
f 2635// 2654// 2634//
f 2634// 2654// 2655//
f 2634// 2655// 2633//
f 2633// 2655// 2656//
f 2633// 2656// 2632//
f 2632// 2656// 2657//
f 2632// 2657// 2631//
f 2631// 2657// 2658//
f 2631// 2658// 2630//
f 2630// 2658// 2659//
f 2630// 2659// 2629//
f 2629// 2659// 2660//
f 2629// 2660// 2628//
f 2628// 2660// 2661//
f 2628// 2661// 2627//
f 2627// 2661// 2662//
f 2627// 2662// 2626//
f 2626// 2662// 2663//
f 2626// 2663// 2625//
f 2625// 2663// 2664//
f 2625// 2664// 2624//
f 2624// 2664// 2665//
f 2624// 2665// 2623//
f 2623// 2665// 2666//
f 2623// 2666// 2622//
f 2622// 2666// 2667//
f 2622// 2667// 2621//
f 2621// 2667// 2668//
f 2621// 2668// 2620//
f 2620// 2668// 2669//
f 2620// 2669// 2619//
f 2619// 2669// 2670//
f 2619// 2670// 2618//
f 2618// 2670// 2671//
f 2618// 2671// 2617//
f 2617// 2671// 2672//
f 2617// 2672// 2615//
f 2615// 2672// 2673//
f 2615// 2673// 2616//
f 2616// 2673// 2674//
f 2616// 2674// 2644//
f 2644// 2674// 2645//
f 2675// 2659// 2676//
f 2676// 2659// 2658//
f 2676// 2658// 2677//
f 2677// 2658// 2657//
f 2677// 2657// 2678//
f 2678// 2657// 2656//
f 2678// 2656// 2679//
f 2679// 2656// 2655//
f 2679// 2655// 2680//
f 2680// 2655// 2654//
f 2680// 2654// 2681//
f 2681// 2654// 2653//
f 2681// 2653// 2682//
f 2682// 2653// 2652//
f 2682// 2652// 2683//
f 2683// 2652// 2651//
f 2683// 2651// 2684//
f 2684// 2651// 2650//
f 2684// 2650// 2685//
f 2685// 2650// 2649//
f 2685// 2649// 2686//
f 2686// 2649// 2648//
f 2686// 2648// 2687//
f 2687// 2648// 2647//
f 2687// 2647// 2688//
f 2688// 2647// 2646//
f 2688// 2646// 2689//
f 2689// 2646// 2645//
f 2689// 2645// 2690//
f 2690// 2645// 2674//
f 2690// 2674// 2691//
f 2691// 2674// 2673//
f 2691// 2673// 2692//
f 2692// 2673// 2672//
f 2692// 2672// 2693//
f 2693// 2672// 2671//
f 2693// 2671// 2694//
f 2694// 2671// 2670//
f 2694// 2670// 2695//
f 2695// 2670// 2669//
f 2695// 2669// 2696//
f 2696// 2669// 2668//
f 2696// 2668// 2697//
f 2697// 2668// 2667//
f 2697// 2667// 2698//
f 2698// 2667// 2666//
f 2698// 2666// 2699//
f 2699// 2666// 2665//
f 2699// 2665// 2700//
f 2700// 2665// 2664//
f 2700// 2664// 2701//
f 2701// 2664// 2663//
f 2701// 2663// 2702//
f 2702// 2663// 2662//
f 2702// 2662// 2703//
f 2703// 2662// 2661//
f 2703// 2661// 2704//
f 2704// 2661// 2660//
f 2704// 2660// 2675//
f 2675// 2660// 2659//
f 2688// 2538// 2687//
f 2687// 2538// 2539//
f 2687// 2539// 2686//
f 2686// 2539// 2540//
f 2686// 2540// 2685//
f 2685// 2540// 2541//
f 2685// 2541// 2684//
f 2684// 2541// 2542//
f 2684// 2542// 2683//
f 2683// 2542// 2543//
f 2683// 2543// 2682//
f 2682// 2543// 2544//
f 2682// 2544// 2681//
f 2681// 2544// 2545//
f 2681// 2545// 2680//
f 2680// 2545// 2546//
f 2680// 2546// 2679//
f 2679// 2546// 2547//
f 2679// 2547// 2678//
f 2678// 2547// 2548//
f 2678// 2548// 2677//
f 2677// 2548// 2549//
f 2677// 2549// 2676//
f 2676// 2549// 2550//
f 2676// 2550// 2675//
f 2675// 2550// 2551//
f 2675// 2551// 2704//
f 2704// 2551// 2552//
f 2704// 2552// 2703//
f 2703// 2552// 2553//
f 2703// 2553// 2702//
f 2702// 2553// 2554//
f 2702// 2554// 2701//
f 2701// 2554// 2555//
f 2701// 2555// 2700//
f 2700// 2555// 2556//
f 2700// 2556// 2699//
f 2699// 2556// 2557//
f 2699// 2557// 2698//
f 2698// 2557// 2558//
f 2698// 2558// 2697//
f 2697// 2558// 2559//
f 2697// 2559// 2696//
f 2696// 2559// 2560//
f 2696// 2560// 2695//
f 2695// 2560// 2561//
f 2695// 2561// 2694//
f 2694// 2561// 2562//
f 2694// 2562// 2693//
f 2693// 2562// 2563//
f 2693// 2563// 2692//
f 2692// 2563// 2564//
f 2692// 2564// 2691//
f 2691// 2564// 2565//
f 2691// 2565// 2690//
f 2690// 2565// 2566//
f 2690// 2566// 2689//
f 2689// 2566// 2537//
f 2689// 2537// 2688//
f 2688// 2537// 2538//
f 2436// 2527// 2434//
f 2434// 2527// 2530//
f 2528// 2437// 2529//
f 2529// 2437// 2438//
f 2705// 2198// 2401//
f 2401// 2198// 2246//
f 2706// 2705// 2400//
f 2400// 2705// 2401//
f 2216// 2706// 2204//
f 2204// 2706// 2400//
f 2705// 2706// 2198//
f 2198// 2706// 2216//
f 1849// 2707// 1882//
f 1882// 2707// 2412//
f 2708// 2178// 2413//
f 2413// 2178// 2185//
f 2707// 2708// 2412//
f 2412// 2708// 2413//
f 2178// 2708// 1849//
f 1849// 2708// 2707//
f 2403// 2425// 2709//
f 2709// 2425// 2445//
f 2405// 2403// 2710//
f 2710// 2403// 2709//
f 2407// 2405// 2449//
f 2449// 2405// 2710//
f 2449// 2710// 2445//
f 2445// 2710// 2709//
f 2410// 2409// 2711//
f 2711// 2409// 2447//
f 2419// 2410// 2712//
f 2712// 2410// 2711//
f 2420// 2419// 2446//
f 2446// 2419// 2712//
f 2712// 2711// 2446//
f 2446// 2711// 2447//
usemtl 3
f 2713// 2714// 2348//
f 2348// 2714// 2349//
f 2715// 2713// 2352//
f 2352// 2713// 2348//
f 2716// 2715// 2351//
f 2351// 2715// 2352//
f 2717// 2716// 2353//
f 2353// 2716// 2351//
f 2718// 2717// 2350//
f 2350// 2717// 2353//
f 2714// 2718// 2349//
f 2349// 2718// 2350//
f 2716// 2717// 2715//
f 2715// 2717// 2718//
f 2715// 2718// 2713//
f 2713// 2718// 2714//
f 2719// 2720// 2255//
f 2255// 2720// 2298//
f 2255// 2254// 2719//
f 2719// 2254// 2253//
f 2719// 2253// 2721//
f 2721// 2253// 2252//
f 2721// 2252// 2722//
f 2723// 2722// 2251//
f 2251// 2722// 2252//
f 2723// 2251// 2267//
f 2723// 2267// 2724//
f 2724// 2267// 2268//
f 2724// 2268// 2725//
f 2725// 2268// 2264//
f 2725// 2264// 2726//
f 2726// 2264// 2275//
f 2726// 2275// 2727//
f 2727// 2275// 2276//
f 2727// 2276// 2728//
f 2728// 2276// 2274//
f 2728// 2274// 2729//
f 2729// 2274// 2273//
f 2729// 2273// 2730//
f 2730// 2273// 2272//
f 2730// 2272// 2731//
f 2731// 2272// 2271//
f 2731// 2271// 2732//
f 2732// 2271// 2270//
f 2732// 2270// 2733//
f 2733// 2270// 2263//
f 2733// 2263// 2734//
f 2734// 2263// 2262//
f 2734// 2262// 2735//
f 2735// 2262// 2269//
f 2735// 2269// 2736//
f 2736// 2269// 2266//
f 2736// 2266// 2737//
f 2737// 2266// 2265//
f 2737// 2265// 2738//
f 2738// 2265// 2261//
f 2738// 2261// 2739//
f 2739// 2261// 2260//
f 2739// 2260// 2740//
f 2740// 2260// 2259//
f 2740// 2259// 2741//
f 2741// 2259// 2257//
f 2741// 2257// 2742//
f 2742// 2257// 2256//
f 2742// 2256// 2743//
f 2743// 2256// 2258//
f 2743// 2258// 2744//
f 2744// 2258// 2250//
f 2744// 2250// 2745//
f 2746// 2745// 2249//
f 2249// 2745// 2250//
f 2277// 2747// 2279//
f 2279// 2747// 2748//
f 2279// 2748// 2248//
f 2248// 2748// 2746//
f 2248// 2746// 2249//
f 2747// 2277// 1822//
f 2747// 1822// 2749//
f 1822// 1821// 2749//
f 2749// 1821// 2284//
f 2749// 2284// 2750//
f 2750// 2284// 2283//
f 2750// 2283// 2751//
f 2751// 2283// 2282//
f 2751// 2282// 2752//
f 2752// 2282// 2281//
f 2752// 2281// 2753//
f 2753// 2281// 2292//
f 2753// 2292// 2754//
f 2292// 2291// 2754//
f 2754// 2291// 2289//
f 2754// 2289// 2755//
f 2755// 2289// 2288//
f 2755// 2288// 2756//
f 2756// 2288// 2286//
f 2756// 2286// 2757//
f 2757// 2286// 2285//
f 2757// 2285// 2758//
f 2285// 2297// 2758//
f 2758// 2297// 2296//
f 2758// 2296// 2759//
f 2759// 2296// 2294//
f 2759// 2294// 2760//
f 2298// 2720// 2761//
f 2760// 2294// 2293//
f 2760// 2293// 2762//
f 2762// 2293// 2301//
f 2762// 2301// 2763//
f 2763// 2301// 2300//
f 2763// 2300// 2761//
f 2761// 2300// 2299//
f 2761// 2299// 2298//
f 2739// 2740// 2749//
f 2735// 2736// 2753//
f 2753// 2736// 2752//
f 2749// 2740// 2747//
f 2756// 2734// 2755//
f 2755// 2734// 2735//
f 2755// 2735// 2754//
f 2754// 2735// 2753//
f 2740// 2741// 2747//
f 2747// 2741// 2742//
f 2747// 2742// 2748//
f 2748// 2742// 2743//
f 2748// 2743// 2746//
f 2746// 2743// 2744//
f 2746// 2744// 2745//
f 2722// 2723// 2721//
f 2721// 2723// 2724//
f 2721// 2724// 2719//
f 2719// 2724// 2725//
f 2719// 2725// 2720//
f 2720// 2725// 2726//
f 2720// 2726// 2761//
f 2761// 2726// 2727//
f 2761// 2727// 2763//
f 2763// 2727// 2728//
f 2763// 2728// 2762//
f 2762// 2728// 2729//
f 2762// 2729// 2760//
f 2760// 2729// 2730//
f 2760// 2730// 2759//
f 2759// 2730// 2731//
f 2759// 2731// 2758//
f 2758// 2731// 2757//
f 2757// 2731// 2732//
f 2757// 2732// 2756//
f 2756// 2732// 2733//
f 2756// 2733// 2734//
f 2736// 2737// 2752//
f 2752// 2737// 2738//
f 2752// 2738// 2751//
f 2751// 2738// 2739//
f 2751// 2739// 2750//
f 2750// 2739// 2749//
f 2764// 2765// 2165//
f 2165// 2765// 2172//
f 2160// 2766// 2161//
f 2161// 2766// 2764//
f 2161// 2764// 2165//
f 2767// 2766// 2162//
f 2162// 2766// 2160//
f 2164// 2768// 2163//
f 2163// 2768// 2767//
f 2163// 2767// 2162//
f 2769// 2768// 2166//
f 2166// 2768// 2164//
f 1825// 2770// 1826//
f 1826// 2770// 2769//
f 1826// 2769// 2166//
f 2771// 2770// 1824//
f 1824// 2770// 1825//
f 2167// 2772// 2168//
f 2168// 2772// 2771//
f 2168// 2771// 1824//
f 2773// 2772// 2158//
f 2158// 2772// 2167//
f 2174// 2774// 2159//
f 2159// 2774// 2773//
f 2159// 2773// 2158//
f 2775// 2774// 2169//
f 2169// 2774// 2174//
f 2172// 2765// 2173//
f 2173// 2765// 2775//
f 2173// 2775// 2169//
f 2775// 2765// 2764//
f 2764// 2766// 2775//
f 2775// 2766// 2767//
f 2775// 2767// 2774//
f 2772// 2773// 2771//
f 2771// 2773// 2774//
f 2771// 2774// 2770//
f 2770// 2774// 2767//
f 2770// 2767// 2769//
f 2769// 2767// 2768//
f 2776// 2777// 2778//
f 2778// 2777// 2779//
f 2778// 2779// 2780//
f 2780// 2779// 2781//
f 2780// 2781// 2782//
f 2782// 2781// 2783//
f 2782// 2783// 2784//
f 2784// 2783// 2785//
f 2784// 2785// 2786//
f 2786// 2785// 2787//
f 2786// 2787// 2788//
f 2787// 2789// 2788//
f 2788// 2789// 2790//
f 2788// 2790// 2791//
f 2791// 2790// 2792//
f 2791// 2792// 2793//
f 2793// 2792// 2794//
f 2793// 2794// 2795//
f 2795// 2794// 2796//
f 2795// 2796// 2797//
f 2797// 2796// 2798//
f 2797// 2798// 2799//
f 2799// 2798// 2800//
f 2799// 2800// 2801//
f 2801// 2800// 2802//
f 2801// 2802// 2803//
f 2803// 2802// 2804//
f 2803// 2804// 2805//
f 2805// 2804// 2806//
f 2805// 2806// 2807//
f 2807// 2806// 2808//
f 2807// 2808// 2809//
f 2809// 2808// 2810//
f 2809// 2810// 2776//
f 2776// 2810// 2811//
f 2776// 2811// 2777//
f 2782// 2784// 2140//
f 2140// 2784// 2138//
f 2147// 2776// 2778//
f 2782// 2140// 2142//
f 2782// 2142// 2780//
f 2780// 2142// 2149//
f 2780// 2149// 2778//
f 2778// 2149// 2148//
f 2778// 2148// 2147//
f 2776// 2147// 2144//
f 2776// 2144// 2809//
f 2809// 2144// 2143//
f 2809// 2143// 2807//
f 2807// 2143// 2156//
f 2807// 2156// 2805//
f 2805// 2156// 2155//
f 2805// 2155// 2803//
f 2803// 2155// 2154//
f 2803// 2154// 2801//
f 2801// 2154// 2146//
f 2801// 2146// 2799//
f 2799// 2146// 2145//
f 2799// 2145// 2797//
f 2797// 2145// 2150//
f 2797// 2150// 2795//
f 2136// 2788// 2791//
f 2795// 2150// 2153//
f 2795// 2153// 2793//
f 2793// 2153// 2152//
f 2793// 2152// 2791//
f 2791// 2152// 2151//
f 2791// 2151// 2136//
f 2786// 2788// 2137//
f 2137// 2788// 2136//
f 2784// 2786// 2138//
f 2138// 2786// 2137//
f 2789// 2787// 2812//
f 2812// 2787// 2813//
f 2787// 2785// 2813//
f 2813// 2785// 2814//
f 2785// 2783// 2814//
f 2814// 2783// 2815//
f 2811// 2816// 2817//
f 2811// 2817// 2777//
f 2777// 2817// 2818//
f 2777// 2818// 2779//
f 2779// 2818// 2819//
f 2779// 2819// 2781//
f 2781// 2819// 2815//
f 2781// 2815// 2783//
f 2804// 2820// 2821//
f 2804// 2821// 2806//
f 2806// 2821// 2822//
f 2806// 2822// 2808//
f 2808// 2822// 2823//
f 2808// 2823// 2810//
f 2810// 2823// 2816//
f 2810// 2816// 2811//
f 2796// 2824// 2825//
f 2796// 2825// 2798//
f 2798// 2825// 2826//
f 2798// 2826// 2800//
f 2800// 2826// 2827//
f 2800// 2827// 2802//
f 2802// 2827// 2820//
f 2802// 2820// 2804//
f 2789// 2812// 2828//
f 2789// 2828// 2790//
f 2790// 2828// 2829//
f 2790// 2829// 2792//
f 2792// 2829// 2830//
f 2792// 2830// 2794//
f 2794// 2830// 2824//
f 2794// 2824// 2796//
usemtl 2
f 2818// 2817// 2828//
f 2813// 2814// 2812//
f 2812// 2814// 2815//
f 2812// 2815// 2828//
f 2828// 2815// 2819//
f 2828// 2819// 2818//
f 2817// 2816// 2828//
f 2828// 2816// 2823//
f 2828// 2823// 2822//
f 2820// 2824// 2830//
f 2827// 2826// 2820//
f 2820// 2826// 2825//
f 2820// 2825// 2824//
f 2822// 2821// 2828//
f 2828// 2821// 2820//
f 2828// 2820// 2829//
f 2829// 2820// 2830//
usemtl 3
f 2831// 2832// 2833//
f 2833// 2832// 2834//
f 2835// 2836// 2831//
f 2831// 2836// 2837//
f 2831// 2837// 2832//
f 2832// 2837// 2838//
f 2835// 2839// 2836//
f 2836// 2839// 2840//
f 2836// 2840// 2841//
f 2841// 2840// 2842//
f 2841// 2842// 2843//
f 2843// 2844// 2841//
f 2841// 2844// 2833//
f 2841// 2833// 2845//
f 2845// 2833// 2834//
f 2845// 2834// 2846//
f 2841// 2845// 2133//
f 2133// 2845// 2124//
f 2836// 2841// 2132//
f 2132// 2841// 2133//
f 2128// 2837// 2130//
f 2130// 2837// 2836//
f 2130// 2836// 2132//
f 2838// 2837// 2126//
f 2126// 2837// 2128//
f 2832// 2838// 2125//
f 2125// 2838// 2126//
f 2120// 2834// 2121//
f 2121// 2834// 2832//
f 2121// 2832// 2125//
f 2846// 2834// 2122//
f 2122// 2834// 2120//
f 2845// 2846// 2124//
f 2124// 2846// 2122//
f 2831// 2833// 2847//
f 2847// 2833// 2848//
f 2833// 2844// 2848//
f 2848// 2844// 2849//
f 2842// 2850// 2851//
f 2842// 2851// 2843//
f 2843// 2851// 2849//
f 2843// 2849// 2844//
f 2842// 2840// 2850//
f 2850// 2840// 2852//
f 2835// 2853// 2854//
f 2835// 2854// 2839//
f 2839// 2854// 2852//
f 2839// 2852// 2840//
f 2835// 2831// 2853//
f 2853// 2831// 2847//
usemtl 2
f 2850// 2852// 2851//
f 2851// 2852// 2854//
f 2851// 2854// 2849//
f 2849// 2854// 2853//
f 2849// 2853// 2848//
f 2848// 2853// 2847//
usemtl 3
f 2855// 2856// 2357//
f 2357// 2856// 2355//
f 2857// 2855// 2360//
f 2360// 2855// 2357//
f 2858// 2857// 2359//
f 2359// 2857// 2360//
f 2859// 2858// 2361//
f 2361// 2858// 2359//
f 2860// 2859// 2362//
f 2362// 2859// 2361//
f 2861// 2860// 2363//
f 2363// 2860// 2362//
f 2862// 2861// 2364//
f 2364// 2861// 2363//
f 2863// 2862// 2358//
f 2358// 2862// 2364//
f 2864// 2863// 2366//
f 2366// 2863// 2358//
f 2865// 2864// 2365//
f 2365// 2864// 2366//
f 2866// 2865// 2356//
f 2356// 2865// 2365//
f 2856// 2866// 2355//
f 2355// 2866// 2356//
f 2866// 2856// 2855//
f 2855// 2857// 2866//
f 2866// 2857// 2858//
f 2866// 2858// 2865//
f 2863// 2864// 2862//
f 2862// 2864// 2865//
f 2862// 2865// 2861//
f 2861// 2865// 2858//
f 2861// 2858// 2860//
f 2860// 2858// 2859//
f 2867// 2868// 2869//
f 2870// 2871// 2868//
f 2868// 2871// 2872//
f 2868// 2872// 2869//
f 2869// 2872// 2873//
f 2874// 2875// 2876//
f 2877// 2872// 2878//
f 2878// 2872// 2879//
f 2878// 2879// 2880//
f 2880// 2879// 2881//
f 2880// 2881// 2882//
f 2882// 2881// 2883//
f 2882// 2883// 2884//
f 2884// 2883// 2885//
f 2884// 2885// 2886//
f 2886// 2885// 2887//
f 2886// 2887// 2888//
f 2888// 2887// 2889//
f 2888// 2889// 2890//
f 2890// 2889// 2891//
f 2890// 2891// 2892//
f 2892// 2891// 2893//
f 2892// 2893// 2894//
f 2894// 2893// 2895//
f 2894// 2895// 2896//
f 2896// 2895// 2897//
f 2869// 2898// 2867//
f 2867// 2898// 2899//
f 2867// 2899// 2900//
f 2900// 2899// 2901//
f 2900// 2901// 2902//
f 2902// 2901// 2903//
f 2902// 2903// 2904//
f 2904// 2903// 2905//
f 2904// 2905// 2906//
f 2906// 2905// 2907//
f 2906// 2907// 2908//
f 2908// 2907// 2909//
f 2908// 2909// 2910//
f 2910// 2909// 2911//
f 2910// 2911// 2912//
f 2912// 2911// 2913//
f 2912// 2913// 2914//
f 2914// 2913// 2915//
f 2876// 2875// 2916//
f 2916// 2875// 2917//
f 2916// 2917// 2918//
f 2876// 2919// 2874//
f 2874// 2919// 2920//
f 2874// 2920// 2921//
f 2921// 2920// 2922//
f 2921// 2922// 2923//
f 2923// 2922// 2924//
f 2923// 2924// 2877//
f 2877// 2924// 2925//
f 2877// 2925// 2872//
f 2872// 2925// 2926//
f 2872// 2926// 2873//
f 2917// 2927// 2918//
f 2918// 2927// 2928//
f 2918// 2928// 2929//
f 2929// 2928// 2930//
f 2929// 2930// 2931//
f 2931// 2930// 2932//
f 2931// 2932// 2933//
f 2933// 2932// 2934//
f 2933// 2934// 2915//
f 2915// 2934// 2935//
f 2915// 2935// 2914//
f 2891// 2045// 2018//
f 2891// 2018// 2893//
f 2893// 2018// 2020//
f 2893// 2020// 2895//
f 2895// 2020// 2021//
f 2895// 2021// 2897//
f 2896// 2897// 2006//
f 2006// 2897// 2021//
f 2896// 2006// 2024//
f 2896// 2024// 2894//
f 2894// 2024// 2028//
f 2894// 2028// 2892//
f 2892// 2028// 2027//
f 2892// 2027// 2890//
f 2890// 2027// 2026//
f 2890// 2026// 2888//
f 2888// 2026// 2057//
f 2888// 2057// 2886//
f 2886// 2057// 2056//
f 2886// 2056// 2884//
f 2884// 2056// 2051//
f 2884// 2051// 2882//
f 2882// 2051// 2050//
f 2882// 2050// 2880//
f 2880// 2050// 2049//
f 2880// 2049// 2878//
f 2878// 2049// 2048//
f 2878// 2048// 2877//
f 2923// 2877// 2025//
f 2025// 2877// 2048//
f 2923// 2025// 2023//
f 2923// 2023// 2921//
f 2921// 2023// 2022//
f 2921// 2022// 2874//
f 2874// 2022// 2005//
f 2874// 2005// 2875//
f 2875// 2005// 2007//
f 2875// 2007// 2917//
f 2917// 2007// 2008//
f 2917// 2008// 2927//
f 2927// 2008// 2040//
f 2927// 2040// 2928//
f 2928// 2040// 2039//
f 2928// 2039// 2930//
f 2930// 2039// 2017//
f 2930// 2017// 2932//
f 2932// 2017// 2016//
f 2932// 2016// 2934//
f 2934// 2016// 2033//
f 2934// 2033// 2935//
f 2935// 2033// 2032//
f 2935// 2032// 2914//
f 2306// 2908// 2305//
f 2305// 2908// 2910//
f 2305// 2910// 2013//
f 2013// 2910// 2912//
f 2013// 2912// 2014//
f 2014// 2912// 2914//
f 2014// 2914// 2032//
f 2906// 2908// 2003//
f 2003// 2908// 2306//
f 2003// 2002// 2906//
f 2906// 2002// 2035//
f 2906// 2035// 2904//
f 2904// 2035// 2034//
f 2904// 2034// 2902//
f 2902// 2034// 2031//
f 2902// 2031// 2900//
f 2900// 2031// 2030//
f 2900// 2030// 2867//
f 2868// 2867// 2029//
f 2029// 2867// 2030//
f 2870// 2868// 2004//
f 2004// 2868// 2029//
f 2871// 2870// 2009//
f 2009// 2870// 2004//
f 2872// 2871// 2011//
f 2011// 2871// 2009//
f 2872// 2011// 2052//
f 2872// 2052// 2879//
f 2879// 2052// 2054//
f 2879// 2054// 2881//
f 2881// 2054// 2038//
f 2881// 2038// 2883//
f 2883// 2038// 2037//
f 2883// 2037// 2885//
f 2885// 2037// 2047//
f 2885// 2047// 2887//
f 2887// 2047// 2046//
f 2887// 2046// 2889//
f 2889// 2046// 2045//
f 2889// 2045// 2891//
f 2919// 2936// 2937//
f 2919// 2937// 2920//
f 2920// 2937// 2938//
f 2920// 2938// 2922//
f 2922// 2938// 2939//
f 2922// 2939// 2924//
f 2929// 2940// 2941//
f 2929// 2941// 2918//
f 2918// 2941// 2942//
f 2918// 2942// 2916//
f 2916// 2942// 2943//
f 2916// 2943// 2876//
f 2876// 2943// 2936//
f 2876// 2936// 2919//
f 2913// 2944// 2945//
f 2913// 2945// 2915//
f 2915// 2945// 2946//
f 2915// 2946// 2933//
f 2933// 2946// 2947//
f 2933// 2947// 2931//
f 2931// 2947// 2940//
f 2931// 2940// 2929//
f 2907// 2948// 2949//
f 2907// 2949// 2909//
f 2909// 2949// 2950//
f 2909// 2950// 2911//
f 2911// 2950// 2944//
f 2911// 2944// 2913//
f 2899// 2951// 2952//
f 2899// 2952// 2901//
f 2901// 2952// 2953//
f 2901// 2953// 2903//
f 2903// 2953// 2954//
f 2903// 2954// 2905//
f 2905// 2954// 2948//
f 2905// 2948// 2907//
f 2926// 2955// 2956//
f 2926// 2956// 2873//
f 2873// 2956// 2957//
f 2873// 2957// 2869//
f 2869// 2957// 2958//
f 2869// 2958// 2898//
f 2898// 2958// 2951//
f 2898// 2951// 2899//
f 2926// 2925// 2955//
f 2955// 2925// 2959//
f 2925// 2924// 2959//
f 2959// 2924// 2939//
usemtl 2
f 2956// 2955// 2936//
f 2955// 2959// 2939//
f 2939// 2938// 2955//
f 2955// 2938// 2937//
f 2955// 2937// 2936//
f 2956// 2936// 2957//
f 2957// 2936// 2943//
f 2957// 2943// 2958//
f 2945// 2944// 2952//
f 2945// 2952// 2946//
f 2953// 2952// 2954//
f 2954// 2952// 2948//
f 2943// 2942// 2958//
f 2958// 2942// 2941//
f 2958// 2941// 2951//
f 2951// 2941// 2940//
f 2951// 2940// 2952//
f 2952// 2940// 2947//
f 2952// 2947// 2946//
f 2944// 2950// 2952//
f 2952// 2950// 2949//
f 2952// 2949// 2948//
usemtl 3
f 2010// 2960// 2961//
f 2962// 2106// 2103//
f 2962// 2103// 2963//
f 2963// 2103// 2042//
f 2963// 2042// 2961//
f 2961// 2042// 2041//
f 2961// 2041// 2010//
f 2964// 2960// 2012//
f 2012// 2960// 2010//
f 2965// 2964// 2061//
f 2061// 2964// 2012//
f 2302// 2966// 2064//
f 2064// 2966// 2965//
f 2064// 2965// 2063//
f 2063// 2965// 2061//
f 2967// 2966// 1828//
f 1828// 2966// 2302//
f 1828// 1827// 2967//
f 2967// 1827// 2084//
f 2967// 2084// 2968//
f 2968// 2084// 2083//
f 2968// 2083// 2969//
f 2969// 2083// 2074//
f 2969// 2074// 2970//
f 2970// 2074// 2073//
f 2970// 2073// 2971//
f 2971// 2073// 2072//
f 2971// 2072// 2972//
f 2972// 2072// 2082//
f 2972// 2082// 2973//
f 2973// 2082// 2081//
f 2973// 2081// 2974//
f 2974// 2081// 2080//
f 2974// 2080// 2975//
f 2975// 2080// 2079//
f 2975// 2079// 2976//
f 2976// 2079// 2099//
f 2976// 2099// 2977//
f 2977// 2099// 2098//
f 2977// 2098// 2978//
f 2978// 2098// 2096//
f 2978// 2096// 2979//
f 2979// 2096// 2094//
f 2979// 2094// 2980//
f 2980// 2094// 2093//
f 2980// 2093// 2981//
f 2981// 2093// 2092//
f 2981// 2092// 2982//
f 2982// 2092// 2091//
f 2982// 2091// 2983//
f 2983// 2091// 2090//
f 2983// 2090// 2984//
f 2984// 2090// 2087//
f 2984// 2087// 2985//
f 2985// 2087// 2102//
f 2985// 2102// 2986//
f 2986// 2102// 2101//
f 2986// 2101// 2987//
f 2987// 2101// 2100//
f 2987// 2100// 2988//
f 2988// 2100// 2089//
f 2988// 2089// 2989//
f 2989// 2089// 2088//
f 2989// 2088// 2990//
f 2990// 2088// 2086//
f 2990// 2086// 2991//
f 2991// 2086// 2085//
f 2991// 2085// 2992//
f 2992// 2085// 2095//
f 2992// 2095// 2993//
f 2993// 2095// 2097//
f 2993// 2097// 2994//
f 2994// 2097// 2066//
f 2994// 2066// 2995//
f 2996// 2995// 2065//
f 2065// 2995// 2066//
f 2996// 2065// 2078//
f 2996// 2078// 2997//
f 2997// 2078// 2076//
f 2997// 2076// 2998//
f 2998// 2076// 2075//
f 2998// 2075// 2999//
f 2999// 2075// 2071//
f 2999// 2071// 3000//
f 3000// 2071// 2070//
f 3000// 2070// 3001//
f 3002// 3001// 2068//
f 2068// 3001// 2070//
f 2068// 2067// 3002//
f 3002// 2067// 2036//
f 3002// 2036// 3003//
f 3003// 2036// 2044//
f 3003// 2044// 3004//
f 3004// 2044// 2055//
f 3004// 2055// 3005//
f 3005// 2055// 2053//
f 3005// 2053// 3006//
f 3006// 2053// 2060//
f 3006// 2060// 3007//
f 3007// 2060// 2059//
f 3007// 2059// 3008//
f 2104// 3009// 3010//
f 3008// 2059// 2058//
f 3008// 2058// 3011//
f 3011// 2058// 2043//
f 3011// 2043// 3010//
f 3010// 2043// 2105//
f 3010// 2105// 2104//
f 3009// 2104// 2108//
f 3009// 2108// 3012//
f 3012// 2108// 2119//
f 3012// 2119// 3013//
f 3013// 2119// 2118//
f 3013// 2118// 3014//
f 3014// 2118// 2117//
f 3014// 2117// 3015//
f 3015// 2117// 2111//
f 3015// 2111// 3016//
f 3016// 2111// 2110//
f 3016// 2110// 3017//
f 3017// 2110// 2116//
f 3017// 2116// 3018//
f 3018// 2116// 2115//
f 3018// 2115// 3019//
f 3019// 2115// 2114//
f 3019// 2114// 3020//
f 3020// 2114// 2113//
f 3020// 2113// 3021//
f 3021// 2113// 2112//
f 3021// 2112// 3022//
f 3022// 2112// 2109//
f 3022// 2109// 3023//
f 3023// 2109// 2107//
f 3023// 2107// 3024//
f 3024// 2107// 2106//
f 3024// 2106// 2962//
f 2988// 2989// 3000//
f 3000// 2989// 2999//
f 3012// 2979// 3009//
f 3009// 2979// 2980//
f 2968// 2969// 3020//
f 3020// 2969// 2970//
f 3020// 2970// 3019//
f 3019// 2970// 2971//
f 3019// 2971// 3018//
f 3018// 2971// 2972//
f 3018// 2972// 3017//
f 3017// 2972// 2973//
f 3017// 2973// 3016//
f 3016// 2973// 2974//
f 3016// 2974// 3015//
f 3015// 2974// 2975//
f 3015// 2975// 3014//
f 3014// 2975// 2976//
f 3014// 2976// 3013//
f 3013// 2976// 2977//
f 3013// 2977// 3012//
f 3012// 2977// 2978//
f 3012// 2978// 2979//
f 2966// 2962// 2965//
f 2965// 2962// 2963//
f 2965// 2963// 2964//
f 2964// 2963// 2961//
f 2964// 2961// 2960//
f 2989// 2990// 2999//
f 2999// 2990// 2991//
f 2999// 2991// 2998//
f 2998// 2991// 2992//
f 2998// 2992// 2997//
f 2997// 2992// 2993//
f 2997// 2993// 2996//
f 2996// 2993// 2994//
f 2996// 2994// 2995//
f 3020// 3021// 2968//
f 2968// 3021// 3022//
f 2968// 3022// 2967//
f 2967// 3022// 3023//
f 2967// 3023// 2966//
f 2966// 3023// 3024//
f 2966// 3024// 2962//
f 3000// 3001// 2988//
f 2988// 3001// 3002//
f 2988// 3002// 2987//
f 2987// 3002// 3003//
f 2987// 3003// 2986//
f 2986// 3003// 3004//
f 2986// 3004// 2985//
f 2985// 3004// 3005//
f 2985// 3005// 2984//
f 2984// 3005// 3006//
f 2984// 3006// 2983//
f 2983// 3006// 3007//
f 2983// 3007// 2982//
f 2982// 3007// 3008//
f 2982// 3008// 2981//
f 2981// 3008// 3011//
f 2981// 3011// 2980//
f 2980// 3011// 3010//
f 2980// 3010// 3009//
f 3025// 3026// 2307//
f 2307// 3026// 2308//
f 3027// 3025// 2318//
f 2318// 3025// 2307//
f 3027// 2318// 2319//
f 3027// 2319// 3028//
f 3028// 2319// 2315//
f 3028// 2315// 3029//
f 3030// 3029// 2314//
f 2314// 3029// 2315//
f 3031// 3030// 2313//
f 2313// 3030// 2314//
f 2323// 3032// 2317//
f 2317// 3032// 3031//
f 2317// 3031// 2313//
f 3033// 3032// 2322//
f 2322// 3032// 2323//
f 2324// 3034// 2321//
f 2321// 3034// 3033//
f 2321// 3033// 2322//
f 2326// 3035// 2325//
f 2325// 3035// 3034//
f 2325// 3034// 2324//
f 3035// 2326// 3036//
f 3036// 2326// 2332//
f 2332// 2331// 3036//
f 3036// 2331// 2330//
f 3036// 2330// 3037//
f 3037// 2330// 2341//
f 3037// 2341// 3038//
f 3038// 2341// 2340//
f 3038// 2340// 3039//
f 3039// 2340// 2334//
f 3039// 2334// 3040//
f 3040// 2334// 2333//
f 3040// 2333// 3041//
f 3041// 2333// 2329//
f 3041// 2329// 3042//
f 3043// 3042// 2328//
f 2328// 3042// 2329//
f 3043// 2328// 2339//
f 3043// 2339// 3044//
f 3044// 2339// 2338//
f 3044// 2338// 3045//
f 3045// 2338// 2336//
f 3045// 2336// 3046//
f 3046// 2336// 2335//
f 3046// 2335// 3047//
f 2335// 2347// 3047//
f 3047// 2347// 2346//
f 3047// 2346// 3048//
f 3048// 2346// 2345//
f 3048// 2345// 3049//
f 3049// 2345// 2343//
f 3049// 2343// 3050//
f 3050// 2343// 2342//
f 3050// 2342// 3051//
f 2308// 3026// 2312//
f 2312// 3026// 3051//
f 2312// 3051// 2342//
f 3028// 3029// 3051//
f 3026// 3025// 3051//
f 3051// 3025// 3027//
f 3051// 3027// 3028//
f 3032// 3033// 3031//
f 3031// 3033// 3034//
f 3031// 3034// 3030//
f 3042// 3043// 3041//
f 3041// 3043// 3044//
f 3041// 3044// 3040//
f 3040// 3044// 3045//
f 3040// 3045// 3039//
f 3039// 3045// 3046//
f 3039// 3046// 3038//
f 3038// 3046// 3047//
f 3038// 3047// 3037//
f 3029// 3030// 3051//
f 3051// 3030// 3034//
f 3051// 3034// 3050//
f 3034// 3035// 3050//
f 3050// 3035// 3036//
f 3050// 3036// 3049//
f 3049// 3036// 3037//
f 3049// 3037// 3048//
f 3048// 3037// 3047//
f 3052// 3053// 1984//
f 1984// 3053// 1985//
f 1991// 3054// 1992//
f 1992// 3054// 3052//
f 1992// 3052// 1984//
f 3055// 3054// 1993//
f 1993// 3054// 1991//
f 1995// 3056// 1994//
f 1994// 3056// 3055//
f 1994// 3055// 1993//
f 3057// 3056// 1996//
f 1996// 3056// 1995//
f 1831// 3058// 1832//
f 1832// 3058// 3057//
f 1832// 3057// 1996//
f 3059// 3058// 1830//
f 1830// 3058// 1831//
f 1989// 3060// 1997//
f 1997// 3060// 3059//
f 1997// 3059// 1830//
f 3061// 3060// 1990//
f 1990// 3060// 1989//
f 2001// 3062// 2310//
f 2310// 3062// 3061//
f 2310// 3061// 1990//
f 3063// 3062// 1999//
f 1999// 3062// 2001//
f 1985// 3053// 1998//
f 1998// 3053// 3063//
f 1998// 3063// 1999//
f 3063// 3053// 3052//
f 3052// 3054// 3063//
f 3063// 3054// 3055//
f 3063// 3055// 3062//
f 3060// 3061// 3059//
f 3059// 3061// 3062//
f 3059// 3062// 3058//
f 3058// 3062// 3055//
f 3058// 3055// 3057//
f 3057// 3055// 3056//
f 3064// 3065// 3066//
f 3066// 3065// 3067//
f 3066// 3067// 3068//
f 3068// 3067// 3069//
f 3068// 3069// 3070//
f 3070// 3069// 3071//
f 3070// 3071// 3072//
f 3072// 3071// 3073//
f 3072// 3073// 3074//
f 3074// 3073// 3075//
f 3074// 3075// 3076//
f 3075// 3077// 3076//
f 3076// 3077// 3078//
f 3076// 3078// 3079//
f 3079// 3078// 3080//
f 3079// 3080// 3081//
f 3081// 3080// 3082//
f 3081// 3082// 3083//
f 3083// 3082// 3084//
f 3083// 3084// 3085//
f 3085// 3084// 3086//
f 3085// 3086// 3087//
f 3087// 3086// 3088//
f 3087// 3088// 3089//
f 3089// 3088// 3090//
f 3089// 3090// 3091//
f 3091// 3090// 3092//
f 3091// 3092// 3093//
f 3093// 3092// 3094//
f 3093// 3094// 3095//
f 3095// 3094// 3096//
f 3095// 3096// 3097//
f 3097// 3096// 3098//
f 3097// 3098// 3064//
f 3064// 3098// 3099//
f 3064// 3099// 3065//
f 3070// 3072// 2219//
f 2219// 3072// 2220//
f 3070// 2219// 2244//
f 3070// 2244// 3068//
f 3068// 2244// 2229//
f 3068// 2229// 3066//
f 3066// 2229// 2228//
f 3066// 2228// 3064//
f 3064// 2228// 2227//
f 3064// 2227// 3097//
f 3097// 2227// 2223//
f 3097// 2223// 3095//
f 3095// 2223// 2222//
f 3095// 2222// 3093//
f 3093// 2222// 2230//
f 3093// 2230// 3091//
f 3091// 2230// 2231//
f 3091// 2231// 3089//
f 3089// 2231// 2234//
f 3089// 2234// 3087//
f 3087// 2234// 2233//
f 3087// 2233// 3085//
f 3085// 2233// 2232//
f 3085// 2232// 3083//
f 3083// 2232// 2237//
f 3083// 2237// 3081//
f 3081// 2237// 2236//
f 3081// 2236// 3079//
f 3079// 2236// 2235//
f 3079// 2235// 3076//
f 3074// 3076// 2224//
f 2224// 3076// 2235//
f 3072// 3074// 2220//
f 2220// 3074// 2224//
f 3077// 3075// 3100//
f 3100// 3075// 3101//
f 3075// 3073// 3101//
f 3101// 3073// 3102//
f 3073// 3071// 3102//
f 3102// 3071// 3103//
f 3099// 3104// 3105//
f 3099// 3105// 3065//
f 3065// 3105// 3106//
f 3065// 3106// 3067//
f 3067// 3106// 3107//
f 3067// 3107// 3069//
f 3069// 3107// 3103//
f 3069// 3103// 3071//
f 3092// 3108// 3109//
f 3092// 3109// 3094//
f 3094// 3109// 3110//
f 3094// 3110// 3096//
f 3096// 3110// 3111//
f 3096// 3111// 3098//
f 3098// 3111// 3104//
f 3098// 3104// 3099//
f 3084// 3112// 3113//
f 3084// 3113// 3086//
f 3086// 3113// 3114//
f 3086// 3114// 3088//
f 3088// 3114// 3115//
f 3088// 3115// 3090//
f 3090// 3115// 3108//
f 3090// 3108// 3092//
f 3077// 3100// 3116//
f 3077// 3116// 3078//
f 3078// 3116// 3117//
f 3078// 3117// 3080//
f 3080// 3117// 3118//
f 3080// 3118// 3082//
f 3082// 3118// 3112//
f 3082// 3112// 3084//
usemtl 2
f 3106// 3105// 3116//
f 3101// 3102// 3100//
f 3100// 3102// 3103//
f 3100// 3103// 3116//
f 3116// 3103// 3107//
f 3116// 3107// 3106//
f 3105// 3104// 3116//
f 3116// 3104// 3111//
f 3116// 3111// 3110//
f 3108// 3112// 3118//
f 3115// 3114// 3108//
f 3108// 3114// 3113//
f 3108// 3113// 3112//
f 3110// 3109// 3116//
f 3116// 3109// 3108//
f 3116// 3108// 3117//
f 3117// 3108// 3118//
usemtl 3
f 3119// 3120// 3121//
f 3121// 3120// 3122//
f 3123// 3124// 3119//
f 3119// 3124// 3125//
f 3119// 3125// 3120//
f 3120// 3125// 3126//
f 3123// 3127// 3124//
f 3124// 3127// 3128//
f 3124// 3128// 3129//
f 3129// 3128// 3130//
f 3129// 3130// 3131//
f 3131// 3132// 3129//
f 3129// 3132// 3121//
f 3129// 3121// 3133//
f 3133// 3121// 3122//
f 3133// 3122// 3134//
f 3129// 3133// 2225//
f 2225// 3133// 2239//
f 3124// 3129// 2226//
f 2226// 3129// 2225//
f 3125// 3124// 2221//
f 2221// 3124// 2226//
f 3126// 3125// 2243//
f 2243// 3125// 2221//
f 3120// 3126// 2242//
f 2242// 3126// 2243//
f 3122// 3120// 2241//
f 2241// 3120// 2242//
f 3134// 3122// 2240//
f 2240// 3122// 2241//
f 3133// 3134// 2239//
f 2239// 3134// 2240//
f 3119// 3121// 3135//
f 3135// 3121// 3136//
f 3121// 3132// 3136//
f 3136// 3132// 3137//
f 3130// 3138// 3139//
f 3130// 3139// 3131//
f 3131// 3139// 3137//
f 3131// 3137// 3132//
f 3130// 3128// 3138//
f 3138// 3128// 3140//
f 3123// 3141// 3142//
f 3123// 3142// 3127//
f 3127// 3142// 3140//
f 3127// 3140// 3128//
f 3123// 3119// 3141//
f 3141// 3119// 3135//
usemtl 2
f 3138// 3140// 3139//
f 3139// 3140// 3142//
f 3139// 3142// 3137//
f 3137// 3142// 3141//
f 3137// 3141// 3136//
f 3136// 3141// 3135//
usemtl 3
f 3143// 3144// 3145//
f 3146// 3147// 3148//
f 3149// 3150// 3151//
f 3152// 3153// 3154//
f 3155// 3156// 3145//
f 3145// 3156// 3157//
f 3145// 3157// 3143//
f 3148// 3147// 3158//
f 3159// 3160// 3161//
f 3161// 3160// 3162//
f 3161// 3162// 3163//
f 3163// 3162// 3164//
f 3163// 3164// 3151//
f 3151// 3164// 3165//
f 3151// 3165// 3149//
f 3166// 3144// 3167//
f 3167// 3144// 3168//
f 3167// 3168// 3169//
f 3170// 3171// 3162//
f 3162// 3171// 3172//
f 3162// 3172// 3164//
f 3164// 3172// 3173//
f 3164// 3173// 3174//
f 3175// 3176// 3177//
f 3177// 3176// 3178//
f 3177// 3178// 3179//
f 3179// 3178// 3180//
f 3179// 3180// 3181//
f 3181// 3180// 3182//
f 3152// 3154// 3183//
f 3183// 3154// 3184//
f 3183// 3184// 3185//
f 3185// 3184// 3186//
f 3185// 3186// 3187//
f 3147// 3188// 3158//
f 3158// 3188// 3189//
f 3158// 3189// 3190//
f 3190// 3189// 3191//
f 3190// 3191// 3152//
f 3152// 3191// 3192//
f 3152// 3192// 3153//
f 3193// 3145// 3194//
f 3194// 3145// 3144//
f 3194// 3144// 3195//
f 3195// 3144// 3166//
f 3168// 3196// 3169//
f 3169// 3196// 3197//
f 3169// 3197// 3198//
f 3198// 3197// 3199//
f 3198// 3199// 3200//
f 3200// 3199// 3201//
f 3200// 3201// 3202//
f 3202// 3201// 3164//
f 3202// 3164// 3203//
f 3203// 3164// 3174//
f 3204// 3205// 3206//
f 3206// 3205// 3207//
f 3206// 3207// 3208//
f 3208// 3207// 3209//
f 3208// 3209// 3210//
f 3210// 3209// 3211//
f 3210// 3211// 3212//
f 3212// 3211// 3213//
f 3212// 3213// 3214//
f 3180// 3215// 3182//
f 3182// 3215// 3216//
f 3182// 3216// 3217//
f 3217// 3216// 3218//
f 3217// 3218// 3219//
f 3219// 3218// 3220//
f 3219// 3220// 3221//
f 3221// 3220// 3222//
f 3221// 3222// 3223//
f 3223// 3222// 3224//
f 3223// 3224// 3225//
f 3225// 3224// 3226//
f 3225// 3226// 3204//
f 3204// 3226// 3227//
f 3204// 3227// 3205//
f 3228// 3229// 3230//
f 3230// 3229// 3231//
f 3230// 3231// 3177//
f 3177// 3231// 3232//
f 3177// 3232// 3175//
f 3233// 3234// 3235//
f 3235// 3234// 3236//
f 3235// 3236// 3237//
f 3237// 3236// 3238//
f 3237// 3238// 3239//
f 3239// 3238// 3240//
f 3239// 3240// 3241//
f 3241// 3240// 3242//
f 3241// 3242// 3155//
f 3155// 3242// 3243//
f 3155// 3243// 3156//
f 3193// 3244// 3145//
f 3145// 3244// 3245//
f 3145// 3245// 3246//
f 3246// 3245// 3247//
f 3246// 3247// 3248//
f 3248// 3247// 3249//
f 3248// 3249// 3250//
f 3250// 3249// 3251//
f 3250// 3251// 3252//
f 3252// 3251// 3253//
f 3252// 3253// 3254//
f 3254// 3253// 3255//
f 3254// 3255// 3256//
f 3256// 3255// 3257//
f 3256// 3257// 3258//
f 3258// 3257// 3259//
f 3258// 3259// 3260//
f 3260// 3259// 3261//
f 3260// 3261// 3162//
f 3162// 3261// 3262//
f 3162// 3262// 3170//
f 3187// 3186// 3263//
f 3263// 3186// 3264//
f 3263// 3264// 3265//
f 3265// 3264// 3266//
f 3265// 3266// 3267//
f 3267// 3266// 3268//
f 3267// 3268// 3269//
f 3269// 3268// 3270//
f 3269// 3270// 3228//
f 3228// 3270// 3271//
f 3228// 3271// 3229//
f 3148// 3272// 3146//
f 3146// 3272// 3273//
f 3146// 3273// 3274//
f 3274// 3273// 3275//
f 3274// 3275// 3276//
f 3276// 3275// 3277//
f 3276// 3277// 3233//
f 3233// 3277// 3278//
f 3233// 3278// 3234//
f 3279// 3280// 3281//
f 3213// 3282// 3214//
f 3214// 3282// 3279//
f 3214// 3279// 3283//
f 3283// 3279// 3281//
f 3284// 3285// 3279//
f 3279// 3285// 3286//
f 3279// 3286// 3280//
f 3287// 3288// 3289//
f 3288// 3290// 3289//
f 3289// 3290// 3291//
f 3289// 3291// 3292//
f 3284// 3279// 3289//
f 3289// 3279// 3293//
f 3289// 3293// 3287//
f 3221// 1895// 1894//
f 3221// 1894// 3219//
f 3219// 1894// 1983//
f 3219// 1983// 3217//
f 1983// 1982// 3217//
f 3217// 1982// 1981//
f 3217// 1981// 3182//
f 1981// 1834// 3182//
f 3182// 1834// 1833//
f 3182// 1833// 3181//
f 3181// 1833// 1840//
f 3181// 1840// 3179//
f 3179// 1840// 1839//
f 3179// 1839// 3177//
f 3177// 1839// 1838//
f 3177// 1838// 3230//
f 3230// 1838// 1837//
f 3230// 1837// 3228//
f 3228// 1837// 1836//
f 3228// 1836// 3269//
f 1836// 1848// 3269//
f 3269// 1848// 1847//
f 3269// 1847// 3267//
f 3267// 1847// 1846//
f 3267// 1846// 3265//
f 1852// 3185// 1850//
f 1850// 3185// 3187//
f 1850// 3187// 1844//
f 1844// 3187// 3263//
f 1844// 3263// 1845//
f 1845// 3263// 3265//
f 1845// 3265// 1846//
f 3185// 1852// 1859//
f 3185// 1859// 3183//
f 3183// 1859// 1861//
f 3183// 1861// 3152//
f 3152// 1861// 1860//
f 3152// 1860// 3190//
f 3190// 1860// 1858//
f 3190// 1858// 3158//
f 3158// 1858// 1857//
f 3158// 1857// 3148//
f 3148// 1857// 1863//
f 3148// 1863// 3272//
f 3272// 1863// 1862//
f 3272// 1862// 3273//
f 3273// 1862// 1856//
f 3273// 1856// 3275//
f 1871// 3236// 3234//
f 3275// 1856// 1855//
f 3275// 1855// 3277//
f 3277// 1855// 1854//
f 3277// 1854// 3278//
f 1854// 1874// 3278//
f 3278// 1874// 1873//
f 3278// 1873// 3234//
f 3234// 1873// 1872//
f 3234// 1872// 1871//
f 3236// 1871// 1869//
f 3236// 1869// 3238//
f 3238// 1869// 1868//
f 3238// 1868// 3240//
f 3240// 1868// 1865//
f 3240// 1865// 3242//
f 3242// 1865// 1864//
f 3242// 1864// 3243//
f 3243// 1864// 1867//
f 3243// 1867// 3156//
f 3156// 1867// 1875//
f 3156// 1875// 3157//
f 3157// 1875// 1876//
f 3157// 1876// 3143//
f 1876// 1877// 3143//
f 3143// 1877// 1878//
f 3143// 1878// 3144//
f 3144// 1878// 1887//
f 3144// 1887// 3168//
f 3168// 1887// 1886//
f 3168// 1886// 3196//
f 1886// 1884// 3196//
f 3196// 1884// 1883//
f 3196// 1883// 3197//
f 3197// 1883// 1881//
f 3197// 1881// 3199//
f 1943// 3163// 3151//
f 3199// 1881// 1880//
f 3199// 1880// 3201//
f 3201// 1880// 1893//
f 3201// 1893// 3164//
f 1893// 1892// 3164//
f 3164// 1892// 1891//
f 3164// 1891// 3165//
f 3165// 1891// 1890//
f 3165// 1890// 3149//
f 3149// 1890// 1889//
f 3149// 1889// 3150//
f 3150// 1889// 1888//
f 3150// 1888// 3151//
f 3151// 1888// 1942//
f 3151// 1942// 1943//
f 3161// 3163// 1929//
f 1929// 3163// 1943//
f 3159// 3161// 1898//
f 1898// 3161// 1929//
f 3160// 3159// 1902//
f 1902// 3159// 1898//
f 3162// 3160// 1901//
f 1901// 3160// 1902//
f 3162// 1901// 1903//
f 3162// 1903// 3260//
f 3260// 1903// 1904//
f 3260// 1904// 3258//
f 3258// 1904// 1926//
f 3258// 1926// 3256//
f 3256// 1926// 1925//
f 3256// 1925// 3254//
f 3254// 1925// 1924//
f 3254// 1924// 3252//
f 3252// 1924// 1920//
f 3252// 1920// 3250//
f 3250// 1920// 1921//
f 3250// 1921// 3248//
f 3248// 1921// 1917//
f 3248// 1917// 3246//
f 3246// 1917// 1919//
f 3246// 1919// 3145//
f 3145// 1919// 1918//
f 3145// 1918// 3155//
f 3155// 1918// 1916//
f 3155// 1916// 3241//
f 3241// 1916// 1915//
f 3241// 1915// 3239//
f 3239// 1915// 1923//
f 3239// 1923// 3237//
f 3237// 1923// 1922//
f 3237// 1922// 3235//
f 3233// 3235// 1910//
f 1910// 3235// 1922//
f 1910// 1954// 3233//
f 3233// 1954// 1953//
f 3233// 1953// 3276//
f 3276// 1953// 1966//
f 3276// 1966// 3274//
f 1966// 1980// 3274//
f 3274// 1980// 1979//
f 3274// 1979// 3146//
f 3146// 1979// 1978//
f 3146// 1978// 3147//
f 3147// 1978// 1972//
f 3147// 1972// 3188//
f 3188// 1972// 1971//
f 3188// 1971// 3189//
f 3189// 1971// 1970//
f 3189// 1970// 3191//
f 3191// 1970// 1967//
f 3191// 1967// 3192//
f 3192// 1967// 1962//
f 3192// 1962// 3153//
f 3153// 1962// 1965//
f 3153// 1965// 3154//
f 3154// 1965// 1973//
f 3154// 1973// 3184//
f 3184// 1973// 1975//
f 3184// 1975// 3186//
f 3186// 1975// 1977//
f 3186// 1977// 3264//
f 3264// 1977// 1976//
f 3264// 1976// 3266//
f 1952// 3175// 1968//
f 1968// 3175// 3232//
f 1968// 3232// 1969//
f 1969// 3232// 3231//
f 1969// 3231// 1960//
f 1960// 3231// 3229//
f 1960// 3229// 1961//
f 1961// 3229// 3271//
f 1961// 3271// 1963//
f 1963// 3271// 3270//
f 1963// 3270// 1964//
f 1964// 3270// 3268//
f 1964// 3268// 1974//
f 1974// 3268// 3266//
f 1974// 3266// 1976//
f 3176// 3175// 1955//
f 1955// 3175// 1952//
f 3176// 1955// 1959//
f 3176// 1959// 3178//
f 3178// 1959// 1958//
f 3178// 1958// 3180//
f 3180// 1958// 1957//
f 3180// 1957// 3215//
f 3215// 1957// 1956//
f 3215// 1956// 3216//
f 3216// 1956// 1909//
f 3216// 1909// 3218//
f 1909// 1908// 3218//
f 3218// 1908// 1907//
f 3218// 1907// 3220//
f 3220// 1907// 1935//
f 3220// 1935// 3222//
f 3222// 1935// 1934//
f 3222// 1934// 3224//
f 3224// 1934// 1933//
f 3224// 1933// 3226//
f 3226// 1933// 1932//
f 3226// 1932// 3227//
f 3227// 1932// 1951//
f 3227// 1951// 3205//
f 3205// 1951// 1950//
f 3205// 1950// 3207//
f 3207// 1950// 1949//
f 3207// 1949// 3209//
f 3209// 1949// 1948//
f 3209// 1948// 3211//
f 3213// 3211// 1947//
f 1947// 3211// 1948//
f 3213// 1947// 1914//
f 3213// 1914// 3282//
f 3282// 1914// 1913//
f 3282// 1913// 3279//
f 3279// 1913// 1912//
f 3279// 1912// 3293//
f 3293// 1912// 1897//
f 3293// 1897// 3287//
f 3287// 1897// 1896//
f 3287// 1896// 3288//
f 3288// 1896// 1905//
f 3288// 1905// 3290//
f 3290// 1905// 1931//
f 3290// 1931// 3291//
f 3291// 1931// 1930//
f 3291// 1930// 3292//
f 3292// 1930// 1928//
f 3292// 1928// 3289//
f 3289// 1928// 1927//
f 3289// 1927// 3284//
f 3284// 1927// 1941//
f 3284// 1941// 3285//
f 3285// 1941// 1940//
f 3285// 1940// 3286//
f 3286// 1940// 1939//
f 3286// 1939// 3280//
f 3280// 1939// 1938//
f 3280// 1938// 3281//
f 3281// 1938// 1937//
f 3281// 1937// 3283//
f 3283// 1937// 1936//
f 3283// 1936// 3214//
f 3214// 1936// 1946//
f 3214// 1946// 3212//
f 3210// 3212// 1945//
f 1945// 3212// 1946//
f 3210// 1945// 1944//
f 3210// 1944// 3208//
f 3208// 1944// 1900//
f 3208// 1900// 3206//
f 3206// 1900// 1899//
f 3206// 1899// 3204//
f 3204// 1899// 1906//
f 3204// 1906// 3225//
f 3225// 1906// 1911//
f 3225// 1911// 3223//
f 3223// 1911// 1895//
f 3223// 1895// 3221//
f 3255// 3294// 3295//
f 3255// 3295// 3257//
f 3257// 3295// 3296//
f 3257// 3296// 3259//
f 3259// 3296// 3297//
f 3259// 3297// 3261//
f 3261// 3297// 3298//
f 3261// 3298// 3262//
f 3262// 3298// 3299//
f 3262// 3299// 3170//
f 3170// 3299// 3300//
f 3170// 3300// 3171//
f 3171// 3300// 3301//
f 3171// 3301// 3172//
f 3172// 3301// 3302//
f 3172// 3302// 3173//
f 3173// 3302// 3303//
f 3173// 3303// 3174//
f 3174// 3303// 3304//
f 3174// 3304// 3203//
f 3203// 3304// 3305//
f 3203// 3305// 3202//
f 3202// 3305// 3306//
f 3202// 3306// 3200//
f 3200// 3306// 3307//
f 3200// 3307// 3198//
f 3198// 3307// 3308//
f 3198// 3308// 3169//
f 3169// 3308// 3309//
f 3169// 3309// 3167//
f 3167// 3309// 3310//
f 3167// 3310// 3166//
f 3166// 3310// 3311//
f 3166// 3311// 3195//
f 3195// 3311// 3312//
f 3195// 3312// 3194//
f 3194// 3312// 3313//
f 3194// 3313// 3193//
f 3193// 3313// 3314//
f 3193// 3314// 3244//
f 3244// 3314// 3315//
f 3244// 3315// 3245//
f 3245// 3315// 3316//
f 3245// 3316// 3247//
f 3247// 3316// 3317//
f 3247// 3317// 3249//
f 3249// 3317// 3318//
f 3249// 3318// 3251//
f 3251// 3318// 3319//
f 3251// 3319// 3253//
f 3253// 3319// 3294//
f 3253// 3294// 3255//
usemtl 2
f 3307// 3317// 3316//
f 3294// 3307// 3295//
f 3295// 3307// 3306//
f 3294// 3319// 3307//
f 3307// 3319// 3318//
f 3307// 3318// 3317//
f 3304// 3298// 3297//
f 3312// 3311// 3316//
f 3316// 3311// 3310//
f 3306// 3305// 3295//
f 3295// 3305// 3304//
f 3295// 3304// 3296//
f 3296// 3304// 3297//
f 3310// 3309// 3316//
f 3316// 3309// 3308//
f 3316// 3308// 3307//
f 3315// 3314// 3316//
f 3316// 3314// 3313//
f 3316// 3313// 3312//
f 3302// 3301// 3303//
f 3303// 3301// 3300//
f 3303// 3300// 3304//
f 3304// 3300// 3299//
f 3304// 3299// 3298//
f 2448// 2449// 2447//
f 2447// 2449// 2407//
f 2447// 2407// 2409//
f 2453// 2457// 2445//
f 2445// 2457// 2456//
f 2445// 2456// 2455//
f 2424// 2425// 2435//
f 2435// 2425// 2445//
f 2435// 2445// 2454//
f 2454// 2445// 2455//
f 2448// 2450// 2449//
f 2449// 2450// 2451//
f 2449// 2451// 2445//
f 2445// 2451// 2452//
f 2445// 2452// 2453//
f 2420// 2392// 2446//
f 2446// 2392// 2394//
f 2446// 2394// 2447//
f 2447// 2394// 2396//
f 2447// 2396// 2448//
f 3320// 3321// 3322//
f 3322// 3321// 3323//
f 3322// 3323// 3324//
f 3324// 3323// 3325//
f 3324// 3325// 3326//
f 3326// 3325// 3327//
f 3328// 2394// 3329//
f 3329// 2394// 2392//
f 3329// 2392// 3330//
f 3330// 2392// 3331//
f 3330// 3331// 3332//
f 3332// 3331// 3333//
f 3332// 3333// 3334//
f 3334// 3333// 3335//
f 3336// 3337// 3338//
f 2419// 2410// 2420//
f 2420// 2410// 2409//
f 3339// 3340// 3341//
f 3341// 3340// 3342//
f 3341// 3342// 3343//
f 3343// 3342// 3344//
f 3343// 3344// 3345//
f 3345// 3344// 3346//
f 3345// 3346// 3347//
f 3348// 3326// 3327//
f 2405// 2403// 2407//
f 2407// 2403// 2425//
f 3321// 2392// 3349//
f 3349// 2392// 2420//
f 3350// 3351// 3352//
f 3321// 3320// 2392//
f 2392// 3320// 3353//
f 2392// 3353// 3331//
f 3331// 3353// 3348//
f 3338// 3345// 3336//
f 3336// 3345// 3347//
f 3336// 3347// 3327//
f 3327// 3347// 3354//
f 3327// 3354// 3348//
f 3348// 3354// 3355//
f 3348// 3355// 3331//
f 3356// 3349// 3357//
f 3357// 3349// 2420//
f 3357// 2420// 3358//
f 3358// 2420// 2409//
f 3358// 2409// 3352//
f 3352// 2409// 2407//
f 3352// 2407// 3350//
f 3350// 2407// 2425//
f 3350// 2425// 3339//
f 3339// 2425// 2424//
f 3339// 2424// 3340//
f 3340// 2424// 3359//
f 3340// 3359// 3360//
f 3361// 3362// 3357//
f 3338// 3363// 3345//
f 3345// 3363// 3364//
f 3345// 3364// 3365//
f 3365// 3364// 3366//
f 3365// 3366// 3367//
f 3366// 3368// 3367//
f 3367// 3368// 3361//
f 3367// 3361// 3358//
f 3358// 3361// 3357//
f 3369// 3370// 3371//
f 3371// 3370// 3359//
f 3371// 3359// 3372//
f 3372// 3359// 2424//
f 3372// 2424// 3373//
f 3373// 2424// 2435//
f 3352// 3351// 3374//
f 3341// 3343// 3375//
f 3375// 3343// 3376//
f 3375// 3376// 3374//
f 3374// 3376// 3377//
f 3374// 3377// 3352//
f 3336// 3378// 3337//
f 3337// 3378// 3379//
f 3378// 3364// 3379//
f 3379// 3364// 3363//
f 3380// 3360// 3359//
f 3331// 3355// 3333//
f 3333// 3355// 3381//
f 3333// 3381// 3335//
f 3335// 3381// 3382//
f 3335// 3382// 3383//
f 3346// 3344// 3382//
f 3382// 3344// 3384//
f 3382// 3384// 3383//
f 3385// 3383// 3386//
f 3386// 3383// 3384//
f 3386// 3384// 3387//
f 3387// 3384// 3380//
f 3387// 3380// 3388//
f 3359// 3370// 3380//
f 3380// 3370// 3389//
f 3380// 3389// 3390//
f 3390// 3391// 3380//
f 3380// 3391// 3392//
f 3380// 3392// 3388//
f 3393// 3394// 3385//
f 3395// 3396// 2450//
f 2450// 3396// 3397//
f 2450// 3397// 3398//
f 3399// 3400// 2448//
f 2448// 3400// 3401//
f 2448// 3401// 2450//
f 2450// 3401// 3402//
f 2450// 3402// 3395//
f 3403// 3404// 3383//
f 3383// 3404// 3405//
f 3383// 3405// 3406//
f 3398// 3407// 2450//
f 2450// 3407// 3408//
f 2450// 3408// 3385//
f 3385// 3408// 3409//
f 3385// 3409// 3393//
f 3394// 3410// 3385//
f 3385// 3410// 3411//
f 3385// 3411// 3412//
f 2448// 3413// 3414//
f 3412// 3415// 3385//
f 3385// 3415// 3416//
f 3385// 3416// 3383//
f 3383// 3416// 3417//
f 3383// 3417// 3403//
f 3406// 3418// 3383//
f 3383// 3418// 3419//
f 3383// 3419// 2448//
f 2448// 3419// 3420//
f 2448// 3420// 3413//
f 3414// 3421// 2448//
f 2448// 3421// 3422//
f 2448// 3422// 3399//
f 3334// 3335// 3383//
f 3334// 3383// 3423//
f 3423// 3383// 2448//
f 3423// 2448// 2396//
f 2396// 2394// 3423//
f 3423// 2394// 3328//
f 3373// 2435// 2454//
f 3389// 3370// 3369//
f 3373// 2454// 3369//
f 3369// 2454// 3389//
f 3389// 2454// 2455//
f 3389// 2455// 3390//
f 3390// 2455// 2456//
f 3390// 2456// 3391//
f 3391// 2456// 2457//
f 3391// 2457// 3392//
f 3392// 2457// 2453//
f 3392// 2453// 3388//
f 3388// 2453// 2452//
f 3388// 2452// 3387//
f 3387// 2452// 2451//
f 3387// 2451// 3386//
f 3385// 3386// 2450//
f 2450// 3386// 2451//
f 3367// 3424// 3365//
f 3365// 3424// 3425//
f 3425// 3426// 3365//
f 3365// 3426// 3427//
f 3365// 3427// 3428//
f 3429// 3430// 3376//
f 3376// 3430// 3431//
f 3428// 3432// 3365//
f 3365// 3432// 3433//
f 3365// 3433// 3376//
f 3376// 3433// 3434//
f 3376// 3434// 3429//
f 3435// 3377// 3436//
f 3436// 3377// 3376//
f 3436// 3376// 3437//
f 3437// 3376// 3431//
f 3435// 3438// 3377//
f 3377// 3438// 3439//
f 3377// 3439// 3440//
f 3441// 3442// 3367//
f 3440// 3443// 3377//
f 3377// 3443// 3444//
f 3377// 3444// 3367//
f 3367// 3444// 3445//
f 3367// 3445// 3441//
f 3442// 3446// 3367//
f 3367// 3446// 3447//
f 3367// 3447// 3424//
f 3345// 3365// 3343//
f 3343// 3365// 3376//
f 3367// 3358// 3377//
f 3377// 3358// 3352//
f 3448// 3449// 3450//
f 3450// 3449// 3451//
f 3449// 3452// 3451//
f 3451// 3452// 3453//
f 3454// 3455// 3356//
f 3356// 3455// 3349//
f 3362// 3361// 3454//
f 3454// 3361// 3455//
f 3366// 3448// 3368//
f 3368// 3448// 3450//
f 3366// 3364// 3448//
f 3448// 3364// 3378//
f 3449// 3448// 3452//
f 3452// 3448// 3378//
f 3452// 3378// 3325//
f 3325// 3378// 3336//
f 3325// 3336// 3327//
f 3450// 3451// 3453//
f 3455// 3361// 3368//
f 3368// 3450// 3455//
f 3455// 3450// 3453//
f 3455// 3453// 3349//
f 3349// 3453// 3323//
f 3349// 3323// 3321//
f 3454// 3356// 3362//
f 3362// 3356// 3357//
f 3337// 3379// 3338//
f 3338// 3379// 3363//
f 3324// 3456// 3322//
f 3322// 3456// 3457//
f 3456// 3348// 3457//
f 3457// 3348// 3353//
f 3348// 3456// 3326//
f 3326// 3456// 3324//
f 3457// 3353// 3322//
f 3322// 3353// 3320//
f 3339// 3458// 3350//
f 3350// 3458// 3459//
f 3458// 3460// 3459//
f 3459// 3460// 3461//
f 3460// 3462// 3461//
f 3461// 3462// 3463//
f 3463// 3462// 3372//
f 3372// 3462// 3371//
f 3373// 3369// 3464//
f 3464// 3369// 3465//
f 3465// 3466// 3464//
f 3464// 3466// 3467//
f 3466// 3468// 3467//
f 3467// 3468// 3469//
f 3468// 3375// 3469//
f 3469// 3375// 3374//
f 3341// 3375// 3466//
f 3466// 3375// 3468//
f 3465// 3462// 3466//
f 3466// 3462// 3460//
f 3466// 3460// 3341//
f 3341// 3460// 3458//
f 3341// 3458// 3339//
f 3351// 3350// 3459//
f 3463// 3464// 3461//
f 3461// 3464// 3467//
f 3469// 3374// 3467//
f 3467// 3374// 3351//
f 3467// 3351// 3461//
f 3461// 3351// 3459//
f 3470// 3329// 3323//
f 3323// 3329// 3330//
f 3323// 3330// 3325//
f 3325// 3330// 3471//
f 3470// 3323// 3453//
f 3325// 3471// 3452//
f 3452// 3471// 3334//
f 3452// 3334// 3453//
f 3453// 3334// 3423//
f 3453// 3423// 3470//
f 3332// 3334// 3330//
f 3330// 3334// 3471//
f 3423// 3328// 3470//
f 3470// 3328// 3329//
f 3472// 3401// 3473//
f 3473// 3401// 3400//
f 3473// 3400// 3474//
f 3474// 3400// 3399//
f 3474// 3399// 3475//
f 3475// 3399// 3422//
f 3475// 3422// 3476//
f 3476// 3422// 3421//
f 3476// 3421// 3477//
f 3477// 3421// 3414//
f 3477// 3414// 3478//
f 3478// 3414// 3413//
f 3478// 3413// 3479//
f 3479// 3413// 3420//
f 3479// 3420// 3480//
f 3480// 3420// 3419//
f 3480// 3419// 3481//
f 3481// 3419// 3418//
f 3481// 3418// 3482//
f 3482// 3418// 3406//
f 3482// 3406// 3483//
f 3483// 3406// 3405//
f 3483// 3405// 3484//
f 3484// 3405// 3404//
f 3484// 3404// 3485//
f 3485// 3404// 3403//
f 3485// 3403// 3486//
f 3486// 3403// 3417//
f 3486// 3417// 3487//
f 3487// 3417// 3416//
f 3487// 3416// 3488//
f 3488// 3416// 3415//
f 3488// 3415// 3489//
f 3489// 3415// 3412//
f 3489// 3412// 3490//
f 3490// 3412// 3411//
f 3490// 3411// 3491//
f 3491// 3411// 3410//
f 3491// 3410// 3492//
f 3492// 3410// 3394//
f 3492// 3394// 3493//
f 3493// 3394// 3393//
f 3493// 3393// 3494//
f 3494// 3393// 3409//
f 3494// 3409// 3495//
f 3495// 3409// 3408//
f 3495// 3408// 3496//
f 3496// 3408// 3407//
f 3496// 3407// 3497//
f 3497// 3407// 3398//
f 3497// 3398// 3498//
f 3498// 3398// 3397//
f 3498// 3397// 3499//
f 3499// 3397// 3396//
f 3499// 3396// 3500//
f 3500// 3396// 3395//
f 3500// 3395// 3501//
f 3501// 3395// 3402//
f 3501// 3402// 3472//
f 3472// 3402// 3401//
f 3502// 3445// 3444//
f 3502// 3503// 3445//
f 3445// 3503// 3504//
f 3445// 3504// 3441//
f 3504// 3505// 3441//
f 3441// 3505// 3506//
f 3441// 3506// 3442//
f 3506// 3507// 3442//
f 3442// 3507// 3508//
f 3442// 3508// 3446//
f 3508// 3509// 3446//
f 3446// 3509// 3510//
f 3446// 3510// 3447//
f 3510// 3511// 3447//
f 3447// 3511// 3512//
f 3447// 3512// 3424//
f 3512// 3513// 3424//
f 3424// 3513// 3514//
f 3424// 3514// 3425//
f 3514// 3515// 3425//
f 3425// 3515// 3516//
f 3425// 3516// 3426//
f 3516// 3517// 3426//
f 3426// 3517// 3518//
f 3426// 3518// 3427//
f 3518// 3519// 3427//
f 3427// 3519// 3520//
f 3427// 3520// 3428//
f 3520// 3521// 3428//
f 3428// 3521// 3522//
f 3428// 3522// 3432//
f 3522// 3523// 3432//
f 3432// 3523// 3524//
f 3432// 3524// 3433//
f 3524// 3525// 3433//
f 3433// 3525// 3526//
f 3433// 3526// 3434//
f 3526// 3527// 3434//
f 3434// 3527// 3528//
f 3434// 3528// 3429//
f 3528// 3529// 3429//
f 3429// 3529// 3530//
f 3429// 3530// 3430//
f 3530// 3531// 3430//
f 3430// 3531// 3532//
f 3430// 3532// 3431//
f 3532// 3533// 3431//
f 3431// 3533// 3534//
f 3431// 3534// 3437//
f 3534// 3535// 3437//
f 3437// 3535// 3536//
f 3437// 3536// 3436//
f 3536// 3537// 3436//
f 3436// 3537// 3538//
f 3436// 3538// 3435//
f 3538// 3539// 3435//
f 3435// 3539// 3540//
f 3435// 3540// 3438//
f 3540// 3541// 3438//
f 3438// 3541// 3542//
f 3438// 3542// 3439//
f 3542// 3543// 3439//
f 3439// 3543// 3544//
f 3439// 3544// 3440//
f 3544// 3545// 3440//
f 3440// 3545// 3546//
f 3440// 3546// 3443//
f 3546// 3547// 3443//
f 3443// 3547// 3548//
f 3443// 3548// 3444//
f 3444// 3548// 3549//
f 3444// 3549// 3502//
f 3550// 3551// 3547//
f 3547// 3546// 3550//
f 3550// 3546// 3545//
f 3550// 3545// 3552//
f 3545// 3544// 3552//
f 3552// 3544// 3543//
f 3552// 3543// 3553//
f 3553// 3543// 3542//
f 3553// 3542// 3554//
f 3554// 3542// 3541//
f 3554// 3541// 3555//
f 3541// 3540// 3555//
f 3555// 3540// 3539//
f 3555// 3539// 3556//
f 3539// 3538// 3556//
f 3556// 3538// 3537//
f 3556// 3537// 3557//
f 3537// 3536// 3557//
f 3557// 3536// 3535//
f 3557// 3535// 3558//
f 3558// 3535// 3534//
f 3558// 3534// 3559//
f 3559// 3534// 3533//
f 3559// 3533// 3560//
f 3533// 3532// 3560//
f 3560// 3532// 3531//
f 3560// 3531// 3561//
f 3531// 3530// 3561//
f 3561// 3530// 3529//
f 3561// 3529// 3562//
f 3529// 3528// 3562//
f 3562// 3528// 3527//
f 3562// 3527// 3563//
f 3563// 3527// 3526//
f 3563// 3526// 3564//
f 3564// 3526// 3525//
f 3564// 3525// 3565//
f 3525// 3524// 3565//
f 3565// 3524// 3523//
f 3565// 3523// 3566//
f 3523// 3522// 3566//
f 3566// 3522// 3521//
f 3566// 3521// 3567//
f 3521// 3520// 3567//
f 3567// 3520// 3519//
f 3567// 3519// 3568//
f 3568// 3519// 3518//
f 3568// 3518// 3569//
f 3569// 3518// 3517//
f 3569// 3517// 3570//
f 3517// 3516// 3570//
f 3570// 3516// 3515//
f 3570// 3515// 3571//
f 3515// 3514// 3571//
f 3571// 3514// 3513//
f 3571// 3513// 3572//
f 3513// 3512// 3572//
f 3572// 3512// 3511//
f 3572// 3511// 3573//
f 3573// 3511// 3510//
f 3573// 3510// 3574//
f 3574// 3510// 3509//
f 3574// 3509// 3575//
f 3509// 3508// 3575//
f 3575// 3508// 3507//
f 3575// 3507// 3576//
f 3507// 3506// 3576//
f 3576// 3506// 3505//
f 3576// 3505// 3577//
f 3505// 3504// 3577//
f 3577// 3504// 3503//
f 3577// 3503// 3578//
f 3578// 3503// 3502//
f 3578// 3502// 3579//
f 3579// 3502// 3549//
f 3579// 3549// 3551//
f 3551// 3549// 3548//
f 3551// 3548// 3547//
f 3579// 3580// 3578//
f 3578// 3580// 3581//
f 3578// 3581// 3577//
f 3577// 3581// 3582//
f 3577// 3582// 3576//
f 3576// 3582// 3583//
f 3576// 3583// 3575//
f 3575// 3583// 3584//
f 3575// 3584// 3574//
f 3574// 3584// 3585//
f 3574// 3585// 3573//
f 3573// 3585// 3586//
f 3573// 3586// 3572//
f 3572// 3586// 3587//
f 3572// 3587// 3571//
f 3571// 3587// 3588//
f 3571// 3588// 3570//
f 3570// 3588// 3589//
f 3570// 3589// 3569//
f 3569// 3589// 3590//
f 3569// 3590// 3568//
f 3568// 3590// 3591//
f 3568// 3591// 3567//
f 3567// 3591// 3592//
f 3567// 3592// 3566//
f 3566// 3592// 3593//
f 3566// 3593// 3565//
f 3565// 3593// 3594//
f 3565// 3594// 3564//
f 3564// 3594// 3595//
f 3564// 3595// 3563//
f 3563// 3595// 3596//
f 3563// 3596// 3562//
f 3562// 3596// 3597//
f 3562// 3597// 3561//
f 3561// 3597// 3598//
f 3561// 3598// 3560//
f 3560// 3598// 3599//
f 3560// 3599// 3559//
f 3559// 3599// 3600//
f 3559// 3600// 3558//
f 3558// 3600// 3601//
f 3558// 3601// 3557//
f 3557// 3601// 3602//
f 3557// 3602// 3556//
f 3556// 3602// 3603//
f 3556// 3603// 3555//
f 3555// 3603// 3604//
f 3555// 3604// 3554//
f 3554// 3604// 3605//
f 3554// 3605// 3553//
f 3553// 3605// 3606//
f 3553// 3606// 3552//
f 3552// 3606// 3607//
f 3552// 3607// 3550//
f 3550// 3607// 3608//
f 3550// 3608// 3551//
f 3551// 3608// 3609//
f 3551// 3609// 3579//
f 3579// 3609// 3580//
f 3610// 3594// 3611//
f 3611// 3594// 3593//
f 3611// 3593// 3612//
f 3612// 3593// 3592//
f 3612// 3592// 3613//
f 3613// 3592// 3591//
f 3613// 3591// 3614//
f 3614// 3591// 3590//
f 3614// 3590// 3615//
f 3615// 3590// 3589//
f 3615// 3589// 3616//
f 3616// 3589// 3588//
f 3616// 3588// 3617//
f 3617// 3588// 3587//
f 3617// 3587// 3618//
f 3618// 3587// 3586//
f 3618// 3586// 3619//
f 3619// 3586// 3585//
f 3619// 3585// 3620//
f 3620// 3585// 3584//
f 3620// 3584// 3621//
f 3621// 3584// 3583//
f 3621// 3583// 3622//
f 3622// 3583// 3582//
f 3622// 3582// 3623//
f 3623// 3582// 3581//
f 3623// 3581// 3624//
f 3624// 3581// 3580//
f 3624// 3580// 3625//
f 3625// 3580// 3609//
f 3625// 3609// 3626//
f 3626// 3609// 3608//
f 3626// 3608// 3627//
f 3627// 3608// 3607//
f 3627// 3607// 3628//
f 3628// 3607// 3606//
f 3628// 3606// 3629//
f 3629// 3606// 3605//
f 3629// 3605// 3630//
f 3630// 3605// 3604//
f 3630// 3604// 3631//
f 3631// 3604// 3603//
f 3631// 3603// 3632//
f 3632// 3603// 3602//
f 3632// 3602// 3633//
f 3633// 3602// 3601//
f 3633// 3601// 3634//
f 3634// 3601// 3600//
f 3634// 3600// 3635//
f 3635// 3600// 3599//
f 3635// 3599// 3636//
f 3636// 3599// 3598//
f 3636// 3598// 3637//
f 3637// 3598// 3597//
f 3637// 3597// 3638//
f 3638// 3597// 3596//
f 3638// 3596// 3639//
f 3639// 3596// 3595//
f 3639// 3595// 3610//
f 3610// 3595// 3594//
f 3613// 3483// 3612//
f 3612// 3483// 3484//
f 3612// 3484// 3611//
f 3611// 3484// 3485//
f 3611// 3485// 3610//
f 3610// 3485// 3486//
f 3610// 3486// 3639//
f 3639// 3486// 3487//
f 3639// 3487// 3638//
f 3638// 3487// 3488//
f 3638// 3488// 3637//
f 3637// 3488// 3489//
f 3637// 3489// 3636//
f 3636// 3489// 3490//
f 3636// 3490// 3635//
f 3635// 3490// 3491//
f 3635// 3491// 3634//
f 3634// 3491// 3492//
f 3634// 3492// 3633//
f 3633// 3492// 3493//
f 3633// 3493// 3632//
f 3632// 3493// 3494//
f 3632// 3494// 3631//
f 3631// 3494// 3495//
f 3631// 3495// 3630//
f 3630// 3495// 3496//
f 3630// 3496// 3629//
f 3629// 3496// 3497//
f 3629// 3497// 3628//
f 3628// 3497// 3498//
f 3628// 3498// 3627//
f 3627// 3498// 3499//
f 3627// 3499// 3626//
f 3626// 3499// 3500//
f 3626// 3500// 3625//
f 3625// 3500// 3501//
f 3625// 3501// 3624//
f 3624// 3501// 3472//
f 3624// 3472// 3623//
f 3623// 3472// 3473//
f 3623// 3473// 3622//
f 3622// 3473// 3474//
f 3622// 3474// 3621//
f 3621// 3474// 3475//
f 3621// 3475// 3620//
f 3620// 3475// 3476//
f 3620// 3476// 3619//
f 3619// 3476// 3477//
f 3619// 3477// 3618//
f 3618// 3477// 3478//
f 3618// 3478// 3617//
f 3617// 3478// 3479//
f 3617// 3479// 3616//
f 3616// 3479// 3480//
f 3616// 3480// 3615//
f 3615// 3480// 3481//
f 3615// 3481// 3614//
f 3614// 3481// 3482//
f 3614// 3482// 3613//
f 3613// 3482// 3483//
f 3371// 3462// 3369//
f 3369// 3462// 3465//
f 3463// 3372// 3464//
f 3464// 3372// 3373//
f 2711// 2447// 2410//
f 2410// 2447// 2409//
f 2712// 2711// 2419//
f 2419// 2711// 2410//
f 2446// 2712// 2420//
f 2420// 2712// 2419//
f 2711// 2712// 2447//
f 2447// 2712// 2446//
f 2449// 2710// 2407//
f 2407// 2710// 2405//
f 2709// 2445// 2403//
f 2403// 2445// 2425//
f 2710// 2709// 2405//
f 2405// 2709// 2403//
f 2445// 2709// 2449//
f 2449// 2709// 2710//
f 3340// 3360// 3640//
f 3640// 3360// 3380//
f 3342// 3340// 3641//
f 3641// 3340// 3640//
f 3344// 3342// 3384//
f 3384// 3342// 3641//
f 3384// 3641// 3380//
f 3380// 3641// 3640//
f 3347// 3346// 3642//
f 3642// 3346// 3382//
f 3354// 3347// 3643//
f 3643// 3347// 3642//
f 3355// 3354// 3381//
f 3381// 3354// 3643//
f 3643// 3642// 3381//
f 3381// 3642// 3382//
f 3383// 3384// 3382//
f 3382// 3384// 3344//
f 3382// 3344// 3346//
f 3388// 3392// 3380//
f 3380// 3392// 3391//
f 3380// 3391// 3390//
f 3359// 3360// 3370//
f 3370// 3360// 3380//
f 3370// 3380// 3389//
f 3389// 3380// 3390//
f 3383// 3385// 3384//
f 3384// 3385// 3386//
f 3384// 3386// 3380//
f 3380// 3386// 3387//
f 3380// 3387// 3388//
f 3355// 3331// 3381//
f 3381// 3331// 3333//
f 3381// 3333// 3382//
f 3382// 3333// 3335//
f 3382// 3335// 3383//
f 3644// 3645// 3646//
f 3646// 3645// 3647//
f 3646// 3647// 3648//
f 3648// 3647// 3649//
f 3648// 3649// 3650//
f 3650// 3649// 3651//
f 3652// 3333// 3653//
f 3653// 3333// 3331//
f 3653// 3331// 3654//
f 3654// 3331// 3655//
f 3654// 3655// 3656//
f 3656// 3655// 3657//
f 3656// 3657// 3658//
f 3658// 3657// 3659//
f 3660// 3661// 3662//
f 3354// 3347// 3355//
f 3355// 3347// 3346//
f 3663// 3664// 3665//
f 3665// 3664// 3666//
f 3665// 3666// 3667//
f 3667// 3666// 3668//
f 3667// 3668// 3669//
f 3669// 3668// 3670//
f 3669// 3670// 3671//
f 3672// 3650// 3651//
f 3342// 3340// 3344//
f 3344// 3340// 3360//
f 3645// 3331// 3673//
f 3673// 3331// 3355//
f 3674// 3675// 3676//
f 3645// 3644// 3331//
f 3331// 3644// 3677//
f 3331// 3677// 3655//
f 3655// 3677// 3672//
f 3662// 3669// 3660//
f 3660// 3669// 3671//
f 3660// 3671// 3651//
f 3651// 3671// 3678//
f 3651// 3678// 3672//
f 3672// 3678// 3679//
f 3672// 3679// 3655//
f 3680// 3673// 3681//
f 3681// 3673// 3355//
f 3681// 3355// 3682//
f 3682// 3355// 3346//
f 3682// 3346// 3676//
f 3676// 3346// 3344//
f 3676// 3344// 3674//
f 3674// 3344// 3360//
f 3674// 3360// 3663//
f 3663// 3360// 3359//
f 3663// 3359// 3664//
f 3664// 3359// 3683//
f 3664// 3683// 3684//
f 3685// 3686// 3681//
f 3662// 3687// 3669//
f 3669// 3687// 3688//
f 3669// 3688// 3689//
f 3689// 3688// 3690//
f 3689// 3690// 3691//
f 3690// 3692// 3691//
f 3691// 3692// 3685//
f 3691// 3685// 3682//
f 3682// 3685// 3681//
f 3693// 3694// 3695//
f 3695// 3694// 3683//
f 3695// 3683// 3696//
f 3696// 3683// 3359//
f 3696// 3359// 3697//
f 3697// 3359// 3370//
f 3676// 3675// 3698//
f 3665// 3667// 3699//
f 3699// 3667// 3700//
f 3699// 3700// 3698//
f 3698// 3700// 3701//
f 3698// 3701// 3676//
f 3660// 3702// 3661//
f 3661// 3702// 3703//
f 3702// 3688// 3703//
f 3703// 3688// 3687//
f 3704// 3684// 3683//
f 3655// 3679// 3657//
f 3657// 3679// 3705//
f 3657// 3705// 3659//
f 3659// 3705// 3706//
f 3659// 3706// 3707//
f 3670// 3668// 3706//
f 3706// 3668// 3708//
f 3706// 3708// 3707//
f 3709// 3707// 3710//
f 3710// 3707// 3708//
f 3710// 3708// 3711//
f 3711// 3708// 3704//
f 3711// 3704// 3712//
f 3683// 3694// 3704//
f 3704// 3694// 3713//
f 3704// 3713// 3714//
f 3714// 3715// 3704//
f 3704// 3715// 3716//
f 3704// 3716// 3712//
f 3383// 3717// 3718//
f 3718// 3719// 3383//
f 3383// 3719// 3720//
f 3383// 3720// 3385//
f 3385// 3720// 3721//
f 3385// 3721// 3722//
f 3723// 3724// 3709//
f 3722// 3725// 3385//
f 3385// 3725// 3726//
f 3385// 3726// 3727//
f 3724// 3728// 3709//
f 3709// 3728// 3729//
f 3709// 3729// 3730//
f 3727// 3731// 3385//
f 3385// 3731// 3732//
f 3385// 3732// 3709//
f 3709// 3732// 3733//
f 3709// 3733// 3723//
f 3734// 3735// 3383//
f 3383// 3735// 3736//
f 3383// 3736// 3717//
f 3730// 3737// 3709//
f 3709// 3737// 3738//
f 3709// 3738// 3707//
f 3707// 3738// 3739//
f 3707// 3739// 3740//
f 3740// 3741// 3707//
f 3707// 3741// 3742//
f 3707// 3742// 3743//
f 3743// 3744// 3707//
f 3707// 3744// 3745//
f 3707// 3745// 3383//
f 3383// 3745// 3746//
f 3383// 3746// 3734//
f 3658// 3659// 3707//
f 3658// 3707// 3747//
f 3747// 3707// 3383//
f 3747// 3383// 3335//
f 3335// 3333// 3747//
f 3747// 3333// 3652//
f 3697// 3370// 3389//
f 3713// 3694// 3693//
f 3697// 3389// 3693//
f 3693// 3389// 3713//
f 3713// 3389// 3390//
f 3713// 3390// 3714//
f 3714// 3390// 3391//
f 3714// 3391// 3715//
f 3715// 3391// 3392//
f 3715// 3392// 3716//
f 3716// 3392// 3388//
f 3716// 3388// 3712//
f 3712// 3388// 3387//
f 3712// 3387// 3711//
f 3711// 3387// 3386//
f 3711// 3386// 3710//
f 3709// 3710// 3385//
f 3385// 3710// 3386//
f 3691// 3748// 3689//
f 3689// 3748// 3749//
f 3749// 3750// 3689//
f 3689// 3750// 3751//
f 3689// 3751// 3752//
f 3753// 3754// 3691//
f 3755// 3756// 3700//
f 3700// 3756// 3757//
f 3752// 3758// 3689//
f 3689// 3758// 3759//
f 3689// 3759// 3700//
f 3700// 3759// 3760//
f 3700// 3760// 3755//
f 3754// 3761// 3691//
f 3691// 3761// 3762//
f 3691// 3762// 3748//
f 3763// 3701// 3764//
f 3764// 3701// 3700//
f 3764// 3700// 3765//
f 3765// 3700// 3757//
f 3763// 3766// 3701//
f 3701// 3766// 3767//
f 3701// 3767// 3768//
f 3768// 3769// 3701//
f 3701// 3769// 3770//
f 3701// 3770// 3691//
f 3691// 3770// 3771//
f 3691// 3771// 3753//
f 3669// 3689// 3667//
f 3667// 3689// 3700//
f 3691// 3682// 3701//
f 3701// 3682// 3676//
f 3772// 3773// 3774//
f 3774// 3773// 3775//
f 3773// 3776// 3775//
f 3775// 3776// 3777//
f 3778// 3779// 3680//
f 3680// 3779// 3673//
f 3686// 3685// 3778//
f 3778// 3685// 3779//
f 3690// 3772// 3692//
f 3692// 3772// 3774//
f 3690// 3688// 3772//
f 3772// 3688// 3702//
f 3773// 3772// 3776//
f 3776// 3772// 3702//
f 3776// 3702// 3649//
f 3649// 3702// 3660//
f 3649// 3660// 3651//
f 3774// 3775// 3777//
f 3779// 3685// 3692//
f 3692// 3774// 3779//
f 3779// 3774// 3777//
f 3779// 3777// 3673//
f 3673// 3777// 3647//
f 3673// 3647// 3645//
f 3778// 3680// 3686//
f 3686// 3680// 3681//
f 3661// 3703// 3662//
f 3662// 3703// 3687//
f 3648// 3780// 3646//
f 3646// 3780// 3781//
f 3780// 3672// 3781//
f 3781// 3672// 3677//
f 3672// 3780// 3650//
f 3650// 3780// 3648//
f 3781// 3677// 3646//
f 3646// 3677// 3644//
f 3663// 3782// 3674//
f 3674// 3782// 3783//
f 3782// 3784// 3783//
f 3783// 3784// 3785//
f 3784// 3786// 3785//
f 3785// 3786// 3787//
f 3787// 3786// 3696//
f 3696// 3786// 3695//
f 3697// 3693// 3788//
f 3788// 3693// 3789//
f 3789// 3790// 3788//
f 3788// 3790// 3791//
f 3790// 3792// 3791//
f 3791// 3792// 3793//
f 3792// 3699// 3793//
f 3793// 3699// 3698//
f 3665// 3699// 3790//
f 3790// 3699// 3792//
f 3789// 3786// 3790//
f 3790// 3786// 3784//
f 3790// 3784// 3665//
f 3665// 3784// 3782//
f 3665// 3782// 3663//
f 3675// 3674// 3783//
f 3787// 3788// 3785//
f 3785// 3788// 3791//
f 3793// 3698// 3791//
f 3791// 3698// 3675//
f 3791// 3675// 3785//
f 3785// 3675// 3783//
f 3794// 3653// 3647//
f 3647// 3653// 3654//
f 3647// 3654// 3649//
f 3649// 3654// 3795//
f 3794// 3647// 3777//
f 3649// 3795// 3776//
f 3776// 3795// 3658//
f 3776// 3658// 3777//
f 3777// 3658// 3747//
f 3777// 3747// 3794//
f 3656// 3658// 3654//
f 3654// 3658// 3795//
f 3747// 3652// 3794//
f 3794// 3652// 3653//
f 3796// 3720// 3797//
f 3797// 3720// 3719//
f 3797// 3719// 3798//
f 3798// 3719// 3718//
f 3798// 3718// 3799//
f 3799// 3718// 3717//
f 3799// 3717// 3800//
f 3800// 3717// 3736//
f 3800// 3736// 3801//
f 3801// 3736// 3735//
f 3801// 3735// 3802//
f 3802// 3735// 3734//
f 3802// 3734// 3803//
f 3803// 3734// 3746//
f 3803// 3746// 3804//
f 3804// 3746// 3745//
f 3804// 3745// 3805//
f 3805// 3745// 3744//
f 3805// 3744// 3806//
f 3806// 3744// 3743//
f 3806// 3743// 3807//
f 3807// 3743// 3742//
f 3807// 3742// 3808//
f 3808// 3742// 3741//
f 3808// 3741// 3809//
f 3809// 3741// 3740//
f 3809// 3740// 3810//
f 3810// 3740// 3739//
f 3810// 3739// 3811//
f 3811// 3739// 3738//
f 3811// 3738// 3812//
f 3812// 3738// 3737//
f 3812// 3737// 3813//
f 3813// 3737// 3730//
f 3813// 3730// 3814//
f 3814// 3730// 3729//
f 3814// 3729// 3815//
f 3815// 3729// 3728//
f 3815// 3728// 3816//
f 3816// 3728// 3724//
f 3816// 3724// 3817//
f 3817// 3724// 3723//
f 3817// 3723// 3818//
f 3818// 3723// 3733//
f 3818// 3733// 3819//
f 3819// 3733// 3732//
f 3819// 3732// 3820//
f 3820// 3732// 3731//
f 3820// 3731// 3821//
f 3821// 3731// 3727//
f 3821// 3727// 3822//
f 3822// 3727// 3726//
f 3822// 3726// 3823//
f 3823// 3726// 3725//
f 3823// 3725// 3824//
f 3824// 3725// 3722//
f 3824// 3722// 3825//
f 3825// 3722// 3721//
f 3825// 3721// 3796//
f 3796// 3721// 3720//
f 3826// 3771// 3770//
f 3826// 3827// 3771//
f 3771// 3827// 3828//
f 3771// 3828// 3753//
f 3828// 3829// 3753//
f 3753// 3829// 3830//
f 3753// 3830// 3754//
f 3830// 3831// 3754//
f 3754// 3831// 3832//
f 3754// 3832// 3761//
f 3832// 3833// 3761//
f 3761// 3833// 3834//
f 3761// 3834// 3762//
f 3834// 3835// 3762//
f 3762// 3835// 3836//
f 3762// 3836// 3748//
f 3836// 3837// 3748//
f 3748// 3837// 3838//
f 3748// 3838// 3749//
f 3838// 3839// 3749//
f 3749// 3839// 3840//
f 3749// 3840// 3750//
f 3840// 3841// 3750//
f 3750// 3841// 3842//
f 3750// 3842// 3751//
f 3842// 3843// 3751//
f 3751// 3843// 3844//
f 3751// 3844// 3752//
f 3844// 3845// 3752//
f 3752// 3845// 3846//
f 3752// 3846// 3758//
f 3846// 3847// 3758//
f 3758// 3847// 3848//
f 3758// 3848// 3759//
f 3848// 3849// 3759//
f 3759// 3849// 3850//
f 3759// 3850// 3760//
f 3850// 3851// 3760//
f 3760// 3851// 3852//
f 3760// 3852// 3755//
f 3852// 3853// 3755//
f 3755// 3853// 3854//
f 3755// 3854// 3756//
f 3854// 3855// 3756//
f 3756// 3855// 3856//
f 3756// 3856// 3757//
f 3856// 3857// 3757//
f 3757// 3857// 3858//
f 3757// 3858// 3765//
f 3858// 3859// 3765//
f 3765// 3859// 3860//
f 3765// 3860// 3764//
f 3860// 3861// 3764//
f 3764// 3861// 3862//
f 3764// 3862// 3763//
f 3862// 3863// 3763//
f 3763// 3863// 3864//
f 3763// 3864// 3766//
f 3864// 3865// 3766//
f 3766// 3865// 3866//
f 3766// 3866// 3767//
f 3866// 3867// 3767//
f 3767// 3867// 3868//
f 3767// 3868// 3768//
f 3868// 3869// 3768//
f 3768// 3869// 3870//
f 3768// 3870// 3769//
f 3870// 3871// 3769//
f 3769// 3871// 3872//
f 3769// 3872// 3770//
f 3770// 3872// 3873//
f 3770// 3873// 3826//
f 3874// 3875// 3871//
f 3871// 3870// 3874//
f 3874// 3870// 3869//
f 3874// 3869// 3876//
f 3869// 3868// 3876//
f 3876// 3868// 3867//
f 3876// 3867// 3877//
f 3877// 3867// 3866//
f 3877// 3866// 3878//
f 3878// 3866// 3865//
f 3878// 3865// 3879//
f 3865// 3864// 3879//
f 3879// 3864// 3863//
f 3879// 3863// 3880//
f 3863// 3862// 3880//
f 3880// 3862// 3861//
f 3880// 3861// 3881//
f 3861// 3860// 3881//
f 3881// 3860// 3859//
f 3881// 3859// 3882//
f 3882// 3859// 3858//
f 3882// 3858// 3883//
f 3883// 3858// 3857//
f 3883// 3857// 3884//
f 3857// 3856// 3884//
f 3884// 3856// 3855//
f 3884// 3855// 3885//
f 3855// 3854// 3885//
f 3885// 3854// 3853//
f 3885// 3853// 3886//
f 3853// 3852// 3886//
f 3886// 3852// 3851//
f 3886// 3851// 3887//
f 3887// 3851// 3850//
f 3887// 3850// 3888//
f 3888// 3850// 3849//
f 3888// 3849// 3889//
f 3849// 3848// 3889//
f 3889// 3848// 3847//
f 3889// 3847// 3890//
f 3847// 3846// 3890//
f 3890// 3846// 3845//
f 3890// 3845// 3891//
f 3845// 3844// 3891//
f 3891// 3844// 3843//
f 3891// 3843// 3892//
f 3892// 3843// 3842//
f 3892// 3842// 3893//
f 3893// 3842// 3841//
f 3893// 3841// 3894//
f 3841// 3840// 3894//
f 3894// 3840// 3839//
f 3894// 3839// 3895//
f 3839// 3838// 3895//
f 3895// 3838// 3837//
f 3895// 3837// 3896//
f 3837// 3836// 3896//
f 3896// 3836// 3835//
f 3896// 3835// 3897//
f 3897// 3835// 3834//
f 3897// 3834// 3898//
f 3898// 3834// 3833//
f 3898// 3833// 3899//
f 3833// 3832// 3899//
f 3899// 3832// 3831//
f 3899// 3831// 3900//
f 3831// 3830// 3900//
f 3900// 3830// 3829//
f 3900// 3829// 3901//
f 3829// 3828// 3901//
f 3901// 3828// 3827//
f 3901// 3827// 3902//
f 3902// 3827// 3826//
f 3902// 3826// 3903//
f 3903// 3826// 3873//
f 3903// 3873// 3875//
f 3875// 3873// 3872//
f 3875// 3872// 3871//
f 3903// 3904// 3902//
f 3902// 3904// 3905//
f 3902// 3905// 3901//
f 3901// 3905// 3906//
f 3901// 3906// 3900//
f 3900// 3906// 3907//
f 3900// 3907// 3899//
f 3899// 3907// 3908//
f 3899// 3908// 3898//
f 3898// 3908// 3909//
f 3898// 3909// 3897//
f 3897// 3909// 3910//
f 3897// 3910// 3896//
f 3896// 3910// 3911//
f 3896// 3911// 3895//
f 3895// 3911// 3912//
f 3895// 3912// 3894//
f 3894// 3912// 3913//
f 3894// 3913// 3893//
f 3893// 3913// 3914//
f 3893// 3914// 3892//
f 3892// 3914// 3915//
f 3892// 3915// 3891//
f 3891// 3915// 3916//
f 3891// 3916// 3890//
f 3890// 3916// 3917//
f 3890// 3917// 3889//
f 3889// 3917// 3918//
f 3889// 3918// 3888//
f 3888// 3918// 3919//
f 3888// 3919// 3887//
f 3887// 3919// 3920//
f 3887// 3920// 3886//
f 3886// 3920// 3921//
f 3886// 3921// 3885//
f 3885// 3921// 3922//
f 3885// 3922// 3884//
f 3884// 3922// 3923//
f 3884// 3923// 3883//
f 3883// 3923// 3924//
f 3883// 3924// 3882//
f 3882// 3924// 3925//
f 3882// 3925// 3881//
f 3881// 3925// 3926//
f 3881// 3926// 3880//
f 3880// 3926// 3927//
f 3880// 3927// 3879//
f 3879// 3927// 3928//
f 3879// 3928// 3878//
f 3878// 3928// 3929//
f 3878// 3929// 3877//
f 3877// 3929// 3930//
f 3877// 3930// 3876//
f 3876// 3930// 3931//
f 3876// 3931// 3874//
f 3874// 3931// 3932//
f 3874// 3932// 3875//
f 3875// 3932// 3933//
f 3875// 3933// 3903//
f 3903// 3933// 3904//
f 3934// 3918// 3935//
f 3935// 3918// 3917//
f 3935// 3917// 3936//
f 3936// 3917// 3916//
f 3936// 3916// 3937//
f 3937// 3916// 3915//
f 3937// 3915// 3938//
f 3938// 3915// 3914//
f 3938// 3914// 3939//
f 3939// 3914// 3913//
f 3939// 3913// 3940//
f 3940// 3913// 3912//
f 3940// 3912// 3941//
f 3941// 3912// 3911//
f 3941// 3911// 3942//
f 3942// 3911// 3910//
f 3942// 3910// 3943//
f 3943// 3910// 3909//
f 3943// 3909// 3944//
f 3944// 3909// 3908//
f 3944// 3908// 3945//
f 3945// 3908// 3907//
f 3945// 3907// 3946//
f 3946// 3907// 3906//
f 3946// 3906// 3947//
f 3947// 3906// 3905//
f 3947// 3905// 3948//
f 3948// 3905// 3904//
f 3948// 3904// 3949//
f 3949// 3904// 3933//
f 3949// 3933// 3950//
f 3950// 3933// 3932//
f 3950// 3932// 3951//
f 3951// 3932// 3931//
f 3951// 3931// 3952//
f 3952// 3931// 3930//
f 3952// 3930// 3953//
f 3953// 3930// 3929//
f 3953// 3929// 3954//
f 3954// 3929// 3928//
f 3954// 3928// 3955//
f 3955// 3928// 3927//
f 3955// 3927// 3956//
f 3956// 3927// 3926//
f 3956// 3926// 3957//
f 3957// 3926// 3925//
f 3957// 3925// 3958//
f 3958// 3925// 3924//
f 3958// 3924// 3959//
f 3959// 3924// 3923//
f 3959// 3923// 3960//
f 3960// 3923// 3922//
f 3960// 3922// 3961//
f 3961// 3922// 3921//
f 3961// 3921// 3962//
f 3962// 3921// 3920//
f 3962// 3920// 3963//
f 3963// 3920// 3919//
f 3963// 3919// 3934//
f 3934// 3919// 3918//
f 3946// 3798// 3945//
f 3945// 3798// 3799//
f 3945// 3799// 3944//
f 3944// 3799// 3800//
f 3944// 3800// 3943//
f 3943// 3800// 3801//
f 3943// 3801// 3942//
f 3942// 3801// 3802//
f 3942// 3802// 3941//
f 3941// 3802// 3803//
f 3941// 3803// 3940//
f 3940// 3803// 3804//
f 3940// 3804// 3939//
f 3939// 3804// 3805//
f 3939// 3805// 3938//
f 3938// 3805// 3806//
f 3938// 3806// 3937//
f 3937// 3806// 3807//
f 3937// 3807// 3936//
f 3936// 3807// 3808//
f 3936// 3808// 3935//
f 3935// 3808// 3809//
f 3935// 3809// 3934//
f 3934// 3809// 3810//
f 3934// 3810// 3963//
f 3963// 3810// 3811//
f 3963// 3811// 3962//
f 3962// 3811// 3812//
f 3962// 3812// 3961//
f 3961// 3812// 3813//
f 3961// 3813// 3960//
f 3960// 3813// 3814//
f 3960// 3814// 3959//
f 3959// 3814// 3815//
f 3959// 3815// 3958//
f 3958// 3815// 3816//
f 3958// 3816// 3957//
f 3957// 3816// 3817//
f 3957// 3817// 3956//
f 3956// 3817// 3818//
f 3956// 3818// 3955//
f 3955// 3818// 3819//
f 3955// 3819// 3954//
f 3954// 3819// 3820//
f 3954// 3820// 3953//
f 3953// 3820// 3821//
f 3953// 3821// 3952//
f 3952// 3821// 3822//
f 3952// 3822// 3951//
f 3951// 3822// 3823//
f 3951// 3823// 3950//
f 3950// 3823// 3824//
f 3950// 3824// 3949//
f 3949// 3824// 3825//
f 3949// 3825// 3948//
f 3948// 3825// 3796//
f 3948// 3796// 3947//
f 3947// 3796// 3797//
f 3947// 3797// 3946//
f 3946// 3797// 3798//
f 3695// 3786// 3693//
f 3693// 3786// 3789//
f 3787// 3696// 3788//
f 3788// 3696// 3697//
f 3642// 3382// 3347//
f 3347// 3382// 3346//
f 3643// 3642// 3354//
f 3354// 3642// 3347//
f 3381// 3643// 3355//
f 3355// 3643// 3354//
f 3642// 3643// 3382//
f 3382// 3643// 3381//
f 3384// 3641// 3344//
f 3344// 3641// 3342//
f 3640// 3380// 3340//
f 3340// 3380// 3360//
f 3641// 3640// 3342//
f 3342// 3640// 3340//
f 3380// 3640// 3384//
f 3384// 3640// 3641//
f 3664// 3684// 3964//
f 3964// 3684// 3704//
f 3666// 3664// 3965//
f 3965// 3664// 3964//
f 3668// 3666// 3708//
f 3708// 3666// 3965//
f 3708// 3965// 3704//
f 3704// 3965// 3964//
f 3671// 3670// 3966//
f 3966// 3670// 3706//
f 3678// 3671// 3967//
f 3967// 3671// 3966//
f 3679// 3678// 3705//
f 3705// 3678// 3967//
f 3967// 3966// 3705//
f 3705// 3966// 3706//
usemtl 1
f 3968// 3969// 3970//
f 3970// 3969// 3971//
f 3972// 3973// 3974//
f 3974// 3973// 3975//
f 3976// 3977// 3978//
f 3978// 3977// 3979//
f 3980// 3981// 3982//
f 3982// 3981// 3983//
f 3984// 3985// 3986//
f 3986// 3985// 3987//
f 3988// 3989// 3990//
f 3990// 3989// 3991//
f 3990// 3991// 3992//
f 3992// 3991// 3993//
f 3992// 3993// 3994//
f 3994// 3993// 3995//
f 3994// 3995// 3988//
f 3988// 3995// 3989//
f 3996// 3997// 3998//
f 3998// 3997// 3999//
f 3998// 3999// 4000//
f 4000// 3999// 4001//
f 4002// 4003// 3996//
f 3996// 4003// 3997//
f 4004// 4005// 4006//
f 4006// 4005// 4007//
f 4006// 4007// 4002//
f 4002// 4007// 4003//
f 4005// 4004// 4008//
f 4008// 4004// 4009//
f 4008// 4009// 4010//
f 4010// 4009// 4011//
f 4010// 4011// 4012//
f 4012// 4011// 4013//
f 4012// 4013// 4014//
f 4014// 4013// 4015//
f 4014// 4015// 4016//
f 4016// 4015// 4017//
f 4016// 4017// 4018//
f 4018// 4017// 4019//
f 4020// 4021// 4022//
f 4018// 4019// 4022//
f 4022// 4019// 4023//
f 4022// 4023// 4020//
f 4021// 4020// 4024//
f 4021// 4024// 4025//
f 4025// 4024// 4026//
f 4025// 4026// 4027//
f 4027// 4026// 4028//
f 4027// 4028// 4029//
f 4029// 4028// 4030//
f 4029// 4030// 4031//
f 4031// 4030// 4032//
f 4031// 4032// 4033//
f 4033// 4032// 4034//
f 4033// 4034// 4035//
f 4035// 4034// 4036//
f 4035// 4036// 4037//
f 4037// 4036// 3993//
f 4037// 3993// 3991//
f 3989// 3995// 4038//
f 3989// 4038// 4039//
f 4039// 4038// 4040//
f 4039// 4040// 4041//
f 4041// 4040// 4042//
f 4041// 4042// 4043//
f 4043// 4042// 4044//
f 4043// 4044// 4045//
f 4045// 4044// 4046//
f 4045// 4046// 4047//
f 4047// 4046// 4048//
f 4047// 4048// 4049//
f 4049// 4048// 4050//
f 4049// 4050// 4051//
f 4051// 4050// 4052//
f 4051// 4052// 4053//
f 4054// 4053// 4055//
f 4055// 4053// 4052//
f 3969// 4054// 3971//
f 3971// 4054// 4055//
f 4056// 4057// 4058//
f 4058// 4057// 4059//
f 4059// 4057// 4060//
f 4060// 4057// 4061//
f 4060// 4061// 4062//
f 4062// 4061// 4063//
f 4062// 4063// 4064//
f 4064// 4063// 4065//
f 4064// 4065// 4066//
f 4066// 4065// 4067//
f 4066// 4067// 4068//
f 4068// 4067// 4069//
f 4068// 4069// 4070//
f 4070// 4069// 4071//
f 4072// 4070// 4073//
f 4073// 4070// 4071//
f 4072// 4073// 4074//
f 4074// 4073// 4075//
f 4074// 4075// 4076//
f 4076// 4075// 4077//
f 4076// 4077// 4078//
f 4078// 4077// 4079//
f 4078// 4079// 4080//
f 4080// 4079// 4081//
f 4080// 4081// 4082//
f 4082// 4081// 4083//
f 4082// 4083// 4084//
f 4084// 4083// 4085//
f 4086// 4087// 4088//
f 4088// 4087// 4089//
f 4088// 4089// 4085//
f 4085// 4089// 4084//
f 4087// 4086// 4090//
f 4087// 4090// 4091//
f 4091// 4090// 4092//
f 4091// 4092// 4093//
f 4093// 4092// 4094//
f 4093// 4094// 4095//
f 4095// 4094// 4096//
f 4095// 4096// 4097//
f 4097// 4096// 4098//
f 4097// 4098// 4099//
f 4099// 4098// 4000//
f 4099// 4000// 4001//
f 4082// 4084// 4021//
f 3969// 3968// 4054//
f 4054// 3968// 4100//
f 3978// 3979// 4101//
f 4101// 3979// 4102//
f 4103// 3986// 3987//
f 3982// 3983// 4102//
f 4102// 3983// 4103//
f 3974// 3975// 4100//
f 4100// 3975// 4101//
f 4100// 4101// 4054//
f 4054// 4101// 4102//
f 4054// 4102// 4053//
f 4053// 4102// 4103//
f 4053// 4103// 4104//
f 4104// 4103// 3987//
f 4104// 4058// 4053//
f 4053// 4058// 4059//
f 4053// 4059// 4051//
f 4051// 4059// 4060//
f 4051// 4060// 4049//
f 4049// 4060// 4062//
f 4068// 4041// 4066//
f 4066// 4041// 4043//
f 4066// 4043// 4064//
f 4064// 4043// 4045//
f 4064// 4045// 4062//
f 4062// 4045// 4047//
f 4062// 4047// 4049//
f 4021// 4025// 4082//
f 4082// 4025// 4027//
f 4082// 4027// 4080//
f 4080// 4027// 4029//
f 4080// 4029// 4078//
f 4078// 4029// 4031//
f 4078// 4031// 4076//
f 4031// 4033// 4076//
f 4076// 4033// 4035//
f 4076// 4035// 4074//
f 4074// 4035// 4037//
f 4074// 4037// 4072//
f 4072// 4037// 3991//
f 4072// 3991// 4070//
f 4070// 3991// 3989//
f 4070// 3989// 4068//
f 4068// 3989// 4039//
f 4068// 4039// 4041//
f 3981// 3980// 4105//
f 4105// 3980// 4106//
f 3977// 3976// 4106//
f 4106// 3976// 4107//
f 4107// 3973// 3972//
f 3970// 3971// 4108//
f 4108// 3971// 4055//
f 4056// 4109// 4057//
f 4057// 4109// 4052//
f 4057// 4052// 4061//
f 3985// 3984// 4109//
f 4109// 3984// 4105//
f 4109// 4105// 4052//
f 4052// 4105// 4106//
f 4052// 4106// 4055//
f 4055// 4106// 4107//
f 4055// 4107// 4108//
f 4108// 4107// 3972//
f 4020// 4085// 4024//
f 4024// 4085// 4083//
f 4024// 4083// 4026//
f 4026// 4083// 4081//
f 4075// 4034// 4077//
f 4077// 4034// 4032//
f 4077// 4032// 4079//
f 4079// 4032// 4030//
f 4079// 4030// 4081//
f 4081// 4030// 4028//
f 4081// 4028// 4026//
f 4052// 4050// 4061//
f 4061// 4050// 4048//
f 4061// 4048// 4063//
f 4063// 4048// 4046//
f 4063// 4046// 4065//
f 4065// 4046// 4044//
f 4065// 4044// 4067//
f 4044// 4042// 4067//
f 4067// 4042// 4040//
f 4067// 4040// 4069//
f 4069// 4040// 4038//
f 4069// 4038// 4071//
f 4071// 4038// 3995//
f 4071// 3995// 4073//
f 4073// 3995// 3993//
f 4073// 3993// 4075//
f 4075// 3993// 4036//
f 4075// 4036// 4034//
f 4110// 4111// 3994//
f 3994// 4111// 3992//
f 3988// 3990// 4112//
f 4112// 3990// 4113//
f 4111// 4113// 3992//
f 3992// 4113// 3990//
f 4112// 4113// 4110//
f 4110// 4113// 4111//
f 3988// 4112// 3994//
f 3994// 4112// 4110//
f 4104// 3987// 4109//
f 4109// 3987// 3985//
f 4109// 4056// 4104//
f 4104// 4056// 4058//
f 4103// 3983// 4105//
f 4105// 3983// 3981//
f 4105// 3984// 4103//
f 4103// 3984// 3986//
f 4102// 3979// 4106//
f 4106// 3979// 3977//
f 4106// 3980// 4102//
f 4102// 3980// 3982//
f 4101// 3975// 4107//
f 4107// 3975// 3973//
f 4107// 3976// 4101//
f 4101// 3976// 3978//
f 4100// 3968// 4108//
f 4108// 3968// 3970//
f 4108// 3972// 4100//
f 4100// 3972// 3974//
f 4006// 3998// 4004//
f 4004// 3998// 4000//
f 4004// 4000// 4009//
f 4009// 4000// 4098//
f 4009// 4098// 4011//
f 4011// 4098// 4096//
f 4011// 4096// 4013//
f 4013// 4096// 4094//
f 4013// 4094// 4015//
f 4015// 4094// 4092//
f 4015// 4092// 4017//
f 4017// 4092// 4090//
f 4017// 4090// 4019//
f 4019// 4090// 4086//
f 4019// 4086// 4023//
f 4023// 4086// 4088//
f 4088// 4085// 4023//
f 4023// 4085// 4020//
f 4022// 4089// 4018//
f 4018// 4089// 4087//
f 4018// 4087// 4016//
f 4016// 4087// 4091//
f 4016// 4091// 4014//
f 4014// 4091// 4093//
f 4014// 4093// 4012//
f 4012// 4093// 4095//
f 4012// 4095// 4010//
f 4010// 4095// 4097//
f 4010// 4097// 4008//
f 4008// 4097// 4099//
f 4008// 4099// 4005//
f 4005// 4099// 4001//
f 4005// 4001// 4007//
f 4007// 4001// 3999//
f 4084// 4089// 4021//
f 4021// 4089// 4022//
f 3996// 3998// 4002//
f 4002// 3998// 4006//
f 4003// 4007// 3997//
f 3997// 4007// 3999//
f 4114// 4115// 4116//
f 4116// 4115// 4117//
f 4118// 4119// 4120//
f 4120// 4119// 4121//
f 4122// 4123// 4124//
f 4124// 4123// 4125//
f 4126// 4127// 4128//
f 4128// 4127// 4129//
f 4130// 4131// 4132//
f 4132// 4131// 4133//
f 4134// 4135// 4136//
f 4136// 4135// 4137//
f 4136// 4137// 4138//
f 4138// 4137// 4139//
f 4138// 4139// 4140//
f 4140// 4139// 4141//
f 4140// 4141// 4134//
f 4134// 4141// 4135//
f 4142// 4143// 4144//
f 4144// 4143// 4145//
f 4144// 4145// 4146//
f 4146// 4145// 4147//
f 4148// 4149// 4142//
f 4142// 4149// 4143//
f 4150// 4151// 4152//
f 4152// 4151// 4153//
f 4152// 4153// 4148//
f 4148// 4153// 4149//
f 4151// 4150// 4154//
f 4154// 4150// 4155//
f 4154// 4155// 4156//
f 4156// 4155// 4157//
f 4156// 4157// 4158//
f 4158// 4157// 4159//
f 4158// 4159// 4160//
f 4160// 4159// 4161//
f 4160// 4161// 4162//
f 4162// 4161// 4163//
f 4162// 4163// 4164//
f 4164// 4163// 4165//
f 4166// 4167// 4168//
f 4164// 4165// 4168//
f 4168// 4165// 4169//
f 4168// 4169// 4166//
f 4167// 4166// 4170//
f 4167// 4170// 4171//
f 4171// 4170// 4172//
f 4171// 4172// 4173//
f 4173// 4172// 4174//
f 4173// 4174// 4175//
f 4175// 4174// 4176//
f 4175// 4176// 4177//
f 4177// 4176// 4178//
f 4177// 4178// 4179//
f 4179// 4178// 4180//
f 4179// 4180// 4181//
f 4181// 4180// 4182//
f 4181// 4182// 4183//
f 4183// 4182// 4139//
f 4183// 4139// 4137//
f 4135// 4141// 4184//
f 4135// 4184// 4185//
f 4185// 4184// 4186//
f 4185// 4186// 4187//
f 4187// 4186// 4188//
f 4187// 4188// 4189//
f 4189// 4188// 4190//
f 4189// 4190// 4191//
f 4191// 4190// 4192//
f 4191// 4192// 4193//
f 4193// 4192// 4194//
f 4193// 4194// 4195//
f 4195// 4194// 4196//
f 4195// 4196// 4197//
f 4197// 4196// 4198//
f 4197// 4198// 4199//
f 4200// 4199// 4201//
f 4201// 4199// 4198//
f 4115// 4200// 4117//
f 4117// 4200// 4201//
f 4202// 4203// 4204//
f 4204// 4203// 4205//
f 4205// 4203// 4206//
f 4206// 4203// 4207//
f 4206// 4207// 4208//
f 4208// 4207// 4209//
f 4208// 4209// 4210//
f 4210// 4209// 4211//
f 4210// 4211// 4212//
f 4212// 4211// 4213//
f 4212// 4213// 4214//
f 4214// 4213// 4215//
f 4214// 4215// 4216//
f 4216// 4215// 4217//
f 4218// 4216// 4219//
f 4219// 4216// 4217//
f 4218// 4219// 4220//
f 4220// 4219// 4221//
f 4220// 4221// 4222//
f 4222// 4221// 4223//
f 4222// 4223// 4224//
f 4224// 4223// 4225//
f 4224// 4225// 4226//
f 4226// 4225// 4227//
f 4226// 4227// 4228//
f 4228// 4227// 4229//
f 4228// 4229// 4230//
f 4230// 4229// 4231//
f 4232// 4233// 4234//
f 4234// 4233// 4235//
f 4234// 4235// 4231//
f 4231// 4235// 4230//
f 4233// 4232// 4236//
f 4233// 4236// 4237//
f 4237// 4236// 4238//
f 4237// 4238// 4239//
f 4239// 4238// 4240//
f 4239// 4240// 4241//
f 4241// 4240// 4242//
f 4241// 4242// 4243//
f 4243// 4242// 4244//
f 4243// 4244// 4245//
f 4245// 4244// 4146//
f 4245// 4146// 4147//
f 4228// 4230// 4167//
f 4115// 4114// 4200//
f 4200// 4114// 4246//
f 4124// 4125// 4247//
f 4247// 4125// 4248//
f 4249// 4132// 4133//
f 4128// 4129// 4248//
f 4248// 4129// 4249//
f 4120// 4121// 4246//
f 4246// 4121// 4247//
f 4246// 4247// 4200//
f 4200// 4247// 4248//
f 4200// 4248// 4199//
f 4199// 4248// 4249//
f 4199// 4249// 4250//
f 4250// 4249// 4133//
f 4250// 4204// 4199//
f 4199// 4204// 4205//
f 4199// 4205// 4197//
f 4197// 4205// 4206//
f 4197// 4206// 4195//
f 4195// 4206// 4208//
f 4214// 4187// 4212//
f 4212// 4187// 4189//
f 4212// 4189// 4210//
f 4210// 4189// 4191//
f 4210// 4191// 4208//
f 4208// 4191// 4193//
f 4208// 4193// 4195//
f 4167// 4171// 4228//
f 4228// 4171// 4173//
f 4228// 4173// 4226//
f 4226// 4173// 4175//
f 4226// 4175// 4224//
f 4224// 4175// 4177//
f 4224// 4177// 4222//
f 4177// 4179// 4222//
f 4222// 4179// 4181//
f 4222// 4181// 4220//
f 4220// 4181// 4183//
f 4220// 4183// 4218//
f 4218// 4183// 4137//
f 4218// 4137// 4216//
f 4216// 4137// 4135//
f 4216// 4135// 4214//
f 4214// 4135// 4185//
f 4214// 4185// 4187//
f 4127// 4126// 4251//
f 4251// 4126// 4252//
f 4123// 4122// 4252//
f 4252// 4122// 4253//
f 4253// 4119// 4118//
f 4116// 4117// 4254//
f 4254// 4117// 4201//
f 4202// 4255// 4203//
f 4203// 4255// 4198//
f 4203// 4198// 4207//
f 4131// 4130// 4255//
f 4255// 4130// 4251//
f 4255// 4251// 4198//
f 4198// 4251// 4252//
f 4198// 4252// 4201//
f 4201// 4252// 4253//
f 4201// 4253// 4254//
f 4254// 4253// 4118//
f 4166// 4231// 4170//
f 4170// 4231// 4229//
f 4170// 4229// 4172//
f 4172// 4229// 4227//
f 4221// 4180// 4223//
f 4223// 4180// 4178//
f 4223// 4178// 4225//
f 4225// 4178// 4176//
f 4225// 4176// 4227//
f 4227// 4176// 4174//
f 4227// 4174// 4172//
f 4198// 4196// 4207//
f 4207// 4196// 4194//
f 4207// 4194// 4209//
f 4209// 4194// 4192//
f 4209// 4192// 4211//
f 4211// 4192// 4190//
f 4211// 4190// 4213//
f 4190// 4188// 4213//
f 4213// 4188// 4186//
f 4213// 4186// 4215//
f 4215// 4186// 4184//
f 4215// 4184// 4217//
f 4217// 4184// 4141//
f 4217// 4141// 4219//
f 4219// 4141// 4139//
f 4219// 4139// 4221//
f 4221// 4139// 4182//
f 4221// 4182// 4180//
f 4256// 4257// 4140//
f 4140// 4257// 4138//
f 4134// 4136// 4258//
f 4258// 4136// 4259//
f 4257// 4259// 4138//
f 4138// 4259// 4136//
f 4258// 4259// 4256//
f 4256// 4259// 4257//
f 4134// 4258// 4140//
f 4140// 4258// 4256//
f 4250// 4133// 4255//
f 4255// 4133// 4131//
f 4255// 4202// 4250//
f 4250// 4202// 4204//
f 4249// 4129// 4251//
f 4251// 4129// 4127//
f 4251// 4130// 4249//
f 4249// 4130// 4132//
f 4248// 4125// 4252//
f 4252// 4125// 4123//
f 4252// 4126// 4248//
f 4248// 4126// 4128//
f 4247// 4121// 4253//
f 4253// 4121// 4119//
f 4253// 4122// 4247//
f 4247// 4122// 4124//
f 4246// 4114// 4254//
f 4254// 4114// 4116//
f 4254// 4118// 4246//
f 4246// 4118// 4120//
f 4152// 4144// 4150//
f 4150// 4144// 4146//
f 4150// 4146// 4155//
f 4155// 4146// 4244//
f 4155// 4244// 4157//
f 4157// 4244// 4242//
f 4157// 4242// 4159//
f 4159// 4242// 4240//
f 4159// 4240// 4161//
f 4161// 4240// 4238//
f 4161// 4238// 4163//
f 4163// 4238// 4236//
f 4163// 4236// 4165//
f 4165// 4236// 4232//
f 4165// 4232// 4169//
f 4169// 4232// 4234//
f 4234// 4231// 4169//
f 4169// 4231// 4166//
f 4168// 4235// 4164//
f 4164// 4235// 4233//
f 4164// 4233// 4162//
f 4162// 4233// 4237//
f 4162// 4237// 4160//
f 4160// 4237// 4239//
f 4160// 4239// 4158//
f 4158// 4239// 4241//
f 4158// 4241// 4156//
f 4156// 4241// 4243//
f 4156// 4243// 4154//
f 4154// 4243// 4245//
f 4154// 4245// 4151//
f 4151// 4245// 4147//
f 4151// 4147// 4153//
f 4153// 4147// 4145//
f 4230// 4235// 4167//
f 4167// 4235// 4168//
f 4142// 4144// 4148//
f 4148// 4144// 4152//
f 4149// 4153// 4143//
f 4143// 4153// 4145//
f 4260// 4261// 4262//
f 4262// 4261// 4263//
f 4262// 4263// 4264//
f 4264// 4263// 4265//
f 4264// 4265// 4266//
f 4266// 4265// 4267//
f 4266// 4267// 4260//
f 4260// 4267// 4261//
f 4268// 4269// 4270//
f 4270// 4269// 4271//
f 4270// 4271// 4272//
f 4272// 4271// 4273//
f 4272// 4273// 4274//
f 4274// 4273// 4275//
f 4274// 4275// 4268//
f 4268// 4275// 4269//
f 4271// 4267// 4273//
f 4273// 4267// 4265//
f 4261// 4269// 4263//
f 4263// 4269// 4275//
f 4271// 4269// 4267//
f 4267// 4269// 4261//
f 4275// 4273// 4263//
f 4263// 4273// 4265//
f 4262// 4274// 4260//
f 4260// 4274// 4268//
f 4272// 4264// 4270//
f 4270// 4264// 4266//
f 4272// 4274// 4264//
f 4264// 4274// 4262//
f 4268// 4270// 4260//
f 4260// 4270// 4266//
f 4276// 4277// 4278//
f 4278// 4277// 4279//
f 4278// 4279// 4280//
f 4280// 4279// 4281//
f 4280// 4281// 4282//
f 4282// 4281// 4283//
f 4282// 4283// 4276//
f 4276// 4283// 4277//
f 4284// 4285// 4286//
f 4286// 4285// 4287//
f 4286// 4287// 4288//
f 4288// 4287// 4289//
f 4288// 4289// 4290//
f 4290// 4289// 4291//
f 4290// 4291// 4284//
f 4284// 4291// 4285//
f 4287// 4283// 4289//
f 4289// 4283// 4281//
f 4277// 4285// 4279//
f 4279// 4285// 4291//
f 4287// 4285// 4283//
f 4283// 4285// 4277//
f 4291// 4289// 4279//
f 4279// 4289// 4281//
f 4278// 4290// 4276//
f 4276// 4290// 4284//
f 4288// 4280// 4286//
f 4286// 4280// 4282//
f 4288// 4290// 4280//
f 4280// 4290// 4278//
f 4284// 4286// 4276//
f 4276// 4286// 4282//
f 4292// 4293// 4294//
f 4295// 4296// 4297//
f 4298// 4299// 4300//
f 4301// 4302// 4303//
f 4304// 4305// 4306//
f 4307// 4308// 4309//
f 4310// 4311// 4312//
f 4313// 4314// 4315//
f 4316// 4317// 4318//
f 4319// 4320// 4321//
f 4322// 4323// 4324//
f 4325// 4326// 4327//
f 4328// 4329// 4330//
f 4331// 4332// 4333//
f 4334// 4335// 4336//
f 4337// 4338// 4339//
f 4340// 4341// 4342//
f 4342// 4341// 4343//
f 4338// 4344// 4339//
f 4339// 4344// 4345//
f 4339// 4345// 4343//
f 4343// 4345// 4346//
f 4343// 4346// 4342//
f 4337// 4339// 4347//
f 4347// 4339// 4348//
f 4347// 4348// 4349//
f 4349// 4348// 4350//
f 4350// 4348// 4351//
f 4350// 4351// 4352//
f 4352// 4351// 4353//
f 4353// 4351// 4354//
f 4353// 4354// 4355//
f 4355// 4354// 4356//
f 4356// 4354// 4357//
f 4356// 4357// 4358//
f 4359// 4360// 4357//
f 4357// 4360// 4361//
f 4357// 4361// 4358//
f 4362// 4363// 4359//
f 4359// 4363// 4364//
f 4359// 4364// 4365//
f 4365// 4366// 4359//
f 4359// 4366// 4367//
f 4359// 4367// 4360//
f 4368// 4369// 4370//
f 4371// 4372// 4370//
f 4370// 4372// 4373//
f 4370// 4373// 4368//
f 4374// 4375// 4372//
f 4372// 4375// 4376//
f 4372// 4376// 4373//
f 4377// 4378// 4374//
f 4374// 4378// 4379//
f 4374// 4379// 4375//
f 4380// 4381// 4377//
f 4377// 4381// 4382//
f 4377// 4382// 4378//
f 4383// 4384// 4380//
f 4380// 4384// 4385//
f 4385// 4386// 4380//
f 4380// 4386// 4387//
f 4380// 4387// 4381//
f 4388// 4389// 4390//
f 4390// 4389// 4391//
f 4390// 4391// 4383//
f 4383// 4391// 4392//
f 4383// 4392// 4384//
f 4393// 4394// 4395//
f 4395// 4396// 4393//
f 4393// 4396// 4397//
f 4393// 4397// 4390//
f 4390// 4397// 4398//
f 4390// 4398// 4388//
f 4399// 4400// 4401//
f 4401// 4400// 4402//
f 4401// 4402// 4403//
f 4403// 4402// 4404//
f 4403// 4404// 4405//
f 4405// 4404// 4406//
f 4405// 4406// 4407//
f 4407// 4406// 4408//
f 4407// 4408// 4409//
f 4409// 4408// 4410//
f 4409// 4410// 4411//
f 4411// 4410// 4412//
f 4411// 4412// 4413//
f 4413// 4412// 4321//
f 4414// 4415// 4416//
f 4416// 4415// 4417//
f 4416// 4417// 4418//
f 4418// 4417// 4419//
f 4418// 4419// 4420//
f 4420// 4419// 4421//
f 4420// 4421// 4422//
f 4422// 4421// 4423//
f 4422// 4423// 4424//
f 4424// 4423// 4425//
f 4424// 4425// 4426//
f 4426// 4425// 4427//
f 4426// 4427// 4428//
f 4428// 4427// 4303//
f 4341// 4429// 4343//
f 4343// 4429// 4430//
f 4343// 4430// 4339//
f 4339// 4430// 4431//
f 4339// 4431// 4348//
f 4348// 4431// 4432//
f 4348// 4432// 4351//
f 4351// 4432// 4433//
f 4351// 4433// 4354//
f 4354// 4433// 4434//
f 4354// 4434// 4357//
f 4357// 4434// 4435//
f 4357// 4435// 4359//
f 4359// 4435// 4336//
f 4359// 4336// 4362//
f 4362// 4336// 4335//
f 4332// 4334// 4333//
f 4333// 4334// 4336//
f 4333// 4336// 4436//
f 4436// 4336// 4435//
f 4436// 4435// 4437//
f 4437// 4435// 4434//
f 4437// 4434// 4438//
f 4438// 4434// 4433//
f 4438// 4433// 4439//
f 4439// 4433// 4432//
f 4439// 4432// 4440//
f 4440// 4432// 4431//
f 4440// 4431// 4441//
f 4441// 4431// 4430//
f 4441// 4430// 4442//
f 4442// 4430// 4429//
f 4443// 4331// 4444//
f 4444// 4331// 4333//
f 4444// 4333// 4445//
f 4445// 4333// 4436//
f 4445// 4436// 4446//
f 4446// 4436// 4437//
f 4446// 4437// 4447//
f 4447// 4437// 4438//
f 4447// 4438// 4448//
f 4448// 4438// 4439//
f 4448// 4439// 4449//
f 4449// 4439// 4440//
f 4449// 4440// 4450//
f 4450// 4440// 4441//
f 4450// 4441// 4451//
f 4451// 4441// 4442//
f 4451// 4452// 4450//
f 4450// 4452// 4453//
f 4450// 4453// 4449//
f 4449// 4453// 4454//
f 4449// 4454// 4448//
f 4448// 4454// 4455//
f 4448// 4455// 4447//
f 4447// 4455// 4456//
f 4447// 4456// 4446//
f 4446// 4456// 4457//
f 4446// 4457// 4445//
f 4445// 4457// 4458//
f 4445// 4458// 4444//
f 4444// 4458// 4330//
f 4444// 4330// 4443//
f 4443// 4330// 4329//
f 4326// 4328// 4327//
f 4327// 4328// 4330//
f 4327// 4330// 4459//
f 4459// 4330// 4458//
f 4459// 4458// 4460//
f 4460// 4458// 4457//
f 4460// 4457// 4461//
f 4461// 4457// 4456//
f 4461// 4456// 4462//
f 4462// 4456// 4455//
f 4462// 4455// 4463//
f 4463// 4455// 4454//
f 4463// 4454// 4464//
f 4464// 4454// 4453//
f 4464// 4453// 4465//
f 4465// 4453// 4452//
f 4323// 4325// 4324//
f 4324// 4325// 4327//
f 4324// 4327// 4466//
f 4466// 4327// 4459//
f 4466// 4459// 4467//
f 4467// 4459// 4460//
f 4467// 4460// 4468//
f 4468// 4460// 4461//
f 4468// 4461// 4469//
f 4469// 4461// 4462//
f 4469// 4462// 4470//
f 4470// 4462// 4463//
f 4470// 4463// 4471//
f 4471// 4463// 4464//
f 4471// 4464// 4472//
f 4472// 4464// 4465//
f 4473// 4322// 4474//
f 4474// 4322// 4324//
f 4474// 4324// 4475//
f 4475// 4324// 4466//
f 4475// 4466// 4476//
f 4476// 4466// 4467//
f 4476// 4467// 4477//
f 4477// 4467// 4468//
f 4477// 4468// 4478//
f 4478// 4468// 4469//
f 4478// 4469// 4479//
f 4479// 4469// 4470//
f 4479// 4470// 4480//
f 4480// 4470// 4471//
f 4480// 4471// 4481//
f 4481// 4471// 4472//
f 4481// 4399// 4480//
f 4480// 4399// 4401//
f 4480// 4401// 4479//
f 4479// 4401// 4403//
f 4479// 4403// 4478//
f 4478// 4403// 4405//
f 4478// 4405// 4477//
f 4477// 4405// 4407//
f 4477// 4407// 4476//
f 4476// 4407// 4409//
f 4476// 4409// 4475//
f 4475// 4409// 4411//
f 4475// 4411// 4474//
f 4474// 4411// 4413//
f 4474// 4413// 4473//
f 4473// 4413// 4482//
f 4321// 4320// 4413//
f 4413// 4320// 4483//
f 4413// 4483// 4482//
f 4484// 4319// 4485//
f 4485// 4319// 4321//
f 4485// 4321// 4486//
f 4486// 4321// 4412//
f 4486// 4412// 4487//
f 4487// 4412// 4410//
f 4487// 4410// 4488//
f 4488// 4410// 4408//
f 4488// 4408// 4489//
f 4489// 4408// 4406//
f 4489// 4406// 4490//
f 4490// 4406// 4404//
f 4490// 4404// 4491//
f 4491// 4404// 4402//
f 4491// 4402// 4492//
f 4492// 4402// 4400//
f 4492// 4493// 4491//
f 4491// 4493// 4494//
f 4491// 4494// 4490//
f 4490// 4494// 4495//
f 4490// 4495// 4489//
f 4489// 4495// 4496//
f 4489// 4496// 4488//
f 4488// 4496// 4497//
f 4488// 4497// 4487//
f 4487// 4497// 4498//
f 4487// 4498// 4486//
f 4486// 4498// 4499//
f 4486// 4499// 4485//
f 4485// 4499// 4318//
f 4485// 4318// 4484//
f 4484// 4318// 4317//
f 4314// 4316// 4315//
f 4315// 4316// 4318//
f 4315// 4318// 4500//
f 4500// 4318// 4499//
f 4500// 4499// 4501//
f 4501// 4499// 4498//
f 4501// 4498// 4502//
f 4502// 4498// 4497//
f 4502// 4497// 4503//
f 4503// 4497// 4496//
f 4503// 4496// 4504//
f 4504// 4496// 4495//
f 4504// 4495// 4505//
f 4505// 4495// 4494//
f 4505// 4494// 4506//
f 4506// 4494// 4493//
f 4507// 4313// 4508//
f 4508// 4313// 4315//
f 4508// 4315// 4509//
f 4509// 4315// 4500//
f 4509// 4500// 4510//
f 4510// 4500// 4501//
f 4510// 4501// 4511//
f 4511// 4501// 4502//
f 4511// 4502// 4512//
f 4512// 4502// 4503//
f 4512// 4503// 4513//
f 4513// 4503// 4504//
f 4513// 4504// 4514//
f 4514// 4504// 4505//
f 4514// 4505// 4515//
f 4515// 4505// 4506//
f 4515// 4516// 4514//
f 4514// 4516// 4517//
f 4514// 4517// 4513//
f 4513// 4517// 4518//
f 4513// 4518// 4512//
f 4512// 4518// 4519//
f 4512// 4519// 4511//
f 4511// 4519// 4520//
f 4511// 4520// 4510//
f 4510// 4520// 4521//
f 4510// 4521// 4509//
f 4509// 4521// 4522//
f 4509// 4522// 4508//
f 4508// 4522// 4312//
f 4508// 4312// 4507//
f 4507// 4312// 4311//
f 4308// 4310// 4309//
f 4309// 4310// 4312//
f 4309// 4312// 4523//
f 4523// 4312// 4522//
f 4523// 4522// 4524//
f 4524// 4522// 4521//
f 4524// 4521// 4525//
f 4525// 4521// 4520//
f 4525// 4520// 4526//
f 4526// 4520// 4519//
f 4526// 4519// 4527//
f 4527// 4519// 4518//
f 4527// 4518// 4528//
f 4528// 4518// 4517//
f 4528// 4517// 4529//
f 4529// 4517// 4516//
f 4305// 4307// 4306//
f 4306// 4307// 4309//
f 4306// 4309// 4530//
f 4530// 4309// 4523//
f 4530// 4523// 4531//
f 4531// 4523// 4524//
f 4531// 4524// 4532//
f 4532// 4524// 4525//
f 4532// 4525// 4533//
f 4533// 4525// 4526//
f 4533// 4526// 4534//
f 4534// 4526// 4527//
f 4534// 4527// 4535//
f 4535// 4527// 4528//
f 4535// 4528// 4536//
f 4536// 4528// 4529//
f 4537// 4304// 4538//
f 4538// 4304// 4306//
f 4538// 4306// 4539//
f 4539// 4306// 4530//
f 4539// 4530// 4540//
f 4540// 4530// 4531//
f 4540// 4531// 4541//
f 4541// 4531// 4532//
f 4541// 4532// 4542//
f 4542// 4532// 4533//
f 4542// 4533// 4543//
f 4543// 4533// 4534//
f 4543// 4534// 4544//
f 4544// 4534// 4535//
f 4544// 4535// 4545//
f 4545// 4535// 4536//
f 4545// 4414// 4544//
f 4544// 4414// 4416//
f 4544// 4416// 4543//
f 4543// 4416// 4418//
f 4543// 4418// 4542//
f 4542// 4418// 4420//
f 4542// 4420// 4541//
f 4541// 4420// 4422//
f 4541// 4422// 4540//
f 4540// 4422// 4424//
f 4540// 4424// 4539//
f 4539// 4424// 4426//
f 4539// 4426// 4538//
f 4538// 4426// 4428//
f 4538// 4428// 4537//
f 4537// 4428// 4546//
f 4303// 4302// 4428//
f 4428// 4302// 4547//
f 4428// 4547// 4546//
f 4548// 4301// 4549//
f 4549// 4301// 4303//
f 4549// 4303// 4550//
f 4550// 4303// 4427//
f 4550// 4427// 4551//
f 4551// 4427// 4425//
f 4551// 4425// 4552//
f 4552// 4425// 4423//
f 4552// 4423// 4553//
f 4553// 4423// 4421//
f 4553// 4421// 4554//
f 4554// 4421// 4419//
f 4554// 4419// 4555//
f 4555// 4419// 4417//
f 4555// 4417// 4556//
f 4556// 4417// 4415//
f 4556// 4557// 4555//
f 4555// 4557// 4558//
f 4555// 4558// 4554//
f 4554// 4558// 4559//
f 4554// 4559// 4553//
f 4553// 4559// 4560//
f 4553// 4560// 4552//
f 4552// 4560// 4561//
f 4552// 4561// 4551//
f 4551// 4561// 4562//
f 4551// 4562// 4550//
f 4550// 4562// 4563//
f 4550// 4563// 4549//
f 4549// 4563// 4300//
f 4549// 4300// 4548//
f 4548// 4300// 4299//
f 4296// 4298// 4297//
f 4297// 4298// 4300//
f 4297// 4300// 4564//
f 4564// 4300// 4563//
f 4564// 4563// 4565//
f 4565// 4563// 4562//
f 4565// 4562// 4566//
f 4566// 4562// 4561//
f 4566// 4561// 4567//
f 4567// 4561// 4560//
f 4567// 4560// 4568//
f 4568// 4560// 4559//
f 4568// 4559// 4569//
f 4569// 4559// 4558//
f 4569// 4558// 4570//
f 4570// 4558// 4557//
f 4571// 4295// 4572//
f 4572// 4295// 4297//
f 4572// 4297// 4573//
f 4573// 4297// 4564//
f 4573// 4564// 4574//
f 4574// 4564// 4565//
f 4574// 4565// 4575//
f 4575// 4565// 4566//
f 4575// 4566// 4576//
f 4576// 4566// 4567//
f 4576// 4567// 4577//
f 4577// 4567// 4568//
f 4577// 4568// 4578//
f 4578// 4568// 4569//
f 4578// 4569// 4579//
f 4579// 4569// 4570//
f 4579// 4580// 4578//
f 4578// 4580// 4581//
f 4578// 4581// 4577//
f 4577// 4581// 4582//
f 4577// 4582// 4576//
f 4576// 4582// 4583//
f 4576// 4583// 4575//
f 4575// 4583// 4584//
f 4575// 4584// 4574//
f 4574// 4584// 4585//
f 4574// 4585// 4573//
f 4573// 4585// 4586//
f 4573// 4586// 4572//
f 4572// 4586// 4294//
f 4572// 4294// 4571//
f 4571// 4294// 4293//
f 4371// 4292// 4372//
f 4372// 4292// 4294//
f 4372// 4294// 4374//
f 4374// 4294// 4586//
f 4374// 4586// 4377//
f 4377// 4586// 4585//
f 4377// 4585// 4380//
f 4380// 4585// 4584//
f 4380// 4584// 4383//
f 4383// 4584// 4583//
f 4383// 4583// 4390//
f 4390// 4583// 4582//
f 4390// 4582// 4393//
f 4393// 4582// 4581//
f 4393// 4581// 4394//
f 4394// 4581// 4580//
f 4340// 4395// 4394//
f 4579// 4570// 4341//
f 4340// 4394// 4341//
f 4341// 4394// 4580//
f 4341// 4580// 4579//
f 4570// 4557// 4341//
f 4341// 4557// 4556//
f 4341// 4556// 4415//
f 4516// 4400// 4399//
f 4399// 4481// 4516//
f 4516// 4481// 4472//
f 4516// 4472// 4465//
f 4415// 4414// 4341//
f 4341// 4414// 4545//
f 4341// 4545// 4536//
f 4516// 4515// 4400//
f 4400// 4515// 4506//
f 4400// 4506// 4492//
f 4492// 4506// 4493//
f 4465// 4452// 4516//
f 4516// 4452// 4451//
f 4516// 4451// 4442//
f 4536// 4529// 4341//
f 4341// 4529// 4516//
f 4341// 4516// 4429//
f 4429// 4516// 4442//
f 4587// 4588// 4589//
f 4587// 4589// 4590//
f 4591// 4592// 4589//
f 4589// 4592// 4593//
f 4589// 4593// 4590//
f 4594// 4595// 4589//
f 4589// 4595// 4596//
f 4589// 4596// 4591//
f 4597// 4598// 4589//
f 4589// 4598// 4599//
f 4589// 4599// 4594//
f 4600// 4601// 4589//
f 4589// 4601// 4602//
f 4589// 4602// 4597//
f 4603// 4604// 4589//
f 4589// 4604// 4605//
f 4589// 4605// 4600//
f 4606// 4607// 4589//
f 4589// 4607// 4608//
f 4589// 4608// 4603//
f 4609// 4610// 4589//
f 4589// 4610// 4611//
f 4589// 4611// 4606//
f 4612// 4613// 4589//
f 4589// 4613// 4614//
f 4589// 4614// 4609//
f 4615// 4616// 4589//
f 4589// 4616// 4617//
f 4589// 4617// 4612//
f 4618// 4619// 4589//
f 4589// 4619// 4620//
f 4589// 4620// 4615//
f 4621// 4622// 4589//
f 4589// 4622// 4623//
f 4589// 4623// 4618//
f 4624// 4625// 4589//
f 4589// 4625// 4626//
f 4589// 4626// 4621//
f 4627// 4628// 4589//
f 4589// 4628// 4629//
f 4589// 4629// 4624//
f 4588// 4630// 4589//
f 4589// 4630// 4631//
f 4589// 4631// 4627//
f 4632// 4633// 4634//
f 4634// 4633// 4635//
f 4634// 4635// 4636//
f 4636// 4635// 4637//
f 4636// 4637// 4638//
f 4638// 4637// 4639//
f 4638// 4639// 4640//
f 4632// 4641// 4633//
f 4633// 4641// 4642//
f 4633// 4642// 4643//
f 4643// 4642// 4644//
f 4643// 4644// 4645//
f 4645// 4644// 4646//
f 4645// 4646// 4647//
f 4647// 4646// 4648//
f 4648// 4649// 4647//
f 4647// 4649// 4650//
f 4647// 4650// 4651//
f 4650// 4652// 4651//
f 4651// 4652// 4653//
f 4651// 4653// 4654//
f 4654// 4653// 4655//
f 4654// 4655// 4656//
f 4656// 4655// 4657//
f 4656// 4657// 4658//
f 4658// 4657// 4659//
f 4659// 4660// 4658//
f 4658// 4660// 4661//
f 4658// 4661// 4662//
f 4662// 4661// 4663//
f 4662// 4663// 4664//
f 4664// 4663// 4665//
f 4664// 4665// 4666//
f 4666// 4665// 4667//
f 4667// 4668// 4666//
f 4666// 4668// 4669//
f 4666// 4669// 4670//
f 4670// 4669// 4671//
f 4670// 4671// 4672//
f 4671// 4673// 4672//
f 4672// 4673// 4674//
f 4672// 4674// 4675//
f 4674// 4676// 4675//
f 4675// 4676// 4677//
f 4675// 4677// 4678//
f 4677// 4679// 4678//
f 4678// 4679// 4680//
f 4678// 4680// 4681//
f 4681// 4680// 4682//
f 4681// 4682// 4683//
f 4683// 4682// 4684//
f 4683// 4684// 4685//
f 4685// 4684// 4686//
f 4686// 4687// 4685//
f 4685// 4687// 4688//
f 4685// 4688// 4689//
f 4689// 4688// 4690//
f 4689// 4690// 4691//
f 4691// 4690// 4692//
f 4691// 4692// 4693//
f 4693// 4692// 4694//
f 4694// 4695// 4693//
f 4693// 4695// 4696//
f 4693// 4696// 4697//
f 4696// 4698// 4697//
f 4697// 4698// 4699//
f 4697// 4699// 4700//
f 4700// 4699// 4701//
f 4700// 4701// 4702//
f 4702// 4701// 4703//
f 4702// 4703// 4704//
f 4704// 4703// 4705//
f 4705// 4706// 4704//
f 4704// 4706// 4707//
f 4704// 4707// 4708//
f 4708// 4707// 4709//
f 4708// 4709// 4710//
f 4710// 4709// 4711//
f 4710// 4711// 4712//
f 4712// 4711// 4713//
f 4713// 4714// 4712//
f 4712// 4714// 4715//
f 4712// 4715// 4716//
f 4716// 4715// 4717//
f 4716// 4717// 4718//
f 4717// 4719// 4718//
f 4718// 4719// 4720//
f 4718// 4720// 4721//
f 4720// 4722// 4721//
f 4721// 4722// 4723//
f 4721// 4723// 4724//
f 4723// 4725// 4724//
f 4724// 4725// 4726//
f 4724// 4726// 4727//
f 4727// 4726// 4728//
f 4727// 4728// 4729//
f 4729// 4728// 4730//
f 4729// 4730// 4731//
f 4731// 4730// 4732//
f 4732// 4733// 4731//
f 4731// 4733// 4734//
f 4731// 4734// 4735//
f 4735// 4734// 4736//
f 4735// 4736// 4737//
f 4737// 4736// 4738//
f 4737// 4738// 4739//
f 4739// 4738// 4740//
f 4740// 4741// 4739//
f 4739// 4741// 4742//
f 4739// 4742// 4743//
f 4743// 4742// 4744//
f 4743// 4744// 4745//
f 4745// 4744// 4746//
f 4745// 4746// 4747//
f 4747// 4746// 4748//
f 4747// 4748// 4639//
f 4639// 4748// 4749//
f 4639// 4749// 4640//
f 4743// 4750// 4739//
f 4739// 4750// 4751//
f 4739// 4751// 4737//
f 4737// 4751// 4752//
f 4737// 4752// 4735//
f 4735// 4752// 4753//
f 4735// 4753// 4731//
f 4731// 4753// 4754//
f 4731// 4754// 4729//
f 4729// 4754// 4755//
f 4729// 4755// 4727//
f 4727// 4755// 4756//
f 4727// 4756// 4724//
f 4724// 4756// 4757//
f 4724// 4757// 4721//
f 4721// 4757// 4758//
f 4721// 4758// 4718//
f 4718// 4758// 4759//
f 4718// 4759// 4716//
f 4716// 4759// 4760//
f 4716// 4760// 4712//
f 4712// 4760// 4761//
f 4712// 4761// 4710//
f 4710// 4761// 4762//
f 4710// 4762// 4708//
f 4708// 4762// 4763//
f 4708// 4763// 4704//
f 4704// 4763// 4764//
f 4704// 4764// 4702//
f 4702// 4764// 4765//
f 4702// 4765// 4700//
f 4700// 4765// 4766//
f 4700// 4766// 4697//
f 4697// 4766// 4767//
f 4697// 4767// 4693//
f 4693// 4767// 4768//
f 4693// 4768// 4691//
f 4691// 4768// 4769//
f 4691// 4769// 4689//
f 4689// 4769// 4770//
f 4689// 4770// 4685//
f 4685// 4770// 4771//
f 4685// 4771// 4683//
f 4683// 4771// 4772//
f 4683// 4772// 4681//
f 4681// 4772// 4773//
f 4681// 4773// 4678//
f 4678// 4773// 4774//
f 4678// 4774// 4675//
f 4675// 4774// 4775//
f 4675// 4775// 4672//
f 4672// 4775// 4776//
f 4672// 4776// 4670//
f 4670// 4776// 4777//
f 4670// 4777// 4666//
f 4666// 4777// 4778//
f 4666// 4778// 4664//
f 4664// 4778// 4779//
f 4664// 4779// 4662//
f 4662// 4779// 4780//
f 4662// 4780// 4658//
f 4658// 4780// 4781//
f 4658// 4781// 4656//
f 4656// 4781// 4782//
f 4656// 4782// 4654//
f 4654// 4782// 4783//
f 4654// 4783// 4651//
f 4651// 4783// 4784//
f 4651// 4784// 4647//
f 4647// 4784// 4785//
f 4647// 4785// 4645//
f 4645// 4785// 4786//
f 4645// 4786// 4643//
f 4643// 4786// 4787//
f 4643// 4787// 4633//
f 4633// 4787// 4788//
f 4633// 4788// 4635//
f 4635// 4788// 4789//
f 4635// 4789// 4637//
f 4637// 4789// 4790//
f 4637// 4790// 4639//
f 4639// 4790// 4791//
f 4639// 4791// 4747//
f 4747// 4791// 4792//
f 4747// 4792// 4745//
f 4745// 4792// 4793//
f 4745// 4793// 4743//
f 4743// 4793// 4750//
f 4793// 4794// 4750//
f 4750// 4794// 4795//
f 4750// 4795// 4751//
f 4751// 4795// 4796//
f 4751// 4796// 4752//
f 4752// 4796// 4797//
f 4752// 4797// 4753//
f 4753// 4797// 4798//
f 4753// 4798// 4754//
f 4754// 4798// 4799//
f 4754// 4799// 4755//
f 4755// 4799// 4800//
f 4755// 4800// 4756//
f 4756// 4800// 4801//
f 4756// 4801// 4757//
f 4757// 4801// 4802//
f 4757// 4802// 4758//
f 4758// 4802// 4803//
f 4758// 4803// 4759//
f 4759// 4803// 4804//
f 4759// 4804// 4760//
f 4760// 4804// 4805//
f 4760// 4805// 4761//
f 4761// 4805// 4806//
f 4761// 4806// 4762//
f 4762// 4806// 4807//
f 4762// 4807// 4763//
f 4763// 4807// 4808//
f 4763// 4808// 4764//
f 4764// 4808// 4809//
f 4764// 4809// 4765//
f 4765// 4809// 4810//
f 4765// 4810// 4766//
f 4766// 4810// 4811//
f 4766// 4811// 4767//
f 4767// 4811// 4812//
f 4767// 4812// 4768//
f 4768// 4812// 4813//
f 4768// 4813// 4769//
f 4769// 4813// 4814//
f 4769// 4814// 4770//
f 4770// 4814// 4815//
f 4770// 4815// 4771//
f 4771// 4815// 4816//
f 4771// 4816// 4772//
f 4772// 4816// 4817//
f 4772// 4817// 4773//
f 4773// 4817// 4818//
f 4773// 4818// 4774//
f 4774// 4818// 4819//
f 4774// 4819// 4775//
f 4775// 4819// 4820//
f 4775// 4820// 4776//
f 4776// 4820// 4821//
f 4776// 4821// 4777//
f 4777// 4821// 4822//
f 4777// 4822// 4778//
f 4778// 4822// 4823//
f 4778// 4823// 4779//
f 4779// 4823// 4824//
f 4779// 4824// 4780//
f 4780// 4824// 4825//
f 4780// 4825// 4781//
f 4781// 4825// 4826//
f 4781// 4826// 4782//
f 4782// 4826// 4827//
f 4782// 4827// 4783//
f 4783// 4827// 4828//
f 4783// 4828// 4784//
f 4784// 4828// 4829//
f 4784// 4829// 4785//
f 4785// 4829// 4830//
f 4785// 4830// 4786//
f 4786// 4830// 4831//
f 4786// 4831// 4787//
f 4787// 4831// 4832//
f 4787// 4832// 4788//
f 4788// 4832// 4833//
f 4788// 4833// 4789//
f 4789// 4833// 4834//
f 4789// 4834// 4790//
f 4790// 4834// 4835//
f 4790// 4835// 4791//
f 4791// 4835// 4836//
f 4791// 4836// 4792//
f 4792// 4836// 4837//
f 4792// 4837// 4793//
f 4793// 4837// 4794//
f 4837// 4838// 4794//
f 4794// 4838// 4839//
f 4794// 4839// 4795//
f 4795// 4839// 4840//
f 4795// 4840// 4796//
f 4796// 4840// 4841//
f 4796// 4841// 4797//
f 4797// 4841// 4842//
f 4797// 4842// 4798//
f 4798// 4842// 4843//
f 4798// 4843// 4799//
f 4799// 4843// 4844//
f 4799// 4844// 4800//
f 4800// 4844// 4845//
f 4800// 4845// 4801//
f 4801// 4845// 4846//
f 4801// 4846// 4802//
f 4802// 4846// 4847//
f 4802// 4847// 4803//
f 4803// 4847// 4848//
f 4803// 4848// 4804//
f 4804// 4848// 4849//
f 4804// 4849// 4805//
f 4805// 4849// 4850//
f 4805// 4850// 4806//
f 4806// 4850// 4851//
f 4806// 4851// 4807//
f 4807// 4851// 4852//
f 4807// 4852// 4808//
f 4808// 4852// 4853//
f 4808// 4853// 4809//
f 4809// 4853// 4854//
f 4809// 4854// 4810//
f 4810// 4854// 4855//
f 4810// 4855// 4811//
f 4811// 4855// 4856//
f 4811// 4856// 4812//
f 4812// 4856// 4857//
f 4812// 4857// 4813//
f 4813// 4857// 4858//
f 4813// 4858// 4814//
f 4814// 4858// 4859//
f 4814// 4859// 4815//
f 4815// 4859// 4860//
f 4815// 4860// 4816//
f 4816// 4860// 4861//
f 4816// 4861// 4817//
f 4817// 4861// 4862//
f 4817// 4862// 4818//
f 4818// 4862// 4863//
f 4818// 4863// 4819//
f 4819// 4863// 4864//
f 4819// 4864// 4820//
f 4820// 4864// 4865//
f 4820// 4865// 4821//
f 4821// 4865// 4866//
f 4821// 4866// 4822//
f 4822// 4866// 4867//
f 4822// 4867// 4823//
f 4823// 4867// 4868//
f 4823// 4868// 4824//
f 4824// 4868// 4869//
f 4824// 4869// 4825//
f 4825// 4869// 4870//
f 4825// 4870// 4826//
f 4826// 4870// 4871//
f 4826// 4871// 4827//
f 4827// 4871// 4872//
f 4827// 4872// 4828//
f 4828// 4872// 4873//
f 4828// 4873// 4829//
f 4829// 4873// 4874//
f 4829// 4874// 4830//
f 4830// 4874// 4875//
f 4830// 4875// 4831//
f 4831// 4875// 4876//
f 4831// 4876// 4832//
f 4832// 4876// 4877//
f 4832// 4877// 4833//
f 4833// 4877// 4878//
f 4833// 4878// 4834//
f 4834// 4878// 4879//
f 4834// 4879// 4835//
f 4835// 4879// 4880//
f 4835// 4880// 4836//
f 4836// 4880// 4881//
f 4836// 4881// 4837//
f 4837// 4881// 4838//
f 4881// 4882// 4838//
f 4838// 4882// 4883//
f 4838// 4883// 4839//
f 4839// 4883// 4884//
f 4839// 4884// 4840//
f 4840// 4884// 4885//
f 4840// 4885// 4841//
f 4841// 4885// 4886//
f 4841// 4886// 4842//
f 4842// 4886// 4887//
f 4842// 4887// 4843//
f 4843// 4887// 4888//
f 4843// 4888// 4844//
f 4844// 4888// 4889//
f 4844// 4889// 4845//
f 4845// 4889// 4890//
f 4845// 4890// 4846//
f 4846// 4890// 4891//
f 4846// 4891// 4847//
f 4847// 4891// 4892//
f 4847// 4892// 4848//
f 4848// 4892// 4893//
f 4848// 4893// 4849//
f 4849// 4893// 4894//
f 4849// 4894// 4850//
f 4850// 4894// 4895//
f 4850// 4895// 4851//
f 4851// 4895// 4896//
f 4851// 4896// 4852//
f 4852// 4896// 4897//
f 4852// 4897// 4853//
f 4853// 4897// 4898//
f 4853// 4898// 4854//
f 4854// 4898// 4899//
f 4854// 4899// 4855//
f 4855// 4899// 4900//
f 4855// 4900// 4856//
f 4856// 4900// 4901//
f 4856// 4901// 4857//
f 4857// 4901// 4902//
f 4857// 4902// 4858//
f 4858// 4902// 4903//
f 4858// 4903// 4859//
f 4859// 4903// 4904//
f 4859// 4904// 4860//
f 4860// 4904// 4905//
f 4860// 4905// 4861//
f 4861// 4905// 4906//
f 4861// 4906// 4862//
f 4862// 4906// 4907//
f 4862// 4907// 4863//
f 4863// 4907// 4908//
f 4863// 4908// 4864//
f 4864// 4908// 4909//
f 4864// 4909// 4865//
f 4865// 4909// 4910//
f 4865// 4910// 4866//
f 4866// 4910// 4911//
f 4866// 4911// 4867//
f 4867// 4911// 4912//
f 4867// 4912// 4868//
f 4868// 4912// 4913//
f 4868// 4913// 4869//
f 4869// 4913// 4914//
f 4869// 4914// 4870//
f 4870// 4914// 4915//
f 4870// 4915// 4871//
f 4871// 4915// 4916//
f 4871// 4916// 4872//
f 4872// 4916// 4917//
f 4872// 4917// 4873//
f 4873// 4917// 4918//
f 4873// 4918// 4874//
f 4874// 4918// 4919//
f 4874// 4919// 4875//
f 4875// 4919// 4920//
f 4875// 4920// 4876//
f 4876// 4920// 4921//
f 4876// 4921// 4877//
f 4877// 4921// 4922//
f 4877// 4922// 4878//
f 4878// 4922// 4923//
f 4878// 4923// 4879//
f 4879// 4923// 4924//
f 4879// 4924// 4880//
f 4880// 4924// 4925//
f 4880// 4925// 4881//
f 4881// 4925// 4882//
f 4925// 4590// 4882//
f 4882// 4590// 4593//
f 4882// 4593// 4883//
f 4883// 4593// 4592//
f 4883// 4592// 4884//
f 4884// 4592// 4591//
f 4884// 4591// 4885//
f 4885// 4591// 4596//
f 4885// 4596// 4886//
f 4886// 4596// 4595//
f 4886// 4595// 4887//
f 4887// 4595// 4594//
f 4887// 4594// 4888//
f 4888// 4594// 4599//
f 4888// 4599// 4889//
f 4889// 4599// 4598//
f 4889// 4598// 4890//
f 4890// 4598// 4597//
f 4890// 4597// 4891//
f 4891// 4597// 4602//
f 4891// 4602// 4892//
f 4892// 4602// 4601//
f 4892// 4601// 4893//
f 4893// 4601// 4600//
f 4893// 4600// 4894//
f 4894// 4600// 4605//
f 4894// 4605// 4895//
f 4895// 4605// 4604//
f 4895// 4604// 4896//
f 4896// 4604// 4603//
f 4896// 4603// 4897//
f 4897// 4603// 4608//
f 4897// 4608// 4898//
f 4898// 4608// 4607//
f 4898// 4607// 4899//
f 4899// 4607// 4606//
f 4899// 4606// 4900//
f 4900// 4606// 4611//
f 4900// 4611// 4901//
f 4901// 4611// 4610//
f 4901// 4610// 4902//
f 4902// 4610// 4609//
f 4902// 4609// 4903//
f 4903// 4609// 4614//
f 4903// 4614// 4904//
f 4904// 4614// 4613//
f 4904// 4613// 4905//
f 4905// 4613// 4612//
f 4905// 4612// 4906//
f 4906// 4612// 4617//
f 4906// 4617// 4907//
f 4907// 4617// 4616//
f 4907// 4616// 4908//
f 4908// 4616// 4615//
f 4908// 4615// 4909//
f 4909// 4615// 4620//
f 4909// 4620// 4910//
f 4910// 4620// 4619//
f 4910// 4619// 4911//
f 4911// 4619// 4618//
f 4911// 4618// 4912//
f 4912// 4618// 4623//
f 4912// 4623// 4913//
f 4913// 4623// 4622//
f 4913// 4622// 4914//
f 4914// 4622// 4621//
f 4914// 4621// 4915//
f 4915// 4621// 4626//
f 4915// 4626// 4916//
f 4916// 4626// 4625//
f 4916// 4625// 4917//
f 4917// 4625// 4624//
f 4917// 4624// 4918//
f 4918// 4624// 4629//
f 4918// 4629// 4919//
f 4919// 4629// 4628//
f 4919// 4628// 4920//
f 4920// 4628// 4627//
f 4920// 4627// 4921//
f 4921// 4627// 4631//
f 4921// 4631// 4922//
f 4922// 4631// 4630//
f 4922// 4630// 4923//
f 4923// 4630// 4588//
f 4923// 4588// 4924//
f 4924// 4588// 4587//
f 4924// 4587// 4925//
f 4925// 4587// 4590//
f 4926// 4642// 4927//
f 4927// 4642// 4641//
f 4927// 4641// 4928//
f 4928// 4641// 4632//
f 4928// 4632// 4929//
f 4929// 4632// 4634//
f 4929// 4634// 4930//
f 4930// 4634// 4636//
f 4930// 4636// 4931//
f 4932// 4653// 4933//
f 4933// 4653// 4652//
f 4933// 4652// 4934//
f 4934// 4652// 4650//
f 4934// 4650// 4935//
f 4935// 4650// 4649//
f 4935// 4649// 4936//
f 4936// 4649// 4648//
f 4936// 4648// 4937//
f 4937// 4648// 4646//
f 4937// 4646// 4926//
f 4926// 4646// 4644//
f 4926// 4644// 4642//
f 4938// 4669// 4939//
f 4939// 4669// 4668//
f 4939// 4668// 4940//
f 4940// 4668// 4667//
f 4940// 4667// 4941//
f 4941// 4667// 4665//
f 4941// 4665// 4942//
f 4942// 4665// 4663//
f 4942// 4663// 4943//
f 4943// 4663// 4661//
f 4943// 4661// 4944//
f 4944// 4661// 4660//
f 4944// 4660// 4945//
f 4945// 4660// 4659//
f 4945// 4659// 4946//
f 4946// 4659// 4657//
f 4946// 4657// 4932//
f 4932// 4657// 4655//
f 4932// 4655// 4653//
f 4947// 4680// 4948//
f 4948// 4680// 4679//
f 4948// 4679// 4949//
f 4949// 4679// 4677//
f 4949// 4677// 4950//
f 4950// 4677// 4676//
f 4950// 4676// 4951//
f 4951// 4676// 4674//
f 4951// 4674// 4952//
f 4952// 4674// 4673//
f 4952// 4673// 4938//
f 4938// 4673// 4671//
f 4938// 4671// 4669//
f 4953// 4688// 4954//
f 4954// 4688// 4687//
f 4954// 4687// 4955//
f 4955// 4687// 4686//
f 4955// 4686// 4956//
f 4956// 4686// 4684//
f 4956// 4684// 4947//
f 4947// 4684// 4682//
f 4947// 4682// 4680//
f 4703// 4701// 4957//
f 4957// 4701// 4699//
f 4957// 4699// 4958//
f 4958// 4699// 4698//
f 4958// 4698// 4959//
f 4959// 4698// 4696//
f 4959// 4696// 4960//
f 4960// 4696// 4695//
f 4960// 4695// 4961//
f 4961// 4695// 4694//
f 4961// 4694// 4962//
f 4962// 4694// 4692//
f 4962// 4692// 4953//
f 4953// 4692// 4690//
f 4953// 4690// 4688//
f 4957// 4963// 4703//
f 4703// 4963// 4964//
f 4703// 4964// 4705//
f 4705// 4964// 4965//
f 4705// 4965// 4706//
f 4706// 4965// 4966//
f 4967// 4715// 4968//
f 4968// 4715// 4714//
f 4968// 4714// 4969//
f 4969// 4714// 4713//
f 4969// 4713// 4970//
f 4970// 4713// 4711//
f 4970// 4711// 4971//
f 4971// 4711// 4709//
f 4971// 4709// 4966//
f 4966// 4709// 4707//
f 4966// 4707// 4706//
f 4972// 4726// 4973//
f 4973// 4726// 4725//
f 4973// 4725// 4974//
f 4974// 4725// 4723//
f 4974// 4723// 4975//
f 4975// 4723// 4722//
f 4975// 4722// 4976//
f 4976// 4722// 4720//
f 4976// 4720// 4977//
f 4977// 4720// 4719//
f 4977// 4719// 4967//
f 4967// 4719// 4717//
f 4967// 4717// 4715//
f 4978// 4738// 4979//
f 4979// 4738// 4736//
f 4979// 4736// 4980//
f 4980// 4736// 4734//
f 4980// 4734// 4981//
f 4981// 4734// 4733//
f 4981// 4733// 4982//
f 4982// 4733// 4732//
f 4982// 4732// 4983//
f 4983// 4732// 4730//
f 4983// 4730// 4972//
f 4972// 4730// 4728//
f 4972// 4728// 4726//
f 4636// 4638// 4931//
f 4931// 4638// 4640//
f 4931// 4640// 4984//
f 4984// 4640// 4749//
f 4984// 4749// 4985//
f 4985// 4749// 4748//
f 4985// 4748// 4986//
f 4986// 4748// 4746//
f 4986// 4746// 4987//
f 4987// 4746// 4744//
f 4987// 4744// 4988//
f 4988// 4744// 4742//
f 4988// 4742// 4989//
f 4989// 4742// 4741//
f 4989// 4741// 4978//
f 4978// 4741// 4740//
f 4978// 4740// 4738//
f 4986// 4990// 4991//
f 4992// 4984// 4991//
f 4991// 4984// 4985//
f 4991// 4985// 4986//
f 4993// 4930// 4992//
f 4992// 4930// 4931//
f 4992// 4931// 4984//
f 4994// 4928// 4993//
f 4993// 4928// 4929//
f 4993// 4929// 4930//
f 4995// 4926// 4994//
f 4994// 4926// 4927//
f 4994// 4927// 4928//
f 4996// 4936// 4995//
f 4995// 4936// 4937//
f 4995// 4937// 4926//
f 4997// 4934// 4996//
f 4996// 4934// 4935//
f 4996// 4935// 4936//
f 4998// 4932// 4997//
f 4997// 4932// 4933//
f 4997// 4933// 4934//
f 4999// 4945// 4998//
f 4998// 4945// 4946//
f 4998// 4946// 4932//
f 5000// 4942// 5001//
f 5001// 4942// 4943//
f 5001// 4943// 4999//
f 4999// 4943// 4944//
f 4999// 4944// 4945//
f 5002// 4940// 5000//
f 5000// 4940// 4941//
f 5000// 4941// 4942//
f 5003// 4938// 5002//
f 5002// 4938// 4939//
f 5002// 4939// 4940//
f 5004// 4951// 5003//
f 5003// 4951// 4952//
f 5003// 4952// 4938//
f 5005// 4949// 5004//
f 5004// 4949// 4950//
f 5004// 4950// 4951//
f 5006// 4947// 5005//
f 5005// 4947// 4948//
f 5005// 4948// 4949//
f 5007// 4955// 5006//
f 5006// 4955// 4956//
f 5006// 4956// 4947//
f 5008// 4953// 5007//
f 5007// 4953// 4954//
f 5007// 4954// 4955//
f 5009// 4961// 5008//
f 5008// 4961// 4962//
f 5008// 4962// 4953//
f 5010// 4959// 5009//
f 5009// 4959// 4960//
f 5009// 4960// 4961//
f 5011// 4963// 5012//
f 5012// 4963// 4957//
f 5012// 4957// 5010//
f 5010// 4957// 4958//
f 5010// 4958// 4959//
f 5013// 4965// 5011//
f 5011// 4965// 4964//
f 5011// 4964// 4963//
f 5014// 4971// 5013//
f 5013// 4971// 4966//
f 5013// 4966// 4965//
f 5015// 4969// 5014//
f 5014// 4969// 4970//
f 5014// 4970// 4971//
f 5016// 4967// 5015//
f 5015// 4967// 4968//
f 5015// 4968// 4969//
f 5017// 4976// 5016//
f 5016// 4976// 4977//
f 5016// 4977// 4967//
f 5018// 4974// 5017//
f 5017// 4974// 4975//
f 5017// 4975// 4976//
f 5019// 4972// 5018//
f 5018// 4972// 4973//
f 5018// 4973// 4974//
f 5020// 4982// 5019//
f 5019// 4982// 4983//
f 5019// 4983// 4972//
f 5021// 4980// 5020//
f 5020// 4980// 4981//
f 5020// 4981// 4982//
f 4986// 4987// 4990//
f 4990// 4987// 4988//
f 4990// 4988// 5022//
f 5022// 4988// 4989//
f 5022// 4989// 5023//
f 5023// 4989// 4978//
f 5023// 4978// 5021//
f 5021// 4978// 4979//
f 5021// 4979// 4980//
f 5024// 5023// 5025//
f 5025// 5023// 5021//
f 5025// 5021// 5026//
f 5026// 5021// 5020//
f 5026// 5020// 5027//
f 5027// 5020// 5019//
f 5027// 5019// 5028//
f 5028// 5019// 5018//
f 5028// 5018// 5029//
f 5029// 5018// 5017//
f 5029// 5017// 5030//
f 5030// 5017// 5016//
f 5030// 5016// 5031//
f 5031// 5016// 5015//
f 5031// 5015// 5032//
f 5032// 5015// 5014//
f 5032// 5014// 5033//
f 5033// 5014// 5013//
f 5033// 5013// 5034//
f 5034// 5013// 5011//
f 5034// 5011// 5035//
f 5035// 5011// 5012//
f 5035// 5012// 5036//
f 5036// 5012// 5010//
f 5036// 5010// 5037//
f 5037// 5010// 5009//
f 5037// 5009// 5038//
f 5038// 5009// 5008//
f 5038// 5008// 5039//
f 5039// 5008// 5007//
f 5039// 5007// 5040//
f 5040// 5007// 5006//
f 5040// 5006// 5041//
f 5041// 5006// 5005//
f 5041// 5005// 5042//
f 5042// 5005// 5004//
f 5042// 5004// 5043//
f 5043// 5004// 5003//
f 5043// 5003// 5044//
f 5044// 5003// 5002//
f 5044// 5002// 5045//
f 5045// 5002// 5000//
f 5045// 5000// 5046//
f 5046// 5000// 5001//
f 5046// 5001// 5047//
f 5047// 5001// 4999//
f 5047// 4999// 5048//
f 5048// 4999// 4998//
f 5048// 4998// 5049//
f 5049// 4998// 4997//
f 5049// 4997// 5050//
f 5050// 4997// 4996//
f 5050// 4996// 5051//
f 5051// 4996// 4995//
f 5051// 4995// 5052//
f 5052// 4995// 4994//
f 5052// 4994// 5053//
f 5053// 4994// 4993//
f 5053// 4993// 5054//
f 5054// 4993// 4992//
f 5054// 4992// 5055//
f 5055// 4992// 4991//
f 5055// 4991// 5056//
f 5056// 4991// 4990//
f 5056// 4990// 5057//
f 5057// 4990// 5022//
f 5057// 5022// 5024//
f 5024// 5022// 5023//
f 5040// 5058// 5039//
f 5039// 5058// 5059//
f 5039// 5059// 5038//
f 5041// 5060// 5040//
f 5040// 5060// 5061//
f 5040// 5061// 5058//
f 5032// 5062// 5031//
f 5031// 5062// 5063//
f 5031// 5063// 5030//
f 5036// 5064// 5035//
f 5035// 5064// 5065//
f 5035// 5065// 5034//
f 5037// 5066// 5036//
f 5036// 5066// 5067//
f 5036// 5067// 5064//
f 5049// 5068// 5048//
f 5048// 5068// 5069//
f 5048// 5069// 5047//
f 5063// 5070// 5030//
f 5030// 5070// 5071//
f 5030// 5071// 5029//
f 5033// 5072// 5032//
f 5032// 5072// 5073//
f 5032// 5073// 5062//
f 5042// 5074// 5041//
f 5041// 5074// 5075//
f 5041// 5075// 5060//
f 5076// 5053// 5054//
f 5057// 5077// 5056//
f 5056// 5077// 5078//
f 5056// 5078// 5055//
f 5024// 5079// 5057//
f 5057// 5079// 5080//
f 5057// 5080// 5077//
f 5065// 5081// 5034//
f 5034// 5081// 5082//
f 5034// 5082// 5033//
f 5033// 5082// 5083//
f 5033// 5083// 5072//
f 5059// 5084// 5038//
f 5038// 5084// 5085//
f 5038// 5085// 5037//
f 5037// 5085// 5086//
f 5037// 5086// 5066//
f 5045// 5087// 5044//
f 5044// 5087// 5088//
f 5044// 5088// 5043//
f 5050// 5089// 5049//
f 5049// 5089// 5090//
f 5049// 5090// 5068//
f 5076// 5091// 5053//
f 5053// 5091// 5092//
f 5053// 5092// 5052//
f 5052// 5092// 5093//
f 5052// 5093// 5051//
f 5078// 5094// 5055//
f 5055// 5094// 5095//
f 5055// 5095// 5054//
f 5054// 5095// 5096//
f 5054// 5096// 5076//
f 5025// 5097// 5024//
f 5024// 5097// 5098//
f 5024// 5098// 5079//
f 5088// 5099// 5043//
f 5043// 5099// 5100//
f 5043// 5100// 5042//
f 5042// 5100// 5101//
f 5042// 5101// 5074//
f 5093// 5102// 5051//
f 5051// 5102// 5103//
f 5051// 5103// 5050//
f 5050// 5103// 5104//
f 5050// 5104// 5089//
f 5026// 5105// 5025//
f 5025// 5105// 5106//
f 5025// 5106// 5097//
f 5046// 5107// 5045//
f 5045// 5107// 5108//
f 5045// 5108// 5087//
f 5028// 5109// 5027//
f 5027// 5109// 5110//
f 5027// 5110// 5026//
f 5026// 5110// 5111//
f 5026// 5111// 5105//
f 5071// 5112// 5029//
f 5029// 5112// 5113//
f 5029// 5113// 5028//
f 5028// 5113// 5114//
f 5028// 5114// 5109//
f 5069// 5115// 5047//
f 5047// 5115// 5116//
f 5047// 5116// 5046//
f 5046// 5116// 5117//
f 5046// 5117// 5107//
f 5118// 5119// 5120//
f 5118// 5121// 5119//
f 5119// 5121// 5122//
f 5119// 5122// 5123//
f 5123// 5122// 5124//
f 5123// 5124// 5125//
f 5125// 5124// 5126//
f 5125// 5126// 5127//
f 5127// 5126// 5128//
f 5128// 5129// 5127//
f 5127// 5129// 5130//
f 5127// 5130// 5131//
f 5130// 5132// 5131//
f 5131// 5132// 5133//
f 5131// 5133// 5134//
f 5134// 5133// 5135//
f 5134// 5135// 5136//
f 5135// 5137// 5136//
f 5136// 5137// 5138//
f 5136// 5138// 5139//
f 5138// 5140// 5139//
f 5139// 5140// 5141//
f 5139// 5141// 5142//
f 5142// 5141// 5143//
f 5142// 5143// 5144//
f 5144// 5143// 5145//
f 5144// 5145// 5146//
f 5146// 5145// 5147//
f 5147// 5148// 5146//
f 5146// 5148// 5149//
f 5146// 5149// 5150//
f 5149// 5151// 5150//
f 5150// 5151// 5152//
f 5150// 5152// 5153//
f 5153// 5152// 5154//
f 5153// 5154// 5155//
f 5154// 5156// 5155//
f 5155// 5156// 5157//
f 5155// 5157// 5158//
f 5157// 5159// 5158//
f 5158// 5159// 5160//
f 5158// 5160// 5161//
f 5161// 5160// 5162//
f 5161// 5162// 5163//
f 5163// 5162// 5164//
f 5163// 5164// 5165//
f 5165// 5164// 5166//
f 5166// 5167// 5165//
f 5165// 5167// 5168//
f 5165// 5168// 5169//
f 5168// 5170// 5169//
f 5169// 5170// 5171//
f 5169// 5171// 5172//
f 5172// 5171// 5173//
f 5172// 5173// 5174//
f 5174// 5173// 5175//
f 5174// 5175// 5176//
f 5176// 5175// 5177//
f 5177// 5178// 5176//
f 5176// 5178// 5179//
f 5176// 5179// 5180//
f 5180// 5179// 5181//
f 5180// 5181// 5182//
f 5182// 5181// 5183//
f 5182// 5183// 5184//
f 5184// 5183// 5185//
f 5185// 5186// 5184//
f 5184// 5186// 5187//
f 5184// 5187// 5188//
f 5187// 5189// 5188//
f 5188// 5189// 5190//
f 5188// 5190// 5191//
f 5191// 5190// 5192//
f 5191// 5192// 5193//
f 5193// 5192// 5194//
f 5193// 5194// 5195//
f 5195// 5194// 5196//
f 5196// 5197// 5195//
f 5195// 5197// 5198//
f 5195// 5198// 5199//
f 5199// 5198// 5200//
f 5199// 5200// 5201//
f 5200// 5202// 5201//
f 5201// 5202// 5203//
f 5201// 5203// 5204//
f 5203// 5205// 5204//
f 5204// 5205// 5206//
f 5204// 5206// 5207//
f 5206// 5208// 5207//
f 5207// 5208// 5209//
f 5207// 5209// 5210//
f 5210// 5209// 5211//
f 5210// 5211// 5212//
f 5212// 5211// 5213//
f 5212// 5213// 5214//
f 5214// 5213// 5215//
f 5215// 5216// 5214//
f 5214// 5216// 5217//
f 5214// 5217// 5218//
f 5218// 5217// 5219//
f 5218// 5219// 5220//
f 5219// 5221// 5220//
f 5220// 5221// 5222//
f 5220// 5222// 5223//
f 5222// 5224// 5223//
f 5223// 5224// 5225//
f 5223// 5225// 5226//
f 5225// 5227// 5226//
f 5226// 5227// 5228//
f 5226// 5228// 5229//
f 5229// 5228// 5230//
f 5229// 5230// 5231//
f 5231// 5230// 5232//
f 5231// 5232// 5233//
f 5233// 5232// 5234//
f 5234// 5235// 5233//
f 5233// 5235// 5236//
f 5233// 5236// 5237//
f 5237// 5236// 5238//
f 5237// 5238// 5239//
f 5238// 5240// 5239//
f 5239// 5240// 5241//
f 5239// 5241// 5242//
f 5241// 5243// 5242//
f 5242// 5243// 5244//
f 5242// 5244// 5245//
f 5244// 5246// 5245//
f 5245// 5246// 5247//
f 5245// 5247// 5248//
f 5248// 5247// 5249//
f 5248// 5249// 5250//
f 5250// 5249// 5251//
f 5250// 5251// 5252//
f 5252// 5251// 5253//
f 5253// 5254// 5252//
f 5252// 5254// 5255//
f 5252// 5255// 5256//
f 5256// 5255// 5257//
f 5256// 5257// 5258//
f 5257// 5259// 5258//
f 5258// 5259// 5260//
f 5258// 5260// 5261//
f 5260// 5262// 5261//
f 5261// 5262// 5263//
f 5261// 5263// 5264//
f 5263// 5265// 5264//
f 5264// 5265// 5266//
f 5264// 5266// 5267//
f 5267// 5266// 5268//
f 5267// 5268// 5269//
f 5269// 5268// 5270//
f 5269// 5270// 5271//
f 5271// 5270// 5272//
f 5272// 5273// 5271//
f 5271// 5273// 5274//
f 5271// 5274// 5275//
f 5275// 5274// 5276//
f 5275// 5276// 5277//
f 5277// 5276// 5278//
f 5277// 5278// 5120//
f 5120// 5278// 5279//
f 5120// 5279// 5118//
f 5275// 5280// 5271//
f 5271// 5280// 5281//
f 5271// 5281// 5269//
f 5269// 5281// 5282//
f 5269// 5282// 5267//
f 5267// 5282// 5283//
f 5267// 5283// 5264//
f 5264// 5283// 5284//
f 5264// 5284// 5261//
f 5261// 5284// 5285//
f 5261// 5285// 5258//
f 5258// 5285// 5286//
f 5258// 5286// 5256//
f 5256// 5286// 5287//
f 5256// 5287// 5252//
f 5252// 5287// 5288//
f 5252// 5288// 5250//
f 5250// 5288// 5289//
f 5250// 5289// 5248//
f 5248// 5289// 5290//
f 5248// 5290// 5245//
f 5245// 5290// 5291//
f 5245// 5291// 5242//
f 5242// 5291// 5292//
f 5242// 5292// 5239//
f 5239// 5292// 5293//
f 5239// 5293// 5237//
f 5237// 5293// 5294//
f 5237// 5294// 5233//
f 5233// 5294// 5295//
f 5233// 5295// 5231//
f 5231// 5295// 5296//
f 5231// 5296// 5229//
f 5229// 5296// 5297//
f 5229// 5297// 5226//
f 5226// 5297// 5298//
f 5226// 5298// 5223//
f 5223// 5298// 5299//
f 5223// 5299// 5220//
f 5220// 5299// 5300//
f 5220// 5300// 5218//
f 5218// 5300// 5301//
f 5218// 5301// 5214//
f 5214// 5301// 5302//
f 5214// 5302// 5212//
f 5212// 5302// 5303//
f 5212// 5303// 5210//
f 5210// 5303// 5304//
f 5210// 5304// 5207//
f 5207// 5304// 5305//
f 5207// 5305// 5204//
f 5204// 5305// 5306//
f 5204// 5306// 5201//
f 5201// 5306// 5307//
f 5201// 5307// 5199//
f 5199// 5307// 5308//
f 5199// 5308// 5195//
f 5195// 5308// 5309//
f 5195// 5309// 5193//
f 5193// 5309// 5310//
f 5193// 5310// 5191//
f 5191// 5310// 5311//
f 5191// 5311// 5188//
f 5188// 5311// 5312//
f 5188// 5312// 5184//
f 5184// 5312// 5313//
f 5184// 5313// 5182//
f 5182// 5313// 5314//
f 5182// 5314// 5180//
f 5180// 5314// 5315//
f 5180// 5315// 5176//
f 5176// 5315// 5316//
f 5176// 5316// 5174//
f 5174// 5316// 5317//
f 5174// 5317// 5172//
f 5172// 5317// 5318//
f 5172// 5318// 5169//
f 5169// 5318// 5319//
f 5169// 5319// 5165//
f 5165// 5319// 5320//
f 5165// 5320// 5163//
f 5163// 5320// 5321//
f 5163// 5321// 5161//
f 5161// 5321// 5322//
f 5161// 5322// 5158//
f 5158// 5322// 5323//
f 5158// 5323// 5155//
f 5155// 5323// 5324//
f 5155// 5324// 5153//
f 5153// 5324// 5325//
f 5153// 5325// 5150//
f 5150// 5325// 5326//
f 5150// 5326// 5146//
f 5146// 5326// 5327//
f 5146// 5327// 5144//
f 5144// 5327// 5328//
f 5144// 5328// 5142//
f 5142// 5328// 5329//
f 5142// 5329// 5139//
f 5139// 5329// 5330//
f 5139// 5330// 5136//
f 5136// 5330// 5331//
f 5136// 5331// 5134//
f 5134// 5331// 5332//
f 5134// 5332// 5131//
f 5131// 5332// 5333//
f 5131// 5333// 5127//
f 5127// 5333// 5334//
f 5127// 5334// 5125//
f 5125// 5334// 5335//
f 5125// 5335// 5123//
f 5123// 5335// 5336//
f 5123// 5336// 5119//
f 5119// 5336// 5337//
f 5119// 5337// 5120//
f 5120// 5337// 5338//
f 5120// 5338// 5277//
f 5277// 5338// 5339//
f 5277// 5339// 5275//
f 5275// 5339// 5280//
f 5339// 5340// 5280//
f 5280// 5340// 5341//
f 5280// 5341// 5281//
f 5281// 5341// 5342//
f 5281// 5342// 5282//
f 5282// 5342// 5343//
f 5282// 5343// 5283//
f 5283// 5343// 5344//
f 5283// 5344// 5284//
f 5284// 5344// 5345//
f 5284// 5345// 5285//
f 5285// 5345// 5346//
f 5285// 5346// 5286//
f 5286// 5346// 5347//
f 5286// 5347// 5287//
f 5287// 5347// 5348//
f 5287// 5348// 5288//
f 5288// 5348// 5349//
f 5288// 5349// 5289//
f 5289// 5349// 5350//
f 5289// 5350// 5290//
f 5290// 5350// 5351//
f 5290// 5351// 5291//
f 5291// 5351// 5352//
f 5291// 5352// 5292//
f 5292// 5352// 5353//
f 5292// 5353// 5293//
f 5293// 5353// 5354//
f 5293// 5354// 5294//
f 5294// 5354// 5355//
f 5294// 5355// 5295//
f 5295// 5355// 5356//
f 5295// 5356// 5296//
f 5296// 5356// 5357//
f 5296// 5357// 5297//
f 5297// 5357// 5358//
f 5297// 5358// 5298//
f 5298// 5358// 5359//
f 5298// 5359// 5299//
f 5299// 5359// 5360//
f 5299// 5360// 5300//
f 5300// 5360// 5361//
f 5300// 5361// 5301//
f 5301// 5361// 5362//
f 5301// 5362// 5302//
f 5302// 5362// 5363//
f 5302// 5363// 5303//
f 5303// 5363// 5364//
f 5303// 5364// 5304//
f 5304// 5364// 5365//
f 5304// 5365// 5305//
f 5305// 5365// 5366//
f 5305// 5366// 5306//
f 5306// 5366// 5367//
f 5306// 5367// 5307//
f 5307// 5367// 5368//
f 5307// 5368// 5308//
f 5308// 5368// 5369//
f 5308// 5369// 5309//
f 5309// 5369// 5370//
f 5309// 5370// 5310//
f 5310// 5370// 5371//
f 5310// 5371// 5311//
f 5311// 5371// 5372//
f 5311// 5372// 5312//
f 5312// 5372// 5373//
f 5312// 5373// 5313//
f 5313// 5373// 5374//
f 5313// 5374// 5314//
f 5314// 5374// 5375//
f 5314// 5375// 5315//
f 5315// 5375// 5376//
f 5315// 5376// 5316//
f 5316// 5376// 5377//
f 5316// 5377// 5317//
f 5317// 5377// 5378//
f 5317// 5378// 5318//
f 5318// 5378// 5379//
f 5318// 5379// 5319//
f 5319// 5379// 5380//
f 5319// 5380// 5320//
f 5320// 5380// 5381//
f 5320// 5381// 5321//
f 5321// 5381// 5382//
f 5321// 5382// 5322//
f 5322// 5382// 5383//
f 5322// 5383// 5323//
f 5323// 5383// 5384//
f 5323// 5384// 5324//
f 5324// 5384// 5385//
f 5324// 5385// 5325//
f 5325// 5385// 5386//
f 5325// 5386// 5326//
f 5326// 5386// 5387//
f 5326// 5387// 5327//
f 5327// 5387// 5388//
f 5327// 5388// 5328//
f 5328// 5388// 5389//
f 5328// 5389// 5329//
f 5329// 5389// 5390//
f 5329// 5390// 5330//
f 5330// 5390// 5391//
f 5330// 5391// 5331//
f 5331// 5391// 5392//
f 5331// 5392// 5332//
f 5332// 5392// 5393//
f 5332// 5393// 5333//
f 5333// 5393// 5394//
f 5333// 5394// 5334//
f 5334// 5394// 5395//
f 5334// 5395// 5335//
f 5335// 5395// 5396//
f 5335// 5396// 5336//
f 5336// 5396// 5397//
f 5336// 5397// 5337//
f 5337// 5397// 5398//
f 5337// 5398// 5338//
f 5338// 5398// 5399//
f 5338// 5399// 5339//
f 5339// 5399// 5340//
f 5399// 5400// 5340//
f 5340// 5400// 5401//
f 5340// 5401// 5341//
f 5341// 5401// 5402//
f 5341// 5402// 5342//
f 5342// 5402// 5403//
f 5342// 5403// 5343//
f 5343// 5403// 5404//
f 5343// 5404// 5344//
f 5344// 5404// 5405//
f 5344// 5405// 5345//
f 5345// 5405// 5406//
f 5345// 5406// 5346//
f 5346// 5406// 5407//
f 5346// 5407// 5347//
f 5347// 5407// 5408//
f 5347// 5408// 5348//
f 5348// 5408// 5409//
f 5348// 5409// 5349//
f 5349// 5409// 5410//
f 5349// 5410// 5350//
f 5350// 5410// 5411//
f 5350// 5411// 5351//
f 5351// 5411// 5412//
f 5351// 5412// 5352//
f 5352// 5412// 5413//
f 5352// 5413// 5353//
f 5353// 5413// 5414//
f 5353// 5414// 5354//
f 5354// 5414// 5415//
f 5354// 5415// 5355//
f 5355// 5415// 5416//
f 5355// 5416// 5356//
f 5356// 5416// 5417//
f 5356// 5417// 5357//
f 5357// 5417// 5418//
f 5357// 5418// 5358//
f 5358// 5418// 5419//
f 5358// 5419// 5359//
f 5359// 5419// 5420//
f 5359// 5420// 5360//
f 5360// 5420// 5421//
f 5360// 5421// 5361//
f 5361// 5421// 5422//
f 5361// 5422// 5362//
f 5362// 5422// 5423//
f 5362// 5423// 5363//
f 5363// 5423// 5424//
f 5363// 5424// 5364//
f 5364// 5424// 5425//
f 5364// 5425// 5365//
f 5365// 5425// 5426//
f 5365// 5426// 5366//
f 5366// 5426// 5427//
f 5366// 5427// 5367//
f 5367// 5427// 5428//
f 5367// 5428// 5368//
f 5368// 5428// 5429//
f 5368// 5429// 5369//
f 5369// 5429// 5430//
f 5369// 5430// 5370//
f 5370// 5430// 5431//
f 5370// 5431// 5371//
f 5371// 5431// 5432//
f 5371// 5432// 5372//
f 5372// 5432// 5433//
f 5372// 5433// 5373//
f 5373// 5433// 5434//
f 5373// 5434// 5374//
f 5374// 5434// 5435//
f 5374// 5435// 5375//
f 5375// 5435// 5436//
f 5375// 5436// 5376//
f 5376// 5436// 5437//
f 5376// 5437// 5377//
f 5377// 5437// 5438//
f 5377// 5438// 5378//
f 5378// 5438// 5439//
f 5378// 5439// 5379//
f 5379// 5439// 5440//
f 5379// 5440// 5380//
f 5380// 5440// 5441//
f 5380// 5441// 5381//
f 5381// 5441// 5442//
f 5381// 5442// 5382//
f 5382// 5442// 5443//
f 5382// 5443// 5383//
f 5383// 5443// 5444//
f 5383// 5444// 5384//
f 5384// 5444// 5445//
f 5384// 5445// 5385//
f 5385// 5445// 5446//
f 5385// 5446// 5386//
f 5386// 5446// 5447//
f 5386// 5447// 5387//
f 5387// 5447// 5448//
f 5387// 5448// 5388//
f 5388// 5448// 5449//
f 5388// 5449// 5389//
f 5389// 5449// 5450//
f 5389// 5450// 5390//
f 5390// 5450// 5451//
f 5390// 5451// 5391//
f 5391// 5451// 5452//
f 5391// 5452// 5392//
f 5392// 5452// 5453//
f 5392// 5453// 5393//
f 5393// 5453// 5454//
f 5393// 5454// 5394//
f 5394// 5454// 5455//
f 5394// 5455// 5395//
f 5395// 5455// 5456//
f 5395// 5456// 5396//
f 5396// 5456// 5457//
f 5396// 5457// 5397//
f 5397// 5457// 5458//
f 5397// 5458// 5398//
f 5398// 5458// 5459//
f 5398// 5459// 5399//
f 5399// 5459// 5400//
f 5459// 5460// 5400//
f 5400// 5460// 5461//
f 5400// 5461// 5401//
f 5401// 5461// 5462//
f 5401// 5462// 5402//
f 5402// 5462// 5463//
f 5402// 5463// 5403//
f 5403// 5463// 5464//
f 5403// 5464// 5404//
f 5404// 5464// 5465//
f 5404// 5465// 5405//
f 5405// 5465// 5466//
f 5405// 5466// 5406//
f 5406// 5466// 5467//
f 5406// 5467// 5407//
f 5407// 5467// 5468//
f 5407// 5468// 5408//
f 5408// 5468// 5469//
f 5408// 5469// 5409//
f 5409// 5469// 5470//
f 5409// 5470// 5410//
f 5410// 5470// 5471//
f 5410// 5471// 5411//
f 5411// 5471// 5472//
f 5411// 5472// 5412//
f 5412// 5472// 5473//
f 5412// 5473// 5413//
f 5413// 5473// 5474//
f 5413// 5474// 5414//
f 5414// 5474// 5475//
f 5414// 5475// 5415//
f 5415// 5475// 5476//
f 5415// 5476// 5416//
f 5416// 5476// 5477//
f 5416// 5477// 5417//
f 5417// 5477// 5478//
f 5417// 5478// 5418//
f 5418// 5478// 5479//
f 5418// 5479// 5419//
f 5419// 5479// 5480//
f 5419// 5480// 5420//
f 5420// 5480// 5481//
f 5420// 5481// 5421//
f 5421// 5481// 5482//
f 5421// 5482// 5422//
f 5422// 5482// 5483//
f 5422// 5483// 5423//
f 5423// 5483// 5484//
f 5423// 5484// 5424//
f 5424// 5484// 5485//
f 5424// 5485// 5425//
f 5425// 5485// 5486//
f 5425// 5486// 5426//
f 5426// 5486// 5487//
f 5426// 5487// 5427//
f 5427// 5487// 5488//
f 5427// 5488// 5428//
f 5428// 5488// 5489//
f 5428// 5489// 5429//
f 5429// 5489// 5490//
f 5429// 5490// 5430//
f 5430// 5490// 5491//
f 5430// 5491// 5431//
f 5431// 5491// 5492//
f 5431// 5492// 5432//
f 5432// 5492// 5493//
f 5432// 5493// 5433//
f 5433// 5493// 5494//
f 5433// 5494// 5434//
f 5434// 5494// 5495//
f 5434// 5495// 5435//
f 5435// 5495// 5496//
f 5435// 5496// 5436//
f 5436// 5496// 5497//
f 5436// 5497// 5437//
f 5437// 5497// 5498//
f 5437// 5498// 5438//
f 5438// 5498// 5499//
f 5438// 5499// 5439//
f 5439// 5499// 5500//
f 5439// 5500// 5440//
f 5440// 5500// 5501//
f 5440// 5501// 5441//
f 5441// 5501// 5502//
f 5441// 5502// 5442//
f 5442// 5502// 5503//
f 5442// 5503// 5443//
f 5443// 5503// 5504//
f 5443// 5504// 5444//
f 5444// 5504// 5505//
f 5444// 5505// 5445//
f 5445// 5505// 5506//
f 5445// 5506// 5446//
f 5446// 5506// 5507//
f 5446// 5507// 5447//
f 5447// 5507// 5508//
f 5447// 5508// 5448//
f 5448// 5508// 5509//
f 5448// 5509// 5449//
f 5449// 5509// 5510//
f 5449// 5510// 5450//
f 5450// 5510// 5511//
f 5450// 5511// 5451//
f 5451// 5511// 5512//
f 5451// 5512// 5452//
f 5452// 5512// 5513//
f 5452// 5513// 5453//
f 5453// 5513// 5514//
f 5453// 5514// 5454//
f 5454// 5514// 5515//
f 5454// 5515// 5455//
f 5455// 5515// 5516//
f 5455// 5516// 5456//
f 5456// 5516// 5517//
f 5456// 5517// 5457//
f 5457// 5517// 5518//
f 5457// 5518// 5458//
f 5458// 5518// 5519//
f 5458// 5519// 5459//
f 5459// 5519// 5460//
f 5519// 5520// 5460//
f 5460// 5520// 5521//
f 5460// 5521// 5461//
f 5461// 5521// 5522//
f 5461// 5522// 5462//
f 5462// 5522// 5523//
f 5462// 5523// 5463//
f 5463// 5523// 5524//
f 5463// 5524// 5464//
f 5464// 5524// 5525//
f 5464// 5525// 5465//
f 5465// 5525// 5526//
f 5465// 5526// 5466//
f 5466// 5526// 5527//
f 5466// 5527// 5467//
f 5467// 5527// 5528//
f 5467// 5528// 5468//
f 5468// 5528// 5529//
f 5468// 5529// 5469//
f 5469// 5529// 5530//
f 5469// 5530// 5470//
f 5470// 5530// 5531//
f 5470// 5531// 5471//
f 5471// 5531// 5532//
f 5471// 5532// 5472//
f 5472// 5532// 5533//
f 5472// 5533// 5473//
f 5473// 5533// 5534//
f 5473// 5534// 5474//
f 5474// 5534// 5535//
f 5474// 5535// 5475//
f 5475// 5535// 5536//
f 5475// 5536// 5476//
f 5476// 5536// 5537//
f 5476// 5537// 5477//
f 5477// 5537// 5538//
f 5477// 5538// 5478//
f 5478// 5538// 5539//
f 5478// 5539// 5479//
f 5479// 5539// 5540//
f 5479// 5540// 5480//
f 5480// 5540// 5541//
f 5480// 5541// 5481//
f 5481// 5541// 5542//
f 5481// 5542// 5482//
f 5482// 5542// 5543//
f 5482// 5543// 5483//
f 5483// 5543// 5544//
f 5483// 5544// 5484//
f 5484// 5544// 5545//
f 5484// 5545// 5485//
f 5485// 5545// 5546//
f 5485// 5546// 5486//
f 5486// 5546// 5547//
f 5486// 5547// 5487//
f 5487// 5547// 5548//
f 5487// 5548// 5488//
f 5488// 5548// 5549//
f 5488// 5549// 5489//
f 5489// 5549// 5550//
f 5489// 5550// 5490//
f 5490// 5550// 5551//
f 5490// 5551// 5491//
f 5491// 5551// 5552//
f 5491// 5552// 5492//
f 5492// 5552// 5553//
f 5492// 5553// 5493//
f 5493// 5553// 5554//
f 5493// 5554// 5494//
f 5494// 5554// 5555//
f 5494// 5555// 5495//
f 5495// 5555// 5556//
f 5495// 5556// 5496//
f 5496// 5556// 5557//
f 5496// 5557// 5497//
f 5497// 5557// 5558//
f 5497// 5558// 5498//
f 5498// 5558// 5559//
f 5498// 5559// 5499//
f 5499// 5559// 5560//
f 5499// 5560// 5500//
f 5500// 5560// 5561//
f 5500// 5561// 5501//
f 5501// 5561// 5562//
f 5501// 5562// 5502//
f 5502// 5562// 5563//
f 5502// 5563// 5503//
f 5503// 5563// 5564//
f 5503// 5564// 5504//
f 5504// 5564// 5565//
f 5504// 5565// 5505//
f 5505// 5565// 5566//
f 5505// 5566// 5506//
f 5506// 5566// 5567//
f 5506// 5567// 5507//
f 5507// 5567// 5568//
f 5507// 5568// 5508//
f 5508// 5568// 5569//
f 5508// 5569// 5509//
f 5509// 5569// 5570//
f 5509// 5570// 5510//
f 5510// 5570// 5571//
f 5510// 5571// 5511//
f 5511// 5571// 5572//
f 5511// 5572// 5512//
f 5512// 5572// 5573//
f 5512// 5573// 5513//
f 5513// 5573// 5574//
f 5513// 5574// 5514//
f 5514// 5574// 5575//
f 5514// 5575// 5515//
f 5515// 5575// 5576//
f 5515// 5576// 5516//
f 5516// 5576// 5577//
f 5516// 5577// 5517//
f 5517// 5577// 5578//
f 5517// 5578// 5518//
f 5518// 5578// 5579//
f 5518// 5579// 5519//
f 5519// 5579// 5520//
f 5579// 5580// 5520//
f 5520// 5580// 5581//
f 5520// 5581// 5521//
f 5521// 5581// 5582//
f 5521// 5582// 5522//
f 5522// 5582// 5583//
f 5522// 5583// 5523//
f 5523// 5583// 5584//
f 5523// 5584// 5524//
f 5524// 5584// 5585//
f 5524// 5585// 5525//
f 5525// 5585// 5586//
f 5525// 5586// 5526//
f 5526// 5586// 5587//
f 5526// 5587// 5527//
f 5527// 5587// 5588//
f 5527// 5588// 5528//
f 5528// 5588// 5589//
f 5528// 5589// 5529//
f 5529// 5589// 5590//
f 5529// 5590// 5530//
f 5530// 5590// 5591//
f 5530// 5591// 5531//
f 5531// 5591// 5592//
f 5531// 5592// 5532//
f 5532// 5592// 5593//
f 5532// 5593// 5533//
f 5533// 5593// 5594//
f 5533// 5594// 5534//
f 5534// 5594// 5595//
f 5534// 5595// 5535//
f 5535// 5595// 5596//
f 5535// 5596// 5536//
f 5536// 5596// 5597//
f 5536// 5597// 5537//
f 5537// 5597// 5598//
f 5537// 5598// 5538//
f 5538// 5598// 5599//
f 5538// 5599// 5539//
f 5539// 5599// 5600//
f 5539// 5600// 5540//
f 5540// 5600// 5601//
f 5540// 5601// 5541//
f 5541// 5601// 5602//
f 5541// 5602// 5542//
f 5542// 5602// 5603//
f 5542// 5603// 5543//
f 5543// 5603// 5604//
f 5543// 5604// 5544//
f 5544// 5604// 5605//
f 5544// 5605// 5545//
f 5545// 5605// 5606//
f 5545// 5606// 5546//
f 5546// 5606// 5607//
f 5546// 5607// 5547//
f 5547// 5607// 5608//
f 5547// 5608// 5548//
f 5548// 5608// 5609//
f 5548// 5609// 5549//
f 5549// 5609// 5610//
f 5549// 5610// 5550//
f 5550// 5610// 5611//
f 5550// 5611// 5551//
f 5551// 5611// 5612//
f 5551// 5612// 5552//
f 5552// 5612// 5613//
f 5552// 5613// 5553//
f 5553// 5613// 5614//
f 5553// 5614// 5554//
f 5554// 5614// 5615//
f 5554// 5615// 5555//
f 5555// 5615// 5616//
f 5555// 5616// 5556//
f 5556// 5616// 5617//
f 5556// 5617// 5557//
f 5557// 5617// 5618//
f 5557// 5618// 5558//
f 5558// 5618// 5619//
f 5558// 5619// 5559//
f 5559// 5619// 5620//
f 5559// 5620// 5560//
f 5560// 5620// 5621//
f 5560// 5621// 5561//
f 5561// 5621// 5622//
f 5561// 5622// 5562//
f 5562// 5622// 5623//
f 5562// 5623// 5563//
f 5563// 5623// 5624//
f 5563// 5624// 5564//
f 5564// 5624// 5625//
f 5564// 5625// 5565//
f 5565// 5625// 5626//
f 5565// 5626// 5566//
f 5566// 5626// 5627//
f 5566// 5627// 5567//
f 5567// 5627// 5628//
f 5567// 5628// 5568//
f 5568// 5628// 5629//
f 5568// 5629// 5569//
f 5569// 5629// 5630//
f 5569// 5630// 5570//
f 5570// 5630// 5631//
f 5570// 5631// 5571//
f 5571// 5631// 5632//
f 5571// 5632// 5572//
f 5572// 5632// 5633//
f 5572// 5633// 5573//
f 5573// 5633// 5634//
f 5573// 5634// 5574//
f 5574// 5634// 5635//
f 5574// 5635// 5575//
f 5575// 5635// 5636//
f 5575// 5636// 5576//
f 5576// 5636// 5637//
f 5576// 5637// 5577//
f 5577// 5637// 5638//
f 5577// 5638// 5578//
f 5578// 5638// 5639//
f 5578// 5639// 5579//
f 5579// 5639// 5580//
f 5639// 5097// 5580//
f 5580// 5097// 5106//
f 5580// 5106// 5581//
f 5581// 5106// 5105//
f 5581// 5105// 5582//
f 5582// 5105// 5111//
f 5582// 5111// 5583//
f 5583// 5111// 5110//
f 5583// 5110// 5584//
f 5584// 5110// 5109//
f 5584// 5109// 5585//
f 5585// 5109// 5114//
f 5585// 5114// 5586//
f 5586// 5114// 5113//
f 5586// 5113// 5587//
f 5587// 5113// 5112//
f 5587// 5112// 5588//
f 5588// 5112// 5071//
f 5588// 5071// 5589//
f 5589// 5071// 5070//
f 5589// 5070// 5590//
f 5590// 5070// 5063//
f 5590// 5063// 5591//
f 5591// 5063// 5062//
f 5591// 5062// 5592//
f 5592// 5062// 5073//
f 5592// 5073// 5593//
f 5593// 5073// 5072//
f 5593// 5072// 5594//
f 5594// 5072// 5083//
f 5594// 5083// 5595//
f 5595// 5083// 5082//
f 5595// 5082// 5596//
f 5596// 5082// 5081//
f 5596// 5081// 5597//
f 5597// 5081// 5065//
f 5597// 5065// 5598//
f 5598// 5065// 5064//
f 5598// 5064// 5599//
f 5599// 5064// 5067//
f 5599// 5067// 5600//
f 5600// 5067// 5066//
f 5600// 5066// 5601//
f 5601// 5066// 5086//
f 5601// 5086// 5602//
f 5602// 5086// 5085//
f 5602// 5085// 5603//
f 5603// 5085// 5084//
f 5603// 5084// 5604//
f 5604// 5084// 5059//
f 5604// 5059// 5605//
f 5605// 5059// 5058//
f 5605// 5058// 5606//
f 5606// 5058// 5061//
f 5606// 5061// 5607//
f 5607// 5061// 5060//
f 5607// 5060// 5608//
f 5608// 5060// 5075//
f 5608// 5075// 5609//
f 5609// 5075// 5074//
f 5609// 5074// 5610//
f 5610// 5074// 5101//
f 5610// 5101// 5611//
f 5611// 5101// 5100//
f 5611// 5100// 5612//
f 5612// 5100// 5099//
f 5612// 5099// 5613//
f 5613// 5099// 5088//
f 5613// 5088// 5614//
f 5614// 5088// 5087//
f 5614// 5087// 5615//
f 5615// 5087// 5108//
f 5615// 5108// 5616//
f 5616// 5108// 5107//
f 5616// 5107// 5617//
f 5617// 5107// 5117//
f 5617// 5117// 5618//
f 5618// 5117// 5116//
f 5618// 5116// 5619//
f 5619// 5116// 5115//
f 5619// 5115// 5620//
f 5620// 5115// 5069//
f 5620// 5069// 5621//
f 5621// 5069// 5068//
f 5621// 5068// 5622//
f 5622// 5068// 5090//
f 5622// 5090// 5623//
f 5623// 5090// 5089//
f 5623// 5089// 5624//
f 5624// 5089// 5104//
f 5624// 5104// 5625//
f 5625// 5104// 5103//
f 5625// 5103// 5626//
f 5626// 5103// 5102//
f 5626// 5102// 5627//
f 5627// 5102// 5093//
f 5627// 5093// 5628//
f 5628// 5093// 5092//
f 5628// 5092// 5629//
f 5629// 5092// 5091//
f 5629// 5091// 5630//
f 5630// 5091// 5076//
f 5630// 5076// 5631//
f 5631// 5076// 5096//
f 5631// 5096// 5632//
f 5632// 5096// 5095//
f 5632// 5095// 5633//
f 5633// 5095// 5094//
f 5633// 5094// 5634//
f 5634// 5094// 5078//
f 5634// 5078// 5635//
f 5635// 5078// 5077//
f 5635// 5077// 5636//
f 5636// 5077// 5080//
f 5636// 5080// 5637//
f 5637// 5080// 5079//
f 5637// 5079// 5638//
f 5638// 5079// 5098//
f 5638// 5098// 5639//
f 5639// 5098// 5097//
f 5640// 4364// 4363//
f 5181// 5179// 5640//
f 5640// 5179// 5178//
f 5640// 5178// 5641//
f 5641// 5178// 5177//
f 5641// 5177// 5642//
f 5642// 5177// 5175//
f 5642// 5175// 5173//
f 5173// 5171// 5642//
f 5642// 5171// 5170//
f 5642// 5170// 5643//
f 5644// 5645// 5646//
f 5170// 5168// 5643//
f 5643// 5168// 5167//
f 5643// 5167// 5646//
f 5646// 5167// 5166//
f 5646// 5166// 5644//
f 5647// 5263// 5648//
f 5648// 5263// 5262//
f 5648// 5262// 5649//
f 5257// 5650// 5259//
f 5259// 5650// 5649//
f 5259// 5649// 5260//
f 5260// 5649// 5262//
f 5257// 5255// 5650//
f 5650// 5255// 5254//
f 5650// 5254// 5651//
f 4370// 4369// 5652//
f 5274// 5653// 5276//
f 5276// 5653// 5654//
f 5276// 5654// 5278//
f 5278// 5654// 5655//
f 5278// 5655// 5279//
f 5279// 5655// 5656//
f 5279// 5656// 5118//
f 5118// 5656// 5657//
f 5118// 5657// 5121//
f 5121// 5657// 5658//
f 5121// 5658// 5122//
f 5122// 5658// 5659//
f 5122// 5659// 5124//
f 5124// 5659// 5660//
f 5124// 5660// 5126//
f 5126// 5660// 5661//
f 5126// 5661// 5128//
f 5128// 5661// 5662//
f 5128// 5662// 5129//
f 5129// 5662// 5663//
f 5129// 5663// 5130//
f 5130// 5663// 5664//
f 5130// 5664// 5132//
f 5132// 5664// 5665//
f 5132// 5665// 5133//
f 5133// 5665// 5666//
f 5133// 5666// 5135//
f 5135// 5666// 5667//
f 5135// 5667// 5137//
f 5137// 5667// 5668//
f 5137// 5668// 5138//
f 5138// 5668// 5669//
f 5138// 5669// 5140//
f 5140// 5669// 5670//
f 5140// 5670// 5141//
f 5141// 5670// 5671//
f 5141// 5671// 5143//
f 5143// 5671// 5672//
f 5143// 5672// 5145//
f 5145// 5672// 5673//
f 5145// 5673// 5147//
f 5147// 5673// 5674//
f 5147// 5674// 5148//
f 5674// 5675// 5148//
f 5148// 5675// 5676//
f 5148// 5676// 5149//
f 5149// 5676// 5677//
f 5149// 5677// 5151//
f 5151// 5677// 5678//
f 5151// 5678// 5152//
f 5159// 5679// 5160//
f 5160// 5679// 5680//
f 5160// 5680// 5162//
f 5152// 5678// 5154//
f 5154// 5678// 5681//
f 5154// 5681// 5156//
f 5156// 5681// 5682//
f 5156// 5682// 5157//
f 5157// 5682// 5683//
f 5157// 5683// 5159//
f 5159// 5683// 5684//
f 5159// 5684// 5679//
f 5162// 5680// 5164//
f 5164// 5680// 5685//
f 5164// 5685// 5166//
f 5166// 5685// 5686//
f 5166// 5686// 5644//
f 5235// 4299// 5236//
f 5236// 4299// 4298//
f 5236// 4298// 5238//
f 5640// 4363// 5181//
f 5181// 4363// 4362//
f 5181// 4362// 5183//
f 5183// 4362// 4335//
f 5183// 4335// 5185//
f 5185// 4335// 4334//
f 5185// 4334// 5186//
f 5186// 4334// 4332//
f 5186// 4332// 5187//
f 5187// 4332// 4331//
f 5187// 4331// 5189//
f 5189// 4331// 4443//
f 5189// 4443// 5190//
f 5190// 4443// 4329//
f 5190// 4329// 5192//
f 5192// 4329// 4328//
f 5192// 4328// 5194//
f 5194// 4328// 4326//
f 5194// 4326// 5196//
f 5196// 4326// 4325//
f 5196// 4325// 5197//
f 5197// 4325// 4323//
f 5197// 4323// 5198//
f 5198// 4323// 4322//
f 5198// 4322// 5200//
f 5200// 4322// 4473//
f 5200// 4473// 5202//
f 5202// 4473// 4482//
f 5202// 4482// 5203//
f 5203// 4482// 4483//
f 5203// 4483// 5205//
f 5205// 4483// 4320//
f 5205// 4320// 5206//
f 5206// 4320// 4319//
f 5206// 4319// 5208//
f 5208// 4319// 4484//
f 5208// 4484// 5209//
f 5209// 4484// 4317//
f 5209// 4317// 5211//
f 5211// 4317// 4316//
f 5211// 4316// 5213//
f 5213// 4316// 4314//
f 5213// 4314// 5215//
f 5215// 4314// 4313//
f 5215// 4313// 5216//
f 5216// 4313// 4507//
f 5216// 4507// 5217//
f 5217// 4507// 4311//
f 5217// 4311// 5219//
f 5219// 4311// 4310//
f 5219// 4310// 5221//
f 5221// 4310// 4308//
f 5221// 4308// 5222//
f 5222// 4308// 4307//
f 5222// 4307// 5224//
f 5224// 4307// 4305//
f 5224// 4305// 5225//
f 5225// 4305// 4304//
f 5225// 4304// 5227//
f 5227// 4304// 4537//
f 5227// 4537// 5228//
f 5228// 4537// 4546//
f 5228// 4546// 5230//
f 5230// 4546// 4547//
f 5230// 4547// 5232//
f 5232// 4547// 4302//
f 5232// 4302// 5234//
f 5234// 4302// 4301//
f 5234// 4301// 5235//
f 5235// 4301// 4548//
f 5235// 4548// 4299//
f 5238// 4298// 5240//
f 5240// 4298// 4296//
f 5240// 4296// 5241//
f 5241// 4296// 4295//
f 5241// 4295// 5243//
f 5254// 5253// 5651//
f 5651// 5253// 5251//
f 5651// 5251// 5652//
f 5652// 5251// 5249//
f 5652// 5249// 4370//
f 4370// 5249// 5247//
f 4370// 5247// 4371//
f 4371// 5247// 5246//
f 4371// 5246// 4292//
f 4292// 5246// 5244//
f 4292// 5244// 4293//
f 4293// 5244// 5243//
f 4293// 5243// 4571//
f 4571// 5243// 4295//
f 5647// 5687// 5263//
f 5263// 5687// 5688//
f 5263// 5688// 5265//
f 5265// 5688// 5689//
f 5265// 5689// 5266//
f 5266// 5689// 5690//
f 5266// 5690// 5268//
f 5268// 5690// 5691//
f 5268// 5691// 5270//
f 5270// 5691// 5692//
f 5270// 5692// 5272//
f 5272// 5692// 5693//
f 5272// 5693// 5273//
f 5273// 5693// 5694//
f 5273// 5694// 5274//
f 5274// 5694// 5695//
f 5274// 5695// 5653//
f 5686// 5685// 5696//
f 5683// 5682// 5697//
f 5681// 5678// 5698//
f 5677// 5676// 5699//
f 5674// 5673// 5700//
f 5672// 5671// 5701//
f 5669// 5668// 5702//
f 5664// 5663// 5703//
f 5662// 5661// 5704//
f 5660// 5659// 5705//
f 5657// 5656// 5706//
f 5655// 5654// 5707//
f 5695// 5694// 5708//
f 5690// 5689// 5709//
f 5710// 5711// 5712//
f 5645// 5644// 5713//
f 5713// 5644// 5714//
f 5713// 5714// 5715//
f 5716// 5717// 5714//
f 5714// 5717// 5718//
f 5714// 5718// 5715//
f 5719// 5720// 5716//
f 5716// 5720// 5721//
f 5716// 5721// 5717//
f 5722// 5723// 5719//
f 5719// 5723// 5724//
f 5719// 5724// 5720//
f 5725// 5726// 5722//
f 5722// 5726// 5727//
f 5727// 5728// 5722//
f 5722// 5728// 5729//
f 5722// 5729// 5723//
f 5730// 5731// 5732//
f 5732// 5731// 5733//
f 5732// 5733// 5725//
f 5725// 5733// 5734//
f 5725// 5734// 5726//
f 5735// 5736// 5737//
f 5737// 5738// 5735//
f 5735// 5738// 5739//
f 5735// 5739// 5732//
f 5732// 5739// 5740//
f 5732// 5740// 5730//
f 5741// 5742// 5743//
f 5743// 5742// 5744//
f 5711// 5745// 5712//
f 5712// 5745// 5746//
f 5712// 5746// 5744//
f 5744// 5746// 5747//
f 5744// 5747// 5743//
f 5710// 5712// 5748//
f 5748// 5712// 5749//
f 5748// 5749// 5750//
f 5750// 5749// 5751//
f 5751// 5749// 5752//
f 5751// 5752// 5753//
f 5753// 5752// 5754//
f 5754// 5752// 5755//
f 5754// 5755// 5756//
f 5756// 5755// 5757//
f 5757// 5755// 5758//
f 5757// 5758// 5759//
f 5760// 5761// 5758//
f 5758// 5761// 5762//
f 5758// 5762// 5759//
f 5687// 5647// 5760//
f 5760// 5647// 5763//
f 5763// 5764// 5760//
f 5760// 5764// 5765//
f 5760// 5765// 5761//
f 5742// 5766// 5744//
f 5744// 5766// 5767//
f 5744// 5767// 5712//
f 5712// 5767// 5768//
f 5712// 5768// 5749//
f 5749// 5768// 5769//
f 5749// 5769// 5752//
f 5752// 5769// 5770//
f 5752// 5770// 5755//
f 5755// 5770// 5771//
f 5755// 5771// 5758//
f 5758// 5771// 5772//
f 5758// 5772// 5760//
f 5760// 5772// 5709//
f 5773// 5774// 5775//
f 5775// 5774// 5776//
f 5775// 5776// 5777//
f 5777// 5776// 5778//
f 5777// 5778// 5779//
f 5779// 5778// 5780//
f 5779// 5780// 5781//
f 5781// 5780// 5782//
f 5781// 5782// 5783//
f 5783// 5782// 5784//
f 5783// 5784// 5785//
f 5785// 5784// 5786//
f 5785// 5786// 5787//
f 5787// 5786// 5708//
f 5788// 5789// 5790//
f 5790// 5789// 5791//
f 5790// 5791// 5792//
f 5792// 5791// 5793//
f 5792// 5793// 5794//
f 5794// 5793// 5795//
f 5794// 5795// 5796//
f 5796// 5795// 5797//
f 5796// 5797// 5798//
f 5798// 5797// 5799//
f 5798// 5799// 5800//
f 5800// 5799// 5801//
f 5800// 5801// 5802//
f 5802// 5801// 5702//
f 5803// 5804// 5805//
f 5805// 5804// 5806//
f 5805// 5806// 5807//
f 5807// 5806// 5808//
f 5807// 5808// 5809//
f 5809// 5808// 5810//
f 5809// 5810// 5811//
f 5811// 5810// 5812//
f 5811// 5812// 5813//
f 5813// 5812// 5814//
f 5813// 5814// 5815//
f 5815// 5814// 5816//
f 5815// 5816// 5817//
f 5817// 5816// 5696//
f 5709// 5689// 5760//
f 5760// 5689// 5688//
f 5760// 5688// 5687//
f 5691// 5690// 5818//
f 5818// 5690// 5709//
f 5818// 5709// 5819//
f 5819// 5709// 5772//
f 5819// 5772// 5820//
f 5820// 5772// 5771//
f 5820// 5771// 5821//
f 5821// 5771// 5770//
f 5821// 5770// 5822//
f 5822// 5770// 5769//
f 5822// 5769// 5823//
f 5823// 5769// 5768//
f 5823// 5768// 5824//
f 5824// 5768// 5767//
f 5824// 5767// 5825//
f 5825// 5767// 5766//
f 5825// 5773// 5824//
f 5824// 5773// 5775//
f 5824// 5775// 5823//
f 5823// 5775// 5777//
f 5823// 5777// 5822//
f 5822// 5777// 5779//
f 5822// 5779// 5821//
f 5821// 5779// 5781//
f 5821// 5781// 5820//
f 5820// 5781// 5783//
f 5820// 5783// 5819//
f 5819// 5783// 5785//
f 5819// 5785// 5818//
f 5818// 5785// 5787//
f 5818// 5787// 5691//
f 5691// 5787// 5692//
f 5708// 5694// 5787//
f 5787// 5694// 5693//
f 5787// 5693// 5692//
f 5653// 5695// 5826//
f 5826// 5695// 5708//
f 5826// 5708// 5827//
f 5827// 5708// 5786//
f 5827// 5786// 5828//
f 5828// 5786// 5784//
f 5828// 5784// 5829//
f 5829// 5784// 5782//
f 5829// 5782// 5830//
f 5830// 5782// 5780//
f 5830// 5780// 5831//
f 5831// 5780// 5778//
f 5831// 5778// 5832//
f 5832// 5778// 5776//
f 5832// 5776// 5833//
f 5833// 5776// 5774//
f 5833// 5834// 5832//
f 5832// 5834// 5835//
f 5832// 5835// 5831//
f 5831// 5835// 5836//
f 5831// 5836// 5830//
f 5830// 5836// 5837//
f 5830// 5837// 5829//
f 5829// 5837// 5838//
f 5829// 5838// 5828//
f 5828// 5838// 5839//
f 5828// 5839// 5827//
f 5827// 5839// 5840//
f 5827// 5840// 5826//
f 5826// 5840// 5707//
f 5826// 5707// 5653//
f 5653// 5707// 5654//
f 5656// 5655// 5706//
f 5706// 5655// 5707//
f 5706// 5707// 5841//
f 5841// 5707// 5840//
f 5841// 5840// 5842//
f 5842// 5840// 5839//
f 5842// 5839// 5843//
f 5843// 5839// 5838//
f 5843// 5838// 5844//
f 5844// 5838// 5837//
f 5844// 5837// 5845//
f 5845// 5837// 5836//
f 5845// 5836// 5846//
f 5846// 5836// 5835//
f 5846// 5835// 5847//
f 5847// 5835// 5834//
f 5658// 5657// 5848//
f 5848// 5657// 5706//
f 5848// 5706// 5849//
f 5849// 5706// 5841//
f 5849// 5841// 5850//
f 5850// 5841// 5842//
f 5850// 5842// 5851//
f 5851// 5842// 5843//
f 5851// 5843// 5852//
f 5852// 5843// 5844//
f 5852// 5844// 5853//
f 5853// 5844// 5845//
f 5853// 5845// 5854//
f 5854// 5845// 5846//
f 5854// 5846// 5855//
f 5855// 5846// 5847//
f 5855// 5856// 5854//
f 5854// 5856// 5857//
f 5854// 5857// 5853//
f 5853// 5857// 5858//
f 5853// 5858// 5852//
f 5852// 5858// 5859//
f 5852// 5859// 5851//
f 5851// 5859// 5860//
f 5851// 5860// 5850//
f 5850// 5860// 5861//
f 5850// 5861// 5849//
f 5849// 5861// 5862//
f 5849// 5862// 5848//
f 5848// 5862// 5705//
f 5848// 5705// 5658//
f 5658// 5705// 5659//
f 5661// 5660// 5704//
f 5704// 5660// 5705//
f 5704// 5705// 5863//
f 5863// 5705// 5862//
f 5863// 5862// 5864//
f 5864// 5862// 5861//
f 5864// 5861// 5865//
f 5865// 5861// 5860//
f 5865// 5860// 5866//
f 5866// 5860// 5859//
f 5866// 5859// 5867//
f 5867// 5859// 5858//
f 5867// 5858// 5868//
f 5868// 5858// 5857//
f 5868// 5857// 5869//
f 5869// 5857// 5856//
f 5663// 5662// 5703//
f 5703// 5662// 5704//
f 5703// 5704// 5870//
f 5870// 5704// 5863//
f 5870// 5863// 5871//
f 5871// 5863// 5864//
f 5871// 5864// 5872//
f 5872// 5864// 5865//
f 5872// 5865// 5873//
f 5873// 5865// 5866//
f 5873// 5866// 5874//
f 5874// 5866// 5867//
f 5874// 5867// 5875//
f 5875// 5867// 5868//
f 5875// 5868// 5876//
f 5876// 5868// 5869//
f 5665// 5664// 5877//
f 5877// 5664// 5703//
f 5877// 5703// 5878//
f 5878// 5703// 5870//
f 5878// 5870// 5879//
f 5879// 5870// 5871//
f 5879// 5871// 5880//
f 5880// 5871// 5872//
f 5880// 5872// 5881//
f 5881// 5872// 5873//
f 5881// 5873// 5882//
f 5882// 5873// 5874//
f 5882// 5874// 5883//
f 5883// 5874// 5875//
f 5883// 5875// 5884//
f 5884// 5875// 5876//
f 5884// 5788// 5883//
f 5883// 5788// 5790//
f 5883// 5790// 5882//
f 5882// 5790// 5792//
f 5882// 5792// 5881//
f 5881// 5792// 5794//
f 5881// 5794// 5880//
f 5880// 5794// 5796//
f 5880// 5796// 5879//
f 5879// 5796// 5798//
f 5879// 5798// 5878//
f 5878// 5798// 5800//
f 5878// 5800// 5877//
f 5877// 5800// 5802//
f 5877// 5802// 5665//
f 5665// 5802// 5666//
f 5702// 5668// 5802//
f 5802// 5668// 5667//
f 5802// 5667// 5666//
f 5670// 5669// 5885//
f 5885// 5669// 5702//
f 5885// 5702// 5886//
f 5886// 5702// 5801//
f 5886// 5801// 5887//
f 5887// 5801// 5799//
f 5887// 5799// 5888//
f 5888// 5799// 5797//
f 5888// 5797// 5889//
f 5889// 5797// 5795//
f 5889// 5795// 5890//
f 5890// 5795// 5793//
f 5890// 5793// 5891//
f 5891// 5793// 5791//
f 5891// 5791// 5892//
f 5892// 5791// 5789//
f 5892// 5893// 5891//
f 5891// 5893// 5894//
f 5891// 5894// 5890//
f 5890// 5894// 5895//
f 5890// 5895// 5889//
f 5889// 5895// 5896//
f 5889// 5896// 5888//
f 5888// 5896// 5897//
f 5888// 5897// 5887//
f 5887// 5897// 5898//
f 5887// 5898// 5886//
f 5886// 5898// 5899//
f 5886// 5899// 5885//
f 5885// 5899// 5701//
f 5885// 5701// 5670//
f 5670// 5701// 5671//
f 5673// 5672// 5700//
f 5700// 5672// 5701//
f 5700// 5701// 5900//
f 5900// 5701// 5899//
f 5900// 5899// 5901//
f 5901// 5899// 5898//
f 5901// 5898// 5902//
f 5902// 5898// 5897//
f 5902// 5897// 5903//
f 5903// 5897// 5896//
f 5903// 5896// 5904//
f 5904// 5896// 5895//
f 5904// 5895// 5905//
f 5905// 5895// 5894//
f 5905// 5894// 5906//
f 5906// 5894// 5893//
f 5675// 5674// 5907//
f 5907// 5674// 5700//
f 5907// 5700// 5908//
f 5908// 5700// 5900//
f 5908// 5900// 5909//
f 5909// 5900// 5901//
f 5909// 5901// 5910//
f 5910// 5901// 5902//
f 5910// 5902// 5911//
f 5911// 5902// 5903//
f 5911// 5903// 5912//
f 5912// 5903// 5904//
f 5912// 5904// 5913//
f 5913// 5904// 5905//
f 5913// 5905// 5914//
f 5914// 5905// 5906//
f 5914// 5915// 5913//
f 5913// 5915// 5916//
f 5913// 5916// 5912//
f 5912// 5916// 5917//
f 5912// 5917// 5911//
f 5911// 5917// 5918//
f 5911// 5918// 5910//
f 5910// 5918// 5919//
f 5910// 5919// 5909//
f 5909// 5919// 5920//
f 5909// 5920// 5908//
f 5908// 5920// 5921//
f 5908// 5921// 5907//
f 5907// 5921// 5699//
f 5907// 5699// 5675//
f 5675// 5699// 5676//
f 5678// 5677// 5698//
f 5698// 5677// 5699//
f 5698// 5699// 5922//
f 5922// 5699// 5921//
f 5922// 5921// 5923//
f 5923// 5921// 5920//
f 5923// 5920// 5924//
f 5924// 5920// 5919//
f 5924// 5919// 5925//
f 5925// 5919// 5918//
f 5925// 5918// 5926//
f 5926// 5918// 5917//
f 5926// 5917// 5927//
f 5927// 5917// 5916//
f 5927// 5916// 5928//
f 5928// 5916// 5915//
f 5682// 5681// 5697//
f 5697// 5681// 5698//
f 5697// 5698// 5929//
f 5929// 5698// 5922//
f 5929// 5922// 5930//
f 5930// 5922// 5923//
f 5930// 5923// 5931//
f 5931// 5923// 5924//
f 5931// 5924// 5932//
f 5932// 5924// 5925//
f 5932// 5925// 5933//
f 5933// 5925// 5926//
f 5933// 5926// 5934//
f 5934// 5926// 5927//
f 5934// 5927// 5935//
f 5935// 5927// 5928//
f 5684// 5683// 5936//
f 5936// 5683// 5697//
f 5936// 5697// 5937//
f 5937// 5697// 5929//
f 5937// 5929// 5938//
f 5938// 5929// 5930//
f 5938// 5930// 5939//
f 5939// 5930// 5931//
f 5939// 5931// 5940//
f 5940// 5931// 5932//
f 5940// 5932// 5941//
f 5941// 5932// 5933//
f 5941// 5933// 5942//
f 5942// 5933// 5934//
f 5942// 5934// 5943//
f 5943// 5934// 5935//
f 5943// 5803// 5942//
f 5942// 5803// 5805//
f 5942// 5805// 5941//
f 5941// 5805// 5807//
f 5941// 5807// 5940//
f 5940// 5807// 5809//
f 5940// 5809// 5939//
f 5939// 5809// 5811//
f 5939// 5811// 5938//
f 5938// 5811// 5813//
f 5938// 5813// 5937//
f 5937// 5813// 5815//
f 5937// 5815// 5936//
f 5936// 5815// 5817//
f 5936// 5817// 5684//
f 5684// 5817// 5679//
f 5696// 5685// 5817//
f 5817// 5685// 5680//
f 5817// 5680// 5679//
f 5644// 5686// 5714//
f 5714// 5686// 5696//
f 5714// 5696// 5716//
f 5716// 5696// 5816//
f 5716// 5816// 5719//
f 5719// 5816// 5814//
f 5719// 5814// 5722//
f 5722// 5814// 5812//
f 5722// 5812// 5725//
f 5725// 5812// 5810//
f 5725// 5810// 5732//
f 5732// 5810// 5808//
f 5732// 5808// 5735//
f 5735// 5808// 5806//
f 5735// 5806// 5736//
f 5736// 5806// 5804//
f 5742// 5741// 5736//
f 5736// 5741// 5737//
f 5892// 5789// 5736//
f 5736// 5789// 5788//
f 5788// 5884// 5736//
f 5736// 5884// 5876//
f 5736// 5876// 5869//
f 5914// 5906// 5736//
f 5736// 5906// 5893//
f 5736// 5893// 5892//
f 5804// 5803// 5943//
f 5736// 5847// 5834//
f 5834// 5833// 5736//
f 5736// 5833// 5774//
f 5736// 5774// 5773//
f 5943// 5935// 5804//
f 5804// 5935// 5928//
f 5804// 5928// 5736//
f 5736// 5928// 5915//
f 5736// 5915// 5914//
f 5869// 5856// 5736//
f 5736// 5856// 5855//
f 5736// 5855// 5847//
f 5773// 5825// 5736//
f 5736// 5825// 5766//
f 5736// 5766// 5742//
f 4361// 4360// 4367//
f 5652// 4369// 5640//
f 5640// 4369// 4368//
f 4366// 4365// 4387//
f 4368// 4373// 5640//
f 5640// 4373// 4376//
f 5640// 4376// 4375//
f 4375// 4379// 5640//
f 5640// 4379// 4378//
f 5640// 4378// 4382//
f 4365// 4364// 4387//
f 4387// 4364// 5640//
f 4387// 5640// 4381//
f 4381// 5640// 4382//
f 4385// 4384// 4367//
f 4366// 4387// 4367//
f 4367// 4387// 4386//
f 4367// 4386// 4385//
f 4384// 4392// 4367//
f 4367// 4392// 4391//
f 4367// 4391// 4389//
f 4389// 4388// 4367//
f 4367// 4388// 4398//
f 4367// 4398// 4397//
f 4367// 4340// 4342//
f 4342// 4346// 4367//
f 4367// 4346// 4345//
f 4367// 4345// 4344//
f 4344// 4338// 4367//
f 4367// 4338// 4337//
f 4367// 4337// 4347//
f 4347// 4349// 4367//
f 4367// 4349// 4350//
f 4367// 4350// 4352//
f 4397// 4396// 4367//
f 4367// 4396// 4395//
f 4367// 4395// 4340//
f 4352// 4353// 4367//
f 4367// 4353// 4355//
f 4367// 4355// 4361//
f 4361// 4355// 4356//
f 4361// 4356// 4358//
f 5646// 5645// 5648//
f 5648// 5645// 5713//
f 5764// 5763// 5729//
f 5713// 5715// 5648//
f 5648// 5715// 5718//
f 5648// 5718// 5717//
f 5717// 5721// 5648//
f 5648// 5721// 5720//
f 5648// 5720// 5724//
f 5763// 5647// 5729//
f 5729// 5647// 5648//
f 5729// 5648// 5723//
f 5723// 5648// 5724//
f 5727// 5726// 5765//
f 5764// 5729// 5765//
f 5765// 5729// 5728//
f 5765// 5728// 5727//
f 5726// 5734// 5765//
f 5765// 5734// 5733//
f 5765// 5733// 5731//
f 5731// 5730// 5765//
f 5765// 5730// 5740//
f 5765// 5740// 5739//
f 5741// 5743// 5765//
f 5765// 5743// 5747//
f 5765// 5747// 5761//
f 5750// 5751// 5747//
f 5747// 5751// 5753//
f 5757// 5759// 5747//
f 5747// 5759// 5762//
f 5747// 5762// 5761//
f 5739// 5738// 5765//
f 5765// 5738// 5737//
f 5765// 5737// 5741//
f 5746// 5745// 5747//
f 5747// 5745// 5711//
f 5747// 5711// 5750//
f 5750// 5711// 5710//
f 5750// 5710// 5748//
f 5753// 5754// 5747//
f 5747// 5754// 5756//
f 5747// 5756// 5757//
f 5646// 5648// 5643//
f 5643// 5648// 5649//
f 5643// 5649// 5642//
f 5642// 5649// 5641//
f 5652// 5640// 5651//
f 5651// 5640// 5641//
f 5651// 5641// 5650//
f 5650// 5641// 5649//
f 5944// 5945// 5946//
f 5947// 5948// 5949//
f 5950// 5951// 5952//
f 5953// 5954// 5955//
f 5956// 5957// 5958//
f 5959// 5960// 5961//
f 5962// 5963// 5964//
f 5965// 5966// 5967//
f 5968// 5969// 5970//
f 5971// 5972// 5973//
f 5974// 5975// 5976//
f 5977// 5978// 5979//
f 5980// 5981// 5982//
f 5983// 5984// 5985//
f 5986// 5987// 5988//
f 5989// 5990// 5991//
f 5992// 5993// 5994//
f 5994// 5993// 5995//
f 5990// 5996// 5991//
f 5991// 5996// 5997//
f 5991// 5997// 5995//
f 5995// 5997// 5998//
f 5995// 5998// 5994//
f 5989// 5991// 5999//
f 5999// 5991// 6000//
f 5999// 6000// 6001//
f 6001// 6000// 6002//
f 6002// 6000// 6003//
f 6002// 6003// 6004//
f 6004// 6003// 6005//
f 6005// 6003// 6006//
f 6005// 6006// 6007//
f 6007// 6006// 6008//
f 6008// 6006// 6009//
f 6008// 6009// 6010//
f 6011// 6012// 6009//
f 6009// 6012// 6013//
f 6009// 6013// 6010//
f 6014// 6015// 6011//
f 6011// 6015// 6016//
f 6011// 6016// 6017//
f 6017// 6018// 6011//
f 6011// 6018// 6019//
f 6011// 6019// 6012//
f 6020// 6021// 6022//
f 6023// 6024// 6022//
f 6022// 6024// 6025//
f 6022// 6025// 6020//
f 6026// 6027// 6024//
f 6024// 6027// 6028//
f 6024// 6028// 6025//
f 6029// 6030// 6026//
f 6026// 6030// 6031//
f 6026// 6031// 6027//
f 6032// 6033// 6029//
f 6029// 6033// 6034//
f 6029// 6034// 6030//
f 6035// 6036// 6032//
f 6032// 6036// 6037//
f 6037// 6038// 6032//
f 6032// 6038// 6039//
f 6032// 6039// 6033//
f 6040// 6041// 6042//
f 6042// 6041// 6043//
f 6042// 6043// 6035//
f 6035// 6043// 6044//
f 6035// 6044// 6036//
f 6045// 6046// 6047//
f 6047// 6048// 6045//
f 6045// 6048// 6049//
f 6045// 6049// 6042//
f 6042// 6049// 6050//
f 6042// 6050// 6040//
f 6051// 6052// 6053//
f 6053// 6052// 6054//
f 6053// 6054// 6055//
f 6055// 6054// 6056//
f 6055// 6056// 6057//
f 6057// 6056// 6058//
f 6057// 6058// 6059//
f 6059// 6058// 6060//
f 6059// 6060// 6061//
f 6061// 6060// 6062//
f 6061// 6062// 6063//
f 6063// 6062// 6064//
f 6063// 6064// 6065//
f 6065// 6064// 5973//
f 6066// 6067// 6068//
f 6068// 6067// 6069//
f 6068// 6069// 6070//
f 6070// 6069// 6071//
f 6070// 6071// 6072//
f 6072// 6071// 6073//
f 6072// 6073// 6074//
f 6074// 6073// 6075//
f 6074// 6075// 6076//
f 6076// 6075// 6077//
f 6076// 6077// 6078//
f 6078// 6077// 6079//
f 6078// 6079// 6080//
f 6080// 6079// 5955//
f 5993// 6081// 5995//
f 5995// 6081// 6082//
f 5995// 6082// 5991//
f 5991// 6082// 6083//
f 5991// 6083// 6000//
f 6000// 6083// 6084//
f 6000// 6084// 6003//
f 6003// 6084// 6085//
f 6003// 6085// 6006//
f 6006// 6085// 6086//
f 6006// 6086// 6009//
f 6009// 6086// 6087//
f 6009// 6087// 6011//
f 6011// 6087// 5988//
f 6011// 5988// 6014//
f 6014// 5988// 5987//
f 5984// 5986// 5985//
f 5985// 5986// 5988//
f 5985// 5988// 6088//
f 6088// 5988// 6087//
f 6088// 6087// 6089//
f 6089// 6087// 6086//
f 6089// 6086// 6090//
f 6090// 6086// 6085//
f 6090// 6085// 6091//
f 6091// 6085// 6084//
f 6091// 6084// 6092//
f 6092// 6084// 6083//
f 6092// 6083// 6093//
f 6093// 6083// 6082//
f 6093// 6082// 6094//
f 6094// 6082// 6081//
f 6095// 5983// 6096//
f 6096// 5983// 5985//
f 6096// 5985// 6097//
f 6097// 5985// 6088//
f 6097// 6088// 6098//
f 6098// 6088// 6089//
f 6098// 6089// 6099//
f 6099// 6089// 6090//
f 6099// 6090// 6100//
f 6100// 6090// 6091//
f 6100// 6091// 6101//
f 6101// 6091// 6092//
f 6101// 6092// 6102//
f 6102// 6092// 6093//
f 6102// 6093// 6103//
f 6103// 6093// 6094//
f 6103// 6104// 6102//
f 6102// 6104// 6105//
f 6102// 6105// 6101//
f 6101// 6105// 6106//
f 6101// 6106// 6100//
f 6100// 6106// 6107//
f 6100// 6107// 6099//
f 6099// 6107// 6108//
f 6099// 6108// 6098//
f 6098// 6108// 6109//
f 6098// 6109// 6097//
f 6097// 6109// 6110//
f 6097// 6110// 6096//
f 6096// 6110// 5982//
f 6096// 5982// 6095//
f 6095// 5982// 5981//
f 5978// 5980// 5979//
f 5979// 5980// 5982//
f 5979// 5982// 6111//
f 6111// 5982// 6110//
f 6111// 6110// 6112//
f 6112// 6110// 6109//
f 6112// 6109// 6113//
f 6113// 6109// 6108//
f 6113// 6108// 6114//
f 6114// 6108// 6107//
f 6114// 6107// 6115//
f 6115// 6107// 6106//
f 6115// 6106// 6116//
f 6116// 6106// 6105//
f 6116// 6105// 6117//
f 6117// 6105// 6104//
f 5975// 5977// 5976//
f 5976// 5977// 5979//
f 5976// 5979// 6118//
f 6118// 5979// 6111//
f 6118// 6111// 6119//
f 6119// 6111// 6112//
f 6119// 6112// 6120//
f 6120// 6112// 6113//
f 6120// 6113// 6121//
f 6121// 6113// 6114//
f 6121// 6114// 6122//
f 6122// 6114// 6115//
f 6122// 6115// 6123//
f 6123// 6115// 6116//
f 6123// 6116// 6124//
f 6124// 6116// 6117//
f 6125// 5974// 6126//
f 6126// 5974// 5976//
f 6126// 5976// 6127//
f 6127// 5976// 6118//
f 6127// 6118// 6128//
f 6128// 6118// 6119//
f 6128// 6119// 6129//
f 6129// 6119// 6120//
f 6129// 6120// 6130//
f 6130// 6120// 6121//
f 6130// 6121// 6131//
f 6131// 6121// 6122//
f 6131// 6122// 6132//
f 6132// 6122// 6123//
f 6132// 6123// 6133//
f 6133// 6123// 6124//
f 6133// 6051// 6132//
f 6132// 6051// 6053//
f 6132// 6053// 6131//
f 6131// 6053// 6055//
f 6131// 6055// 6130//
f 6130// 6055// 6057//
f 6130// 6057// 6129//
f 6129// 6057// 6059//
f 6129// 6059// 6128//
f 6128// 6059// 6061//
f 6128// 6061// 6127//
f 6127// 6061// 6063//
f 6127// 6063// 6126//
f 6126// 6063// 6065//
f 6126// 6065// 6125//
f 6125// 6065// 6134//
f 5973// 5972// 6065//
f 6065// 5972// 6135//
f 6065// 6135// 6134//
f 6136// 5971// 6137//
f 6137// 5971// 5973//
f 6137// 5973// 6138//
f 6138// 5973// 6064//
f 6138// 6064// 6139//
f 6139// 6064// 6062//
f 6139// 6062// 6140//
f 6140// 6062// 6060//
f 6140// 6060// 6141//
f 6141// 6060// 6058//
f 6141// 6058// 6142//
f 6142// 6058// 6056//
f 6142// 6056// 6143//
f 6143// 6056// 6054//
f 6143// 6054// 6144//
f 6144// 6054// 6052//
f 6144// 6145// 6143//
f 6143// 6145// 6146//
f 6143// 6146// 6142//
f 6142// 6146// 6147//
f 6142// 6147// 6141//
f 6141// 6147// 6148//
f 6141// 6148// 6140//
f 6140// 6148// 6149//
f 6140// 6149// 6139//
f 6139// 6149// 6150//
f 6139// 6150// 6138//
f 6138// 6150// 6151//
f 6138// 6151// 6137//
f 6137// 6151// 5970//
f 6137// 5970// 6136//
f 6136// 5970// 5969//
f 5966// 5968// 5967//
f 5967// 5968// 5970//
f 5967// 5970// 6152//
f 6152// 5970// 6151//
f 6152// 6151// 6153//
f 6153// 6151// 6150//
f 6153// 6150// 6154//
f 6154// 6150// 6149//
f 6154// 6149// 6155//
f 6155// 6149// 6148//
f 6155// 6148// 6156//
f 6156// 6148// 6147//
f 6156// 6147// 6157//
f 6157// 6147// 6146//
f 6157// 6146// 6158//
f 6158// 6146// 6145//
f 6159// 5965// 6160//
f 6160// 5965// 5967//
f 6160// 5967// 6161//
f 6161// 5967// 6152//
f 6161// 6152// 6162//
f 6162// 6152// 6153//
f 6162// 6153// 6163//
f 6163// 6153// 6154//
f 6163// 6154// 6164//
f 6164// 6154// 6155//
f 6164// 6155// 6165//
f 6165// 6155// 6156//
f 6165// 6156// 6166//
f 6166// 6156// 6157//
f 6166// 6157// 6167//
f 6167// 6157// 6158//
f 6167// 6168// 6166//
f 6166// 6168// 6169//
f 6166// 6169// 6165//
f 6165// 6169// 6170//
f 6165// 6170// 6164//
f 6164// 6170// 6171//
f 6164// 6171// 6163//
f 6163// 6171// 6172//
f 6163// 6172// 6162//
f 6162// 6172// 6173//
f 6162// 6173// 6161//
f 6161// 6173// 6174//
f 6161// 6174// 6160//
f 6160// 6174// 5964//
f 6160// 5964// 6159//
f 6159// 5964// 5963//
f 5960// 5962// 5961//
f 5961// 5962// 5964//
f 5961// 5964// 6175//
f 6175// 5964// 6174//
f 6175// 6174// 6176//
f 6176// 6174// 6173//
f 6176// 6173// 6177//
f 6177// 6173// 6172//
f 6177// 6172// 6178//
f 6178// 6172// 6171//
f 6178// 6171// 6179//
f 6179// 6171// 6170//
f 6179// 6170// 6180//
f 6180// 6170// 6169//
f 6180// 6169// 6181//
f 6181// 6169// 6168//
f 5957// 5959// 5958//
f 5958// 5959// 5961//
f 5958// 5961// 6182//
f 6182// 5961// 6175//
f 6182// 6175// 6183//
f 6183// 6175// 6176//
f 6183// 6176// 6184//
f 6184// 6176// 6177//
f 6184// 6177// 6185//
f 6185// 6177// 6178//
f 6185// 6178// 6186//
f 6186// 6178// 6179//
f 6186// 6179// 6187//
f 6187// 6179// 6180//
f 6187// 6180// 6188//
f 6188// 6180// 6181//
f 6189// 5956// 6190//
f 6190// 5956// 5958//
f 6190// 5958// 6191//
f 6191// 5958// 6182//
f 6191// 6182// 6192//
f 6192// 6182// 6183//
f 6192// 6183// 6193//
f 6193// 6183// 6184//
f 6193// 6184// 6194//
f 6194// 6184// 6185//
f 6194// 6185// 6195//
f 6195// 6185// 6186//
f 6195// 6186// 6196//
f 6196// 6186// 6187//
f 6196// 6187// 6197//
f 6197// 6187// 6188//
f 6197// 6066// 6196//
f 6196// 6066// 6068//
f 6196// 6068// 6195//
f 6195// 6068// 6070//
f 6195// 6070// 6194//
f 6194// 6070// 6072//
f 6194// 6072// 6193//
f 6193// 6072// 6074//
f 6193// 6074// 6192//
f 6192// 6074// 6076//
f 6192// 6076// 6191//
f 6191// 6076// 6078//
f 6191// 6078// 6190//
f 6190// 6078// 6080//
f 6190// 6080// 6189//
f 6189// 6080// 6198//
f 5955// 5954// 6080//
f 6080// 5954// 6199//
f 6080// 6199// 6198//
f 6200// 5953// 6201//
f 6201// 5953// 5955//
f 6201// 5955// 6202//
f 6202// 5955// 6079//
f 6202// 6079// 6203//
f 6203// 6079// 6077//
f 6203// 6077// 6204//
f 6204// 6077// 6075//
f 6204// 6075// 6205//
f 6205// 6075// 6073//
f 6205// 6073// 6206//
f 6206// 6073// 6071//
f 6206// 6071// 6207//
f 6207// 6071// 6069//
f 6207// 6069// 6208//
f 6208// 6069// 6067//
f 6208// 6209// 6207//
f 6207// 6209// 6210//
f 6207// 6210// 6206//
f 6206// 6210// 6211//
f 6206// 6211// 6205//
f 6205// 6211// 6212//
f 6205// 6212// 6204//
f 6204// 6212// 6213//
f 6204// 6213// 6203//
f 6203// 6213// 6214//
f 6203// 6214// 6202//
f 6202// 6214// 6215//
f 6202// 6215// 6201//
f 6201// 6215// 5952//
f 6201// 5952// 6200//
f 6200// 5952// 5951//
f 5948// 5950// 5949//
f 5949// 5950// 5952//
f 5949// 5952// 6216//
f 6216// 5952// 6215//
f 6216// 6215// 6217//
f 6217// 6215// 6214//
f 6217// 6214// 6218//
f 6218// 6214// 6213//
f 6218// 6213// 6219//
f 6219// 6213// 6212//
f 6219// 6212// 6220//
f 6220// 6212// 6211//
f 6220// 6211// 6221//
f 6221// 6211// 6210//
f 6221// 6210// 6222//
f 6222// 6210// 6209//
f 6223// 5947// 6224//
f 6224// 5947// 5949//
f 6224// 5949// 6225//
f 6225// 5949// 6216//
f 6225// 6216// 6226//
f 6226// 6216// 6217//
f 6226// 6217// 6227//
f 6227// 6217// 6218//
f 6227// 6218// 6228//
f 6228// 6218// 6219//
f 6228// 6219// 6229//
f 6229// 6219// 6220//
f 6229// 6220// 6230//
f 6230// 6220// 6221//
f 6230// 6221// 6231//
f 6231// 6221// 6222//
f 6231// 6232// 6230//
f 6230// 6232// 6233//
f 6230// 6233// 6229//
f 6229// 6233// 6234//
f 6229// 6234// 6228//
f 6228// 6234// 6235//
f 6228// 6235// 6227//
f 6227// 6235// 6236//
f 6227// 6236// 6226//
f 6226// 6236// 6237//
f 6226// 6237// 6225//
f 6225// 6237// 6238//
f 6225// 6238// 6224//
f 6224// 6238// 5946//
f 6224// 5946// 6223//
f 6223// 5946// 5945//
f 6023// 5944// 6024//
f 6024// 5944// 5946//
f 6024// 5946// 6026//
f 6026// 5946// 6238//
f 6026// 6238// 6029//
f 6029// 6238// 6237//
f 6029// 6237// 6032//
f 6032// 6237// 6236//
f 6032// 6236// 6035//
f 6035// 6236// 6235//
f 6035// 6235// 6042//
f 6042// 6235// 6234//
f 6042// 6234// 6045//
f 6045// 6234// 6233//
f 6045// 6233// 6046//
f 6046// 6233// 6232//
f 5992// 6047// 6046//
f 6231// 6222// 6052//
f 6051// 6133// 6046//
f 6104// 6103// 6046//
f 6046// 6103// 6094//
f 6133// 6124// 6046//
f 6046// 6124// 6117//
f 6046// 6117// 6104//
f 6094// 6081// 6046//
f 6046// 6081// 5993//
f 6046// 5993// 5992//
f 6051// 6046// 6052//
f 6052// 6046// 6232//
f 6052// 6232// 6231//
f 6181// 6168// 6222//
f 6222// 6168// 6167//
f 6222// 6167// 6158//
f 6158// 6145// 6222//
f 6222// 6145// 6144//
f 6222// 6144// 6052//
f 6222// 6209// 6181//
f 6181// 6209// 6208//
f 6181// 6208// 6067//
f 6067// 6066// 6181//
f 6181// 6066// 6197//
f 6181// 6197// 6188//
f 6239// 6240// 6241//
f 6239// 6241// 6242//
f 6243// 6244// 6241//
f 6241// 6244// 6245//
f 6241// 6245// 6242//
f 6246// 6247// 6241//
f 6241// 6247// 6248//
f 6241// 6248// 6243//
f 6249// 6250// 6241//
f 6241// 6250// 6251//
f 6241// 6251// 6246//
f 6252// 6253// 6241//
f 6241// 6253// 6254//
f 6241// 6254// 6249//
f 6255// 6256// 6241//
f 6241// 6256// 6257//
f 6241// 6257// 6252//
f 6258// 6259// 6241//
f 6241// 6259// 6260//
f 6241// 6260// 6255//
f 6261// 6262// 6241//
f 6241// 6262// 6263//
f 6241// 6263// 6258//
f 6264// 6265// 6241//
f 6241// 6265// 6266//
f 6241// 6266// 6261//
f 6267// 6268// 6241//
f 6241// 6268// 6269//
f 6241// 6269// 6264//
f 6270// 6271// 6241//
f 6241// 6271// 6272//
f 6241// 6272// 6267//
f 6273// 6274// 6241//
f 6241// 6274// 6275//
f 6241// 6275// 6270//
f 6276// 6277// 6241//
f 6241// 6277// 6278//
f 6241// 6278// 6273//
f 6279// 6280// 6241//
f 6241// 6280// 6281//
f 6241// 6281// 6276//
f 6240// 6282// 6241//
f 6241// 6282// 6283//
f 6241// 6283// 6279//
f 6284// 6285// 6286//
f 6286// 6285// 6287//
f 6286// 6287// 6288//
f 6288// 6287// 6289//
f 6288// 6289// 6290//
f 6290// 6289// 6291//
f 6290// 6291// 6292//
f 6284// 6293// 6285//
f 6285// 6293// 6294//
f 6285// 6294// 6295//
f 6295// 6294// 6296//
f 6295// 6296// 6297//
f 6297// 6296// 6298//
f 6297// 6298// 6299//
f 6299// 6298// 6300//
f 6300// 6301// 6299//
f 6299// 6301// 6302//
f 6299// 6302// 6303//
f 6302// 6304// 6303//
f 6303// 6304// 6305//
f 6303// 6305// 6306//
f 6306// 6305// 6307//
f 6306// 6307// 6308//
f 6308// 6307// 6309//
f 6308// 6309// 6310//
f 6310// 6309// 6311//
f 6311// 6312// 6310//
f 6310// 6312// 6313//
f 6310// 6313// 6314//
f 6314// 6313// 6315//
f 6314// 6315// 6316//
f 6316// 6315// 6317//
f 6316// 6317// 6318//
f 6318// 6317// 6319//
f 6319// 6320// 6318//
f 6318// 6320// 6321//
f 6318// 6321// 6322//
f 6322// 6321// 6323//
f 6322// 6323// 6324//
f 6323// 6325// 6324//
f 6324// 6325// 6326//
f 6324// 6326// 6327//
f 6326// 6328// 6327//
f 6327// 6328// 6329//
f 6327// 6329// 6330//
f 6329// 6331// 6330//
f 6330// 6331// 6332//
f 6330// 6332// 6333//
f 6333// 6332// 6334//
f 6333// 6334// 6335//
f 6335// 6334// 6336//
f 6335// 6336// 6337//
f 6337// 6336// 6338//
f 6338// 6339// 6337//
f 6337// 6339// 6340//
f 6337// 6340// 6341//
f 6341// 6340// 6342//
f 6341// 6342// 6343//
f 6343// 6342// 6344//
f 6343// 6344// 6345//
f 6345// 6344// 6346//
f 6346// 6347// 6345//
f 6345// 6347// 6348//
f 6345// 6348// 6349//
f 6348// 6350// 6349//
f 6349// 6350// 6351//
f 6349// 6351// 6352//
f 6352// 6351// 6353//
f 6352// 6353// 6354//
f 6354// 6353// 6355//
f 6354// 6355// 6356//
f 6356// 6355// 6357//
f 6357// 6358// 6356//
f 6356// 6358// 6359//
f 6356// 6359// 6360//
f 6360// 6359// 6361//
f 6360// 6361// 6362//
f 6362// 6361// 6363//
f 6362// 6363// 6364//
f 6364// 6363// 6365//
f 6365// 6366// 6364//
f 6364// 6366// 6367//
f 6364// 6367// 6368//
f 6368// 6367// 6369//
f 6368// 6369// 6370//
f 6369// 6371// 6370//
f 6370// 6371// 6372//
f 6370// 6372// 6373//
f 6372// 6374// 6373//
f 6373// 6374// 6375//
f 6373// 6375// 6376//
f 6375// 6377// 6376//
f 6376// 6377// 6378//
f 6376// 6378// 6379//
f 6379// 6378// 6380//
f 6379// 6380// 6381//
f 6381// 6380// 6382//
f 6381// 6382// 6383//
f 6383// 6382// 6384//
f 6384// 6385// 6383//
f 6383// 6385// 6386//
f 6383// 6386// 6387//
f 6387// 6386// 6388//
f 6387// 6388// 6389//
f 6389// 6388// 6390//
f 6389// 6390// 6391//
f 6391// 6390// 6392//
f 6392// 6393// 6391//
f 6391// 6393// 6394//
f 6391// 6394// 6395//
f 6395// 6394// 6396//
f 6395// 6396// 6397//
f 6397// 6396// 6398//
f 6397// 6398// 6399//
f 6399// 6398// 6400//
f 6399// 6400// 6291//
f 6291// 6400// 6401//
f 6291// 6401// 6292//
f 6395// 6402// 6391//
f 6391// 6402// 6403//
f 6391// 6403// 6389//
f 6389// 6403// 6404//
f 6389// 6404// 6387//
f 6387// 6404// 6405//
f 6387// 6405// 6383//
f 6383// 6405// 6406//
f 6383// 6406// 6381//
f 6381// 6406// 6407//
f 6381// 6407// 6379//
f 6379// 6407// 6408//
f 6379// 6408// 6376//
f 6376// 6408// 6409//
f 6376// 6409// 6373//
f 6373// 6409// 6410//
f 6373// 6410// 6370//
f 6370// 6410// 6411//
f 6370// 6411// 6368//
f 6368// 6411// 6412//
f 6368// 6412// 6364//
f 6364// 6412// 6413//
f 6364// 6413// 6362//
f 6362// 6413// 6414//
f 6362// 6414// 6360//
f 6360// 6414// 6415//
f 6360// 6415// 6356//
f 6356// 6415// 6416//
f 6356// 6416// 6354//
f 6354// 6416// 6417//
f 6354// 6417// 6352//
f 6352// 6417// 6418//
f 6352// 6418// 6349//
f 6349// 6418// 6419//
f 6349// 6419// 6345//
f 6345// 6419// 6420//
f 6345// 6420// 6343//
f 6343// 6420// 6421//
f 6343// 6421// 6341//
f 6341// 6421// 6422//
f 6341// 6422// 6337//
f 6337// 6422// 6423//
f 6337// 6423// 6335//
f 6335// 6423// 6424//
f 6335// 6424// 6333//
f 6333// 6424// 6425//
f 6333// 6425// 6330//
f 6330// 6425// 6426//
f 6330// 6426// 6327//
f 6327// 6426// 6427//
f 6327// 6427// 6324//
f 6324// 6427// 6428//
f 6324// 6428// 6322//
f 6322// 6428// 6429//
f 6322// 6429// 6318//
f 6318// 6429// 6430//
f 6318// 6430// 6316//
f 6316// 6430// 6431//
f 6316// 6431// 6314//
f 6314// 6431// 6432//
f 6314// 6432// 6310//
f 6310// 6432// 6433//
f 6310// 6433// 6308//
f 6308// 6433// 6434//
f 6308// 6434// 6306//
f 6306// 6434// 6435//
f 6306// 6435// 6303//
f 6303// 6435// 6436//
f 6303// 6436// 6299//
f 6299// 6436// 6437//
f 6299// 6437// 6297//
f 6297// 6437// 6438//
f 6297// 6438// 6295//
f 6295// 6438// 6439//
f 6295// 6439// 6285//
f 6285// 6439// 6440//
f 6285// 6440// 6287//
f 6287// 6440// 6441//
f 6287// 6441// 6289//
f 6289// 6441// 6442//
f 6289// 6442// 6291//
f 6291// 6442// 6443//
f 6291// 6443// 6399//
f 6399// 6443// 6444//
f 6399// 6444// 6397//
f 6397// 6444// 6445//
f 6397// 6445// 6395//
f 6395// 6445// 6402//
f 6445// 6446// 6402//
f 6402// 6446// 6447//
f 6402// 6447// 6403//
f 6403// 6447// 6448//
f 6403// 6448// 6404//
f 6404// 6448// 6449//
f 6404// 6449// 6405//
f 6405// 6449// 6450//
f 6405// 6450// 6406//
f 6406// 6450// 6451//
f 6406// 6451// 6407//
f 6407// 6451// 6452//
f 6407// 6452// 6408//
f 6408// 6452// 6453//
f 6408// 6453// 6409//
f 6409// 6453// 6454//
f 6409// 6454// 6410//
f 6410// 6454// 6455//
f 6410// 6455// 6411//
f 6411// 6455// 6456//
f 6411// 6456// 6412//
f 6412// 6456// 6457//
f 6412// 6457// 6413//
f 6413// 6457// 6458//
f 6413// 6458// 6414//
f 6414// 6458// 6459//
f 6414// 6459// 6415//
f 6415// 6459// 6460//
f 6415// 6460// 6416//
f 6416// 6460// 6461//
f 6416// 6461// 6417//
f 6417// 6461// 6462//
f 6417// 6462// 6418//
f 6418// 6462// 6463//
f 6418// 6463// 6419//
f 6419// 6463// 6464//
f 6419// 6464// 6420//
f 6420// 6464// 6465//
f 6420// 6465// 6421//
f 6421// 6465// 6466//
f 6421// 6466// 6422//
f 6422// 6466// 6467//
f 6422// 6467// 6423//
f 6423// 6467// 6468//
f 6423// 6468// 6424//
f 6424// 6468// 6469//
f 6424// 6469// 6425//
f 6425// 6469// 6470//
f 6425// 6470// 6426//
f 6426// 6470// 6471//
f 6426// 6471// 6427//
f 6427// 6471// 6472//
f 6427// 6472// 6428//
f 6428// 6472// 6473//
f 6428// 6473// 6429//
f 6429// 6473// 6474//
f 6429// 6474// 6430//
f 6430// 6474// 6475//
f 6430// 6475// 6431//
f 6431// 6475// 6476//
f 6431// 6476// 6432//
f 6432// 6476// 6477//
f 6432// 6477// 6433//
f 6433// 6477// 6478//
f 6433// 6478// 6434//
f 6434// 6478// 6479//
f 6434// 6479// 6435//
f 6435// 6479// 6480//
f 6435// 6480// 6436//
f 6436// 6480// 6481//
f 6436// 6481// 6437//
f 6437// 6481// 6482//
f 6437// 6482// 6438//
f 6438// 6482// 6483//
f 6438// 6483// 6439//
f 6439// 6483// 6484//
f 6439// 6484// 6440//
f 6440// 6484// 6485//
f 6440// 6485// 6441//
f 6441// 6485// 6486//
f 6441// 6486// 6442//
f 6442// 6486// 6487//
f 6442// 6487// 6443//
f 6443// 6487// 6488//
f 6443// 6488// 6444//
f 6444// 6488// 6489//
f 6444// 6489// 6445//
f 6445// 6489// 6446//
f 6489// 6490// 6446//
f 6446// 6490// 6491//
f 6446// 6491// 6447//
f 6447// 6491// 6492//
f 6447// 6492// 6448//
f 6448// 6492// 6493//
f 6448// 6493// 6449//
f 6449// 6493// 6494//
f 6449// 6494// 6450//
f 6450// 6494// 6495//
f 6450// 6495// 6451//
f 6451// 6495// 6496//
f 6451// 6496// 6452//
f 6452// 6496// 6497//
f 6452// 6497// 6453//
f 6453// 6497// 6498//
f 6453// 6498// 6454//
f 6454// 6498// 6499//
f 6454// 6499// 6455//
f 6455// 6499// 6500//
f 6455// 6500// 6456//
f 6456// 6500// 6501//
f 6456// 6501// 6457//
f 6457// 6501// 6502//
f 6457// 6502// 6458//
f 6458// 6502// 6503//
f 6458// 6503// 6459//
f 6459// 6503// 6504//
f 6459// 6504// 6460//
f 6460// 6504// 6505//
f 6460// 6505// 6461//
f 6461// 6505// 6506//
f 6461// 6506// 6462//
f 6462// 6506// 6507//
f 6462// 6507// 6463//
f 6463// 6507// 6508//
f 6463// 6508// 6464//
f 6464// 6508// 6509//
f 6464// 6509// 6465//
f 6465// 6509// 6510//
f 6465// 6510// 6466//
f 6466// 6510// 6511//
f 6466// 6511// 6467//
f 6467// 6511// 6512//
f 6467// 6512// 6468//
f 6468// 6512// 6513//
f 6468// 6513// 6469//
f 6469// 6513// 6514//
f 6469// 6514// 6470//
f 6470// 6514// 6515//
f 6470// 6515// 6471//
f 6471// 6515// 6516//
f 6471// 6516// 6472//
f 6472// 6516// 6517//
f 6472// 6517// 6473//
f 6473// 6517// 6518//
f 6473// 6518// 6474//
f 6474// 6518// 6519//
f 6474// 6519// 6475//
f 6475// 6519// 6520//
f 6475// 6520// 6476//
f 6476// 6520// 6521//
f 6476// 6521// 6477//
f 6477// 6521// 6522//
f 6477// 6522// 6478//
f 6478// 6522// 6523//
f 6478// 6523// 6479//
f 6479// 6523// 6524//
f 6479// 6524// 6480//
f 6480// 6524// 6525//
f 6480// 6525// 6481//
f 6481// 6525// 6526//
f 6481// 6526// 6482//
f 6482// 6526// 6527//
f 6482// 6527// 6483//
f 6483// 6527// 6528//
f 6483// 6528// 6484//
f 6484// 6528// 6529//
f 6484// 6529// 6485//
f 6485// 6529// 6530//
f 6485// 6530// 6486//
f 6486// 6530// 6531//
f 6486// 6531// 6487//
f 6487// 6531// 6532//
f 6487// 6532// 6488//
f 6488// 6532// 6533//
f 6488// 6533// 6489//
f 6489// 6533// 6490//
f 6533// 6534// 6490//
f 6490// 6534// 6535//
f 6490// 6535// 6491//
f 6491// 6535// 6536//
f 6491// 6536// 6492//
f 6492// 6536// 6537//
f 6492// 6537// 6493//
f 6493// 6537// 6538//
f 6493// 6538// 6494//
f 6494// 6538// 6539//
f 6494// 6539// 6495//
f 6495// 6539// 6540//
f 6495// 6540// 6496//
f 6496// 6540// 6541//
f 6496// 6541// 6497//
f 6497// 6541// 6542//
f 6497// 6542// 6498//
f 6498// 6542// 6543//
f 6498// 6543// 6499//
f 6499// 6543// 6544//
f 6499// 6544// 6500//
f 6500// 6544// 6545//
f 6500// 6545// 6501//
f 6501// 6545// 6546//
f 6501// 6546// 6502//
f 6502// 6546// 6547//
f 6502// 6547// 6503//
f 6503// 6547// 6548//
f 6503// 6548// 6504//
f 6504// 6548// 6549//
f 6504// 6549// 6505//
f 6505// 6549// 6550//
f 6505// 6550// 6506//
f 6506// 6550// 6551//
f 6506// 6551// 6507//
f 6507// 6551// 6552//
f 6507// 6552// 6508//
f 6508// 6552// 6553//
f 6508// 6553// 6509//
f 6509// 6553// 6554//
f 6509// 6554// 6510//
f 6510// 6554// 6555//
f 6510// 6555// 6511//
f 6511// 6555// 6556//
f 6511// 6556// 6512//
f 6512// 6556// 6557//
f 6512// 6557// 6513//
f 6513// 6557// 6558//
f 6513// 6558// 6514//
f 6514// 6558// 6559//
f 6514// 6559// 6515//
f 6515// 6559// 6560//
f 6515// 6560// 6516//
f 6516// 6560// 6561//
f 6516// 6561// 6517//
f 6517// 6561// 6562//
f 6517// 6562// 6518//
f 6518// 6562// 6563//
f 6518// 6563// 6519//
f 6519// 6563// 6564//
f 6519// 6564// 6520//
f 6520// 6564// 6565//
f 6520// 6565// 6521//
f 6521// 6565// 6566//
f 6521// 6566// 6522//
f 6522// 6566// 6567//
f 6522// 6567// 6523//
f 6523// 6567// 6568//
f 6523// 6568// 6524//
f 6524// 6568// 6569//
f 6524// 6569// 6525//
f 6525// 6569// 6570//
f 6525// 6570// 6526//
f 6526// 6570// 6571//
f 6526// 6571// 6527//
f 6527// 6571// 6572//
f 6527// 6572// 6528//
f 6528// 6572// 6573//
f 6528// 6573// 6529//
f 6529// 6573// 6574//
f 6529// 6574// 6530//
f 6530// 6574// 6575//
f 6530// 6575// 6531//
f 6531// 6575// 6576//
f 6531// 6576// 6532//
f 6532// 6576// 6577//
f 6532// 6577// 6533//
f 6533// 6577// 6534//
f 6577// 6242// 6534//
f 6534// 6242// 6245//
f 6534// 6245// 6535//
f 6535// 6245// 6244//
f 6535// 6244// 6536//
f 6536// 6244// 6243//
f 6536// 6243// 6537//
f 6537// 6243// 6248//
f 6537// 6248// 6538//
f 6538// 6248// 6247//
f 6538// 6247// 6539//
f 6539// 6247// 6246//
f 6539// 6246// 6540//
f 6540// 6246// 6251//
f 6540// 6251// 6541//
f 6541// 6251// 6250//
f 6541// 6250// 6542//
f 6542// 6250// 6249//
f 6542// 6249// 6543//
f 6543// 6249// 6254//
f 6543// 6254// 6544//
f 6544// 6254// 6253//
f 6544// 6253// 6545//
f 6545// 6253// 6252//
f 6545// 6252// 6546//
f 6546// 6252// 6257//
f 6546// 6257// 6547//
f 6547// 6257// 6256//
f 6547// 6256// 6548//
f 6548// 6256// 6255//
f 6548// 6255// 6549//
f 6549// 6255// 6260//
f 6549// 6260// 6550//
f 6550// 6260// 6259//
f 6550// 6259// 6551//
f 6551// 6259// 6258//
f 6551// 6258// 6552//
f 6552// 6258// 6263//
f 6552// 6263// 6553//
f 6553// 6263// 6262//
f 6553// 6262// 6554//
f 6554// 6262// 6261//
f 6554// 6261// 6555//
f 6555// 6261// 6266//
f 6555// 6266// 6556//
f 6556// 6266// 6265//
f 6556// 6265// 6557//
f 6557// 6265// 6264//
f 6557// 6264// 6558//
f 6558// 6264// 6269//
f 6558// 6269// 6559//
f 6559// 6269// 6268//
f 6559// 6268// 6560//
f 6560// 6268// 6267//
f 6560// 6267// 6561//
f 6561// 6267// 6272//
f 6561// 6272// 6562//
f 6562// 6272// 6271//
f 6562// 6271// 6563//
f 6563// 6271// 6270//
f 6563// 6270// 6564//
f 6564// 6270// 6275//
f 6564// 6275// 6565//
f 6565// 6275// 6274//
f 6565// 6274// 6566//
f 6566// 6274// 6273//
f 6566// 6273// 6567//
f 6567// 6273// 6278//
f 6567// 6278// 6568//
f 6568// 6278// 6277//
f 6568// 6277// 6569//
f 6569// 6277// 6276//
f 6569// 6276// 6570//
f 6570// 6276// 6281//
f 6570// 6281// 6571//
f 6571// 6281// 6280//
f 6571// 6280// 6572//
f 6572// 6280// 6279//
f 6572// 6279// 6573//
f 6573// 6279// 6283//
f 6573// 6283// 6574//
f 6574// 6283// 6282//
f 6574// 6282// 6575//
f 6575// 6282// 6240//
f 6575// 6240// 6576//
f 6576// 6240// 6239//
f 6576// 6239// 6577//
f 6577// 6239// 6242//
f 6578// 6294// 6579//
f 6579// 6294// 6293//
f 6579// 6293// 6580//
f 6580// 6293// 6284//
f 6580// 6284// 6581//
f 6581// 6284// 6286//
f 6581// 6286// 6582//
f 6582// 6286// 6288//
f 6582// 6288// 6583//
f 6584// 6305// 6585//
f 6585// 6305// 6304//
f 6585// 6304// 6586//
f 6586// 6304// 6302//
f 6586// 6302// 6587//
f 6587// 6302// 6301//
f 6587// 6301// 6588//
f 6588// 6301// 6300//
f 6588// 6300// 6589//
f 6589// 6300// 6298//
f 6589// 6298// 6578//
f 6578// 6298// 6296//
f 6578// 6296// 6294//
f 6590// 6321// 6591//
f 6591// 6321// 6320//
f 6591// 6320// 6592//
f 6592// 6320// 6319//
f 6592// 6319// 6593//
f 6593// 6319// 6317//
f 6593// 6317// 6594//
f 6594// 6317// 6315//
f 6594// 6315// 6595//
f 6595// 6315// 6313//
f 6595// 6313// 6596//
f 6596// 6313// 6312//
f 6596// 6312// 6597//
f 6597// 6312// 6311//
f 6597// 6311// 6598//
f 6598// 6311// 6309//
f 6598// 6309// 6584//
f 6584// 6309// 6307//
f 6584// 6307// 6305//
f 6599// 6332// 6600//
f 6600// 6332// 6331//
f 6600// 6331// 6601//
f 6601// 6331// 6329//
f 6601// 6329// 6602//
f 6602// 6329// 6328//
f 6602// 6328// 6603//
f 6603// 6328// 6326//
f 6603// 6326// 6604//
f 6604// 6326// 6325//
f 6604// 6325// 6590//
f 6590// 6325// 6323//
f 6590// 6323// 6321//
f 6605// 6340// 6606//
f 6606// 6340// 6339//
f 6606// 6339// 6607//
f 6607// 6339// 6338//
f 6607// 6338// 6608//
f 6608// 6338// 6336//
f 6608// 6336// 6599//
f 6599// 6336// 6334//
f 6599// 6334// 6332//
f 6355// 6353// 6609//
f 6609// 6353// 6351//
f 6609// 6351// 6610//
f 6610// 6351// 6350//
f 6610// 6350// 6611//
f 6611// 6350// 6348//
f 6611// 6348// 6612//
f 6612// 6348// 6347//
f 6612// 6347// 6613//
f 6613// 6347// 6346//
f 6613// 6346// 6614//
f 6614// 6346// 6344//
f 6614// 6344// 6605//
f 6605// 6344// 6342//
f 6605// 6342// 6340//
f 6609// 6615// 6355//
f 6355// 6615// 6616//
f 6355// 6616// 6357//
f 6357// 6616// 6617//
f 6357// 6617// 6358//
f 6358// 6617// 6618//
f 6619// 6367// 6620//
f 6620// 6367// 6366//
f 6620// 6366// 6621//
f 6621// 6366// 6365//
f 6621// 6365// 6622//
f 6622// 6365// 6363//
f 6622// 6363// 6623//
f 6623// 6363// 6361//
f 6623// 6361// 6618//
f 6618// 6361// 6359//
f 6618// 6359// 6358//
f 6624// 6378// 6625//
f 6625// 6378// 6377//
f 6625// 6377// 6626//
f 6626// 6377// 6375//
f 6626// 6375// 6627//
f 6627// 6375// 6374//
f 6627// 6374// 6628//
f 6628// 6374// 6372//
f 6628// 6372// 6629//
f 6629// 6372// 6371//
f 6629// 6371// 6619//
f 6619// 6371// 6369//
f 6619// 6369// 6367//
f 6630// 6390// 6631//
f 6631// 6390// 6388//
f 6631// 6388// 6632//
f 6632// 6388// 6386//
f 6632// 6386// 6633//
f 6633// 6386// 6385//
f 6633// 6385// 6634//
f 6634// 6385// 6384//
f 6634// 6384// 6635//
f 6635// 6384// 6382//
f 6635// 6382// 6624//
f 6624// 6382// 6380//
f 6624// 6380// 6378//
f 6288// 6290// 6583//
f 6583// 6290// 6292//
f 6583// 6292// 6636//
f 6636// 6292// 6401//
f 6636// 6401// 6637//
f 6637// 6401// 6400//
f 6637// 6400// 6638//
f 6638// 6400// 6398//
f 6638// 6398// 6639//
f 6639// 6398// 6396//
f 6639// 6396// 6640//
f 6640// 6396// 6394//
f 6640// 6394// 6641//
f 6641// 6394// 6393//
f 6641// 6393// 6630//
f 6630// 6393// 6392//
f 6630// 6392// 6390//
f 6638// 6642// 6643//
f 6644// 6636// 6643//
f 6643// 6636// 6637//
f 6643// 6637// 6638//
f 6645// 6582// 6644//
f 6644// 6582// 6583//
f 6644// 6583// 6636//
f 6646// 6580// 6645//
f 6645// 6580// 6581//
f 6645// 6581// 6582//
f 6647// 6578// 6646//
f 6646// 6578// 6579//
f 6646// 6579// 6580//
f 6648// 6588// 6647//
f 6647// 6588// 6589//
f 6647// 6589// 6578//
f 6649// 6586// 6648//
f 6648// 6586// 6587//
f 6648// 6587// 6588//
f 6650// 6584// 6649//
f 6649// 6584// 6585//
f 6649// 6585// 6586//
f 6651// 6597// 6650//
f 6650// 6597// 6598//
f 6650// 6598// 6584//
f 6652// 6594// 6653//
f 6653// 6594// 6595//
f 6653// 6595// 6651//
f 6651// 6595// 6596//
f 6651// 6596// 6597//
f 6654// 6592// 6652//
f 6652// 6592// 6593//
f 6652// 6593// 6594//
f 6655// 6590// 6654//
f 6654// 6590// 6591//
f 6654// 6591// 6592//
f 6656// 6603// 6655//
f 6655// 6603// 6604//
f 6655// 6604// 6590//
f 6657// 6601// 6656//
f 6656// 6601// 6602//
f 6656// 6602// 6603//
f 6658// 6599// 6657//
f 6657// 6599// 6600//
f 6657// 6600// 6601//
f 6659// 6607// 6658//
f 6658// 6607// 6608//
f 6658// 6608// 6599//
f 6660// 6605// 6659//
f 6659// 6605// 6606//
f 6659// 6606// 6607//
f 6661// 6613// 6660//
f 6660// 6613// 6614//
f 6660// 6614// 6605//
f 6662// 6611// 6661//
f 6661// 6611// 6612//
f 6661// 6612// 6613//
f 6663// 6615// 6664//
f 6664// 6615// 6609//
f 6664// 6609// 6662//
f 6662// 6609// 6610//
f 6662// 6610// 6611//
f 6665// 6617// 6663//
f 6663// 6617// 6616//
f 6663// 6616// 6615//
f 6666// 6623// 6665//
f 6665// 6623// 6618//
f 6665// 6618// 6617//
f 6667// 6621// 6666//
f 6666// 6621// 6622//
f 6666// 6622// 6623//
f 6668// 6619// 6667//
f 6667// 6619// 6620//
f 6667// 6620// 6621//
f 6669// 6628// 6668//
f 6668// 6628// 6629//
f 6668// 6629// 6619//
f 6670// 6626// 6669//
f 6669// 6626// 6627//
f 6669// 6627// 6628//
f 6671// 6624// 6670//
f 6670// 6624// 6625//
f 6670// 6625// 6626//
f 6672// 6634// 6671//
f 6671// 6634// 6635//
f 6671// 6635// 6624//
f 6673// 6632// 6672//
f 6672// 6632// 6633//
f 6672// 6633// 6634//
f 6638// 6639// 6642//
f 6642// 6639// 6640//
f 6642// 6640// 6674//
f 6674// 6640// 6641//
f 6674// 6641// 6675//
f 6675// 6641// 6630//
f 6675// 6630// 6673//
f 6673// 6630// 6631//
f 6673// 6631// 6632//
f 6676// 6675// 6677//
f 6677// 6675// 6673//
f 6677// 6673// 6678//
f 6678// 6673// 6672//
f 6678// 6672// 6679//
f 6679// 6672// 6671//
f 6679// 6671// 6680//
f 6680// 6671// 6670//
f 6680// 6670// 6681//
f 6681// 6670// 6669//
f 6681// 6669// 6682//
f 6682// 6669// 6668//
f 6682// 6668// 6683//
f 6683// 6668// 6667//
f 6683// 6667// 6684//
f 6684// 6667// 6666//
f 6684// 6666// 6685//
f 6685// 6666// 6665//
f 6685// 6665// 6686//
f 6686// 6665// 6663//
f 6686// 6663// 6687//
f 6687// 6663// 6664//
f 6687// 6664// 6688//
f 6688// 6664// 6662//
f 6688// 6662// 6689//
f 6689// 6662// 6661//
f 6689// 6661// 6690//
f 6690// 6661// 6660//
f 6690// 6660// 6691//
f 6691// 6660// 6659//
f 6691// 6659// 6692//
f 6692// 6659// 6658//
f 6692// 6658// 6693//
f 6693// 6658// 6657//
f 6693// 6657// 6694//
f 6694// 6657// 6656//
f 6694// 6656// 6695//
f 6695// 6656// 6655//
f 6695// 6655// 6696//
f 6696// 6655// 6654//
f 6696// 6654// 6697//
f 6697// 6654// 6652//
f 6697// 6652// 6698//
f 6698// 6652// 6653//
f 6698// 6653// 6699//
f 6699// 6653// 6651//
f 6699// 6651// 6700//
f 6700// 6651// 6650//
f 6700// 6650// 6701//
f 6701// 6650// 6649//
f 6701// 6649// 6702//
f 6702// 6649// 6648//
f 6702// 6648// 6703//
f 6703// 6648// 6647//
f 6703// 6647// 6704//
f 6704// 6647// 6646//
f 6704// 6646// 6705//
f 6705// 6646// 6645//
f 6705// 6645// 6706//
f 6706// 6645// 6644//
f 6706// 6644// 6707//
f 6707// 6644// 6643//
f 6707// 6643// 6708//
f 6708// 6643// 6642//
f 6708// 6642// 6709//
f 6709// 6642// 6674//
f 6709// 6674// 6676//
f 6676// 6674// 6675//
f 6710// 6692// 6693//
f 6694// 6711// 6693//
f 6693// 6711// 6712//
f 6693// 6712// 6710//
f 6695// 6713// 6694//
f 6694// 6713// 6714//
f 6694// 6714// 6711//
f 6697// 6715// 6696//
f 6696// 6715// 6716//
f 6696// 6716// 6695//
f 6695// 6716// 6717//
f 6695// 6717// 6713//
f 6701// 6718// 6700//
f 6700// 6718// 6719//
f 6700// 6719// 6699//
f 6680// 6720// 6679//
f 6679// 6720// 6721//
f 6679// 6721// 6678//
f 6681// 6722// 6680//
f 6680// 6722// 6723//
f 6680// 6723// 6720//
f 6724// 6688// 6689//
f 6698// 6725// 6697//
f 6697// 6725// 6726//
f 6697// 6726// 6715//
f 6719// 6727// 6699//
f 6699// 6727// 6728//
f 6699// 6728// 6698//
f 6698// 6728// 6729//
f 6698// 6729// 6725//
f 6709// 6730// 6708//
f 6708// 6730// 6731//
f 6708// 6731// 6707//
f 6676// 6732// 6709//
f 6709// 6732// 6733//
f 6709// 6733// 6730//
f 6710// 6734// 6692//
f 6692// 6734// 6735//
f 6692// 6735// 6691//
f 6691// 6735// 6736//
f 6691// 6736// 6690//
f 6702// 6737// 6701//
f 6701// 6737// 6738//
f 6701// 6738// 6718//
f 6677// 6739// 6676//
f 6676// 6739// 6740//
f 6676// 6740// 6732//
f 6721// 6741// 6678//
f 6678// 6741// 6742//
f 6678// 6742// 6677//
f 6677// 6742// 6743//
f 6677// 6743// 6739//
f 6682// 6744// 6681//
f 6681// 6744// 6745//
f 6681// 6745// 6722//
f 6684// 6746// 6683//
f 6683// 6746// 6747//
f 6683// 6747// 6682//
f 6682// 6747// 6748//
f 6682// 6748// 6744//
f 6724// 6749// 6688//
f 6688// 6749// 6750//
f 6688// 6750// 6687//
f 6687// 6750// 6751//
f 6687// 6751// 6686//
f 6703// 6752// 6702//
f 6702// 6752// 6753//
f 6702// 6753// 6737//
f 6705// 6754// 6704//
f 6704// 6754// 6755//
f 6704// 6755// 6703//
f 6703// 6755// 6756//
f 6703// 6756// 6752//
f 6685// 6757// 6684//
f 6684// 6757// 6758//
f 6684// 6758// 6746//
f 6736// 6759// 6690//
f 6690// 6759// 6760//
f 6690// 6760// 6689//
f 6689// 6760// 6761//
f 6689// 6761// 6724//
f 6706// 6762// 6705//
f 6705// 6762// 6763//
f 6705// 6763// 6754//
f 6751// 6764// 6686//
f 6686// 6764// 6765//
f 6686// 6765// 6685//
f 6685// 6765// 6766//
f 6685// 6766// 6757//
f 6731// 6767// 6707//
f 6707// 6767// 6768//
f 6707// 6768// 6706//
f 6706// 6768// 6769//
f 6706// 6769// 6762//
f 6770// 6771// 6772//
f 6770// 6773// 6771//
f 6771// 6773// 6774//
f 6771// 6774// 6775//
f 6775// 6774// 6776//
f 6775// 6776// 6777//
f 6777// 6776// 6778//
f 6777// 6778// 6779//
f 6779// 6778// 6780//
f 6780// 6781// 6779//
f 6779// 6781// 6782//
f 6779// 6782// 6783//
f 6782// 6784// 6783//
f 6783// 6784// 6785//
f 6783// 6785// 6786//
f 6786// 6785// 6787//
f 6786// 6787// 6788//
f 6787// 6789// 6788//
f 6788// 6789// 6790//
f 6788// 6790// 6791//
f 6790// 6792// 6791//
f 6791// 6792// 6793//
f 6791// 6793// 6794//
f 6794// 6793// 6795//
f 6794// 6795// 6796//
f 6796// 6795// 6797//
f 6796// 6797// 6798//
f 6798// 6797// 6799//
f 6799// 6800// 6798//
f 6798// 6800// 6801//
f 6798// 6801// 6802//
f 6801// 6803// 6802//
f 6802// 6803// 6804//
f 6802// 6804// 6805//
f 6805// 6804// 6806//
f 6805// 6806// 6807//
f 6806// 6808// 6807//
f 6807// 6808// 6809//
f 6807// 6809// 6810//
f 6809// 6811// 6810//
f 6810// 6811// 6812//
f 6810// 6812// 6813//
f 6813// 6812// 6814//
f 6813// 6814// 6815//
f 6815// 6814// 6816//
f 6815// 6816// 6817//
f 6817// 6816// 6818//
f 6818// 6819// 6817//
f 6817// 6819// 6820//
f 6817// 6820// 6821//
f 6820// 6822// 6821//
f 6821// 6822// 6823//
f 6821// 6823// 6824//
f 6824// 6823// 6825//
f 6824// 6825// 6826//
f 6826// 6825// 6827//
f 6826// 6827// 6828//
f 6828// 6827// 6829//
f 6829// 6830// 6828//
f 6828// 6830// 6831//
f 6828// 6831// 6832//
f 6832// 6831// 6833//
f 6832// 6833// 6834//
f 6834// 6833// 6835//
f 6834// 6835// 6836//
f 6836// 6835// 6837//
f 6837// 6838// 6836//
f 6836// 6838// 6839//
f 6836// 6839// 6840//
f 6839// 6841// 6840//
f 6840// 6841// 6842//
f 6840// 6842// 6843//
f 6843// 6842// 6844//
f 6843// 6844// 6845//
f 6845// 6844// 6846//
f 6845// 6846// 6847//
f 6847// 6846// 6848//
f 6848// 6849// 6847//
f 6847// 6849// 6850//
f 6847// 6850// 6851//
f 6851// 6850// 6852//
f 6851// 6852// 6853//
f 6852// 6854// 6853//
f 6853// 6854// 6855//
f 6853// 6855// 6856//
f 6855// 6857// 6856//
f 6856// 6857// 6858//
f 6856// 6858// 6859//
f 6858// 6860// 6859//
f 6859// 6860// 6861//
f 6859// 6861// 6862//
f 6862// 6861// 6863//
f 6862// 6863// 6864//
f 6864// 6863// 6865//
f 6864// 6865// 6866//
f 6866// 6865// 6867//
f 6867// 6868// 6866//
f 6866// 6868// 6869//
f 6866// 6869// 6870//
f 6870// 6869// 6871//
f 6870// 6871// 6872//
f 6871// 6873// 6872//
f 6872// 6873// 6874//
f 6872// 6874// 6875//
f 6874// 6876// 6875//
f 6875// 6876// 6877//
f 6875// 6877// 6878//
f 6877// 6879// 6878//
f 6878// 6879// 6880//
f 6878// 6880// 6881//
f 6881// 6880// 6882//
f 6881// 6882// 6883//
f 6883// 6882// 6884//
f 6883// 6884// 6885//
f 6885// 6884// 6886//
f 6886// 6887// 6885//
f 6885// 6887// 6888//
f 6885// 6888// 6889//
f 6889// 6888// 6890//
f 6889// 6890// 6891//
f 6890// 6892// 6891//
f 6891// 6892// 6893//
f 6891// 6893// 6894//
f 6893// 6895// 6894//
f 6894// 6895// 6896//
f 6894// 6896// 6897//
f 6896// 6898// 6897//
f 6897// 6898// 6899//
f 6897// 6899// 6900//
f 6900// 6899// 6901//
f 6900// 6901// 6902//
f 6902// 6901// 6903//
f 6902// 6903// 6904//
f 6904// 6903// 6905//
f 6905// 6906// 6904//
f 6904// 6906// 6907//
f 6904// 6907// 6908//
f 6908// 6907// 6909//
f 6908// 6909// 6910//
f 6909// 6911// 6910//
f 6910// 6911// 6912//
f 6910// 6912// 6913//
f 6912// 6914// 6913//
f 6913// 6914// 6915//
f 6913// 6915// 6916//
f 6915// 6917// 6916//
f 6916// 6917// 6918//
f 6916// 6918// 6919//
f 6919// 6918// 6920//
f 6919// 6920// 6921//
f 6921// 6920// 6922//
f 6921// 6922// 6923//
f 6923// 6922// 6924//
f 6924// 6925// 6923//
f 6923// 6925// 6926//
f 6923// 6926// 6927//
f 6927// 6926// 6928//
f 6927// 6928// 6929//
f 6929// 6928// 6930//
f 6929// 6930// 6772//
f 6772// 6930// 6931//
f 6772// 6931// 6770//
f 6927// 6932// 6923//
f 6923// 6932// 6933//
f 6923// 6933// 6921//
f 6921// 6933// 6934//
f 6921// 6934// 6919//
f 6919// 6934// 6935//
f 6919// 6935// 6916//
f 6916// 6935// 6936//
f 6916// 6936// 6913//
f 6913// 6936// 6937//
f 6913// 6937// 6910//
f 6910// 6937// 6938//
f 6910// 6938// 6908//
f 6908// 6938// 6939//
f 6908// 6939// 6904//
f 6904// 6939// 6940//
f 6904// 6940// 6902//
f 6902// 6940// 6941//
f 6902// 6941// 6900//
f 6900// 6941// 6942//
f 6900// 6942// 6897//
f 6897// 6942// 6943//
f 6897// 6943// 6894//
f 6894// 6943// 6944//
f 6894// 6944// 6891//
f 6891// 6944// 6945//
f 6891// 6945// 6889//
f 6889// 6945// 6946//
f 6889// 6946// 6885//
f 6885// 6946// 6947//
f 6885// 6947// 6883//
f 6883// 6947// 6948//
f 6883// 6948// 6881//
f 6881// 6948// 6949//
f 6881// 6949// 6878//
f 6878// 6949// 6950//
f 6878// 6950// 6875//
f 6875// 6950// 6951//
f 6875// 6951// 6872//
f 6872// 6951// 6952//
f 6872// 6952// 6870//
f 6870// 6952// 6953//
f 6870// 6953// 6866//
f 6866// 6953// 6954//
f 6866// 6954// 6864//
f 6864// 6954// 6955//
f 6864// 6955// 6862//
f 6862// 6955// 6956//
f 6862// 6956// 6859//
f 6859// 6956// 6957//
f 6859// 6957// 6856//
f 6856// 6957// 6958//
f 6856// 6958// 6853//
f 6853// 6958// 6959//
f 6853// 6959// 6851//
f 6851// 6959// 6960//
f 6851// 6960// 6847//
f 6847// 6960// 6961//
f 6847// 6961// 6845//
f 6845// 6961// 6962//
f 6845// 6962// 6843//
f 6843// 6962// 6963//
f 6843// 6963// 6840//
f 6840// 6963// 6964//
f 6840// 6964// 6836//
f 6836// 6964// 6965//
f 6836// 6965// 6834//
f 6834// 6965// 6966//
f 6834// 6966// 6832//
f 6832// 6966// 6967//
f 6832// 6967// 6828//
f 6828// 6967// 6968//
f 6828// 6968// 6826//
f 6826// 6968// 6969//
f 6826// 6969// 6824//
f 6824// 6969// 6970//
f 6824// 6970// 6821//
f 6821// 6970// 6971//
f 6821// 6971// 6817//
f 6817// 6971// 6972//
f 6817// 6972// 6815//
f 6815// 6972// 6973//
f 6815// 6973// 6813//
f 6813// 6973// 6974//
f 6813// 6974// 6810//
f 6810// 6974// 6975//
f 6810// 6975// 6807//
f 6807// 6975// 6976//
f 6807// 6976// 6805//
f 6805// 6976// 6977//
f 6805// 6977// 6802//
f 6802// 6977// 6978//
f 6802// 6978// 6798//
f 6798// 6978// 6979//
f 6798// 6979// 6796//
f 6796// 6979// 6980//
f 6796// 6980// 6794//
f 6794// 6980// 6981//
f 6794// 6981// 6791//
f 6791// 6981// 6982//
f 6791// 6982// 6788//
f 6788// 6982// 6983//
f 6788// 6983// 6786//
f 6786// 6983// 6984//
f 6786// 6984// 6783//
f 6783// 6984// 6985//
f 6783// 6985// 6779//
f 6779// 6985// 6986//
f 6779// 6986// 6777//
f 6777// 6986// 6987//
f 6777// 6987// 6775//
f 6775// 6987// 6988//
f 6775// 6988// 6771//
f 6771// 6988// 6989//
f 6771// 6989// 6772//
f 6772// 6989// 6990//
f 6772// 6990// 6929//
f 6929// 6990// 6991//
f 6929// 6991// 6927//
f 6927// 6991// 6932//
f 6991// 6992// 6932//
f 6932// 6992// 6993//
f 6932// 6993// 6933//
f 6933// 6993// 6994//
f 6933// 6994// 6934//
f 6934// 6994// 6995//
f 6934// 6995// 6935//
f 6935// 6995// 6996//
f 6935// 6996// 6936//
f 6936// 6996// 6997//
f 6936// 6997// 6937//
f 6937// 6997// 6998//
f 6937// 6998// 6938//
f 6938// 6998// 6999//
f 6938// 6999// 6939//
f 6939// 6999// 7000//
f 6939// 7000// 6940//
f 6940// 7000// 7001//
f 6940// 7001// 6941//
f 6941// 7001// 7002//
f 6941// 7002// 6942//
f 6942// 7002// 7003//
f 6942// 7003// 6943//
f 6943// 7003// 7004//
f 6943// 7004// 6944//
f 6944// 7004// 7005//
f 6944// 7005// 6945//
f 6945// 7005// 7006//
f 6945// 7006// 6946//
f 6946// 7006// 7007//
f 6946// 7007// 6947//
f 6947// 7007// 7008//
f 6947// 7008// 6948//
f 6948// 7008// 7009//
f 6948// 7009// 6949//
f 6949// 7009// 7010//
f 6949// 7010// 6950//
f 6950// 7010// 7011//
f 6950// 7011// 6951//
f 6951// 7011// 7012//
f 6951// 7012// 6952//
f 6952// 7012// 7013//
f 6952// 7013// 6953//
f 6953// 7013// 7014//
f 6953// 7014// 6954//
f 6954// 7014// 7015//
f 6954// 7015// 6955//
f 6955// 7015// 7016//
f 6955// 7016// 6956//
f 6956// 7016// 7017//
f 6956// 7017// 6957//
f 6957// 7017// 7018//
f 6957// 7018// 6958//
f 6958// 7018// 7019//
f 6958// 7019// 6959//
f 6959// 7019// 7020//
f 6959// 7020// 6960//
f 6960// 7020// 7021//
f 6960// 7021// 6961//
f 6961// 7021// 7022//
f 6961// 7022// 6962//
f 6962// 7022// 7023//
f 6962// 7023// 6963//
f 6963// 7023// 7024//
f 6963// 7024// 6964//
f 6964// 7024// 7025//
f 6964// 7025// 6965//
f 6965// 7025// 7026//
f 6965// 7026// 6966//
f 6966// 7026// 7027//
f 6966// 7027// 6967//
f 6967// 7027// 7028//
f 6967// 7028// 6968//
f 6968// 7028// 7029//
f 6968// 7029// 6969//
f 6969// 7029// 7030//
f 6969// 7030// 6970//
f 6970// 7030// 7031//
f 6970// 7031// 6971//
f 6971// 7031// 7032//
f 6971// 7032// 6972//
f 6972// 7032// 7033//
f 6972// 7033// 6973//
f 6973// 7033// 7034//
f 6973// 7034// 6974//
f 6974// 7034// 7035//
f 6974// 7035// 6975//
f 6975// 7035// 7036//
f 6975// 7036// 6976//
f 6976// 7036// 7037//
f 6976// 7037// 6977//
f 6977// 7037// 7038//
f 6977// 7038// 6978//
f 6978// 7038// 7039//
f 6978// 7039// 6979//
f 6979// 7039// 7040//
f 6979// 7040// 6980//
f 6980// 7040// 7041//
f 6980// 7041// 6981//
f 6981// 7041// 7042//
f 6981// 7042// 6982//
f 6982// 7042// 7043//
f 6982// 7043// 6983//
f 6983// 7043// 7044//
f 6983// 7044// 6984//
f 6984// 7044// 7045//
f 6984// 7045// 6985//
f 6985// 7045// 7046//
f 6985// 7046// 6986//
f 6986// 7046// 7047//
f 6986// 7047// 6987//
f 6987// 7047// 7048//
f 6987// 7048// 6988//
f 6988// 7048// 7049//
f 6988// 7049// 6989//
f 6989// 7049// 7050//
f 6989// 7050// 6990//
f 6990// 7050// 7051//
f 6990// 7051// 6991//
f 6991// 7051// 6992//
f 7051// 7052// 6992//
f 6992// 7052// 7053//
f 6992// 7053// 6993//
f 6993// 7053// 7054//
f 6993// 7054// 6994//
f 6994// 7054// 7055//
f 6994// 7055// 6995//
f 6995// 7055// 7056//
f 6995// 7056// 6996//
f 6996// 7056// 7057//
f 6996// 7057// 6997//
f 6997// 7057// 7058//
f 6997// 7058// 6998//
f 6998// 7058// 7059//
f 6998// 7059// 6999//
f 6999// 7059// 7060//
f 6999// 7060// 7000//
f 7000// 7060// 7061//
f 7000// 7061// 7001//
f 7001// 7061// 7062//
f 7001// 7062// 7002//
f 7002// 7062// 7063//
f 7002// 7063// 7003//
f 7003// 7063// 7064//
f 7003// 7064// 7004//
f 7004// 7064// 7065//
f 7004// 7065// 7005//
f 7005// 7065// 7066//
f 7005// 7066// 7006//
f 7006// 7066// 7067//
f 7006// 7067// 7007//
f 7007// 7067// 7068//
f 7007// 7068// 7008//
f 7008// 7068// 7069//
f 7008// 7069// 7009//
f 7009// 7069// 7070//
f 7009// 7070// 7010//
f 7010// 7070// 7071//
f 7010// 7071// 7011//
f 7011// 7071// 7072//
f 7011// 7072// 7012//
f 7012// 7072// 7073//
f 7012// 7073// 7013//
f 7013// 7073// 7074//
f 7013// 7074// 7014//
f 7014// 7074// 7075//
f 7014// 7075// 7015//
f 7015// 7075// 7076//
f 7015// 7076// 7016//
f 7016// 7076// 7077//
f 7016// 7077// 7017//
f 7017// 7077// 7078//
f 7017// 7078// 7018//
f 7018// 7078// 7079//
f 7018// 7079// 7019//
f 7019// 7079// 7080//
f 7019// 7080// 7020//
f 7020// 7080// 7081//
f 7020// 7081// 7021//
f 7021// 7081// 7082//
f 7021// 7082// 7022//
f 7022// 7082// 7083//
f 7022// 7083// 7023//
f 7023// 7083// 7084//
f 7023// 7084// 7024//
f 7024// 7084// 7085//
f 7024// 7085// 7025//
f 7025// 7085// 7086//
f 7025// 7086// 7026//
f 7026// 7086// 7087//
f 7026// 7087// 7027//
f 7027// 7087// 7088//
f 7027// 7088// 7028//
f 7028// 7088// 7089//
f 7028// 7089// 7029//
f 7029// 7089// 7090//
f 7029// 7090// 7030//
f 7030// 7090// 7091//
f 7030// 7091// 7031//
f 7031// 7091// 7092//
f 7031// 7092// 7032//
f 7032// 7092// 7093//
f 7032// 7093// 7033//
f 7033// 7093// 7094//
f 7033// 7094// 7034//
f 7034// 7094// 7095//
f 7034// 7095// 7035//
f 7035// 7095// 7096//
f 7035// 7096// 7036//
f 7036// 7096// 7097//
f 7036// 7097// 7037//
f 7037// 7097// 7098//
f 7037// 7098// 7038//
f 7038// 7098// 7099//
f 7038// 7099// 7039//
f 7039// 7099// 7100//
f 7039// 7100// 7040//
f 7040// 7100// 7101//
f 7040// 7101// 7041//
f 7041// 7101// 7102//
f 7041// 7102// 7042//
f 7042// 7102// 7103//
f 7042// 7103// 7043//
f 7043// 7103// 7104//
f 7043// 7104// 7044//
f 7044// 7104// 7105//
f 7044// 7105// 7045//
f 7045// 7105// 7106//
f 7045// 7106// 7046//
f 7046// 7106// 7107//
f 7046// 7107// 7047//
f 7047// 7107// 7108//
f 7047// 7108// 7048//
f 7048// 7108// 7109//
f 7048// 7109// 7049//
f 7049// 7109// 7110//
f 7049// 7110// 7050//
f 7050// 7110// 7111//
f 7050// 7111// 7051//
f 7051// 7111// 7052//
f 7111// 7112// 7052//
f 7052// 7112// 7113//
f 7052// 7113// 7053//
f 7053// 7113// 7114//
f 7053// 7114// 7054//
f 7054// 7114// 7115//
f 7054// 7115// 7055//
f 7055// 7115// 7116//
f 7055// 7116// 7056//
f 7056// 7116// 7117//
f 7056// 7117// 7057//
f 7057// 7117// 7118//
f 7057// 7118// 7058//
f 7058// 7118// 7119//
f 7058// 7119// 7059//
f 7059// 7119// 7120//
f 7059// 7120// 7060//
f 7060// 7120// 7121//
f 7060// 7121// 7061//
f 7061// 7121// 7122//
f 7061// 7122// 7062//
f 7062// 7122// 7123//
f 7062// 7123// 7063//
f 7063// 7123// 7124//
f 7063// 7124// 7064//
f 7064// 7124// 7125//
f 7064// 7125// 7065//
f 7065// 7125// 7126//
f 7065// 7126// 7066//
f 7066// 7126// 7127//
f 7066// 7127// 7067//
f 7067// 7127// 7128//
f 7067// 7128// 7068//
f 7068// 7128// 7129//
f 7068// 7129// 7069//
f 7069// 7129// 7130//
f 7069// 7130// 7070//
f 7070// 7130// 7131//
f 7070// 7131// 7071//
f 7071// 7131// 7132//
f 7071// 7132// 7072//
f 7072// 7132// 7133//
f 7072// 7133// 7073//
f 7073// 7133// 7134//
f 7073// 7134// 7074//
f 7074// 7134// 7135//
f 7074// 7135// 7075//
f 7075// 7135// 7136//
f 7075// 7136// 7076//
f 7076// 7136// 7137//
f 7076// 7137// 7077//
f 7077// 7137// 7138//
f 7077// 7138// 7078//
f 7078// 7138// 7139//
f 7078// 7139// 7079//
f 7079// 7139// 7140//
f 7079// 7140// 7080//
f 7080// 7140// 7141//
f 7080// 7141// 7081//
f 7081// 7141// 7142//
f 7081// 7142// 7082//
f 7082// 7142// 7143//
f 7082// 7143// 7083//
f 7083// 7143// 7144//
f 7083// 7144// 7084//
f 7084// 7144// 7145//
f 7084// 7145// 7085//
f 7085// 7145// 7146//
f 7085// 7146// 7086//
f 7086// 7146// 7147//
f 7086// 7147// 7087//
f 7087// 7147// 7148//
f 7087// 7148// 7088//
f 7088// 7148// 7149//
f 7088// 7149// 7089//
f 7089// 7149// 7150//
f 7089// 7150// 7090//
f 7090// 7150// 7151//
f 7090// 7151// 7091//
f 7091// 7151// 7152//
f 7091// 7152// 7092//
f 7092// 7152// 7153//
f 7092// 7153// 7093//
f 7093// 7153// 7154//
f 7093// 7154// 7094//
f 7094// 7154// 7155//
f 7094// 7155// 7095//
f 7095// 7155// 7156//
f 7095// 7156// 7096//
f 7096// 7156// 7157//
f 7096// 7157// 7097//
f 7097// 7157// 7158//
f 7097// 7158// 7098//
f 7098// 7158// 7159//
f 7098// 7159// 7099//
f 7099// 7159// 7160//
f 7099// 7160// 7100//
f 7100// 7160// 7161//
f 7100// 7161// 7101//
f 7101// 7161// 7162//
f 7101// 7162// 7102//
f 7102// 7162// 7163//
f 7102// 7163// 7103//
f 7103// 7163// 7164//
f 7103// 7164// 7104//
f 7104// 7164// 7165//
f 7104// 7165// 7105//
f 7105// 7165// 7166//
f 7105// 7166// 7106//
f 7106// 7166// 7167//
f 7106// 7167// 7107//
f 7107// 7167// 7168//
f 7107// 7168// 7108//
f 7108// 7168// 7169//
f 7108// 7169// 7109//
f 7109// 7169// 7170//
f 7109// 7170// 7110//
f 7110// 7170// 7171//
f 7110// 7171// 7111//
f 7111// 7171// 7112//
f 7171// 7172// 7112//
f 7112// 7172// 7173//
f 7112// 7173// 7113//
f 7113// 7173// 7174//
f 7113// 7174// 7114//
f 7114// 7174// 7175//
f 7114// 7175// 7115//
f 7115// 7175// 7176//
f 7115// 7176// 7116//
f 7116// 7176// 7177//
f 7116// 7177// 7117//
f 7117// 7177// 7178//
f 7117// 7178// 7118//
f 7118// 7178// 7179//
f 7118// 7179// 7119//
f 7119// 7179// 7180//
f 7119// 7180// 7120//
f 7120// 7180// 7181//
f 7120// 7181// 7121//
f 7121// 7181// 7182//
f 7121// 7182// 7122//
f 7122// 7182// 7183//
f 7122// 7183// 7123//
f 7123// 7183// 7184//
f 7123// 7184// 7124//
f 7124// 7184// 7185//
f 7124// 7185// 7125//
f 7125// 7185// 7186//
f 7125// 7186// 7126//
f 7126// 7186// 7187//
f 7126// 7187// 7127//
f 7127// 7187// 7188//
f 7127// 7188// 7128//
f 7128// 7188// 7189//
f 7128// 7189// 7129//
f 7129// 7189// 7190//
f 7129// 7190// 7130//
f 7130// 7190// 7191//
f 7130// 7191// 7131//
f 7131// 7191// 7192//
f 7131// 7192// 7132//
f 7132// 7192// 7193//
f 7132// 7193// 7133//
f 7133// 7193// 7194//
f 7133// 7194// 7134//
f 7134// 7194// 7195//
f 7134// 7195// 7135//
f 7135// 7195// 7196//
f 7135// 7196// 7136//
f 7136// 7196// 7197//
f 7136// 7197// 7137//
f 7137// 7197// 7198//
f 7137// 7198// 7138//
f 7138// 7198// 7199//
f 7138// 7199// 7139//
f 7139// 7199// 7200//
f 7139// 7200// 7140//
f 7140// 7200// 7201//
f 7140// 7201// 7141//
f 7141// 7201// 7202//
f 7141// 7202// 7142//
f 7142// 7202// 7203//
f 7142// 7203// 7143//
f 7143// 7203// 7204//
f 7143// 7204// 7144//
f 7144// 7204// 7205//
f 7144// 7205// 7145//
f 7145// 7205// 7206//
f 7145// 7206// 7146//
f 7146// 7206// 7207//
f 7146// 7207// 7147//
f 7147// 7207// 7208//
f 7147// 7208// 7148//
f 7148// 7208// 7209//
f 7148// 7209// 7149//
f 7149// 7209// 7210//
f 7149// 7210// 7150//
f 7150// 7210// 7211//
f 7150// 7211// 7151//
f 7151// 7211// 7212//
f 7151// 7212// 7152//
f 7152// 7212// 7213//
f 7152// 7213// 7153//
f 7153// 7213// 7214//
f 7153// 7214// 7154//
f 7154// 7214// 7215//
f 7154// 7215// 7155//
f 7155// 7215// 7216//
f 7155// 7216// 7156//
f 7156// 7216// 7217//
f 7156// 7217// 7157//
f 7157// 7217// 7218//
f 7157// 7218// 7158//
f 7158// 7218// 7219//
f 7158// 7219// 7159//
f 7159// 7219// 7220//
f 7159// 7220// 7160//
f 7160// 7220// 7221//
f 7160// 7221// 7161//
f 7161// 7221// 7222//
f 7161// 7222// 7162//
f 7162// 7222// 7223//
f 7162// 7223// 7163//
f 7163// 7223// 7224//
f 7163// 7224// 7164//
f 7164// 7224// 7225//
f 7164// 7225// 7165//
f 7165// 7225// 7226//
f 7165// 7226// 7166//
f 7166// 7226// 7227//
f 7166// 7227// 7167//
f 7167// 7227// 7228//
f 7167// 7228// 7168//
f 7168// 7228// 7229//
f 7168// 7229// 7169//
f 7169// 7229// 7230//
f 7169// 7230// 7170//
f 7170// 7230// 7231//
f 7170// 7231// 7171//
f 7171// 7231// 7172//
f 7231// 7232// 7172//
f 7172// 7232// 7233//
f 7172// 7233// 7173//
f 7173// 7233// 7234//
f 7173// 7234// 7174//
f 7174// 7234// 7235//
f 7174// 7235// 7175//
f 7175// 7235// 7236//
f 7175// 7236// 7176//
f 7176// 7236// 7237//
f 7176// 7237// 7177//
f 7177// 7237// 7238//
f 7177// 7238// 7178//
f 7178// 7238// 7239//
f 7178// 7239// 7179//
f 7179// 7239// 7240//
f 7179// 7240// 7180//
f 7180// 7240// 7241//
f 7180// 7241// 7181//
f 7181// 7241// 7242//
f 7181// 7242// 7182//
f 7182// 7242// 7243//
f 7182// 7243// 7183//
f 7183// 7243// 7244//
f 7183// 7244// 7184//
f 7184// 7244// 7245//
f 7184// 7245// 7185//
f 7185// 7245// 7246//
f 7185// 7246// 7186//
f 7186// 7246// 7247//
f 7186// 7247// 7187//
f 7187// 7247// 7248//
f 7187// 7248// 7188//
f 7188// 7248// 7249//
f 7188// 7249// 7189//
f 7189// 7249// 7250//
f 7189// 7250// 7190//
f 7190// 7250// 7251//
f 7190// 7251// 7191//
f 7191// 7251// 7252//
f 7191// 7252// 7192//
f 7192// 7252// 7253//
f 7192// 7253// 7193//
f 7193// 7253// 7254//
f 7193// 7254// 7194//
f 7194// 7254// 7255//
f 7194// 7255// 7195//
f 7195// 7255// 7256//
f 7195// 7256// 7196//
f 7196// 7256// 7257//
f 7196// 7257// 7197//
f 7197// 7257// 7258//
f 7197// 7258// 7198//
f 7198// 7258// 7259//
f 7198// 7259// 7199//
f 7199// 7259// 7260//
f 7199// 7260// 7200//
f 7200// 7260// 7261//
f 7200// 7261// 7201//
f 7201// 7261// 7262//
f 7201// 7262// 7202//
f 7202// 7262// 7263//
f 7202// 7263// 7203//
f 7203// 7263// 7264//
f 7203// 7264// 7204//
f 7204// 7264// 7265//
f 7204// 7265// 7205//
f 7205// 7265// 7266//
f 7205// 7266// 7206//
f 7206// 7266// 7267//
f 7206// 7267// 7207//
f 7207// 7267// 7268//
f 7207// 7268// 7208//
f 7208// 7268// 7269//
f 7208// 7269// 7209//
f 7209// 7269// 7270//
f 7209// 7270// 7210//
f 7210// 7270// 7271//
f 7210// 7271// 7211//
f 7211// 7271// 7272//
f 7211// 7272// 7212//
f 7212// 7272// 7273//
f 7212// 7273// 7213//
f 7213// 7273// 7274//
f 7213// 7274// 7214//
f 7214// 7274// 7275//
f 7214// 7275// 7215//
f 7215// 7275// 7276//
f 7215// 7276// 7216//
f 7216// 7276// 7277//
f 7216// 7277// 7217//
f 7217// 7277// 7278//
f 7217// 7278// 7218//
f 7218// 7278// 7279//
f 7218// 7279// 7219//
f 7219// 7279// 7280//
f 7219// 7280// 7220//
f 7220// 7280// 7281//
f 7220// 7281// 7221//
f 7221// 7281// 7282//
f 7221// 7282// 7222//
f 7222// 7282// 7283//
f 7222// 7283// 7223//
f 7223// 7283// 7284//
f 7223// 7284// 7224//
f 7224// 7284// 7285//
f 7224// 7285// 7225//
f 7225// 7285// 7286//
f 7225// 7286// 7226//
f 7226// 7286// 7287//
f 7226// 7287// 7227//
f 7227// 7287// 7288//
f 7227// 7288// 7228//
f 7228// 7288// 7289//
f 7228// 7289// 7229//
f 7229// 7289// 7290//
f 7229// 7290// 7230//
f 7230// 7290// 7291//
f 7230// 7291// 7231//
f 7231// 7291// 7232//
f 7291// 6739// 7232//
f 7232// 6739// 6743//
f 7232// 6743// 7233//
f 7233// 6743// 6742//
f 7233// 6742// 7234//
f 7234// 6742// 6741//
f 7234// 6741// 7235//
f 7235// 6741// 6721//
f 7235// 6721// 7236//
f 7236// 6721// 6720//
f 7236// 6720// 7237//
f 7237// 6720// 6723//
f 7237// 6723// 7238//
f 7238// 6723// 6722//
f 7238// 6722// 7239//
f 7239// 6722// 6745//
f 7239// 6745// 7240//
f 7240// 6745// 6744//
f 7240// 6744// 7241//
f 7241// 6744// 6748//
f 7241// 6748// 7242//
f 7242// 6748// 6747//
f 7242// 6747// 7243//
f 7243// 6747// 6746//
f 7243// 6746// 7244//
f 7244// 6746// 6758//
f 7244// 6758// 7245//
f 7245// 6758// 6757//
f 7245// 6757// 7246//
f 7246// 6757// 6766//
f 7246// 6766// 7247//
f 7247// 6766// 6765//
f 7247// 6765// 7248//
f 7248// 6765// 6764//
f 7248// 6764// 7249//
f 7249// 6764// 6751//
f 7249// 6751// 7250//
f 7250// 6751// 6750//
f 7250// 6750// 7251//
f 7251// 6750// 6749//
f 7251// 6749// 7252//
f 7252// 6749// 6724//
f 7252// 6724// 7253//
f 7253// 6724// 6761//
f 7253// 6761// 7254//
f 7254// 6761// 6760//
f 7254// 6760// 7255//
f 7255// 6760// 6759//
f 7255// 6759// 7256//
f 7256// 6759// 6736//
f 7256// 6736// 7257//
f 7257// 6736// 6735//
f 7257// 6735// 7258//
f 7258// 6735// 6734//
f 7258// 6734// 7259//
f 7259// 6734// 6710//
f 7259// 6710// 7260//
f 7260// 6710// 6712//
f 7260// 6712// 7261//
f 7261// 6712// 6711//
f 7261// 6711// 7262//
f 7262// 6711// 6714//
f 7262// 6714// 7263//
f 7263// 6714// 6713//
f 7263// 6713// 7264//
f 7264// 6713// 6717//
f 7264// 6717// 7265//
f 7265// 6717// 6716//
f 7265// 6716// 7266//
f 7266// 6716// 6715//
f 7266// 6715// 7267//
f 7267// 6715// 6726//
f 7267// 6726// 7268//
f 7268// 6726// 6725//
f 7268// 6725// 7269//
f 7269// 6725// 6729//
f 7269// 6729// 7270//
f 7270// 6729// 6728//
f 7270// 6728// 7271//
f 7271// 6728// 6727//
f 7271// 6727// 7272//
f 7272// 6727// 6719//
f 7272// 6719// 7273//
f 7273// 6719// 6718//
f 7273// 6718// 7274//
f 7274// 6718// 6738//
f 7274// 6738// 7275//
f 7275// 6738// 6737//
f 7275// 6737// 7276//
f 7276// 6737// 6753//
f 7276// 6753// 7277//
f 7277// 6753// 6752//
f 7277// 6752// 7278//
f 7278// 6752// 6756//
f 7278// 6756// 7279//
f 7279// 6756// 6755//
f 7279// 6755// 7280//
f 7280// 6755// 6754//
f 7280// 6754// 7281//
f 7281// 6754// 6763//
f 7281// 6763// 7282//
f 7282// 6763// 6762//
f 7282// 6762// 7283//
f 7283// 6762// 6769//
f 7283// 6769// 7284//
f 7284// 6769// 6768//
f 7284// 6768// 7285//
f 7285// 6768// 6767//
f 7285// 6767// 7286//
f 7286// 6767// 6731//
f 7286// 6731// 7287//
f 7287// 6731// 6730//
f 7287// 6730// 7288//
f 7288// 6730// 6733//
f 7288// 6733// 7289//
f 7289// 6733// 6732//
f 7289// 6732// 7290//
f 7290// 6732// 6740//
f 7290// 6740// 7291//
f 7291// 6740// 6739//
f 7292// 6016// 6015//
f 6833// 6831// 7292//
f 7292// 6831// 6830//
f 7292// 6830// 7293//
f 7293// 6830// 6829//
f 7293// 6829// 7294//
f 7294// 6829// 6827//
f 7294// 6827// 6825//
f 6825// 6823// 7294//
f 7294// 6823// 6822//
f 7294// 6822// 7295//
f 7296// 7297// 7298//
f 6822// 6820// 7295//
f 7295// 6820// 6819//
f 7295// 6819// 7298//
f 7298// 6819// 6818//
f 7298// 6818// 7296//
f 7299// 6915// 7300//
f 7300// 6915// 6914//
f 7300// 6914// 7301//
f 6909// 7302// 6911//
f 6911// 7302// 7301//
f 6911// 7301// 6912//
f 6912// 7301// 6914//
f 6909// 6907// 7302//
f 7302// 6907// 6906//
f 7302// 6906// 7303//
f 6022// 6021// 7304//
f 6926// 7305// 6928//
f 6928// 7305// 7306//
f 6928// 7306// 6930//
f 6930// 7306// 7307//
f 6930// 7307// 6931//
f 6931// 7307// 7308//
f 6931// 7308// 6770//
f 6770// 7308// 7309//
f 6770// 7309// 6773//
f 6773// 7309// 7310//
f 6773// 7310// 6774//
f 6774// 7310// 7311//
f 6774// 7311// 6776//
f 6776// 7311// 7312//
f 6776// 7312// 6778//
f 6778// 7312// 7313//
f 6778// 7313// 6780//
f 6780// 7313// 7314//
f 6780// 7314// 6781//
f 6781// 7314// 7315//
f 6781// 7315// 6782//
f 6782// 7315// 7316//
f 6782// 7316// 6784//
f 6784// 7316// 7317//
f 6784// 7317// 6785//
f 6785// 7317// 7318//
f 6785// 7318// 6787//
f 6787// 7318// 7319//
f 6787// 7319// 6789//
f 6789// 7319// 7320//
f 6789// 7320// 6790//
f 6790// 7320// 7321//
f 6790// 7321// 6792//
f 6792// 7321// 7322//
f 6792// 7322// 6793//
f 6793// 7322// 7323//
f 6793// 7323// 6795//
f 6795// 7323// 7324//
f 6795// 7324// 6797//
f 6797// 7324// 7325//
f 6797// 7325// 6799//
f 6799// 7325// 7326//
f 6799// 7326// 6800//
f 7326// 7327// 6800//
f 6800// 7327// 7328//
f 6800// 7328// 6801//
f 6801// 7328// 7329//
f 6801// 7329// 6803//
f 6803// 7329// 7330//
f 6803// 7330// 6804//
f 6811// 7331// 6812//
f 6812// 7331// 7332//
f 6812// 7332// 6814//
f 6804// 7330// 6806//
f 6806// 7330// 7333//
f 6806// 7333// 6808//
f 6808// 7333// 7334//
f 6808// 7334// 6809//
f 6809// 7334// 7335//
f 6809// 7335// 6811//
f 6811// 7335// 7336//
f 6811// 7336// 7331//
f 6814// 7332// 6816//
f 6816// 7332// 7337//
f 6816// 7337// 6818//
f 6818// 7337// 7338//
f 6818// 7338// 7296//
f 6887// 5951// 6888//
f 6888// 5951// 5950//
f 6888// 5950// 6890//
f 7292// 6015// 6833//
f 6833// 6015// 6014//
f 6833// 6014// 6835//
f 6835// 6014// 5987//
f 6835// 5987// 6837//
f 6837// 5987// 5986//
f 6837// 5986// 6838//
f 6838// 5986// 5984//
f 6838// 5984// 6839//
f 6839// 5984// 5983//
f 6839// 5983// 6841//
f 6841// 5983// 6095//
f 6841// 6095// 6842//
f 6842// 6095// 5981//
f 6842// 5981// 6844//
f 6844// 5981// 5980//
f 6844// 5980// 6846//
f 6846// 5980// 5978//
f 6846// 5978// 6848//
f 6848// 5978// 5977//
f 6848// 5977// 6849//
f 6849// 5977// 5975//
f 6849// 5975// 6850//
f 6850// 5975// 5974//
f 6850// 5974// 6852//
f 6852// 5974// 6125//
f 6852// 6125// 6854//
f 6854// 6125// 6134//
f 6854// 6134// 6855//
f 6855// 6134// 6135//
f 6855// 6135// 6857//
f 6857// 6135// 5972//
f 6857// 5972// 6858//
f 6858// 5972// 5971//
f 6858// 5971// 6860//
f 6860// 5971// 6136//
f 6860// 6136// 6861//
f 6861// 6136// 5969//
f 6861// 5969// 6863//
f 6863// 5969// 5968//
f 6863// 5968// 6865//
f 6865// 5968// 5966//
f 6865// 5966// 6867//
f 6867// 5966// 5965//
f 6867// 5965// 6868//
f 6868// 5965// 6159//
f 6868// 6159// 6869//
f 6869// 6159// 5963//
f 6869// 5963// 6871//
f 6871// 5963// 5962//
f 6871// 5962// 6873//
f 6873// 5962// 5960//
f 6873// 5960// 6874//
f 6874// 5960// 5959//
f 6874// 5959// 6876//
f 6876// 5959// 5957//
f 6876// 5957// 6877//
f 6877// 5957// 5956//
f 6877// 5956// 6879//
f 6879// 5956// 6189//
f 6879// 6189// 6880//
f 6880// 6189// 6198//
f 6880// 6198// 6882//
f 6882// 6198// 6199//
f 6882// 6199// 6884//
f 6884// 6199// 5954//
f 6884// 5954// 6886//
f 6886// 5954// 5953//
f 6886// 5953// 6887//
f 6887// 5953// 6200//
f 6887// 6200// 5951//
f 6890// 5950// 6892//
f 6892// 5950// 5948//
f 6892// 5948// 6893//
f 6893// 5948// 5947//
f 6893// 5947// 6895//
f 6906// 6905// 7303//
f 7303// 6905// 6903//
f 7303// 6903// 7304//
f 7304// 6903// 6901//
f 7304// 6901// 6022//
f 6022// 6901// 6899//
f 6022// 6899// 6023//
f 6023// 6899// 6898//
f 6023// 6898// 5944//
f 5944// 6898// 6896//
f 5944// 6896// 5945//
f 5945// 6896// 6895//
f 5945// 6895// 6223//
f 6223// 6895// 5947//
f 7299// 7339// 6915//
f 6915// 7339// 7340//
f 6915// 7340// 6917//
f 6917// 7340// 7341//
f 6917// 7341// 6918//
f 6918// 7341// 7342//
f 6918// 7342// 6920//
f 6920// 7342// 7343//
f 6920// 7343// 6922//
f 6922// 7343// 7344//
f 6922// 7344// 6924//
f 6924// 7344// 7345//
f 6924// 7345// 6925//
f 6925// 7345// 7346//
f 6925// 7346// 6926//
f 6926// 7346// 7347//
f 6926// 7347// 7305//
f 7338// 7337// 7348//
f 7335// 7334// 7349//
f 7333// 7330// 7350//
f 7329// 7328// 7351//
f 7326// 7325// 7352//
f 7324// 7323// 7353//
f 7321// 7320// 7354//
f 7316// 7315// 7355//
f 7314// 7313// 7356//
f 7312// 7311// 7357//
f 7309// 7308// 7358//
f 7307// 7306// 7359//
f 7347// 7346// 7360//
f 7342// 7341// 7361//
f 7362// 7363// 7364//
f 7297// 7296// 7365//
f 7365// 7296// 7366//
f 7365// 7366// 7367//
f 7368// 7369// 7366//
f 7366// 7369// 7370//
f 7366// 7370// 7367//
f 7371// 7372// 7368//
f 7368// 7372// 7373//
f 7368// 7373// 7369//
f 7374// 7375// 7371//
f 7371// 7375// 7376//
f 7371// 7376// 7372//
f 7377// 7378// 7374//
f 7374// 7378// 7379//
f 7379// 7380// 7374//
f 7374// 7380// 7381//
f 7374// 7381// 7375//
f 7382// 7383// 7384//
f 7384// 7383// 7385//
f 7384// 7385// 7377//
f 7377// 7385// 7386//
f 7377// 7386// 7378//
f 7387// 7388// 7389//
f 7389// 7390// 7387//
f 7387// 7390// 7391//
f 7387// 7391// 7384//
f 7384// 7391// 7392//
f 7384// 7392// 7382//
f 7393// 7394// 7395//
f 7395// 7394// 7396//
f 7363// 7397// 7364//
f 7364// 7397// 7398//
f 7364// 7398// 7396//
f 7396// 7398// 7399//
f 7396// 7399// 7395//
f 7362// 7364// 7400//
f 7400// 7364// 7401//
f 7400// 7401// 7402//
f 7402// 7401// 7403//
f 7403// 7401// 7404//
f 7403// 7404// 7405//
f 7405// 7404// 7406//
f 7406// 7404// 7407//
f 7406// 7407// 7408//
f 7408// 7407// 7409//
f 7409// 7407// 7410//
f 7409// 7410// 7411//
f 7412// 7413// 7410//
f 7410// 7413// 7414//
f 7410// 7414// 7411//
f 7339// 7299// 7412//
f 7412// 7299// 7415//
f 7415// 7416// 7412//
f 7412// 7416// 7417//
f 7412// 7417// 7413//
f 7394// 7418// 7396//
f 7396// 7418// 7419//
f 7396// 7419// 7364//
f 7364// 7419// 7420//
f 7364// 7420// 7401//
f 7401// 7420// 7421//
f 7401// 7421// 7404//
f 7404// 7421// 7422//
f 7404// 7422// 7407//
f 7407// 7422// 7423//
f 7407// 7423// 7410//
f 7410// 7423// 7424//
f 7410// 7424// 7412//
f 7412// 7424// 7361//
f 7425// 7426// 7427//
f 7427// 7426// 7428//
f 7427// 7428// 7429//
f 7429// 7428// 7430//
f 7429// 7430// 7431//
f 7431// 7430// 7432//
f 7431// 7432// 7433//
f 7433// 7432// 7434//
f 7433// 7434// 7435//
f 7435// 7434// 7436//
f 7435// 7436// 7437//
f 7437// 7436// 7438//
f 7437// 7438// 7439//
f 7439// 7438// 7360//
f 7440// 7441// 7442//
f 7442// 7441// 7443//
f 7442// 7443// 7444//
f 7444// 7443// 7445//
f 7444// 7445// 7446//
f 7446// 7445// 7447//
f 7446// 7447// 7448//
f 7448// 7447// 7449//
f 7448// 7449// 7450//
f 7450// 7449// 7451//
f 7450// 7451// 7452//
f 7452// 7451// 7453//
f 7452// 7453// 7454//
f 7454// 7453// 7354//
f 7455// 7456// 7457//
f 7457// 7456// 7458//
f 7457// 7458// 7459//
f 7459// 7458// 7460//
f 7459// 7460// 7461//
f 7461// 7460// 7462//
f 7461// 7462// 7463//
f 7463// 7462// 7464//
f 7463// 7464// 7465//
f 7465// 7464// 7466//
f 7465// 7466// 7467//
f 7467// 7466// 7468//
f 7467// 7468// 7469//
f 7469// 7468// 7348//
f 7361// 7341// 7412//
f 7412// 7341// 7340//
f 7412// 7340// 7339//
f 7343// 7342// 7470//
f 7470// 7342// 7361//
f 7470// 7361// 7471//
f 7471// 7361// 7424//
f 7471// 7424// 7472//
f 7472// 7424// 7423//
f 7472// 7423// 7473//
f 7473// 7423// 7422//
f 7473// 7422// 7474//
f 7474// 7422// 7421//
f 7474// 7421// 7475//
f 7475// 7421// 7420//
f 7475// 7420// 7476//
f 7476// 7420// 7419//
f 7476// 7419// 7477//
f 7477// 7419// 7418//
f 7477// 7425// 7476//
f 7476// 7425// 7427//
f 7476// 7427// 7475//
f 7475// 7427// 7429//
f 7475// 7429// 7474//
f 7474// 7429// 7431//
f 7474// 7431// 7473//
f 7473// 7431// 7433//
f 7473// 7433// 7472//
f 7472// 7433// 7435//
f 7472// 7435// 7471//
f 7471// 7435// 7437//
f 7471// 7437// 7470//
f 7470// 7437// 7439//
f 7470// 7439// 7343//
f 7343// 7439// 7344//
f 7360// 7346// 7439//
f 7439// 7346// 7345//
f 7439// 7345// 7344//
f 7305// 7347// 7478//
f 7478// 7347// 7360//
f 7478// 7360// 7479//
f 7479// 7360// 7438//
f 7479// 7438// 7480//
f 7480// 7438// 7436//
f 7480// 7436// 7481//
f 7481// 7436// 7434//
f 7481// 7434// 7482//
f 7482// 7434// 7432//
f 7482// 7432// 7483//
f 7483// 7432// 7430//
f 7483// 7430// 7484//
f 7484// 7430// 7428//
f 7484// 7428// 7485//
f 7485// 7428// 7426//
f 7485// 7486// 7484//
f 7484// 7486// 7487//
f 7484// 7487// 7483//
f 7483// 7487// 7488//
f 7483// 7488// 7482//
f 7482// 7488// 7489//
f 7482// 7489// 7481//
f 7481// 7489// 7490//
f 7481// 7490// 7480//
f 7480// 7490// 7491//
f 7480// 7491// 7479//
f 7479// 7491// 7492//
f 7479// 7492// 7478//
f 7478// 7492// 7359//
f 7478// 7359// 7305//
f 7305// 7359// 7306//
f 7308// 7307// 7358//
f 7358// 7307// 7359//
f 7358// 7359// 7493//
f 7493// 7359// 7492//
f 7493// 7492// 7494//
f 7494// 7492// 7491//
f 7494// 7491// 7495//
f 7495// 7491// 7490//
f 7495// 7490// 7496//
f 7496// 7490// 7489//
f 7496// 7489// 7497//
f 7497// 7489// 7488//
f 7497// 7488// 7498//
f 7498// 7488// 7487//
f 7498// 7487// 7499//
f 7499// 7487// 7486//
f 7310// 7309// 7500//
f 7500// 7309// 7358//
f 7500// 7358// 7501//
f 7501// 7358// 7493//
f 7501// 7493// 7502//
f 7502// 7493// 7494//
f 7502// 7494// 7503//
f 7503// 7494// 7495//
f 7503// 7495// 7504//
f 7504// 7495// 7496//
f 7504// 7496// 7505//
f 7505// 7496// 7497//
f 7505// 7497// 7506//
f 7506// 7497// 7498//
f 7506// 7498// 7507//
f 7507// 7498// 7499//
f 7507// 7508// 7506//
f 7506// 7508// 7509//
f 7506// 7509// 7505//
f 7505// 7509// 7510//
f 7505// 7510// 7504//
f 7504// 7510// 7511//
f 7504// 7511// 7503//
f 7503// 7511// 7512//
f 7503// 7512// 7502//
f 7502// 7512// 7513//
f 7502// 7513// 7501//
f 7501// 7513// 7514//
f 7501// 7514// 7500//
f 7500// 7514// 7357//
f 7500// 7357// 7310//
f 7310// 7357// 7311//
f 7313// 7312// 7356//
f 7356// 7312// 7357//
f 7356// 7357// 7515//
f 7515// 7357// 7514//
f 7515// 7514// 7516//
f 7516// 7514// 7513//
f 7516// 7513// 7517//
f 7517// 7513// 7512//
f 7517// 7512// 7518//
f 7518// 7512// 7511//
f 7518// 7511// 7519//
f 7519// 7511// 7510//
f 7519// 7510// 7520//
f 7520// 7510// 7509//
f 7520// 7509// 7521//
f 7521// 7509// 7508//
f 7315// 7314// 7355//
f 7355// 7314// 7356//
f 7355// 7356// 7522//
f 7522// 7356// 7515//
f 7522// 7515// 7523//
f 7523// 7515// 7516//
f 7523// 7516// 7524//
f 7524// 7516// 7517//
f 7524// 7517// 7525//
f 7525// 7517// 7518//
f 7525// 7518// 7526//
f 7526// 7518// 7519//
f 7526// 7519// 7527//
f 7527// 7519// 7520//
f 7527// 7520// 7528//
f 7528// 7520// 7521//
f 7317// 7316// 7529//
f 7529// 7316// 7355//
f 7529// 7355// 7530//
f 7530// 7355// 7522//
f 7530// 7522// 7531//
f 7531// 7522// 7523//
f 7531// 7523// 7532//
f 7532// 7523// 7524//
f 7532// 7524// 7533//
f 7533// 7524// 7525//
f 7533// 7525// 7534//
f 7534// 7525// 7526//
f 7534// 7526// 7535//
f 7535// 7526// 7527//
f 7535// 7527// 7536//
f 7536// 7527// 7528//
f 7536// 7440// 7535//
f 7535// 7440// 7442//
f 7535// 7442// 7534//
f 7534// 7442// 7444//
f 7534// 7444// 7533//
f 7533// 7444// 7446//
f 7533// 7446// 7532//
f 7532// 7446// 7448//
f 7532// 7448// 7531//
f 7531// 7448// 7450//
f 7531// 7450// 7530//
f 7530// 7450// 7452//
f 7530// 7452// 7529//
f 7529// 7452// 7454//
f 7529// 7454// 7317//
f 7317// 7454// 7318//
f 7354// 7320// 7454//
f 7454// 7320// 7319//
f 7454// 7319// 7318//
f 7322// 7321// 7537//
f 7537// 7321// 7354//
f 7537// 7354// 7538//
f 7538// 7354// 7453//
f 7538// 7453// 7539//
f 7539// 7453// 7451//
f 7539// 7451// 7540//
f 7540// 7451// 7449//
f 7540// 7449// 7541//
f 7541// 7449// 7447//
f 7541// 7447// 7542//
f 7542// 7447// 7445//
f 7542// 7445// 7543//
f 7543// 7445// 7443//
f 7543// 7443// 7544//
f 7544// 7443// 7441//
f 7544// 7545// 7543//
f 7543// 7545// 7546//
f 7543// 7546// 7542//
f 7542// 7546// 7547//
f 7542// 7547// 7541//
f 7541// 7547// 7548//
f 7541// 7548// 7540//
f 7540// 7548// 7549//
f 7540// 7549// 7539//
f 7539// 7549// 7550//
f 7539// 7550// 7538//
f 7538// 7550// 7551//
f 7538// 7551// 7537//
f 7537// 7551// 7353//
f 7537// 7353// 7322//
f 7322// 7353// 7323//
f 7325// 7324// 7352//
f 7352// 7324// 7353//
f 7352// 7353// 7552//
f 7552// 7353// 7551//
f 7552// 7551// 7553//
f 7553// 7551// 7550//
f 7553// 7550// 7554//
f 7554// 7550// 7549//
f 7554// 7549// 7555//
f 7555// 7549// 7548//
f 7555// 7548// 7556//
f 7556// 7548// 7547//
f 7556// 7547// 7557//
f 7557// 7547// 7546//
f 7557// 7546// 7558//
f 7558// 7546// 7545//
f 7327// 7326// 7559//
f 7559// 7326// 7352//
f 7559// 7352// 7560//
f 7560// 7352// 7552//
f 7560// 7552// 7561//
f 7561// 7552// 7553//
f 7561// 7553// 7562//
f 7562// 7553// 7554//
f 7562// 7554// 7563//
f 7563// 7554// 7555//
f 7563// 7555// 7564//
f 7564// 7555// 7556//
f 7564// 7556// 7565//
f 7565// 7556// 7557//
f 7565// 7557// 7566//
f 7566// 7557// 7558//
f 7566// 7567// 7565//
f 7565// 7567// 7568//
f 7565// 7568// 7564//
f 7564// 7568// 7569//
f 7564// 7569// 7563//
f 7563// 7569// 7570//
f 7563// 7570// 7562//
f 7562// 7570// 7571//
f 7562// 7571// 7561//
f 7561// 7571// 7572//
f 7561// 7572// 7560//
f 7560// 7572// 7573//
f 7560// 7573// 7559//
f 7559// 7573// 7351//
f 7559// 7351// 7327//
f 7327// 7351// 7328//
f 7330// 7329// 7350//
f 7350// 7329// 7351//
f 7350// 7351// 7574//
f 7574// 7351// 7573//
f 7574// 7573// 7575//
f 7575// 7573// 7572//
f 7575// 7572// 7576//
f 7576// 7572// 7571//
f 7576// 7571// 7577//
f 7577// 7571// 7570//
f 7577// 7570// 7578//
f 7578// 7570// 7569//
f 7578// 7569// 7579//
f 7579// 7569// 7568//
f 7579// 7568// 7580//
f 7580// 7568// 7567//
f 7334// 7333// 7349//
f 7349// 7333// 7350//
f 7349// 7350// 7581//
f 7581// 7350// 7574//
f 7581// 7574// 7582//
f 7582// 7574// 7575//
f 7582// 7575// 7583//
f 7583// 7575// 7576//
f 7583// 7576// 7584//
f 7584// 7576// 7577//
f 7584// 7577// 7585//
f 7585// 7577// 7578//
f 7585// 7578// 7586//
f 7586// 7578// 7579//
f 7586// 7579// 7587//
f 7587// 7579// 7580//
f 7336// 7335// 7588//
f 7588// 7335// 7349//
f 7588// 7349// 7589//
f 7589// 7349// 7581//
f 7589// 7581// 7590//
f 7590// 7581// 7582//
f 7590// 7582// 7591//
f 7591// 7582// 7583//
f 7591// 7583// 7592//
f 7592// 7583// 7584//
f 7592// 7584// 7593//
f 7593// 7584// 7585//
f 7593// 7585// 7594//
f 7594// 7585// 7586//
f 7594// 7586// 7595//
f 7595// 7586// 7587//
f 7595// 7455// 7594//
f 7594// 7455// 7457//
f 7594// 7457// 7593//
f 7593// 7457// 7459//
f 7593// 7459// 7592//
f 7592// 7459// 7461//
f 7592// 7461// 7591//
f 7591// 7461// 7463//
f 7591// 7463// 7590//
f 7590// 7463// 7465//
f 7590// 7465// 7589//
f 7589// 7465// 7467//
f 7589// 7467// 7588//
f 7588// 7467// 7469//
f 7588// 7469// 7336//
f 7336// 7469// 7331//
f 7348// 7337// 7469//
f 7469// 7337// 7332//
f 7469// 7332// 7331//
f 7296// 7338// 7366//
f 7366// 7338// 7348//
f 7366// 7348// 7368//
f 7368// 7348// 7468//
f 7368// 7468// 7371//
f 7371// 7468// 7466//
f 7371// 7466// 7374//
f 7374// 7466// 7464//
f 7374// 7464// 7377//
f 7377// 7464// 7462//
f 7377// 7462// 7384//
f 7384// 7462// 7460//
f 7384// 7460// 7387//
f 7387// 7460// 7458//
f 7387// 7458// 7388//
f 7388// 7458// 7456//
f 7393// 7389// 7388//
f 7536// 7528// 7394//
f 7544// 7441// 7394//
f 7394// 7441// 7440//
f 7394// 7440// 7536//
f 7455// 7595// 7394//
f 7394// 7567// 7566//
f 7393// 7388// 7394//
f 7394// 7388// 7456//
f 7394// 7456// 7455//
f 7566// 7558// 7394//
f 7394// 7558// 7545//
f 7394// 7545// 7544//
f 7485// 7426// 7508//
f 7508// 7426// 7425//
f 7508// 7425// 7477//
f 7528// 7521// 7394//
f 7394// 7521// 7508//
f 7394// 7508// 7418//
f 7418// 7508// 7477//
f 7595// 7587// 7394//
f 7394// 7587// 7580//
f 7394// 7580// 7567//
f 7507// 7499// 7508//
f 7508// 7499// 7486//
f 7508// 7486// 7485//
f 6013// 6012// 6019//
f 7304// 6021// 7292//
f 7292// 6021// 6020//
f 6018// 6017// 6039//
f 6020// 6025// 7292//
f 7292// 6025// 6028//
f 7292// 6028// 6027//
f 6027// 6031// 7292//
f 7292// 6031// 6030//
f 7292// 6030// 6034//
f 6017// 6016// 6039//
f 6039// 6016// 7292//
f 6039// 7292// 6033//
f 6033// 7292// 6034//
f 6037// 6036// 6019//
f 6018// 6039// 6019//
f 6019// 6039// 6038//
f 6019// 6038// 6037//
f 6036// 6044// 6019//
f 6019// 6044// 6043//
f 6019// 6043// 6041//
f 6041// 6040// 6019//
f 6019// 6040// 6050//
f 6019// 6050// 6049//
f 6019// 5992// 5994//
f 5994// 5998// 6019//
f 6019// 5998// 5997//
f 6019// 5997// 5996//
f 5996// 5990// 6019//
f 6019// 5990// 5989//
f 6019// 5989// 5999//
f 5999// 6001// 6019//
f 6019// 6001// 6002//
f 6019// 6002// 6004//
f 6049// 6048// 6019//
f 6019// 6048// 6047//
f 6019// 6047// 5992//
f 6004// 6005// 6019//
f 6019// 6005// 6007//
f 6019// 6007// 6013//
f 6013// 6007// 6008//
f 6013// 6008// 6010//
f 7298// 7297// 7300//
f 7300// 7297// 7365//
f 7416// 7415// 7381//
f 7365// 7367// 7300//
f 7300// 7367// 7370//
f 7300// 7370// 7369//
f 7369// 7373// 7300//
f 7300// 7373// 7372//
f 7300// 7372// 7376//
f 7415// 7299// 7381//
f 7381// 7299// 7300//
f 7381// 7300// 7375//
f 7375// 7300// 7376//
f 7379// 7378// 7417//
f 7416// 7381// 7417//
f 7417// 7381// 7380//
f 7417// 7380// 7379//
f 7378// 7386// 7417//
f 7417// 7386// 7385//
f 7417// 7385// 7383//
f 7383// 7382// 7417//
f 7417// 7382// 7392//
f 7417// 7392// 7391//
f 7393// 7395// 7417//
f 7417// 7395// 7399//
f 7417// 7399// 7413//
f 7402// 7403// 7399//
f 7399// 7403// 7405//
f 7409// 7411// 7399//
f 7399// 7411// 7414//
f 7399// 7414// 7413//
f 7391// 7390// 7417//
f 7417// 7390// 7389//
f 7417// 7389// 7393//
f 7398// 7397// 7399//
f 7399// 7397// 7363//
f 7399// 7363// 7402//
f 7402// 7363// 7362//
f 7402// 7362// 7400//
f 7405// 7406// 7399//
f 7399// 7406// 7408//
f 7399// 7408// 7409//
f 7298// 7300// 7295//
f 7295// 7300// 7301//
f 7295// 7301// 7294//
f 7294// 7301// 7293//
f 7304// 7292// 7303//
f 7303// 7292// 7293//
f 7303// 7293// 7302//
f 7302// 7293// 7301//
