v 12.950001 -2.0 -3.75
v 12.950001 -1.96243 -3.75
v 12.950001 -1.96243 -1.974552
newmtl 1
Ka 0.2235294117647059 0.2235294117647059 0.2235294117647059
Kd 0.2235294117647059 0.2235294117647059 0.2235294117647059
Ks 0.11372549019607843 0.11372549019607843 0.11372549019607843
d 0.0
endmtl
v 12.950001 0.729793 -1.852213
v 12.950001 0.717156 -1.853708
v 12.950001 0.793384 -1.853708
v 12.950001 0.66363 -1.853034
v 12.950001 0.653952 -1.849656
v 12.950001 0.653952 -1.853708
v 12.950001 -0.422742 -1.059541
v 12.950001 -0.372903 -1.093049
v 12.950001 0.083872 -1.059541
v 12.950001 -0.301065 -1.176186
v 12.950001 -0.058374 -1.459198
v 12.950001 0.083872 -1.459198
v 12.950001 -0.077602 -1.411267
v 12.950001 -0.121919 -1.349596
v 12.950001 -0.180792 -1.299877
v 12.950001 -0.255778 -1.264399
v 12.950001 -0.245359 -1.267897
v 12.950001 -0.578488 -0.989654
v 12.950001 -0.469642 -1.028009
v 12.950001 0.083872 1.634869
v 12.950001 -0.875205 -1.032048
v 12.950001 -0.775191 -0.99348
v 12.950001 -1.96243 1.634869
v 12.950001 -0.667885 -0.980262
v 12.950001 -0.919588 -1.059541
v 12.950001 -1.96243 -1.059541
v 12.950001 -0.928162 -1.064852
v 12.950001 -1.375151 -1.327051
v 12.950001 -1.322917 -1.260061
v 12.950001 -1.159021 -1.166528
v 12.950001 -1.073484 -1.15595
v 12.950001 -0.979134 -1.108503
v 12.950001 -1.048541 -1.157305
v 12.950001 -1.023598 -1.160288
v 12.950001 -1.30834 -1.24626
v 12.950001 -1.239362 -1.197745
v 12.950001 -1.26618 -1.80139
v 12.950001 -1.333762 -1.743743
v 12.950001 -1.96243 -1.853708
v 12.950001 -1.187807 -1.839601
v 12.950001 -1.383195 -1.673209
v 12.950001 -1.414317 -1.592471
v 12.950001 -1.96243 -1.459198
v 12.950001 -1.424859 -1.507324
v 12.950001 -1.424256 -1.486679
v 12.950001 -1.419359 -1.459198
v 12.950001 -1.40973 -1.405157
v 12.950001 -1.043889 -1.974552
v 12.950001 -1.063615 -1.966288
v 12.950001 -1.160243 -1.847854
v 12.950001 -1.157504 -1.853708
v 12.950001 -1.13838 -1.894572
v 12.950001 -1.106076 -1.934352
v 12.950001 0.083872 -1.974552
v 12.950001 -0.864422 -1.974552
v 12.950001 0.083872 -3.75
v 12.950001 0.0 -3.75
v 12.950001 -1.8475 -3.75
v 12.950001 -1.013545 -1.987265
v 12.950001 -0.901516 -1.988835
v 12.950001 -0.95419 -1.995345
v 12.950001 -0.962324 -1.995198
v 12.950001 0.083872 -1.853708
v 12.950001 -0.751025 -1.853708
v 12.950001 -0.751355 -1.855084
v 12.950001 -0.777129 -1.903344
v 12.950001 -0.809976 -1.940111
v 12.950001 -0.853155 -1.970214
v 12.950001 -0.474002 -1.725752
v 12.950001 -0.459119 -1.719873
v 12.950001 -0.433635 -1.596253
v 12.950001 -0.121302 -1.754588
v 12.950001 -0.180229 -1.804488
v 12.950001 -0.791517 -1.633125
v 12.950001 -0.500873 -1.481297
v 12.950001 -0.829552 -1.59852
v 12.950001 -0.875601 -1.573884
v 12.950001 -0.487339 -1.735205
v 12.950001 -0.078166 -1.69446
v 12.950001 -0.176645 -1.531196
v 12.950001 -0.186958 -1.489569
v 12.950001 -0.203455 -1.459198
v 12.950001 -1.282801 -1.459198
v 12.950001 -0.051033 -1.477497
v 12.950001 -0.041049 -1.548535
v 12.950001 -0.050957 -1.625773
v 12.950001 -0.442311 -1.717716
v 12.950001 -0.4402 -1.717868
v 12.950001 -0.433693 -1.719309
v 12.950001 -1.26986 -1.589966
v 12.950001 -1.24433 -1.633333
v 12.950001 -1.134219 -1.656078
v 12.950001 -1.205469 -1.673316
v 12.950001 -1.158074 -1.702533
v 12.950001 -1.054075 -1.584186
v 12.950001 -1.098394 -1.615039
v 12.950001 -1.288213 -1.502987
v 12.950001 -1.285536 -1.536941
v 12.950001 -1.006179 -1.565812
v 12.950001 -0.95419 -1.55938
v 12.950001 -0.927973 -1.560925
v 12.950001 -0.509549 -1.784954
v 12.950001 -0.508998 -1.776394
v 12.950001 -0.737292 -1.756757
v 12.950001 -0.504642 -1.759886
v 12.950001 -0.496302 -1.745088
v 12.950001 -0.429297 -1.719885
v 12.950001 -0.331693 -1.719885
v 12.950001 -0.309473 -1.716792
v 12.950001 -0.458867 -1.850223
v 12.950001 -0.473215 -1.844576
v 12.950001 -0.487282 -1.834574
v 12.950001 -0.492324 -1.829443
v 12.950001 -0.501778 -1.815818
v 12.950001 -0.507491 -1.80111
v 12.950001 -0.738526 -1.801576
v 12.950001 -0.737292 -1.778447
v 12.950001 -0.2464 -1.836897
v 12.950001 -0.318679 -1.852192
v 12.950001 -0.446649 -1.852192
v 12.950001 -0.215857 -1.661219
v 12.950001 -0.193143 -1.626653
v 12.950001 -0.179465 -1.58753
v 12.950001 -0.175526 -1.550704
v 12.950001 -0.269401 -1.703027
v 12.950001 -0.234609 -1.680057
v 12.950001 -0.409136 -1.250723
v 12.950001 -0.45817 -1.192376
v 12.950001 -0.956359 -1.318623
v 12.950001 -0.463064 -1.187923
v 12.950001 -0.523982 -1.145592
v 12.950001 -0.923153 -1.249903
v 12.950001 -0.971204 -1.310476
v 12.950001 -1.019817 -1.292547
v 12.950001 -0.308398 -1.385448
v 12.950001 -0.344707 -1.381524
v 12.950001 -0.362059 -1.381524
v 12.950001 -0.375529 -1.320538
v 12.950001 -0.207291 -1.452136
v 12.950001 -0.235901 -1.421263
v 12.950001 -0.270148 -1.398863
v 12.950001 -1.147952 -1.300151
v 12.950001 -1.196212 -1.325926
v 12.950001 -1.094444 -1.287322
v 12.950001 -1.232979 -1.358772
v 12.950001 -1.263082 -1.401952
v 12.950001 -0.874479 -1.191805
v 12.950001 -0.591984 -1.119488
v 12.950001 -0.81654 -1.149472
v 12.950001 -0.665716 -1.110401
v 12.950001 -0.745706 -1.120724
v 12.950001 -1.071315 -1.286088
v 12.950001 -1.281703 -1.450313
v 12.950001 1.217722 -1.816355
v 12.950001 1.217722 -1.851134
v 12.950001 1.246536 -1.853708
v 12.950001 1.150151 -1.853708
v 12.950001 1.093029 -1.71373
v 12.950001 1.093029 -1.816355
v 12.950001 1.150151 -1.71373
v 12.950001 1.150151 -1.816355
v 12.950001 1.202126 -1.71373
v 12.950001 1.202126 -1.678795
v 12.950001 1.093029 -1.581161
v 12.950001 1.093029 -1.678795
v 12.950001 1.150151 -1.581161
v 12.950001 1.150151 -1.678795
v 12.950001 1.210782 -1.581161
v 12.950001 1.150151 -1.851134
v 12.950001 1.053648 -1.851134
v 12.950001 1.033061 -1.853708
v 12.950001 1.053648 -1.54607
v 12.950001 0.424865 -1.747276
v 12.950001 0.430729 -1.685657
v 12.950001 0.417227 -1.758217
v 12.950001 0.411984 -1.77169
v 12.950001 0.527264 -1.839501
v 12.950001 0.513727 -1.848502
v 12.950001 0.546298 -1.851134
v 12.950001 0.499321 -1.853708
v 12.950001 0.584509 -1.851134
v 12.950001 0.395793 -1.853708
v 12.950001 0.415943 -1.823052
v 12.950001 0.411321 -1.810124
v 12.950001 0.636289 -1.804033
v 12.950001 0.584509 -1.710923
v 12.950001 0.636289 -1.843492
v 12.950001 0.395793 -1.974552
v 12.950001 0.456372 -1.853708
v 12.950001 0.455674 -1.853627
v 12.950001 0.441024 -1.848103
v 12.950001 0.469472 -1.63235
v 12.950001 0.395793 -1.459198
v 12.950001 0.440676 -1.642897
v 12.950001 0.430729 -1.648538
v 12.950001 0.43658 -1.737125
v 12.950001 0.452873 -1.728788
v 12.950001 0.455278 -1.669938
v 12.950001 0.481729 -1.721685
v 12.950001 0.515105 -1.660655
v 12.950001 0.502161 -1.659299
v 12.950001 0.479155 -1.661718
v 12.950001 0.546298 -1.817446
v 12.950001 0.545285 -1.817446
v 12.950001 0.539331 -1.826507
v 12.950001 0.428156 -1.839125
v 12.950001 0.423883 -1.834794
v 12.950001 0.651229 -1.813272
v 12.950001 0.653952 -1.814297
v 12.950001 0.653952 -1.73328
v 12.950001 0.581475 -1.681629
v 12.950001 0.638166 -1.706887
v 12.950001 0.638031 -1.678388
v 12.950001 0.642582 -1.666086
v 12.950001 0.567617 -1.652058
v 12.950001 0.505748 -1.628262
v 12.950001 0.528486 -1.630285
v 12.950001 0.544663 -1.635139
v 12.950001 0.40944 -1.792804
v 12.950001 0.409547 -1.78818
v 12.950001 0.575459 -1.664347
v 12.950001 0.636523 -1.692052
v 12.950001 0.546298 -1.712639
v 12.950001 0.544969 -1.695743
v 12.950001 0.541019 -1.682137
v 12.950001 0.536529 -1.674268
v 12.950001 0.653614 -1.733057
v 12.950001 0.647363 -1.726519
v 12.950001 0.64238 -1.718556
v 12.950001 0.530752 -1.668123
v 12.950001 0.523968 -1.663751
v 12.950001 0.670222 -1.853708
v 12.950001 0.653952 -1.974552
v 12.950001 0.6954 -1.856281
v 12.950001 0.793384 -1.974552
v 12.950001 0.772992 -1.637932
v 12.950001 0.772992 -1.675051
v 12.950001 0.649681 -1.655758
v 12.950001 0.653952 -1.651919
v 12.950001 0.653952 -1.459198
v 12.950001 0.66101 -1.645574
v 12.950001 0.672132 -1.63891
v 12.950001 0.781624 -1.807221
v 12.950001 0.776931 -1.81933
v 12.950001 0.769809 -1.829408
v 12.950001 0.69304 -1.631373
v 12.950001 0.721368 -1.628262
v 12.950001 0.793384 -1.459198
v 12.950001 0.742829 -1.629758
v 12.950001 0.770652 -1.755841
v 12.950001 0.777784 -1.766366
v 12.950001 0.781861 -1.777633
v 12.950001 0.783441 -1.791868
v 12.950001 0.758877 -1.838969
v 12.950001 0.749918 -1.844473
v 12.950001 0.717624 -1.659299
v 12.950001 0.706313 -1.660147
v 12.950001 0.675904 -1.68862
v 12.950001 0.696092 -1.662853
v 12.950001 0.687523 -1.667409
v 12.950001 0.676252 -1.693703
v 12.950001 0.677768 -1.699639
v 12.950001 0.680521 -1.704794
v 12.950001 0.684248 -1.708896
v 12.950001 0.69772 -1.717318
v 12.950001 0.742724 -1.662152
v 12.950001 0.721368 -1.727611
v 12.950001 0.764274 -1.670056
v 12.950001 0.736163 -1.733598
v 12.950001 0.761541 -1.747711
v 12.950001 0.681758 -1.672504
v 12.950001 0.678482 -1.677367
v 12.950001 0.676596 -1.682526
v 12.950001 0.675186 -1.822288
v 12.950001 0.694386 -1.755373
v 12.950001 0.67161 -1.744933
v 12.950001 0.699143 -1.825089
v 12.950001 0.70083 -1.825078
v 12.950001 0.719476 -1.765881
v 12.950001 0.720418 -1.822883
v 12.950001 0.744216 -1.795611
v 12.950001 0.743842 -1.790858
v 12.950001 0.730278 -1.819274
v 12.950001 0.733762 -1.81716
v 12.950001 0.738147 -1.813268
v 12.950001 0.741483 -1.808335
v 12.950001 0.743425 -1.802901
v 12.950001 0.742106 -1.784891
v 12.950001 0.739152 -1.779826
v 12.950001 0.73439 -1.774868
v 12.950001 1.358479 -1.283738
v 12.950001 1.246536 -1.283738
v 12.950001 1.389594 -1.367179
v 12.950001 1.246536 -1.459198
v 12.950001 1.316915 -1.062114
v 12.950001 1.433108 -1.367179
v 12.950001 2.5 -1.459198
v 12.950001 2.5 -1.059541
v 12.950001 1.246536 -1.059541
v 12.950001 1.274805 -1.062114
v 12.950001 1.246536 -1.136333
v 12.950001 1.158612 -1.367179
v 12.950001 1.150151 -1.459198
v 12.950001 1.202126 -1.367179
v 12.950001 1.231447 -1.283738
v 12.950001 0.977226 -1.367179
v 12.950001 0.893318 -1.367179
v 12.950001 0.864503 -1.459198
v 12.950001 0.980345 -1.062114
v 12.950001 1.033061 -1.059541
v 12.950001 0.864503 -1.059541
v 12.950001 0.893318 -1.062114
v 12.950001 1.140649 -1.231416
v 12.950001 1.133033 -1.266936
v 12.950001 1.117773 -1.298352
v 12.950001 1.09568 -1.324445
v 12.950001 1.09568 -1.102509
v 12.950001 1.108723 -1.115586
v 12.950001 1.150151 -1.059541
v 12.950001 1.092592 -1.327246
v 12.950001 1.063154 -1.347644
v 12.950001 1.033061 -1.459198
v 12.950001 1.033061 -1.359223
v 12.950001 1.028223 -1.361084
v 12.950001 1.029916 -1.067992
v 12.950001 1.033061 -1.069208
v 12.950001 1.066334 -1.082067
v 12.950001 1.12702 -1.142925
v 12.950001 1.137598 -1.172755
v 12.950001 1.14169 -1.210747
v 12.950001 0.828749 -1.097206
v 12.950001 0.828749 -1.062114
v 12.950001 0.793384 -1.059541
v 12.950001 0.793384 -1.062114
v 12.950001 0.710996 -1.229775
v 12.950001 0.710996 -1.332399
v 12.950001 0.793384 -1.229775
v 12.950001 0.793384 -1.332399
v 12.950001 0.820093 -1.229775
v 12.950001 0.835689 -1.332399
v 12.950001 0.710996 -1.097206
v 12.950001 0.710996 -1.194839
v 12.950001 0.793384 -1.097206
v 12.950001 0.793384 -1.194839
v 12.950001 0.820093 -1.194839
v 12.950001 0.671615 -1.062114
v 12.950001 0.653952 -1.059541
v 12.950001 0.671615 -1.367179
v 12.950001 0.835689 -1.367179
v 12.950001 0.793384 -1.367179
v 12.950001 2.0 -4.25
v 12.950001 2.5 -4.25
v 12.950001 2.0 -3.75
v 12.950001 2.5 -1.974552
v 12.950001 1.246536 -3.75
v 12.950001 1.246536 -1.974552
v 12.950001 1.150151 -3.75
v 12.950001 1.150151 -1.974552
v 12.950001 1.033061 -3.75
v 12.950001 1.033061 -1.974552
v 12.950001 0.864503 -3.75
v 12.950001 0.864503 -1.974552
v 12.950001 0.793384 -3.75
v 12.950001 0.653952 -3.75
v 12.950001 0.395793 -3.75
v 12.950001 0.377507 -3.75
v 12.950001 0.377507 -1.974552
v 12.950001 -2.5 -1.974552
v 12.950001 -2.5 -4.25
v 12.950001 -2.0 -4.25
v 12.950001 0.569592 -1.059541
v 12.950001 0.580524 -1.060522
v 12.950001 0.610555 -1.069444
v 12.950001 0.610555 -1.110619
v 12.950001 0.546415 -1.336674
v 12.950001 0.580859 -1.330182
v 12.950001 0.423497 -1.220926
v 12.950001 0.610555 -1.316803
v 12.950001 0.423477 -1.218078
v 12.950001 0.446212 -1.351314
v 12.950001 0.421293 -1.330684
v 12.950001 0.451457 -1.130957
v 12.950001 0.437245 -1.152687
v 12.950001 0.427577 -1.179903
v 12.950001 0.610555 -1.354546
v 12.950001 0.605351 -1.357139
v 12.950001 0.572598 -1.367881
v 12.950001 0.526101 -1.372326
v 12.950001 0.508218 -1.371507
v 12.950001 0.475064 -1.364794
v 12.950001 0.414488 -1.322881
v 12.950001 0.397474 -1.295744
v 12.950001 0.395793 -1.290701
v 12.950001 0.574641 -1.096626
v 12.950001 0.538656 -1.092527
v 12.950001 0.525145 -1.09315
v 12.950001 0.498841 -1.098585
v 12.950001 0.428294 -1.258377
v 12.950001 0.437894 -1.283234
v 12.950001 0.453422 -1.305106
v 12.950001 0.481098 -1.326035
v 12.950001 0.503199 -1.334055
v 12.950001 0.531794 -1.337234
v 12.950001 0.605756 -1.108063
v 12.950001 0.475018 -1.110044
v 12.950001 0.455527 -1.126371
v 12.950001 0.460796 -1.31227
v 12.950001 0.557395 -1.642357
v 12.950001 0.395793 1.634869
v 12.950001 0.538266 -1.056967
v 12.950001 0.653952 1.634869
v 12.950001 0.541068 -1.05698
v 12.950001 0.390129 -1.162901
v 12.950001 0.395793 -1.150075
v 12.950001 0.395793 -1.059541
v 12.950001 0.404981 -1.129272
v 12.950001 0.513855 -1.059541
v 12.950001 0.499383 -1.061066
v 12.950001 0.46668 -1.072455
v 12.950001 0.426206 -1.101885
v 12.950001 0.436356 -1.09241
v 12.950001 0.382844 -1.202317
v 12.950001 0.377507 -1.059541
v 12.950001 0.382147 -1.220417
v 12.950001 0.377507 -1.459198
v 12.950001 0.386274 -1.262141
v 12.950001 0.498234 -1.854101
v 12.950001 0.478532 -1.856281
v 12.950001 0.972859 -1.633253
v 12.950001 1.012474 -1.633253
v 12.950001 1.150151 -1.54607
v 12.950001 1.210782 -1.54607
v 12.950001 0.902987 -1.797015
v 12.950001 0.907666 -1.814951
v 12.950001 0.90868 -1.814951
v 12.950001 0.864503 -1.686307
v 12.950001 0.913359 -1.797327
v 12.950001 0.910435 -1.807484
v 12.950001 0.864503 -1.788874
v 12.950001 0.803326 -1.633253
v 12.950001 0.846061 -1.633253
v 12.950001 0.887507 -1.853708
v 12.950001 0.888795 -1.850667
v 12.950001 0.864503 -1.904053
v 12.950001 0.864554 -1.903996
v 12.950001 0.864503 -1.853708
v 12.950001 0.872028 -1.890281
v 12.950001 0.811203 -1.916639
v 12.950001 0.811203 -1.950639
v 12.950001 0.81902 -1.919201
v 12.950001 0.832882 -1.921006
v 12.950001 0.842056 -1.919978
v 12.950001 0.864503 -1.946947
v 12.950001 0.851282 -1.951983
v 12.950001 0.835845 -1.953758
v 12.950001 0.82741 -1.953456
v 12.950001 0.850425 -1.91684
v 12.950001 0.857438 -1.911971
v 12.950001 0.913593 -1.884043
v 12.950001 0.896295 -1.917731
v 12.950001 0.925553 -1.853708
v 12.950001 0.882312 -1.934524
v 12.950001 0.879707 -1.936912
v 12.950001 0.866361 -1.946239
v 12.950001 2.5 1.634869
v 12.950001 2.5 4.25
v 12.950001 1.246536 1.634869
v 12.950001 1.246536 4.25
v 12.950001 1.150151 1.634869
v 12.950001 1.150151 4.25
v 12.950001 1.033061 1.634869
v 12.950001 1.033061 4.25
v 12.950001 0.864503 1.634869
v 12.950001 0.864503 4.25
v 12.950001 0.793384 1.634869
v 12.950001 0.793384 4.25
v 12.950001 0.653952 4.25
v 12.950001 0.395793 4.25
v 12.950001 0.377507 4.25
v 12.950001 0.377507 1.634869
v 12.950001 0.083872 4.25
v 12.950001 -0.0 4.25
v 12.950001 -1.96243 4.25
v 12.950001 -2.31 4.25
v 12.950001 0.248174 -1.062114
v 12.950001 0.248174 -1.332399
v 12.950001 0.369669 -1.332399
v 12.950001 0.369669 -1.367179
v 12.950001 0.208793 -1.367179
v 12.950001 0.208793 -1.062114
v 12.950001 1.275351 -1.851134
v 12.950001 1.275351 -1.54607
v 12.950001 1.656838 -1.54607
v 12.950001 1.698948 -1.54607
v 12.950001 1.359259 -1.851134
v 12.950001 1.771627 -1.851134
v 12.950001 1.815141 -1.851134
v 12.950001 2.5 -1.853708
v 12.950001 1.740512 -1.767694
v 12.950001 1.61348 -1.767694
v 12.950001 1.584159 -1.851134
v 12.950001 1.540645 -1.851134
v 12.950001 1.410256 -1.84504
v 12.950001 1.477713 -1.586464
v 12.950001 1.490756 -1.599542
v 12.950001 1.509053 -1.626881
v 12.950001 1.519631 -1.65671
v 12.950001 1.499806 -1.782308
v 12.950001 1.477713 -1.8084
v 12.950001 1.362378 -1.54607
v 12.950001 1.411949 -1.551947
v 12.950001 1.448367 -1.566023
v 12.950001 1.474625 -1.811202
v 12.950001 1.445187 -1.831599
v 12.950001 1.523723 -1.694703
v 12.950001 1.522683 -1.715371
v 12.950001 1.515066 -1.750891
v 12.950001 0.248174 -1.71373
v 12.950001 0.248174 -1.816355
v 12.950001 0.35727 -1.71373
v 12.950001 0.372867 -1.816355
v 12.950001 0.35727 -1.678795
v 12.950001 0.248174 -1.581161
v 12.950001 0.248174 -1.678795
v 12.950001 0.365926 -1.581161
v 12.950001 0.377507 -1.853708
v 12.950001 0.372867 -1.851134
v 12.950001 0.208793 -1.851134
v 12.950001 0.208793 -1.54607
v 12.950001 0.365926 -1.54607
v 12.950001 -2.5 -1.853708
v 12.950001 -2.5 -1.459198
v 12.950001 -2.5 -1.059541
v 12.950001 -2.5 1.634869
v 12.950001 -2.5 4.25
v 12.43 -0.845 3.415735
v 12.43 -1.695 3.415735
v 11.855 -0.845 3.415735
v 11.855 -1.695 3.415735
v 12.43 1.695 3.415735
v 12.43 0.845 3.415735
v 11.855 1.695 3.415735
v 11.855 0.845 3.415735
v 9.89 -0.845 3.415735
v 9.89 -1.695 3.415735
v 9.315 -0.845 3.415735
v 9.315 -1.695 3.415735
v 9.89 1.695 3.415735
v 9.89 0.845 3.415735
v 9.315 1.695 3.415735
v 9.315 0.845 3.415735
v 7.35 -0.845 3.415735
v 7.35 -1.695 3.415735
v 6.775 -0.845 3.415735
v 6.775 -1.695 3.415735
v 7.35 1.695 3.415735
v 7.35 0.845 3.415735
v 6.775 1.695 3.415735
v 6.775 0.845 3.415735
v 4.81 -0.845 3.415735
v 4.81 -1.695 3.415735
v 4.235 -0.845 3.415735
v 4.235 -1.695 3.415735
v 4.81 1.695 3.415735
v 4.81 0.845 3.415735
v 4.235 1.695 3.415735
v 4.235 0.845 3.415735
v 2.27 -0.845 3.415735
v 2.27 -1.695 3.415735
v 1.695 -0.845 3.415735
v 1.695 -1.695 3.415735
v 2.27 1.695 3.415735
v 2.27 0.845 3.415735
v 1.695 1.695 3.415735
v 1.695 0.845 3.415735
v -0.27 -0.845 3.415735
v -0.27 -1.695 3.415735
v -0.845 -0.845 3.415735
v -0.845 -1.695 3.415735
v -0.27 1.695 3.415735
v -0.27 0.845 3.415735
v -0.845 1.695 3.415735
v -0.845 0.845 3.415735
v -2.81 -0.845 3.415735
v -2.81 -1.695 3.415735
v -3.385 -0.845 3.415735
v -3.385 -1.695 3.415735
v -2.81 1.695 3.415735
v -2.81 0.845 3.415735
v -3.385 1.695 3.415735
v -3.385 0.845 3.415735
v -5.35 -0.845 3.415735
v -5.35 -1.695 3.415735
v -5.925 -0.845 3.415735
v -5.925 -1.695 3.415735
v -5.35 1.695 3.415735
v -5.35 0.845 3.415735
v -5.925 1.695 3.415735
v -5.925 0.845 3.415735
v -7.89 -0.845 3.415735
v -7.89 -1.695 3.415735
v -8.465 -0.845 3.415735
v -8.465 -1.695 3.415735
v -7.89 1.695 3.415735
v -7.89 0.845 3.415735
v -8.465 1.695 3.415735
v -8.465 0.845 3.415735
v -10.429999 -0.845 3.415735
v -10.429999 -1.695 3.415735
v -11.005 -0.845 3.415735
v -11.005 -1.695 3.415735
v -12.950001 -2.31 4.25
v -12.950001 -2.5 4.25
v -12.615 -2.5 4.25
v -12.615 -2.31 4.25
v -12.950001 -0.0 4.25
v -12.615 -0.0 4.25
v -12.950001 2.5 4.25
v -12.615 2.5 4.25
v -10.58 2.12 4.25
v -10.16 2.5 4.25
v -12.280001 2.12 4.25
v -12.280001 0.42 4.25
v -10.58 0.42 4.25
v -10.16 -0.0 4.25
v -10.58 -0.42 4.25
v -12.280001 -0.42 4.25
v -12.280001 -2.12 4.25
v -10.58 -2.12 4.25
v -10.16 -2.31 4.25
v -8.04 2.12 4.25
v -7.62 2.5 4.25
v -9.74 2.12 4.25
v -9.74 0.42 4.25
v -8.04 0.42 4.25
v -7.62 -0.0 4.25
v -8.04 -0.42 4.25
v -9.74 -0.42 4.25
v -9.74 -2.12 4.25
v -8.04 -2.12 4.25
v -7.62 -2.31 4.25
v -5.5 2.12 4.25
v -5.08 2.5 4.25
v -7.2 2.12 4.25
v -7.2 0.42 4.25
v -5.5 0.42 4.25
v -5.08 -0.0 4.25
v -5.5 -0.42 4.25
v -7.2 -0.42 4.25
v -7.2 -2.12 4.25
v -5.5 -2.12 4.25
v -5.08 -2.31 4.25
v -0.0 -0.0 4.25
v -0.42 0.42 4.25
v -2.12 0.42 4.25
v -2.96 0.42 4.25
v -4.66 0.42 4.25
v -0.42 2.12 4.25
v -0.0 2.5 4.25
v -2.12 2.12 4.25
v -4.66 2.12 4.25
v -2.96 2.12 4.25
v -2.96 -2.12 4.25
v -4.66 -2.12 4.25
v -4.66 -0.42 4.25
v -2.96 -0.42 4.25
v -0.0 -2.31 4.25
v -2.12 -2.12 4.25
v -2.12 -0.42 4.25
v -0.42 -0.42 4.25
v -0.42 -2.12 4.25
v 2.12 2.12 4.25
v 2.54 2.5 4.25
v 0.42 2.12 4.25
v 0.42 0.42 4.25
v 2.12 0.42 4.25
v 2.54 -0.0 4.25
v 2.12 -0.42 4.25
v 0.42 -0.42 4.25
v 0.42 -2.12 4.25
v 2.12 -2.12 4.25
v 2.54 -2.31 4.25
v 4.66 2.12 4.25
v 5.08 2.5 4.25
v 2.96 2.12 4.25
v 2.96 0.42 4.25
v 4.66 0.42 4.25
v 5.08 -0.0 4.25
v 4.66 -0.42 4.25
v 2.96 -0.42 4.25
v 2.96 -2.12 4.25
v 4.66 -2.12 4.25
v 5.08 -2.31 4.25
v 7.2 2.12 4.25
v 7.62 2.5 4.25
v 5.5 2.12 4.25
v 5.5 0.42 4.25
v 7.2 0.42 4.25
v 7.62 -0.0 4.25
v 7.2 -0.42 4.25
v 5.5 -0.42 4.25
v 5.5 -2.12 4.25
v 7.2 -2.12 4.25
v 7.62 -2.31 4.25
v 9.74 2.12 4.25
v 10.16 2.5 4.25
v 8.04 2.12 4.25
v 8.04 0.42 4.25
v 9.74 0.42 4.25
v 10.16 -0.0 4.25
v 9.74 -0.42 4.25
v 8.04 -0.42 4.25
v 8.04 -2.12 4.25
v 9.74 -2.12 4.25
v 10.16 -2.31 4.25
v 12.280001 0.42 4.25
v 12.280001 2.12 4.25
v 10.58 2.12 4.25
v 10.58 0.42 4.25
v 12.280001 -2.12 4.25
v 12.280001 -0.42 4.25
v 10.58 -0.42 4.25
v 10.58 -2.12 4.25
v -10.16 -2.5 4.25
v -7.62 -2.5 4.25
v -5.08 -2.5 4.25
v -0.0 -2.5 4.25
v 2.54 -2.5 4.25
v 5.08 -2.5 4.25
v 7.62 -2.5 4.25
v 10.16 -2.5 4.25
v -2.27 1.695 -3.75
v -5.08 2.0 -3.75
v 0.0 2.0 -3.75
v -2.81 -0.845 -3.75
v -4.81 -0.845 -3.75
v -5.08 0.0 -3.75
v 12.43 -0.845 -3.75
v 10.429999 -0.845 -3.75
v 10.16 0.0 -3.75
v 10.16 -1.8475 -3.75
v 10.16 -2.0 -3.75
v 7.62 -1.8475 -3.75
v 7.62 -2.0 -3.75
v 5.08 -1.8475 -3.75
v 5.08 -2.0 -3.75
v 2.54 -1.8475 -3.75
v 2.54 -2.0 -3.75
v 0.0 -1.8475 -3.75
v -12.690001 -2.0 -3.75
v -12.690001 -1.8475 -3.75
v -10.16 -2.0 -3.75
v -10.16 -1.8475 -3.75
v -7.62 -2.0 -3.75
v -7.62 -1.8475 -3.75
v -5.08 -2.0 -3.75
v -5.08 -1.8475 -3.75
v 0.0 -2.0 -3.75
v 10.429999 -1.695 -3.75
v 12.43 -1.695 -3.75
v 7.89 -1.695 -3.75
v 9.89 -1.695 -3.75
v 9.89 -0.845 -3.75
v 7.89 -0.845 -3.75
v 7.62 0.0 -3.75
v 5.35 -1.695 -3.75
v 7.35 -1.695 -3.75
v 7.35 -0.845 -3.75
v 5.35 -0.845 -3.75
v 5.08 0.0 -3.75
v 2.81 -1.695 -3.75
v 4.81 -1.695 -3.75
v 4.81 -0.845 -3.75
v 2.81 -0.845 -3.75
v 2.54 0.0 -3.75
v 2.27 -1.695 -3.75
v 2.27 -0.845 -3.75
v 0.27 -1.695 -3.75
v 0.27 -0.845 -3.75
v 0.0 0.0 -3.75
v -4.81 -1.695 -3.75
v -2.81 -1.695 -3.75
v -2.27 -1.695 -3.75
v -0.27 -1.695 -3.75
v -0.27 -0.845 -3.75
v -2.27 -0.845 -3.75
v -7.35 -1.695 -3.75
v -5.35 -1.695 -3.75
v -5.35 -0.845 -3.75
v -7.35 -0.845 -3.75
v -7.62 0.0 -3.75
v -9.89 -1.695 -3.75
v -7.89 -1.695 -3.75
v -7.89 -0.845 -3.75
v -9.89 -0.845 -3.75
v -10.16 0.0 -3.75
v -10.429999 -1.695 -3.75
v -10.429999 -0.845 -3.75
v -12.43 -1.695 -3.75
v -12.43 -0.845 -3.75
v -12.690001 0.0 -3.75
v -12.950001 2.0 -3.75
v -12.950001 0.0 -3.75
v -12.950001 -1.8475 -3.75
v -12.950001 -2.0 -3.75
v 12.43 0.845 -3.75
v 12.43 1.695 -3.75
v 10.16 2.0 -3.75
v 10.429999 1.695 -3.75
v 10.429999 0.845 -3.75
v 7.62 2.0 -3.75
v 7.89 1.695 -3.75
v 7.89 0.845 -3.75
v 9.89 1.695 -3.75
v 9.89 0.845 -3.75
v 5.08 2.0 -3.75
v 5.35 1.695 -3.75
v 5.35 0.845 -3.75
v 7.35 1.695 -3.75
v 7.35 0.845 -3.75
v 2.54 2.0 -3.75
v 2.81 1.695 -3.75
v 2.81 0.845 -3.75
v 4.81 1.695 -3.75
v 4.81 0.845 -3.75
v 0.27 1.695 -3.75
v 0.27 0.845 -3.75
v 2.27 1.695 -3.75
v 2.27 0.845 -3.75
v -2.27 0.845 -3.75
v -0.27 0.845 -3.75
v -4.81 0.845 -3.75
v -2.81 0.845 -3.75
v -0.27 1.695 -3.75
v -2.81 1.695 -3.75
v -4.81 1.695 -3.75
v -7.62 2.0 -3.75
v -7.35 1.695 -3.75
v -7.35 0.845 -3.75
v -5.35 1.695 -3.75
v -5.35 0.845 -3.75
v -10.16 2.0 -3.75
v -9.89 1.695 -3.75
v -9.89 0.845 -3.75
v -7.89 1.695 -3.75
v -7.89 0.845 -3.75
v -12.690001 2.0 -3.75
v -12.43 0.845 -3.75
v -10.429999 0.845 -3.75
v -10.429999 1.695 -3.75
v -12.43 1.695 -3.75
v -10.429999 1.695 3.415735
v -10.429999 0.845 3.415735
v -11.005 1.695 3.415735
v -11.005 0.845 3.415735
v -12.950001 -2.0 -4.25
v -12.950001 -2.5 -4.25
v -12.950001 2.0 -4.25
v -12.950001 2.5 -4.25
v -12.43 0.845 3.415735
v -11.855 0.845 3.415735
v -11.005 0.845 3.825
v -11.855 0.845 3.825
v -12.43 1.695 3.415735
v -11.855 1.695 3.415735
v -11.855 1.695 3.825
v -11.005 1.695 3.825
v 10.429999 -1.695 3.415735
v 11.005 -1.695 3.415735
v 11.855 -1.695 3.825
v 11.005 -1.695 3.825
v 10.429999 -0.845 3.415735
v 11.005 -0.845 3.415735
v 11.005 -0.845 3.825
v 11.855 -0.845 3.825
v 10.429999 0.845 3.415735
v 11.005 0.845 3.415735
v 11.855 0.845 3.825
v 11.005 0.845 3.825
v 10.429999 1.695 3.415735
v 11.005 1.695 3.415735
v 11.005 1.695 3.825
v 11.855 1.695 3.825
v 7.89 -1.695 3.415735
v 8.465 -1.695 3.415735
v 9.315 -1.695 3.825
v 8.465 -1.695 3.825
v 7.89 -0.845 3.415735
v 8.465 -0.845 3.415735
v 8.465 -0.845 3.825
v 9.315 -0.845 3.825
v 7.89 0.845 3.415735
v 8.465 0.845 3.415735
v 9.315 0.845 3.825
v 8.465 0.845 3.825
v 7.89 1.695 3.415735
v 8.465 1.695 3.415735
v 8.465 1.695 3.825
v 9.315 1.695 3.825
v 5.35 -1.695 3.415735
v 5.925 -1.695 3.415735
v 6.775 -1.695 3.825
v 5.925 -1.695 3.825
v 5.35 -0.845 3.415735
v 5.925 -0.845 3.415735
v 5.925 -0.845 3.825
v 6.775 -0.845 3.825
v 5.35 0.845 3.415735
v 5.925 0.845 3.415735
v 6.775 0.845 3.825
v 5.925 0.845 3.825
v 5.35 1.695 3.415735
v 5.925 1.695 3.415735
v 5.925 1.695 3.825
v 6.775 1.695 3.825
v 2.81 -1.695 3.415735
v 3.385 -1.695 3.415735
v 4.235 -1.695 3.825
v 3.385 -1.695 3.825
v 2.81 -0.845 3.415735
v 3.385 -0.845 3.415735
v 3.385 -0.845 3.825
v 4.235 -0.845 3.825
v 2.81 0.845 3.415735
v 3.385 0.845 3.415735
v 4.235 0.845 3.825
v 3.385 0.845 3.825
v 2.81 1.695 3.415735
v 3.385 1.695 3.415735
v 3.385 1.695 3.825
v 4.235 1.695 3.825
v 0.27 -1.695 3.415735
v 0.845 -1.695 3.415735
v 1.695 -1.695 3.825
v 0.845 -1.695 3.825
v 0.27 -0.845 3.415735
v 0.845 -0.845 3.415735
v 0.845 -0.845 3.825
v 1.695 -0.845 3.825
v 0.27 0.845 3.415735
v 0.845 0.845 3.415735
v 1.695 0.845 3.825
v 0.845 0.845 3.825
v 0.27 1.695 3.415735
v 0.845 1.695 3.415735
v 0.845 1.695 3.825
v 1.695 1.695 3.825
v -2.27 -1.695 3.415735
v -1.695 -1.695 3.415735
v -0.845 -1.695 3.825
v -1.695 -1.695 3.825
v -2.27 -0.845 3.415735
v -1.695 -0.845 3.415735
v -1.695 -0.845 3.825
v -0.845 -0.845 3.825
v -2.27 0.845 3.415735
v -1.695 0.845 3.415735
v -0.845 0.845 3.825
v -1.695 0.845 3.825
v -2.27 1.695 3.415735
v -1.695 1.695 3.415735
v -1.695 1.695 3.825
v -0.845 1.695 3.825
v -4.81 -1.695 3.415735
v -4.235 -1.695 3.415735
v -3.385 -1.695 3.825
v -4.235 -1.695 3.825
v -4.81 -0.845 3.415735
v -4.235 -0.845 3.415735
v -4.235 -0.845 3.825
v -3.385 -0.845 3.825
v -4.81 0.845 3.415735
v -4.235 0.845 3.415735
v -3.385 0.845 3.825
v -4.235 0.845 3.825
v -4.81 1.695 3.415735
v -4.235 1.695 3.415735
v -4.235 1.695 3.825
v -3.385 1.695 3.825
v -7.35 -1.695 3.415735
v -6.775 -1.695 3.415735
v -5.925 -1.695 3.825
v -6.775 -1.695 3.825
v -7.35 -0.845 3.415735
v -6.775 -0.845 3.415735
v -6.775 -0.845 3.825
v -5.925 -0.845 3.825
v -7.35 0.845 3.415735
v -6.775 0.845 3.415735
v -5.925 0.845 3.825
v -6.775 0.845 3.825
v -7.35 1.695 3.415735
v -6.775 1.695 3.415735
v -6.775 1.695 3.825
v -5.925 1.695 3.825
v -9.89 -1.695 3.415735
v -9.315 -1.695 3.415735
v -8.465 -1.695 3.825
v -9.315 -1.695 3.825
v -9.89 -0.845 3.415735
v -9.315 -0.845 3.415735
v -9.315 -0.845 3.825
v -8.465 -0.845 3.825
v -9.89 0.845 3.415735
v -9.315 0.845 3.415735
v -8.465 0.845 3.825
v -9.315 0.845 3.825
v -9.89 1.695 3.415735
v -9.315 1.695 3.415735
v -9.315 1.695 3.825
v -8.465 1.695 3.825
v -12.43 -1.695 3.415735
v -11.855 -1.695 3.415735
v -11.005 -1.695 3.825
v -11.855 -1.695 3.825
v -12.43 -0.845 3.415735
v -11.855 -0.845 3.415735
v -11.855 -0.845 3.825
v -11.005 -0.845 3.825
v 12.950999 0.369669 -1.332399
v 12.950999 0.369669 -1.367179
newmtl 2
Ka 1.0 1.0 1.0
Kd 1.0 1.0 1.0
Ks 0.5019607843137255 0.5019607843137255 0.5019607843137255
d 0.0
endmtl
v 12.950999 0.248174 -1.332399
v 12.950999 0.248174 -1.062114
v 12.950999 0.208793 -1.062114
v 12.950999 0.208793 -1.367179
v 12.950999 0.526101 -1.372326
v 12.950999 0.572598 -1.367881
v 12.950999 0.605351 -1.357139
v 12.950999 0.610555 -1.354546
v 12.950999 0.610555 -1.316803
v 12.950999 0.580859 -1.330182
v 12.950999 0.546415 -1.336674
v 12.950999 0.531794 -1.337234
v 12.950999 0.503199 -1.334055
v 12.950999 0.481098 -1.326035
v 12.950999 0.460796 -1.31227
v 12.950999 0.453422 -1.305106
v 12.950999 0.437894 -1.283234
v 12.950999 0.428294 -1.258377
v 12.950999 0.423497 -1.220926
v 12.950999 0.423477 -1.218078
v 12.950999 0.427577 -1.179903
v 12.950999 0.437245 -1.152687
v 12.950999 0.451457 -1.130957
v 12.950999 0.455527 -1.126371
v 12.950999 0.475018 -1.110044
v 12.950999 0.498841 -1.098585
v 12.950999 0.525145 -1.09315
v 12.950999 0.538656 -1.092527
v 12.950999 0.574641 -1.096626
v 12.950999 0.605756 -1.108063
v 12.950999 0.610555 -1.110619
v 12.950999 0.610555 -1.069444
v 12.950999 0.538266 -1.056967
v 12.950999 0.541068 -1.05698
v 12.950999 0.580524 -1.060522
v 12.950999 0.499383 -1.061066
v 12.950999 0.46668 -1.072455
v 12.950999 0.436356 -1.09241
v 12.950999 0.426206 -1.101885
v 12.950999 0.404981 -1.129272
v 12.950999 0.390129 -1.162901
v 12.950999 0.382844 -1.202317
v 12.950999 0.382147 -1.220417
v 12.950999 0.386274 -1.262141
v 12.950999 0.397474 -1.295744
v 12.950999 0.414488 -1.322881
v 12.950999 0.421293 -1.330684
v 12.950999 0.446212 -1.351314
v 12.950999 0.475064 -1.364794
v 12.950999 0.508218 -1.371507
v 12.950999 0.835689 -1.332399
v 12.950999 0.835689 -1.367179
v 12.950999 0.710996 -1.332399
v 12.950999 0.710996 -1.229775
v 12.950999 0.820093 -1.229775
v 12.950999 0.820093 -1.194839
v 12.950999 0.710996 -1.194839
v 12.950999 0.710996 -1.097206
v 12.950999 0.828749 -1.097206
v 12.950999 0.828749 -1.062114
v 12.950999 0.671615 -1.062114
v 12.950999 0.671615 -1.367179
v 12.950999 1.099475 -1.229184
v 12.950999 1.140649 -1.231416
v 12.950999 1.100281 -1.211839
v 12.950999 1.14169 -1.210747
v 12.950999 1.096192 -1.175363
v 12.950999 1.137598 -1.172755
v 12.950999 1.087808 -1.152631
v 12.950999 1.12702 -1.142925
v 12.950999 1.076195 -1.135276
v 12.950999 1.108723 -1.115586
v 12.950999 1.066827 -1.125903
v 12.950999 1.09568 -1.102509
v 12.950999 1.043374 -1.110517
v 12.950999 1.066334 -1.082067
v 12.950999 1.016665 -1.101213
v 12.950999 1.029916 -1.067992
v 12.950999 0.978786 -1.097206
v 12.950999 0.980345 -1.062114
v 12.950999 0.932698 -1.097206
v 12.950999 0.893318 -1.062114
v 12.950999 0.932698 -1.332399
v 12.950999 0.893318 -1.367179
v 12.950999 0.976992 -1.332399
v 12.950999 0.977226 -1.367179
v 12.950999 1.015461 -1.328294
v 12.950999 1.028223 -1.361084
v 12.950999 1.041631 -1.319027
v 12.950999 1.063154 -1.347644
v 12.950999 1.061884 -1.305835
v 12.950999 1.092592 -1.327246
v 12.950999 1.067685 -1.300583
v 12.950999 1.09568 -1.324445
v 12.950999 1.08362 -1.280508
v 12.950999 1.117773 -1.298352
v 12.950999 1.093848 -1.257584
v 12.950999 1.133033 -1.266936
v 12.950001 0.978786 -1.097206
v 12.950001 0.932698 -1.097206
v 12.950001 0.932698 -1.332399
v 12.950001 0.976992 -1.332399
v 12.950001 1.067685 -1.300583
v 12.950001 1.061884 -1.305835
v 12.950001 1.041631 -1.319027
v 12.950001 1.015461 -1.328294
v 12.950001 1.100281 -1.211839
v 12.950001 1.099475 -1.229184
v 12.950001 1.093848 -1.257584
v 12.950001 1.08362 -1.280508
v 12.950001 1.066827 -1.125903
v 12.950001 1.076195 -1.135276
v 12.950001 1.087808 -1.152631
v 12.950001 1.096192 -1.175363
v 12.950001 1.016665 -1.101213
v 12.950001 1.043374 -1.110517
v 12.950999 1.243924 -1.249271
v 12.950999 1.231447 -1.283738
v 12.950999 1.346314 -1.249271
v 12.950999 1.358479 -1.283738
v 12.950999 1.289543 -1.122472
v 12.950999 1.274805 -1.062114
v 12.950999 1.158612 -1.367179
v 12.950999 1.202126 -1.367179
v 12.950999 1.292185 -1.113368
v 12.950999 1.294534 -1.101105
v 12.950999 1.316915 -1.062114
v 12.950999 1.29547 -1.101105
v 12.950999 1.297936 -1.114011
v 12.950999 1.300227 -1.122472
v 12.950999 1.433108 -1.367179
v 12.950999 1.389594 -1.367179
v 12.950001 1.243924 -1.249271
v 12.950001 1.346314 -1.249271
v 12.950001 1.300227 -1.122472
v 12.950001 1.29547 -1.101105
v 12.950001 1.297936 -1.114011
v 12.950001 1.294534 -1.101105
v 12.950001 1.289543 -1.122472
v 12.950001 1.292185 -1.113368
v 12.950999 0.372867 -1.816355
v 12.950999 0.372867 -1.851134
v 12.950999 0.248174 -1.816355
v 12.950999 0.248174 -1.71373
v 12.950999 0.35727 -1.71373
v 12.950999 0.35727 -1.678795
v 12.950999 0.248174 -1.678795
v 12.950999 0.248174 -1.581161
v 12.950999 0.365926 -1.581161
v 12.950999 0.365926 -1.54607
v 12.950999 0.208793 -1.54607
v 12.950999 0.208793 -1.851134
v 12.950999 0.452873 -1.728788
v 12.950999 0.46395 -1.757869
v 12.950999 0.47344 -1.753577
v 12.950999 0.545285 -1.817446
v 12.950999 0.546298 -1.817446
v 12.950999 0.543801 -1.782288
v 12.950999 0.546261 -1.765239
v 12.950999 0.584509 -1.710923
v 12.950999 0.546298 -1.762703
v 12.950999 0.546298 -1.741804
v 12.950999 0.546298 -1.851134
v 12.950999 0.584509 -1.851134
v 12.950999 0.481729 -1.721685
v 12.950999 0.495298 -1.748666
v 12.950999 0.546298 -1.712639
v 12.950999 0.544969 -1.695743
v 12.950999 0.581475 -1.681629
v 12.950999 0.541019 -1.682137
v 12.950999 0.575459 -1.664347
v 12.950999 0.536529 -1.674268
v 12.950999 0.567617 -1.652058
v 12.950999 0.530752 -1.668123
v 12.950999 0.557395 -1.642357
v 12.950999 0.523968 -1.663751
v 12.950999 0.544663 -1.635139
v 12.950999 0.515105 -1.660655
v 12.950999 0.528486 -1.630285
v 12.950999 0.502161 -1.659299
v 12.950999 0.505748 -1.628262
v 12.950999 0.479155 -1.661718
v 12.950999 0.469472 -1.63235
v 12.950999 0.455278 -1.669938
v 12.950999 0.440676 -1.642897
v 12.950999 0.430729 -1.685657
v 12.950999 0.430729 -1.648538
v 12.950999 0.538196 -1.79592
v 12.950999 0.529922 -1.807153
v 12.950999 0.539331 -1.826507
v 12.950999 0.525131 -1.811835
v 12.950999 0.527264 -1.839501
v 12.950999 0.514332 -1.819122
v 12.950999 0.513727 -1.848502
v 12.950999 0.502739 -1.823333
v 12.950999 0.498234 -1.854101
v 12.950999 0.488436 -1.824933
v 12.950999 0.478532 -1.856281
v 12.950999 0.475529 -1.823478
v 12.950999 0.455674 -1.853627
v 12.950999 0.466885 -1.820307
v 12.950999 0.441024 -1.848103
v 12.950999 0.459271 -1.815107
v 12.950999 0.428156 -1.839125
v 12.950999 0.456021 -1.811841
v 12.950999 0.458335 -1.762079
v 12.950999 0.43658 -1.737125
v 12.950999 0.453761 -1.767742
v 12.950999 0.424865 -1.747276
v 12.950999 0.450407 -1.774869
v 12.950999 0.417227 -1.758217
v 12.950999 0.448521 -1.78362
v 12.950999 0.411984 -1.77169
v 12.950999 0.409547 -1.78818
v 12.950999 0.448197 -1.789685
v 12.950999 0.40944 -1.792804
v 12.950999 0.449168 -1.798457
v 12.950999 0.411321 -1.810124
v 12.950999 0.451679 -1.805399
v 12.950999 0.415943 -1.823052
v 12.950999 0.423883 -1.834794
v 12.950001 0.458335 -1.762079
v 12.950001 0.46395 -1.757869
v 12.950001 0.47344 -1.753577
v 12.950001 0.495298 -1.748666
v 12.950001 0.448197 -1.789685
v 12.950001 0.448521 -1.78362
v 12.950001 0.450407 -1.774869
v 12.950001 0.453761 -1.767742
v 12.950001 0.459271 -1.815107
v 12.950001 0.456021 -1.811841
v 12.950001 0.451679 -1.805399
v 12.950001 0.449168 -1.798457
v 12.950001 0.488436 -1.824933
v 12.950001 0.475529 -1.823478
v 12.950001 0.466885 -1.820307
v 12.950001 0.529922 -1.807153
v 12.950001 0.525131 -1.811835
v 12.950001 0.514332 -1.819122
v 12.950001 0.502739 -1.823333
v 12.950001 0.546298 -1.762703
v 12.950001 0.546261 -1.765239
v 12.950001 0.543801 -1.782288
v 12.950001 0.538196 -1.79592
v 12.950001 0.546298 -1.741804
v 12.950999 0.699143 -1.825089
v 12.950999 0.651229 -1.813272
v 12.950999 0.675186 -1.822288
v 12.950999 0.636289 -1.804033
v 12.950999 0.636289 -1.843492
v 12.950999 0.66363 -1.853034
v 12.950999 0.6954 -1.856281
v 12.950999 0.729793 -1.852213
v 12.950999 0.749918 -1.844473
v 12.950999 0.758877 -1.838969
v 12.950999 0.769809 -1.829408
v 12.950999 0.776931 -1.81933
v 12.950999 0.781624 -1.807221
v 12.950999 0.783441 -1.791868
v 12.950999 0.781861 -1.777633
v 12.950999 0.777784 -1.766366
v 12.950999 0.770652 -1.755841
v 12.950999 0.761541 -1.747711
v 12.950999 0.736163 -1.733598
v 12.950999 0.721368 -1.727611
v 12.950999 0.69772 -1.717318
v 12.950999 0.684248 -1.708896
v 12.950999 0.680521 -1.704794
v 12.950999 0.677768 -1.699639
v 12.950999 0.676252 -1.693703
v 12.950999 0.675904 -1.68862
v 12.950999 0.676596 -1.682526
v 12.950999 0.678482 -1.677367
v 12.950999 0.681758 -1.672504
v 12.950999 0.687523 -1.667409
v 12.950999 0.696092 -1.662853
v 12.950999 0.706313 -1.660147
v 12.950999 0.717624 -1.659299
v 12.950999 0.742724 -1.662152
v 12.950999 0.764274 -1.670056
v 12.950999 0.772992 -1.675051
v 12.950999 0.772992 -1.637932
v 12.950999 0.742829 -1.629758
v 12.950999 0.721368 -1.628262
v 12.950999 0.69304 -1.631373
v 12.950999 0.672132 -1.63891
v 12.950999 0.66101 -1.645574
v 12.950999 0.649681 -1.655758
v 12.950999 0.642582 -1.666086
v 12.950999 0.638031 -1.678388
v 12.950999 0.636523 -1.692052
v 12.950999 0.638166 -1.706887
v 12.950999 0.64238 -1.718556
v 12.950999 0.647363 -1.726519
v 12.950999 0.694386 -1.755373
v 12.950999 0.67161 -1.744933
v 12.950999 0.653614 -1.733057
v 12.950999 0.719476 -1.765881
v 12.950999 0.73439 -1.774868
v 12.950999 0.739152 -1.779826
v 12.950999 0.742106 -1.784891
v 12.950999 0.743842 -1.790858
v 12.950999 0.744216 -1.795611
v 12.950999 0.743425 -1.802901
v 12.950999 0.741483 -1.808335
v 12.950999 0.738147 -1.813268
v 12.950999 0.733762 -1.81716
v 12.950999 0.730278 -1.819274
v 12.950999 0.720418 -1.822883
v 12.950999 0.70083 -1.825078
v 12.950999 0.972859 -1.633253
v 12.950999 1.012474 -1.633253
v 12.950999 0.913359 -1.797327
v 12.950999 0.910435 -1.807484
v 12.950999 0.90868 -1.814951
v 12.950999 0.907666 -1.814951
v 12.950999 0.902987 -1.797015
v 12.950999 0.846061 -1.633253
v 12.950999 0.803326 -1.633253
v 12.950999 0.888795 -1.850667
v 12.950999 0.872028 -1.890281
v 12.950999 0.864554 -1.903996
v 12.950999 0.857438 -1.911971
v 12.950999 0.850425 -1.91684
v 12.950999 0.842056 -1.919978
v 12.950999 0.832882 -1.921006
v 12.950999 0.81902 -1.919201
v 12.950999 0.811203 -1.916639
v 12.950999 0.811203 -1.950639
v 12.950999 0.82741 -1.953456
v 12.950999 0.835845 -1.953758
v 12.950999 0.866361 -1.946239
v 12.950999 0.851282 -1.951983
v 12.950999 0.879707 -1.936912
v 12.950999 0.882312 -1.934524
v 12.950999 0.896295 -1.917731
v 12.950999 0.913593 -1.884043
v 12.950999 1.217722 -1.816355
v 12.950999 1.217722 -1.851134
v 12.950999 1.093029 -1.816355
v 12.950999 1.093029 -1.71373
v 12.950999 1.202126 -1.71373
v 12.950999 1.202126 -1.678795
v 12.950999 1.093029 -1.678795
v 12.950999 1.093029 -1.581161
v 12.950999 1.210782 -1.581161
v 12.950999 1.210782 -1.54607
v 12.950999 1.053648 -1.54607
v 12.950999 1.053648 -1.851134
v 12.950999 1.481508 -1.713139
v 12.950999 1.522683 -1.715371
v 12.950999 1.482314 -1.695795
v 12.950999 1.523723 -1.694703
v 12.950999 1.478225 -1.659319
v 12.950999 1.519631 -1.65671
v 12.950999 1.469841 -1.636587
v 12.950999 1.509053 -1.626881
v 12.950999 1.458228 -1.619232
v 12.950999 1.490756 -1.599542
v 12.950999 1.44886 -1.609859
v 12.950999 1.477713 -1.586464
v 12.950999 1.425407 -1.594472
v 12.950999 1.448367 -1.566023
v 12.950999 1.398698 -1.585168
v 12.950999 1.411949 -1.551947
v 12.950999 1.360819 -1.581161
v 12.950999 1.362378 -1.54607
v 12.950999 1.314731 -1.581161
v 12.950999 1.275351 -1.54607
v 12.950999 1.314731 -1.816355
v 12.950999 1.275351 -1.851134
v 12.950999 1.359025 -1.816355
v 12.950999 1.359259 -1.851134
v 12.950999 1.397494 -1.81225
v 12.950999 1.410256 -1.84504
v 12.950999 1.423664 -1.802983
v 12.950999 1.445187 -1.831599
v 12.950999 1.443917 -1.78979
v 12.950999 1.474625 -1.811202
v 12.950999 1.449718 -1.784538
v 12.950999 1.477713 -1.8084
v 12.950999 1.465653 -1.764463
v 12.950999 1.499806 -1.782308
v 12.950999 1.475881 -1.741539
v 12.950999 1.515066 -1.750891
v 12.950001 1.360819 -1.581161
v 12.950001 1.314731 -1.581161
v 12.950001 1.314731 -1.816355
v 12.950001 1.359025 -1.816355
v 12.950001 1.449718 -1.784538
v 12.950001 1.443917 -1.78979
v 12.950001 1.423664 -1.802983
v 12.950001 1.397494 -1.81225
v 12.950001 1.482314 -1.695795
v 12.950001 1.481508 -1.713139
v 12.950001 1.475881 -1.741539
v 12.950001 1.465653 -1.764463
v 12.950001 1.44886 -1.609859
v 12.950001 1.458228 -1.619232
v 12.950001 1.469841 -1.636587
v 12.950001 1.478225 -1.659319
v 12.950001 1.398698 -1.585168
v 12.950001 1.425407 -1.594472
v 12.950999 1.625957 -1.733226
v 12.950999 1.61348 -1.767694
v 12.950999 1.728347 -1.733226
v 12.950999 1.740512 -1.767694
v 12.950999 1.671576 -1.606427
v 12.950999 1.656838 -1.54607
v 12.950999 1.540645 -1.851134
v 12.950999 1.584159 -1.851134
v 12.950999 1.674218 -1.597323
v 12.950999 1.676567 -1.58506
v 12.950999 1.698948 -1.54607
v 12.950999 1.677503 -1.58506
v 12.950999 1.679969 -1.597966
v 12.950999 1.68226 -1.606427
v 12.950999 1.815141 -1.851134
v 12.950999 1.771627 -1.851134
v 12.950001 1.625957 -1.733226
v 12.950001 1.728347 -1.733226
v 12.950001 1.68226 -1.606427
v 12.950001 1.677503 -1.58506
v 12.950001 1.679969 -1.597966
v 12.950001 1.676567 -1.58506
v 12.950001 1.671576 -1.606427
v 12.950001 1.674218 -1.597323
v 12.950999 -1.196212 -1.325926
v 12.950999 -1.147952 -1.300151
v 12.950999 -1.159021 -1.166528
v 12.950999 -0.777129 -1.903344
v 12.950999 -0.751355 -1.855084
v 12.950999 -0.738526 -1.801576
v 12.950999 -1.023598 -1.160288
v 12.950999 -0.956359 -1.318623
v 12.950999 -0.923153 -1.249903
v 12.950999 -1.03671 -1.807182
v 12.950999 -1.040726 -1.786841
v 12.950999 -1.158074 -1.702533
v 12.950999 -1.160243 -1.847854
v 12.950999 -1.187807 -1.839601
v 12.950999 -1.205469 -1.673316
v 12.950999 -1.073484 -1.15595
v 12.950999 -0.433635 -1.596253
v 12.950999 -0.500873 -1.481297
v 12.950999 -0.737292 -1.756757
v 12.950999 -0.791517 -1.633125
v 12.950999 -0.737292 -1.778447
v 12.950999 -0.853155 -1.970214
v 12.950999 -0.809976 -1.940111
v 12.950999 -1.028125 -1.825414
v 12.950999 -1.106076 -1.934352
v 12.950999 -1.13838 -1.894572
v 12.950999 -0.979134 -1.108503
v 12.950999 -0.874479 -1.191805
v 12.950999 -0.928162 -1.064852
v 12.950999 -0.81654 -1.149472
v 12.950999 -0.875205 -1.032048
v 12.950999 -1.094444 -1.287322
v 12.950999 -1.071315 -1.286088
v 12.950999 -1.048541 -1.157305
v 12.950999 -1.019817 -1.292547
v 12.950999 -0.971204 -1.310476
v 12.950999 -0.887598 -1.829784
v 12.950999 -0.899371 -1.843085
v 12.950999 -0.915847 -1.8549
v 12.950999 -0.901516 -1.988835
v 12.950999 -0.934634 -1.862405
v 12.950999 -0.95419 -1.995345
v 12.950999 -0.956359 -1.865206
v 12.950999 -0.962324 -1.995198
v 12.950999 -0.960055 -1.865125
v 12.950999 -1.013545 -1.987265
v 12.950999 -0.979527 -1.861951
v 12.950999 -1.063615 -1.966288
v 12.950999 -0.999133 -1.853531
v 12.950999 -1.015735 -1.840805
v 12.950999 -0.877316 -1.75038
v 12.950999 -0.872364 -1.770491
v 12.950999 -0.872332 -1.790338
v 12.950999 -0.877511 -1.811154
v 12.950999 -0.180229 -1.804488
v 12.950999 -0.269401 -1.703027
v 12.950999 -0.2464 -1.836897
v 12.950999 -0.309473 -1.716792
v 12.950999 -0.318679 -1.852192
v 12.950999 -0.331693 -1.719885
v 12.950999 -0.446649 -1.852192
v 12.950999 -0.429297 -1.719885
v 12.950999 -0.458867 -1.850223
v 12.950999 -1.039648 -1.765702
v 12.950999 -1.033256 -1.745288
v 12.950999 -1.134219 -1.656078
v 12.950999 -1.022045 -1.727348
v 12.950999 -1.098394 -1.615039
v 12.950999 -1.013471 -1.718282
v 12.950999 -1.054075 -1.584186
v 12.950999 -0.996513 -1.706223
v 12.950999 -1.006179 -1.565812
v 12.950999 -0.977572 -1.698746
v 12.950999 -0.95419 -1.55938
v 12.950999 -0.956359 -1.696026
v 12.950999 -0.927973 -1.560925
v 12.950999 -0.938302 -1.697988
v 12.950999 -0.875601 -1.573884
v 12.950999 -0.91816 -1.705198
v 12.950999 -0.829552 -1.59852
v 12.950999 -0.900711 -1.716977
v 12.950999 -0.886737 -1.732573
v 12.950999 -0.362059 -1.381524
v 12.950999 -0.344707 -1.381524
v 12.950999 -0.255778 -1.264399
v 12.950999 -0.308398 -1.385448
v 12.950999 -0.245359 -1.267897
v 12.950999 -0.270148 -1.398863
v 12.950999 -0.180792 -1.299877
v 12.950999 -0.235901 -1.421263
v 12.950999 -0.121919 -1.349596
v 12.950999 -0.207291 -1.452136
v 12.950999 -0.077602 -1.411267
v 12.950999 -0.186958 -1.489569
v 12.950999 -0.051033 -1.477497
v 12.950999 -0.176645 -1.531196
v 12.950999 -0.041049 -1.548535
v 12.950999 -0.175526 -1.550704
v 12.950999 -0.050957 -1.625773
v 12.950999 -0.179465 -1.58753
v 12.950999 -0.078166 -1.69446
v 12.950999 -0.193143 -1.626653
v 12.950999 -0.121302 -1.754588
v 12.950999 -0.215857 -1.661219
v 12.950999 -0.234609 -1.680057
v 12.950999 -0.372903 -1.093049
v 12.950999 -0.45817 -1.192376
v 12.950999 -0.301065 -1.176186
v 12.950999 -0.409136 -1.250723
v 12.950999 -0.375529 -1.320538
v 12.950999 -1.281703 -1.450313
v 12.950999 -1.424256 -1.486679
v 12.950999 -1.288213 -1.502987
v 12.950999 -1.424859 -1.507324
v 12.950999 -1.285536 -1.536941
v 12.950999 -1.414317 -1.592471
v 12.950999 -1.26986 -1.589966
v 12.950999 -1.383195 -1.673209
v 12.950999 -1.24433 -1.633333
v 12.950999 -1.333762 -1.743743
v 12.950999 -1.26618 -1.80139
v 12.950999 -0.775191 -0.99348
v 12.950999 -0.745706 -1.120724
v 12.950999 -0.667885 -0.980262
v 12.950999 -0.665716 -1.110401
v 12.950999 -0.578488 -0.989654
v 12.950999 -0.591984 -1.119488
v 12.950999 -0.469642 -1.028009
v 12.950999 -0.523982 -1.145592
v 12.950999 -0.463064 -1.187923
v 12.950999 -1.239362 -1.197745
v 12.950999 -1.30834 -1.24626
v 12.950999 -1.232979 -1.358772
v 12.950999 -1.322917 -1.260061
v 12.950999 -1.263082 -1.401952
v 12.950999 -1.375151 -1.327051
v 12.950999 -1.40973 -1.405157
v 12.950999 -0.4402 -1.717868
v 12.950999 -0.492324 -1.829443
v 12.950999 -0.487282 -1.834574
v 12.950999 -0.433693 -1.719309
v 12.950999 -0.473215 -1.844576
v 12.950999 -0.509549 -1.784954
v 12.950999 -0.507491 -1.80111
v 12.950999 -0.501778 -1.815818
v 12.950999 -0.459119 -1.719873
v 12.950999 -0.474002 -1.725752
v 12.950999 -0.508998 -1.776394
v 12.950999 -0.487339 -1.735205
v 12.950999 -0.496302 -1.745088
v 12.950999 -0.504642 -1.759886
v 12.950999 -0.442311 -1.717716
v 12.950001 -0.956359 -1.696026
v 12.950001 -0.938302 -1.697988
v 12.950001 -0.91816 -1.705198
v 12.950001 -0.900711 -1.716977
v 12.950001 -0.886737 -1.732573
v 12.950001 -0.877316 -1.75038
v 12.950001 -0.872364 -1.770491
v 12.950001 -0.872332 -1.790338
v 12.950001 -0.877511 -1.811154
v 12.950001 -0.887598 -1.829784
v 12.950001 -0.899371 -1.843085
v 12.950001 -0.915847 -1.8549
v 12.950001 -0.934634 -1.862405
v 12.950001 -0.956359 -1.865206
v 12.950001 -0.960055 -1.865125
v 12.950001 -0.979527 -1.861951
v 12.950001 -0.999133 -1.853531
v 12.950001 -1.015735 -1.840805
v 12.950001 -1.028125 -1.825414
v 12.950001 -1.03671 -1.807182
v 12.950001 -1.040726 -1.786841
v 12.950001 -1.039648 -1.765702
v 12.950001 -1.033256 -1.745288
v 12.950001 -1.022045 -1.727348
v 12.950001 -1.013471 -1.718282
v 12.950001 -0.996513 -1.706223
v 12.950001 -0.977572 -1.698746
v -4.13 -1.47 -6.70359
v -4.13 -1.47 -3.75
v -4.13 -1.07 -6.70359
newmtl 3
Ka 0.9686274509803922 0.8784313725490196 0.6
Kd 0.9686274509803922 0.8784313725490196 0.6
Ks 0.6784313725490196 0.615686274509804 0.4196078431372549
d 0.0
endmtl
v -4.13 -1.07 -3.75
v -4.136815 -1.07 -3.698236
v -4.136815 -1.47 -3.698236
v -4.156795 -1.07 -3.65
v -4.156795 -1.47 -3.65
v -4.188579 -1.07 -3.608579
v -4.188579 -1.47 -3.608579
v -4.23 -1.07 -3.576795
v -4.23 -1.47 -3.576795
v -4.278236 -1.07 -3.556815
v -4.278236 -1.47 -3.556815
v -4.33 -1.07 -3.55
v -4.33 -1.47 -3.55
v -4.61 -1.07 -3.55
v -4.61 -1.47 -3.55
v -4.661764 -1.47 -3.543185
v -4.661764 -1.07 -3.543185
v -4.71 -1.47 -3.523205
v -4.71 -1.07 -3.523205
v -4.751421 -1.47 -3.491421
v -4.751421 -1.07 -3.491421
v -4.783205 -1.47 -3.45
v -4.783205 -1.07 -3.45
v -4.803185 -1.47 -3.401764
v -4.803185 -1.07 -3.401764
v -4.81 -1.47 -3.35
v -4.81 -1.07 -3.35
v -4.81 -1.07 -1.85
v -4.81 -1.47 -1.85
v -4.799541 -1.47 -1.645726
v -4.799541 -1.07 -1.645726
v -4.768272 -1.47 -1.443589
v -4.768272 -1.07 -1.443589
v -4.740458 -1.07 -1.272677
v -4.740458 -1.47 -1.272677
v -4.727531 -1.07 -1.1
v -4.727531 -1.47 -1.1
v -4.609483 -1.07 2.656348
v -4.609483 -1.47 2.656348
v -4.509483 -1.07 2.656348
v -4.509483 -1.47 2.656348
v -4.470787 -1.47 2.651271
v -4.470787 -1.07 2.651271
v -4.434711 -1.47 2.636383
v -4.434711 -1.07 2.636383
v -4.403696 -1.47 2.612692
v -4.403696 -1.07 2.612692
v -4.379842 -1.47 2.581801
v -4.379842 -1.07 2.581801
v -4.131034 -1.07 2.154307
v -4.131034 -1.47 2.154307
v -4.061908 -1.47 1.995982
v -4.061908 -1.07 1.995982
v -4.030843 -1.47 1.82604
v -4.030843 -1.07 1.82604
v -4.039486 -1.47 1.653498
v -4.039486 -1.07 1.653498
v -4.087379 -1.47 1.487511
v -4.087379 -1.07 1.487511
v -4.119729 -1.07 1.385477
v -4.119729 -1.47 1.385477
v -4.133433 -1.07 1.279319
v -4.133433 -1.47 1.279319
v -4.259656 -1.07 -1.950212
v -4.259656 -1.47 -1.950212
v -4.250244 -1.07 -2.060981
v -4.250244 -1.47 -2.060981
v -4.213964 -1.07 -2.166061
v -4.213964 -1.47 -2.166061
v -4.153032 -1.07 -2.259042
v -4.153032 -1.47 -2.259042
v -4.071165 -1.07 -2.334247
v -4.071165 -1.47 -2.334247
v -3.973359 -1.07 -2.387089
v -3.973359 -1.47 -2.387089
v -3.865584 -1.07 -2.414341
v -3.865584 -1.47 -2.414341
v -3.754416 -1.07 -2.414341
v -3.754416 -1.47 -2.414341
v -3.646641 -1.07 -2.387089
v -3.646641 -1.47 -2.387089
v -3.548836 -1.07 -2.334247
v -3.548836 -1.47 -2.334247
v -3.466968 -1.07 -2.259042
v -3.466968 -1.47 -2.259042
v -3.406035 -1.07 -2.166061
v -3.406035 -1.47 -2.166061
v -3.369756 -1.07 -2.060981
v -3.369756 -1.47 -2.060981
v -3.360343 -1.07 -1.950212
v -3.360343 -1.47 -1.950212
v -3.486567 -1.07 1.279319
v -3.486567 -1.47 1.279319
v -3.500271 -1.07 1.385477
v -3.500271 -1.47 1.385477
v -3.53262 -1.07 1.487511
v -3.53262 -1.47 1.487511
v -3.580514 -1.47 1.653498
v -3.580514 -1.07 1.653498
v -3.589157 -1.47 1.82604
v -3.589157 -1.07 1.82604
v -3.558092 -1.47 1.995982
v -3.558092 -1.07 1.995982
v -3.488966 -1.47 2.154307
v -3.488966 -1.07 2.154307
v -3.240158 -1.07 2.581801
v -3.240158 -1.47 2.581801
v -3.216305 -1.47 2.612692
v -3.216305 -1.07 2.612692
v -3.18529 -1.47 2.636383
v -3.18529 -1.07 2.636383
v -3.149213 -1.47 2.651271
v -3.149213 -1.07 2.651271
v -3.110517 -1.47 2.656348
v -3.110517 -1.07 2.656348
v -3.010516 -1.07 2.656348
v -3.010516 -1.47 2.656348
v -2.892469 -1.07 -1.1
v -2.892469 -1.47 -1.1
v -2.879542 -1.07 -1.272677
v -2.879542 -1.47 -1.272677
v -2.851728 -1.07 -1.443589
v -2.851728 -1.47 -1.443589
v -2.820459 -1.47 -1.645726
v -2.820459 -1.07 -1.645726
v -2.81 -1.47 -1.85
v -2.81 -1.07 -1.85
v -2.81 -1.07 -3.35
v -2.81 -1.47 -3.35
v -2.816815 -1.47 -3.401764
v -2.816815 -1.07 -3.401764
v -2.836795 -1.47 -3.45
v -2.836795 -1.07 -3.45
v -2.868578 -1.47 -3.491421
v -2.868578 -1.07 -3.491421
v -2.91 -1.47 -3.523205
v -2.91 -1.07 -3.523205
v -2.958236 -1.47 -3.543185
v -2.958236 -1.07 -3.543185
v -3.01 -1.47 -3.55
v -3.01 -1.07 -3.55
v -3.29 -1.07 -3.55
v -3.29 -1.47 -3.55
v -3.341764 -1.07 -3.556815
v -3.341764 -1.47 -3.556815
v -3.39 -1.07 -3.576795
v -3.39 -1.47 -3.576795
v -3.431422 -1.07 -3.608579
v -3.431422 -1.47 -3.608579
v -3.463205 -1.07 -3.65
v -3.463205 -1.47 -3.65
v -3.483185 -1.07 -3.698236
v -3.483185 -1.47 -3.698236
v -3.49 -1.07 -3.75
v -3.49 -1.47 -3.75
v -3.49 -1.07 -6.70359
v -3.49 -1.47 -6.70359
v -3.69 -1.07 -7.45
v -3.93 -1.07 -7.45
v -3.93 -1.47 -7.45
v -3.69 -1.47 -7.45
v 6.03 1.07 -6.70359
v 6.03 1.07 -3.75
v 6.03 1.47 -6.70359
v 6.03 1.47 -3.75
v 6.023185 1.47 -3.698236
v 6.023185 1.07 -3.698236
v 6.003205 1.47 -3.65
v 6.003205 1.07 -3.65
v 5.971422 1.47 -3.608579
v 5.971422 1.07 -3.608579
v 5.93 1.47 -3.576795
v 5.93 1.07 -3.576795
v 5.881764 1.47 -3.556815
v 5.881764 1.07 -3.556815
v 5.83 1.47 -3.55
v 5.83 1.07 -3.55
v 5.55 1.47 -3.55
v 5.55 1.07 -3.55
v 5.498236 1.07 -3.543185
v 5.498236 1.47 -3.543185
v 5.45 1.07 -3.523205
v 5.45 1.47 -3.523205
v 5.408578 1.07 -3.491421
v 5.408578 1.47 -3.491421
v 5.376795 1.07 -3.45
v 5.376795 1.47 -3.45
v 5.356815 1.07 -3.401764
v 5.356815 1.47 -3.401764
v 5.35 1.07 -3.35
v 5.35 1.47 -3.35
v 5.35 1.47 -1.85
v 5.35 1.07 -1.85
v 5.360459 1.07 -1.645726
v 5.360459 1.47 -1.645726
v 5.391727 1.07 -1.443589
v 5.391727 1.47 -1.443589
v 5.419542 1.47 -1.272677
v 5.419542 1.07 -1.272677
v 5.432468 1.47 -1.1
v 5.432468 1.07 -1.1
v 5.550517 1.47 2.656348
v 5.550517 1.07 2.656348
v 5.650517 1.47 2.656348
v 5.650517 1.07 2.656348
v 5.689213 1.07 2.651271
v 5.689213 1.47 2.651271
v 5.72529 1.07 2.636383
v 5.72529 1.47 2.636383
v 5.756305 1.07 2.612692
v 5.756305 1.47 2.612692
v 5.780158 1.07 2.581801
v 5.780158 1.47 2.581801
v 6.028965 1.47 2.154307
v 6.028965 1.07 2.154307
v 6.098092 1.07 1.995982
v 6.098092 1.47 1.995982
v 6.129157 1.07 1.82604
v 6.129157 1.47 1.82604
v 6.120514 1.07 1.653498
v 6.120514 1.47 1.653498
v 6.07262 1.07 1.487511
v 6.07262 1.47 1.487511
v 6.040271 1.47 1.385477
v 6.040271 1.07 1.385477
v 6.026567 1.47 1.279319
v 6.026567 1.07 1.279319
v 5.900343 1.47 -1.950212
v 5.900343 1.07 -1.950212
v 5.909756 1.47 -2.060981
v 5.909756 1.07 -2.060981
v 5.946035 1.47 -2.166061
v 5.946035 1.07 -2.166061
v 6.006968 1.47 -2.259042
v 6.006968 1.07 -2.259042
v 6.088836 1.47 -2.334247
v 6.088836 1.07 -2.334247
v 6.186641 1.47 -2.387089
v 6.186641 1.07 -2.387089
v 6.294416 1.47 -2.414341
v 6.294416 1.07 -2.414341
v 6.405583 1.47 -2.414341
v 6.405583 1.07 -2.414341
v 6.513359 1.47 -2.387089
v 6.513359 1.07 -2.387089
v 6.611164 1.47 -2.334247
v 6.611164 1.07 -2.334247
v 6.693032 1.47 -2.259042
v 6.693032 1.07 -2.259042
v 6.753964 1.47 -2.166061
v 6.753964 1.07 -2.166061
v 6.790244 1.47 -2.060981
v 6.790244 1.07 -2.060981
v 6.799657 1.47 -1.950212
v 6.799657 1.07 -1.950212
v 6.673433 1.47 1.279319
v 6.673433 1.07 1.279319
v 6.659729 1.47 1.385477
v 6.659729 1.07 1.385477
v 6.627379 1.47 1.487511
v 6.627379 1.07 1.487511
v 6.579486 1.07 1.653498
v 6.579486 1.47 1.653498
v 6.570843 1.07 1.82604
v 6.570843 1.47 1.82604
v 6.601908 1.07 1.995982
v 6.601908 1.47 1.995982
v 6.671035 1.07 2.154307
v 6.671035 1.47 2.154307
v 6.919842 1.47 2.581801
v 6.919842 1.07 2.581801
v 6.943695 1.07 2.612692
v 6.943695 1.47 2.612692
v 6.97471 1.07 2.636383
v 6.97471 1.47 2.636383
v 7.010787 1.07 2.651271
v 7.010787 1.47 2.651271
v 7.049483 1.07 2.656348
v 7.049483 1.47 2.656348
v 7.149484 1.47 2.656348
v 7.149484 1.07 2.656348
v 7.267531 1.47 -1.1
v 7.267531 1.07 -1.1
v 7.280458 1.47 -1.272677
v 7.280458 1.07 -1.272677
v 7.308272 1.47 -1.443589
v 7.308272 1.07 -1.443589
v 7.339541 1.07 -1.645726
v 7.339541 1.47 -1.645726
v 7.35 1.07 -1.85
v 7.35 1.47 -1.85
v 7.35 1.47 -3.35
v 7.35 1.07 -3.35
v 7.343185 1.07 -3.401764
v 7.343185 1.47 -3.401764
v 7.323205 1.07 -3.45
v 7.323205 1.47 -3.45
v 7.291421 1.07 -3.491421
v 7.291421 1.47 -3.491421
v 7.25 1.07 -3.523205
v 7.25 1.47 -3.523205
v 7.201764 1.07 -3.543185
v 7.201764 1.47 -3.543185
v 7.15 1.07 -3.55
v 7.15 1.47 -3.55
v 6.87 1.47 -3.55
v 6.87 1.07 -3.55
v 6.818236 1.47 -3.556815
v 6.818236 1.07 -3.556815
v 6.77 1.47 -3.576795
v 6.77 1.07 -3.576795
v 6.728579 1.47 -3.608579
v 6.728579 1.07 -3.608579
v 6.696795 1.47 -3.65
v 6.696795 1.07 -3.65
v 6.676815 1.47 -3.698236
v 6.676815 1.07 -3.698236
v 6.67 1.47 -3.75
v 6.67 1.07 -3.75
v 6.67 1.47 -6.70359
v 6.67 1.07 -6.70359
v 6.47 1.47 -7.45
v 6.23 1.47 -7.45
v 6.23 1.07 -7.45
v 6.47 1.07 -7.45
v -9.21 1.07 -6.70359
v -9.21 1.07 -3.75
v -9.21 1.47 -6.70359
v -9.21 1.47 -3.75
v -9.216815 1.47 -3.698236
v -9.216815 1.07 -3.698236
v -9.236794 1.47 -3.65
v -9.236794 1.07 -3.65
v -9.268579 1.47 -3.608579
v -9.268579 1.07 -3.608579
v -9.309999 1.47 -3.576795
v -9.309999 1.07 -3.576795
v -9.358236 1.47 -3.556815
v -9.358236 1.07 -3.556815
v -9.410001 1.47 -3.55
v -9.410001 1.07 -3.55
v -9.69 1.47 -3.55
v -9.69 1.07 -3.55
v -9.741763 1.07 -3.543185
v -9.741763 1.47 -3.543185
v -9.79 1.07 -3.523205
v -9.79 1.47 -3.523205
v -9.831421 1.07 -3.491421
v -9.831421 1.47 -3.491421
v -9.863205 1.07 -3.45
v -9.863205 1.47 -3.45
v -9.883185 1.07 -3.401764
v -9.883185 1.47 -3.401764
v -9.89 1.07 -3.35
v -9.89 1.47 -3.35
v -9.89 1.47 -1.85
v -9.89 1.07 -1.85
v -9.87954 1.07 -1.645726
v -9.87954 1.47 -1.645726
v -9.848272 1.07 -1.443589
v -9.848272 1.47 -1.443589
v -9.820457 1.47 -1.272677
v -9.820457 1.07 -1.272677
v -9.807531 1.47 -1.1
v -9.807531 1.07 -1.1
v -9.689484 1.47 2.656348
v -9.689484 1.07 2.656348
v -9.589483 1.47 2.656348
v -9.589483 1.07 2.656348
v -9.550787 1.07 2.651271
v -9.550787 1.47 2.651271
v -9.514709 1.07 2.636383
v -9.514709 1.47 2.636383
v -9.483695 1.07 2.612692
v -9.483695 1.47 2.612692
v -9.459842 1.07 2.581801
v -9.459842 1.47 2.581801
v -9.211035 1.47 2.154307
v -9.211035 1.07 2.154307
v -9.141908 1.07 1.995982
v -9.141908 1.47 1.995982
v -9.110843 1.07 1.82604
v -9.110843 1.47 1.82604
v -9.119487 1.07 1.653498
v -9.119487 1.47 1.653498
v -9.167379 1.07 1.487511
v -9.167379 1.47 1.487511
v -9.199728 1.47 1.385477
v -9.199728 1.07 1.385477
v -9.213432 1.47 1.279319
v -9.213432 1.07 1.279319
v -9.339657 1.47 -1.950212
v -9.339657 1.07 -1.950212
v -9.330244 1.47 -2.060981
v -9.330244 1.07 -2.060981
v -9.293964 1.47 -2.166061
v -9.293964 1.07 -2.166061
v -9.233031 1.47 -2.259042
v -9.233031 1.07 -2.259042
v -9.151164 1.47 -2.334247
v -9.151164 1.07 -2.334247
v -9.053359 1.47 -2.387089
v -9.053359 1.07 -2.387089
v -8.945583 1.47 -2.414341
v -8.945583 1.07 -2.414341
v -8.834416 1.47 -2.414341
v -8.834416 1.07 -2.414341
v -8.726642 1.47 -2.387089
v -8.726642 1.07 -2.387089
v -8.628836 1.47 -2.334247
v -8.628836 1.07 -2.334247
v -8.546968 1.47 -2.259042
v -8.546968 1.07 -2.259042
v -8.486035 1.47 -2.166061
v -8.486035 1.07 -2.166061
v -8.449756 1.47 -2.060981
v -8.449756 1.07 -2.060981
v -8.440344 1.47 -1.950212
v -8.440344 1.07 -1.950212
v -8.566566 1.47 1.279319
v -8.566566 1.07 1.279319
v -8.580271 1.47 1.385477
v -8.580271 1.07 1.385477
v -8.61262 1.47 1.487511
v -8.61262 1.07 1.487511
v -8.660514 1.07 1.653498
v -8.660514 1.47 1.653498
v -8.669158 1.07 1.82604
v -8.669158 1.47 1.82604
v -8.638091 1.07 1.995982
v -8.638091 1.47 1.995982
v -8.568966 1.07 2.154307
v -8.568966 1.47 2.154307
v -8.320157 1.47 2.581801
v -8.320157 1.07 2.581801
v -8.296305 1.07 2.612692
v -8.296305 1.47 2.612692
v -8.265289 1.07 2.636383
v -8.265289 1.47 2.636383
v -8.229213 1.07 2.651271
v -8.229213 1.47 2.651271
v -8.190516 1.07 2.656348
v -8.190516 1.47 2.656348
v -8.090516 1.47 2.656348
v -8.090516 1.07 2.656348
v -7.972469 1.47 -1.1
v -7.972469 1.07 -1.1
v -7.959542 1.47 -1.272677
v -7.959542 1.07 -1.272677
v -7.931728 1.47 -1.443589
v -7.931728 1.07 -1.443589
v -7.90046 1.07 -1.645726
v -7.90046 1.47 -1.645726
v -7.89 1.07 -1.85
v -7.89 1.47 -1.85
v -7.89 1.47 -3.35
v -7.89 1.07 -3.35
v -7.896814 1.07 -3.401764
v -7.896814 1.47 -3.401764
v -7.916795 1.07 -3.45
v -7.916795 1.47 -3.45
v -7.948578 1.07 -3.491421
v -7.948578 1.47 -3.491421
v -7.99 1.07 -3.523205
v -7.99 1.47 -3.523205
v -8.038236 1.07 -3.543185
v -8.038236 1.47 -3.543185
v -8.089999 1.07 -3.55
v -8.089999 1.47 -3.55
v -8.37 1.47 -3.55
v -8.37 1.07 -3.55
v -8.421763 1.47 -3.556815
v -8.421763 1.07 -3.556815
v -8.469999 1.47 -3.576795
v -8.469999 1.07 -3.576795
v -8.511421 1.47 -3.608579
v -8.511421 1.07 -3.608579
v -8.543205 1.47 -3.65
v -8.543205 1.07 -3.65
v -8.563185 1.47 -3.698236
v -8.563185 1.07 -3.698236
v -8.57 1.47 -3.75
v -8.57 1.07 -3.75
v -8.57 1.47 -6.70359
v -8.57 1.07 -6.70359
v -8.77 1.47 -7.45
v -9.01 1.47 -7.45
v -9.01 1.07 -7.45
v -8.77 1.07 -7.45
v 8.57 -1.47 -6.70359
v 8.57 -1.47 -3.75
v 8.57 -1.07 -6.70359
v 8.57 -1.07 -3.75
v 8.563185 -1.07 -3.698236
v 8.563185 -1.47 -3.698236
v 8.543205 -1.07 -3.65
v 8.543205 -1.47 -3.65
v 8.511421 -1.07 -3.608579
v 8.511421 -1.47 -3.608579
v 8.469999 -1.07 -3.576795
v 8.469999 -1.47 -3.576795
v 8.421763 -1.07 -3.556815
v 8.421763 -1.47 -3.556815
v 8.37 -1.07 -3.55
v 8.37 -1.47 -3.55
v 8.089999 -1.07 -3.55
v 8.089999 -1.47 -3.55
v 8.038236 -1.47 -3.543185
v 8.038236 -1.07 -3.543185
v 7.99 -1.47 -3.523205
v 7.99 -1.07 -3.523205
v 7.948578 -1.47 -3.491421
v 7.948578 -1.07 -3.491421
v 7.916795 -1.47 -3.45
v 7.916795 -1.07 -3.45
v 7.896814 -1.47 -3.401764
v 7.896814 -1.07 -3.401764
v 7.89 -1.47 -3.35
v 7.89 -1.07 -3.35
v 7.89 -1.07 -1.85
v 7.89 -1.47 -1.85
v 7.90046 -1.47 -1.645726
v 7.90046 -1.07 -1.645726
v 7.931728 -1.47 -1.443589
v 7.931728 -1.07 -1.443589
v 7.959542 -1.07 -1.272677
v 7.959542 -1.47 -1.272677
v 7.972469 -1.07 -1.1
v 7.972469 -1.47 -1.1
v 8.090516 -1.07 2.656348
v 8.090516 -1.47 2.656348
v 8.190516 -1.07 2.656348
v 8.190516 -1.47 2.656348
v 8.229213 -1.47 2.651271
v 8.229213 -1.07 2.651271
v 8.265289 -1.47 2.636383
v 8.265289 -1.07 2.636383
v 8.296305 -1.47 2.612692
v 8.296305 -1.07 2.612692
v 8.320157 -1.47 2.581801
v 8.320157 -1.07 2.581801
v 8.568966 -1.07 2.154307
v 8.568966 -1.47 2.154307
v 8.638091 -1.47 1.995982
v 8.638091 -1.07 1.995982
v 8.669158 -1.47 1.82604
v 8.669158 -1.07 1.82604
v 8.660514 -1.47 1.653498
v 8.660514 -1.07 1.653498
v 8.61262 -1.47 1.487511
v 8.61262 -1.07 1.487511
v 8.580271 -1.07 1.385477
v 8.580271 -1.47 1.385477
v 8.566566 -1.07 1.279319
v 8.566566 -1.47 1.279319
v 8.440344 -1.07 -1.950212
v 8.440344 -1.47 -1.950212
v 8.449756 -1.07 -2.060981
v 8.449756 -1.47 -2.060981
v 8.486035 -1.07 -2.166061
v 8.486035 -1.47 -2.166061
v 8.546968 -1.07 -2.259042
v 8.546968 -1.47 -2.259042
v 8.628836 -1.07 -2.334247
v 8.628836 -1.47 -2.334247
v 8.726642 -1.07 -2.387089
v 8.726642 -1.47 -2.387089
v 8.834416 -1.07 -2.414341
v 8.834416 -1.47 -2.414341
v 8.945583 -1.07 -2.414341
v 8.945583 -1.47 -2.414341
v 9.053359 -1.07 -2.387089
v 9.053359 -1.47 -2.387089
v 9.151164 -1.07 -2.334247
v 9.151164 -1.47 -2.334247
v 9.233031 -1.07 -2.259042
v 9.233031 -1.47 -2.259042
v 9.293964 -1.07 -2.166061
v 9.293964 -1.47 -2.166061
v 9.330244 -1.07 -2.060981
v 9.330244 -1.47 -2.060981
v 9.339657 -1.07 -1.950212
v 9.339657 -1.47 -1.950212
v 9.213432 -1.07 1.279319
v 9.213432 -1.47 1.279319
v 9.199728 -1.07 1.385477
v 9.199728 -1.47 1.385477
v 9.167379 -1.07 1.487511
v 9.167379 -1.47 1.487511
v 9.119487 -1.47 1.653498
v 9.119487 -1.07 1.653498
v 9.110843 -1.47 1.82604
v 9.110843 -1.07 1.82604
v 9.141908 -1.47 1.995982
v 9.141908 -1.07 1.995982
v 9.211035 -1.47 2.154307
v 9.211035 -1.07 2.154307
v 9.459842 -1.07 2.581801
v 9.459842 -1.47 2.581801
v 9.483695 -1.47 2.612692
v 9.483695 -1.07 2.612692
v 9.514709 -1.47 2.636383
v 9.514709 -1.07 2.636383
v 9.550787 -1.47 2.651271
v 9.550787 -1.07 2.651271
v 9.589483 -1.47 2.656348
v 9.589483 -1.07 2.656348
v 9.689484 -1.07 2.656348
v 9.689484 -1.47 2.656348
v 9.807531 -1.07 -1.1
v 9.807531 -1.47 -1.1
v 9.820457 -1.07 -1.272677
v 9.820457 -1.47 -1.272677
v 9.848272 -1.07 -1.443589
v 9.848272 -1.47 -1.443589
v 9.87954 -1.47 -1.645726
v 9.87954 -1.07 -1.645726
v 9.89 -1.47 -1.85
v 9.89 -1.07 -1.85
v 9.89 -1.07 -3.35
v 9.89 -1.47 -3.35
v 9.883185 -1.47 -3.401764
v 9.883185 -1.07 -3.401764
v 9.863205 -1.47 -3.45
v 9.863205 -1.07 -3.45
v 9.831421 -1.47 -3.491421
v 9.831421 -1.07 -3.491421
v 9.79 -1.47 -3.523205
v 9.79 -1.07 -3.523205
v 9.741763 -1.47 -3.543185
v 9.741763 -1.07 -3.543185
v 9.69 -1.47 -3.55
v 9.69 -1.07 -3.55
v 9.410001 -1.07 -3.55
v 9.410001 -1.47 -3.55
v 9.358236 -1.07 -3.556815
v 9.358236 -1.47 -3.556815
v 9.309999 -1.07 -3.576795
v 9.309999 -1.47 -3.576795
v 9.268579 -1.07 -3.608579
v 9.268579 -1.47 -3.608579
v 9.236794 -1.07 -3.65
v 9.236794 -1.47 -3.65
v 9.216815 -1.07 -3.698236
v 9.216815 -1.47 -3.698236
v 9.21 -1.07 -3.75
v 9.21 -1.47 -3.75
v 9.21 -1.07 -6.70359
v 9.21 -1.47 -6.70359
v 9.01 -1.07 -7.45
v 8.77 -1.07 -7.45
v 8.77 -1.47 -7.45
v 9.01 -1.47 -7.45
v -6.67 -1.47 -6.70359
v -6.67 -1.47 -3.75
v -6.67 -1.07 -6.70359
v -6.67 -1.07 -3.75
v -6.676815 -1.07 -3.698236
v -6.676815 -1.47 -3.698236
v -6.696795 -1.07 -3.65
v -6.696795 -1.47 -3.65
v -6.728579 -1.07 -3.608579
v -6.728579 -1.47 -3.608579
v -6.77 -1.07 -3.576795
v -6.77 -1.47 -3.576795
v -6.818236 -1.07 -3.556815
v -6.818236 -1.47 -3.556815
v -6.87 -1.07 -3.55
v -6.87 -1.47 -3.55
v -7.15 -1.07 -3.55
v -7.15 -1.47 -3.55
v -7.201764 -1.47 -3.543185
v -7.201764 -1.07 -3.543185
v -7.25 -1.47 -3.523205
v -7.25 -1.07 -3.523205
v -7.291421 -1.47 -3.491421
v -7.291421 -1.07 -3.491421
v -7.323205 -1.47 -3.45
v -7.323205 -1.07 -3.45
v -7.343185 -1.47 -3.401764
v -7.343185 -1.07 -3.401764
v -7.35 -1.47 -3.35
v -7.35 -1.07 -3.35
v -7.35 -1.07 -1.85
v -7.35 -1.47 -1.85
v -7.339541 -1.47 -1.645726
v -7.339541 -1.07 -1.645726
v -7.308272 -1.47 -1.443589
v -7.308272 -1.07 -1.443589
v -7.280458 -1.07 -1.272677
v -7.280458 -1.47 -1.272677
v -7.267531 -1.07 -1.1
v -7.267531 -1.47 -1.1
v -7.149484 -1.07 2.656348
v -7.149484 -1.47 2.656348
v -7.049483 -1.07 2.656348
v -7.049483 -1.47 2.656348
v -7.010787 -1.47 2.651271
v -7.010787 -1.07 2.651271
v -6.97471 -1.47 2.636383
v -6.97471 -1.07 2.636383
v -6.943695 -1.47 2.612692
v -6.943695 -1.07 2.612692
v -6.919842 -1.47 2.581801
v -6.919842 -1.07 2.581801
v -6.671035 -1.07 2.154307
v -6.671035 -1.47 2.154307
v -6.601908 -1.47 1.995982
v -6.601908 -1.07 1.995982
v -6.570843 -1.47 1.82604
v -6.570843 -1.07 1.82604
v -6.579486 -1.47 1.653498
v -6.579486 -1.07 1.653498
v -6.627379 -1.47 1.487511
v -6.627379 -1.07 1.487511
v -6.659729 -1.07 1.385477
v -6.659729 -1.47 1.385477
v -6.673433 -1.07 1.279319
v -6.673433 -1.47 1.279319
v -6.799657 -1.07 -1.950212
v -6.799657 -1.47 -1.950212
v -6.790244 -1.07 -2.060981
v -6.790244 -1.47 -2.060981
v -6.753964 -1.07 -2.166061
v -6.753964 -1.47 -2.166061
v -6.693032 -1.07 -2.259042
v -6.693032 -1.47 -2.259042
v -6.611164 -1.07 -2.334247
v -6.611164 -1.47 -2.334247
v -6.513359 -1.07 -2.387089
v -6.513359 -1.47 -2.387089
v -6.405583 -1.07 -2.414341
v -6.405583 -1.47 -2.414341
v -6.294416 -1.07 -2.414341
v -6.294416 -1.47 -2.414341
v -6.186641 -1.07 -2.387089
v -6.186641 -1.47 -2.387089
v -6.088836 -1.07 -2.334247
v -6.088836 -1.47 -2.334247
v -6.006968 -1.07 -2.259042
v -6.006968 -1.47 -2.259042
v -5.946035 -1.07 -2.166061
v -5.946035 -1.47 -2.166061
v -5.909756 -1.07 -2.060981
v -5.909756 -1.47 -2.060981
v -5.900343 -1.07 -1.950212
v -5.900343 -1.47 -1.950212
v -6.026567 -1.07 1.279319
v -6.026567 -1.47 1.279319
v -6.040271 -1.07 1.385477
v -6.040271 -1.47 1.385477
v -6.07262 -1.07 1.487511
v -6.07262 -1.47 1.487511
v -6.120514 -1.47 1.653498
v -6.120514 -1.07 1.653498
v -6.129157 -1.47 1.82604
v -6.129157 -1.07 1.82604
v -6.098092 -1.47 1.995982
v -6.098092 -1.07 1.995982
v -6.028965 -1.47 2.154307
v -6.028965 -1.07 2.154307
v -5.780158 -1.07 2.581801
v -5.780158 -1.47 2.581801
v -5.756305 -1.47 2.612692
v -5.756305 -1.07 2.612692
v -5.72529 -1.47 2.636383
v -5.72529 -1.07 2.636383
v -5.689213 -1.47 2.651271
v -5.689213 -1.07 2.651271
v -5.650517 -1.47 2.656348
v -5.650517 -1.07 2.656348
v -5.550517 -1.07 2.656348
v -5.550517 -1.47 2.656348
v -5.432468 -1.07 -1.1
v -5.432468 -1.47 -1.1
v -5.419542 -1.07 -1.272677
v -5.419542 -1.47 -1.272677
v -5.391727 -1.07 -1.443589
v -5.391727 -1.47 -1.443589
v -5.360459 -1.47 -1.645726
v -5.360459 -1.07 -1.645726
v -5.35 -1.47 -1.85
v -5.35 -1.07 -1.85
v -5.35 -1.07 -3.35
v -5.35 -1.47 -3.35
v -5.356815 -1.47 -3.401764
v -5.356815 -1.07 -3.401764
v -5.376795 -1.47 -3.45
v -5.376795 -1.07 -3.45
v -5.408578 -1.47 -3.491421
v -5.408578 -1.07 -3.491421
v -5.45 -1.47 -3.523205
v -5.45 -1.07 -3.523205
v -5.498236 -1.47 -3.543185
v -5.498236 -1.07 -3.543185
v -5.55 -1.47 -3.55
v -5.55 -1.07 -3.55
v -5.83 -1.07 -3.55
v -5.83 -1.47 -3.55
v -5.881764 -1.07 -3.556815
v -5.881764 -1.47 -3.556815
v -5.93 -1.07 -3.576795
v -5.93 -1.47 -3.576795
v -5.971422 -1.07 -3.608579
v -5.971422 -1.47 -3.608579
v -6.003205 -1.07 -3.65
v -6.003205 -1.47 -3.65
v -6.023185 -1.07 -3.698236
v -6.023185 -1.47 -3.698236
v -6.03 -1.07 -3.75
v -6.03 -1.47 -3.75
v -6.03 -1.07 -6.70359
v -6.03 -1.47 -6.70359
v -6.23 -1.07 -7.45
v -6.47 -1.07 -7.45
v -6.47 -1.47 -7.45
v -6.23 -1.47 -7.45
v 3.49 1.07 -6.70359
v 3.49 1.07 -3.75
v 3.49 1.47 -6.70359
v 3.49 1.47 -3.75
v 3.483185 1.47 -3.698236
v 3.483185 1.07 -3.698236
v 3.463205 1.47 -3.65
v 3.463205 1.07 -3.65
v 3.431422 1.47 -3.608579
v 3.431422 1.07 -3.608579
v 3.39 1.47 -3.576795
v 3.39 1.07 -3.576795
v 3.341764 1.47 -3.556815
v 3.341764 1.07 -3.556815
v 3.29 1.47 -3.55
v 3.29 1.07 -3.55
v 3.01 1.47 -3.55
v 3.01 1.07 -3.55
v 2.958236 1.07 -3.543185
v 2.958236 1.47 -3.543185
v 2.91 1.07 -3.523205
v 2.91 1.47 -3.523205
v 2.868578 1.07 -3.491421
v 2.868578 1.47 -3.491421
v 2.836795 1.07 -3.45
v 2.836795 1.47 -3.45
v 2.816815 1.07 -3.401764
v 2.816815 1.47 -3.401764
v 2.81 1.07 -3.35
v 2.81 1.47 -3.35
v 2.81 1.47 -1.85
v 2.81 1.07 -1.85
v 2.820459 1.07 -1.645726
v 2.820459 1.47 -1.645726
v 2.851728 1.07 -1.443589
v 2.851728 1.47 -1.443589
v 2.879542 1.47 -1.272677
v 2.879542 1.07 -1.272677
v 2.892469 1.47 -1.1
v 2.892469 1.07 -1.1
v 3.010516 1.47 2.656348
v 3.010516 1.07 2.656348
v 3.110517 1.47 2.656348
v 3.110517 1.07 2.656348
v 3.149213 1.07 2.651271
v 3.149213 1.47 2.651271
v 3.18529 1.07 2.636383
v 3.18529 1.47 2.636383
v 3.216305 1.07 2.612692
v 3.216305 1.47 2.612692
v 3.240158 1.07 2.581801
v 3.240158 1.47 2.581801
v 3.488966 1.47 2.154307
v 3.488966 1.07 2.154307
v 3.558092 1.07 1.995982
v 3.558092 1.47 1.995982
v 3.589157 1.07 1.82604
v 3.589157 1.47 1.82604
v 3.580514 1.07 1.653498
v 3.580514 1.47 1.653498
v 3.53262 1.07 1.487511
v 3.53262 1.47 1.487511
v 3.500271 1.47 1.385477
v 3.500271 1.07 1.385477
v 3.486567 1.47 1.279319
v 3.486567 1.07 1.279319
v 3.360343 1.47 -1.950212
v 3.360343 1.07 -1.950212
v 3.369756 1.47 -2.060981
v 3.369756 1.07 -2.060981
v 3.406035 1.47 -2.166061
v 3.406035 1.07 -2.166061
v 3.466968 1.47 -2.259042
v 3.466968 1.07 -2.259042
v 3.548836 1.47 -2.334247
v 3.548836 1.07 -2.334247
v 3.646641 1.47 -2.387089
v 3.646641 1.07 -2.387089
v 3.754416 1.47 -2.414341
v 3.754416 1.07 -2.414341
v 3.865584 1.47 -2.414341
v 3.865584 1.07 -2.414341
v 3.973359 1.47 -2.387089
v 3.973359 1.07 -2.387089
v 4.071165 1.47 -2.334247
v 4.071165 1.07 -2.334247
v 4.153032 1.47 -2.259042
v 4.153032 1.07 -2.259042
v 4.213964 1.47 -2.166061
v 4.213964 1.07 -2.166061
v 4.250244 1.47 -2.060981
v 4.250244 1.07 -2.060981
v 4.259656 1.47 -1.950212
v 4.259656 1.07 -1.950212
v 4.133433 1.47 1.279319
v 4.133433 1.07 1.279319
v 4.119729 1.47 1.385477
v 4.119729 1.07 1.385477
v 4.087379 1.47 1.487511
v 4.087379 1.07 1.487511
v 4.039486 1.07 1.653498
v 4.039486 1.47 1.653498
v 4.030843 1.07 1.82604
v 4.030843 1.47 1.82604
v 4.061908 1.07 1.995982
v 4.061908 1.47 1.995982
v 4.131034 1.07 2.154307
v 4.131034 1.47 2.154307
v 4.379842 1.47 2.581801
v 4.379842 1.07 2.581801
v 4.403696 1.07 2.612692
v 4.403696 1.47 2.612692
v 4.434711 1.07 2.636383
v 4.434711 1.47 2.636383
v 4.470787 1.07 2.651271
v 4.470787 1.47 2.651271
v 4.509483 1.07 2.656348
v 4.509483 1.47 2.656348
v 4.609483 1.47 2.656348
v 4.609483 1.07 2.656348
v 4.727531 1.47 -1.1
v 4.727531 1.07 -1.1
v 4.740458 1.47 -1.272677
v 4.740458 1.07 -1.272677
v 4.768272 1.47 -1.443589
v 4.768272 1.07 -1.443589
v 4.799541 1.07 -1.645726
v 4.799541 1.47 -1.645726
v 4.81 1.07 -1.85
v 4.81 1.47 -1.85
v 4.81 1.47 -3.35
v 4.81 1.07 -3.35
v 4.803185 1.07 -3.401764
v 4.803185 1.47 -3.401764
v 4.783205 1.07 -3.45
v 4.783205 1.47 -3.45
v 4.751421 1.07 -3.491421
v 4.751421 1.47 -3.491421
v 4.71 1.07 -3.523205
v 4.71 1.47 -3.523205
v 4.661764 1.07 -3.543185
v 4.661764 1.47 -3.543185
v 4.61 1.07 -3.55
v 4.61 1.47 -3.55
v 4.33 1.47 -3.55
v 4.33 1.07 -3.55
v 4.278236 1.47 -3.556815
v 4.278236 1.07 -3.556815
v 4.23 1.47 -3.576795
v 4.23 1.07 -3.576795
v 4.188579 1.47 -3.608579
v 4.188579 1.07 -3.608579
v 4.156795 1.47 -3.65
v 4.156795 1.07 -3.65
v 4.136815 1.47 -3.698236
v 4.136815 1.07 -3.698236
v 4.13 1.47 -3.75
v 4.13 1.07 -3.75
v 4.13 1.47 -6.70359
v 4.13 1.07 -6.70359
v 3.93 1.47 -7.45
v 3.69 1.47 -7.45
v 3.69 1.07 -7.45
v 3.93 1.07 -7.45
v -11.75 1.07 -6.70359
v -11.75 1.07 -3.75
v -11.75 1.47 -6.70359
v -11.75 1.47 -3.75
v -11.756815 1.47 -3.698236
v -11.756815 1.07 -3.698236
v -11.776794 1.47 -3.65
v -11.776794 1.07 -3.65
v -11.808578 1.47 -3.608579
v -11.808578 1.07 -3.608579
v -11.85 1.47 -3.576795
v -11.85 1.07 -3.576795
v -11.898236 1.47 -3.556815
v -11.898236 1.07 -3.556815
v -11.95 1.47 -3.55
v -11.95 1.07 -3.55
v -12.23 1.47 -3.55
v -12.23 1.07 -3.55
v -12.281763 1.07 -3.543185
v -12.281763 1.47 -3.543185
v -12.33 1.07 -3.523205
v -12.33 1.47 -3.523205
v -12.371422 1.07 -3.491421
v -12.371422 1.47 -3.491421
v -12.403205 1.07 -3.45
v -12.403205 1.47 -3.45
v -12.423184 1.07 -3.401764
v -12.423184 1.47 -3.401764
v -12.43 1.07 -3.35
v -12.43 1.47 -3.35
v -12.43 1.47 -1.85
v -12.43 1.07 -1.85
v -12.41954 1.07 -1.645726
v -12.41954 1.47 -1.645726
v -12.388272 1.07 -1.443589
v -12.388272 1.47 -1.443589
v -12.360458 1.47 -1.272677
v -12.360458 1.07 -1.272677
v -12.347531 1.47 -1.1
v -12.347531 1.07 -1.1
v -12.229484 1.47 2.656348
v -12.229484 1.07 2.656348
v -12.129484 1.47 2.656348
v -12.129484 1.07 2.656348
v -12.090787 1.07 2.651271
v -12.090787 1.47 2.651271
v -12.05471 1.07 2.636383
v -12.05471 1.47 2.636383
v -12.023696 1.07 2.612692
v -12.023696 1.47 2.612692
v -11.999842 1.07 2.581801
v -11.999842 1.47 2.581801
v -11.751035 1.47 2.154307
v -11.751035 1.07 2.154307
v -11.681909 1.07 1.995982
v -11.681909 1.47 1.995982
v -11.650843 1.07 1.82604
v -11.650843 1.47 1.82604
v -11.659486 1.07 1.653498
v -11.659486 1.47 1.653498
v -11.707379 1.07 1.487511
v -11.707379 1.47 1.487511
v -11.739729 1.47 1.385477
v -11.739729 1.07 1.385477
v -11.753433 1.47 1.279319
v -11.753433 1.07 1.279319
v -11.879657 1.47 -1.950212
v -11.879657 1.07 -1.950212
v -11.870245 1.47 -2.060981
v -11.870245 1.07 -2.060981
v -11.833965 1.47 -2.166061
v -11.833965 1.07 -2.166061
v -11.773032 1.47 -2.259042
v -11.773032 1.07 -2.259042
v -11.691164 1.47 -2.334247
v -11.691164 1.07 -2.334247
v -11.593359 1.47 -2.387089
v -11.593359 1.07 -2.387089
v -11.485584 1.47 -2.414341
v -11.485584 1.07 -2.414341
v -11.374416 1.47 -2.414341
v -11.374416 1.07 -2.414341
v -11.266642 1.47 -2.387089
v -11.266642 1.07 -2.387089
v -11.168836 1.47 -2.334247
v -11.168836 1.07 -2.334247
v -11.086968 1.47 -2.259042
v -11.086968 1.07 -2.259042
v -11.026035 1.47 -2.166061
v -11.026035 1.07 -2.166061
v -10.989756 1.47 -2.060981
v -10.989756 1.07 -2.060981
v -10.980344 1.47 -1.950212
v -10.980344 1.07 -1.950212
v -11.106567 1.47 1.279319
v -11.106567 1.07 1.279319
v -11.120271 1.47 1.385477
v -11.120271 1.07 1.385477
v -11.15262 1.47 1.487511
v -11.15262 1.07 1.487511
v -11.200514 1.07 1.653498
v -11.200514 1.47 1.653498
v -11.209157 1.07 1.82604
v -11.209157 1.47 1.82604
v -11.178091 1.07 1.995982
v -11.178091 1.47 1.995982
v -11.108966 1.07 2.154307
v -11.108966 1.47 2.154307
v -10.860158 1.47 2.581801
v -10.860158 1.07 2.581801
v -10.836304 1.07 2.612692
v -10.836304 1.47 2.612692
v -10.80529 1.07 2.636383
v -10.80529 1.47 2.636383
v -10.769213 1.07 2.651271
v -10.769213 1.47 2.651271
v -10.730516 1.07 2.656348
v -10.730516 1.47 2.656348
v -10.630516 1.47 2.656348
v -10.630516 1.07 2.656348
v -10.512468 1.47 -1.1
v -10.512468 1.07 -1.1
v -10.499542 1.47 -1.272677
v -10.499542 1.07 -1.272677
v -10.471727 1.47 -1.443589
v -10.471727 1.07 -1.443589
v -10.440459 1.07 -1.645726
v -10.440459 1.47 -1.645726
v -10.429999 1.07 -1.85
v -10.429999 1.47 -1.85
v -10.429999 1.47 -3.35
v -10.429999 1.07 -3.35
v -10.436815 1.07 -3.401764
v -10.436815 1.47 -3.401764
v -10.456795 1.07 -3.45
v -10.456795 1.47 -3.45
v -10.488579 1.07 -3.491421
v -10.488579 1.47 -3.491421
v -10.53 1.07 -3.523205
v -10.53 1.47 -3.523205
v -10.578237 1.07 -3.543185
v -10.578237 1.47 -3.543185
v -10.63 1.07 -3.55
v -10.63 1.47 -3.55
v -10.91 1.47 -3.55
v -10.91 1.07 -3.55
v -10.961763 1.47 -3.556815
v -10.961763 1.07 -3.556815
v -11.009999 1.47 -3.576795
v -11.009999 1.07 -3.576795
v -11.051421 1.47 -3.608579
v -11.051421 1.07 -3.608579
v -11.083205 1.47 -3.65
v -11.083205 1.07 -3.65
v -11.103185 1.47 -3.698236
v -11.103185 1.07 -3.698236
v -11.110001 1.47 -3.75
v -11.110001 1.07 -3.75
v -11.110001 1.47 -6.70359
v -11.110001 1.07 -6.70359
v -11.31 1.47 -7.45
v -11.55 1.47 -7.45
v -11.55 1.07 -7.45
v -11.31 1.07 -7.45
v 6.03 -1.47 -6.70359
v 6.03 -1.47 -3.75
v 6.03 -1.07 -6.70359
v 6.03 -1.07 -3.75
v 6.023185 -1.07 -3.698236
v 6.023185 -1.47 -3.698236
v 6.003205 -1.07 -3.65
v 6.003205 -1.47 -3.65
v 5.971422 -1.07 -3.608579
v 5.971422 -1.47 -3.608579
v 5.93 -1.07 -3.576795
v 5.93 -1.47 -3.576795
v 5.881764 -1.07 -3.556815
v 5.881764 -1.47 -3.556815
v 5.83 -1.07 -3.55
v 5.83 -1.47 -3.55
v 5.55 -1.07 -3.55
v 5.55 -1.47 -3.55
v 5.498236 -1.47 -3.543185
v 5.498236 -1.07 -3.543185
v 5.45 -1.47 -3.523205
v 5.45 -1.07 -3.523205
v 5.408578 -1.47 -3.491421
v 5.408578 -1.07 -3.491421
v 5.376795 -1.47 -3.45
v 5.376795 -1.07 -3.45
v 5.356815 -1.47 -3.401764
v 5.356815 -1.07 -3.401764
v 5.35 -1.47 -3.35
v 5.35 -1.07 -3.35
v 5.35 -1.07 -1.85
v 5.35 -1.47 -1.85
v 5.360459 -1.47 -1.645726
v 5.360459 -1.07 -1.645726
v 5.391727 -1.47 -1.443589
v 5.391727 -1.07 -1.443589
v 5.419542 -1.07 -1.272677
v 5.419542 -1.47 -1.272677
v 5.432468 -1.07 -1.1
v 5.432468 -1.47 -1.1
v 5.550517 -1.07 2.656348
v 5.550517 -1.47 2.656348
v 5.650517 -1.07 2.656348
v 5.650517 -1.47 2.656348
v 5.689213 -1.47 2.651271
v 5.689213 -1.07 2.651271
v 5.72529 -1.47 2.636383
v 5.72529 -1.07 2.636383
v 5.756305 -1.47 2.612692
v 5.756305 -1.07 2.612692
v 5.780158 -1.47 2.581801
v 5.780158 -1.07 2.581801
v 6.028965 -1.07 2.154307
v 6.028965 -1.47 2.154307
v 6.098092 -1.47 1.995982
v 6.098092 -1.07 1.995982
v 6.129157 -1.47 1.82604
v 6.129157 -1.07 1.82604
v 6.120514 -1.47 1.653498
v 6.120514 -1.07 1.653498
v 6.07262 -1.47 1.487511
v 6.07262 -1.07 1.487511
v 6.040271 -1.07 1.385477
v 6.040271 -1.47 1.385477
v 6.026567 -1.07 1.279319
v 6.026567 -1.47 1.279319
v 5.900343 -1.07 -1.950212
v 5.900343 -1.47 -1.950212
v 5.909756 -1.07 -2.060981
v 5.909756 -1.47 -2.060981
v 5.946035 -1.07 -2.166061
v 5.946035 -1.47 -2.166061
v 6.006968 -1.07 -2.259042
v 6.006968 -1.47 -2.259042
v 6.088836 -1.07 -2.334247
v 6.088836 -1.47 -2.334247
v 6.186641 -1.07 -2.387089
v 6.186641 -1.47 -2.387089
v 6.294416 -1.07 -2.414341
v 6.294416 -1.47 -2.414341
v 6.405583 -1.07 -2.414341
v 6.405583 -1.47 -2.414341
v 6.513359 -1.07 -2.387089
v 6.513359 -1.47 -2.387089
v 6.611164 -1.07 -2.334247
v 6.611164 -1.47 -2.334247
v 6.693032 -1.07 -2.259042
v 6.693032 -1.47 -2.259042
v 6.753964 -1.07 -2.166061
v 6.753964 -1.47 -2.166061
v 6.790244 -1.07 -2.060981
v 6.790244 -1.47 -2.060981
v 6.799657 -1.07 -1.950212
v 6.799657 -1.47 -1.950212
v 6.673433 -1.07 1.279319
v 6.673433 -1.47 1.279319
v 6.659729 -1.07 1.385477
v 6.659729 -1.47 1.385477
v 6.627379 -1.07 1.487511
v 6.627379 -1.47 1.487511
v 6.579486 -1.47 1.653498
v 6.579486 -1.07 1.653498
v 6.570843 -1.47 1.82604
v 6.570843 -1.07 1.82604
v 6.601908 -1.47 1.995982
v 6.601908 -1.07 1.995982
v 6.671035 -1.47 2.154307
v 6.671035 -1.07 2.154307
v 6.919842 -1.07 2.581801
v 6.919842 -1.47 2.581801
v 6.943695 -1.47 2.612692
v 6.943695 -1.07 2.612692
v 6.97471 -1.47 2.636383
v 6.97471 -1.07 2.636383
v 7.010787 -1.47 2.651271
v 7.010787 -1.07 2.651271
v 7.049483 -1.47 2.656348
v 7.049483 -1.07 2.656348
v 7.149484 -1.07 2.656348
v 7.149484 -1.47 2.656348
v 7.267531 -1.07 -1.1
v 7.267531 -1.47 -1.1
v 7.280458 -1.07 -1.272677
v 7.280458 -1.47 -1.272677
v 7.308272 -1.07 -1.443589
v 7.308272 -1.47 -1.443589
v 7.339541 -1.47 -1.645726
v 7.339541 -1.07 -1.645726
v 7.35 -1.47 -1.85
v 7.35 -1.07 -1.85
v 7.35 -1.07 -3.35
v 7.35 -1.47 -3.35
v 7.343185 -1.47 -3.401764
v 7.343185 -1.07 -3.401764
v 7.323205 -1.47 -3.45
v 7.323205 -1.07 -3.45
v 7.291421 -1.47 -3.491421
v 7.291421 -1.07 -3.491421
v 7.25 -1.47 -3.523205
v 7.25 -1.07 -3.523205
v 7.201764 -1.47 -3.543185
v 7.201764 -1.07 -3.543185
v 7.15 -1.47 -3.55
v 7.15 -1.07 -3.55
v 6.87 -1.07 -3.55
v 6.87 -1.47 -3.55
v 6.818236 -1.07 -3.556815
v 6.818236 -1.47 -3.556815
v 6.77 -1.07 -3.576795
v 6.77 -1.47 -3.576795
v 6.728579 -1.07 -3.608579
v 6.728579 -1.47 -3.608579
v 6.696795 -1.07 -3.65
v 6.696795 -1.47 -3.65
v 6.676815 -1.07 -3.698236
v 6.676815 -1.47 -3.698236
v 6.67 -1.07 -3.75
v 6.67 -1.47 -3.75
v 6.67 -1.07 -6.70359
v 6.67 -1.47 -6.70359
v 6.47 -1.07 -7.45
v 6.23 -1.07 -7.45
v 6.23 -1.47 -7.45
v 6.47 -1.47 -7.45
v -9.21 -1.47 -6.70359
v -9.21 -1.47 -3.75
v -9.21 -1.07 -6.70359
v -9.21 -1.07 -3.75
v -9.216815 -1.07 -3.698236
v -9.216815 -1.47 -3.698236
v -9.236794 -1.07 -3.65
v -9.236794 -1.47 -3.65
v -9.268579 -1.07 -3.608579
v -9.268579 -1.47 -3.608579
v -9.309999 -1.07 -3.576795
v -9.309999 -1.47 -3.576795
v -9.358236 -1.07 -3.556815
v -9.358236 -1.47 -3.556815
v -9.410001 -1.07 -3.55
v -9.410001 -1.47 -3.55
v -9.69 -1.07 -3.55
v -9.69 -1.47 -3.55
v -9.741763 -1.47 -3.543185
v -9.741763 -1.07 -3.543185
v -9.79 -1.47 -3.523205
v -9.79 -1.07 -3.523205
v -9.831421 -1.47 -3.491421
v -9.831421 -1.07 -3.491421
v -9.863205 -1.47 -3.45
v -9.863205 -1.07 -3.45
v -9.883185 -1.47 -3.401764
v -9.883185 -1.07 -3.401764
v -9.89 -1.47 -3.35
v -9.89 -1.07 -3.35
v -9.89 -1.07 -1.85
v -9.89 -1.47 -1.85
v -9.87954 -1.47 -1.645726
v -9.87954 -1.07 -1.645726
v -9.848272 -1.47 -1.443589
v -9.848272 -1.07 -1.443589
v -9.820457 -1.07 -1.272677
v -9.820457 -1.47 -1.272677
v -9.807531 -1.07 -1.1
v -9.807531 -1.47 -1.1
v -9.689484 -1.07 2.656348
v -9.689484 -1.47 2.656348
v -9.589483 -1.07 2.656348
v -9.589483 -1.47 2.656348
v -9.550787 -1.47 2.651271
v -9.550787 -1.07 2.651271
v -9.514709 -1.47 2.636383
v -9.514709 -1.07 2.636383
v -9.483695 -1.47 2.612692
v -9.483695 -1.07 2.612692
v -9.459842 -1.47 2.581801
v -9.459842 -1.07 2.581801
v -9.211035 -1.07 2.154307
v -9.211035 -1.47 2.154307
v -9.141908 -1.47 1.995982
v -9.141908 -1.07 1.995982
v -9.110843 -1.47 1.82604
v -9.110843 -1.07 1.82604
v -9.119487 -1.47 1.653498
v -9.119487 -1.07 1.653498
v -9.167379 -1.47 1.487511
v -9.167379 -1.07 1.487511
v -9.199728 -1.07 1.385477
v -9.199728 -1.47 1.385477
v -9.213432 -1.07 1.279319
v -9.213432 -1.47 1.279319
v -9.339657 -1.07 -1.950212
v -9.339657 -1.47 -1.950212
v -9.330244 -1.07 -2.060981
v -9.330244 -1.47 -2.060981
v -9.293964 -1.07 -2.166061
v -9.293964 -1.47 -2.166061
v -9.233031 -1.07 -2.259042
v -9.233031 -1.47 -2.259042
v -9.151164 -1.07 -2.334247
v -9.151164 -1.47 -2.334247
v -9.053359 -1.07 -2.387089
v -9.053359 -1.47 -2.387089
v -8.945583 -1.07 -2.414341
v -8.945583 -1.47 -2.414341
v -8.834416 -1.07 -2.414341
v -8.834416 -1.47 -2.414341
v -8.726642 -1.07 -2.387089
v -8.726642 -1.47 -2.387089
v -8.628836 -1.07 -2.334247
v -8.628836 -1.47 -2.334247
v -8.546968 -1.07 -2.259042
v -8.546968 -1.47 -2.259042
v -8.486035 -1.07 -2.166061
v -8.486035 -1.47 -2.166061
v -8.449756 -1.07 -2.060981
v -8.449756 -1.47 -2.060981
v -8.440344 -1.07 -1.950212
v -8.440344 -1.47 -1.950212
v -8.566566 -1.07 1.279319
v -8.566566 -1.47 1.279319
v -8.580271 -1.07 1.385477
v -8.580271 -1.47 1.385477
v -8.61262 -1.07 1.487511
v -8.61262 -1.47 1.487511
v -8.660514 -1.47 1.653498
v -8.660514 -1.07 1.653498
v -8.669158 -1.47 1.82604
v -8.669158 -1.07 1.82604
v -8.638091 -1.47 1.995982
v -8.638091 -1.07 1.995982
v -8.568966 -1.47 2.154307
v -8.568966 -1.07 2.154307
v -8.320157 -1.07 2.581801
v -8.320157 -1.47 2.581801
v -8.296305 -1.47 2.612692
v -8.296305 -1.07 2.612692
v -8.265289 -1.47 2.636383
v -8.265289 -1.07 2.636383
v -8.229213 -1.47 2.651271
v -8.229213 -1.07 2.651271
v -8.190516 -1.47 2.656348
v -8.190516 -1.07 2.656348
v -8.090516 -1.07 2.656348
v -8.090516 -1.47 2.656348
v -7.972469 -1.07 -1.1
v -7.972469 -1.47 -1.1
v -7.959542 -1.07 -1.272677
v -7.959542 -1.47 -1.272677
v -7.931728 -1.07 -1.443589
v -7.931728 -1.47 -1.443589
v -7.90046 -1.47 -1.645726
v -7.90046 -1.07 -1.645726
v -7.89 -1.47 -1.85
v -7.89 -1.07 -1.85
v -7.89 -1.07 -3.35
v -7.89 -1.47 -3.35
v -7.896814 -1.47 -3.401764
v -7.896814 -1.07 -3.401764
v -7.916795 -1.47 -3.45
v -7.916795 -1.07 -3.45
v -7.948578 -1.47 -3.491421
v -7.948578 -1.07 -3.491421
v -7.99 -1.47 -3.523205
v -7.99 -1.07 -3.523205
v -8.038236 -1.47 -3.543185
v -8.038236 -1.07 -3.543185
v -8.089999 -1.47 -3.55
v -8.089999 -1.07 -3.55
v -8.37 -1.07 -3.55
v -8.37 -1.47 -3.55
v -8.421763 -1.07 -3.556815
v -8.421763 -1.47 -3.556815
v -8.469999 -1.07 -3.576795
v -8.469999 -1.47 -3.576795
v -8.511421 -1.07 -3.608579
v -8.511421 -1.47 -3.608579
v -8.543205 -1.07 -3.65
v -8.543205 -1.47 -3.65
v -8.563185 -1.07 -3.698236
v -8.563185 -1.47 -3.698236
v -8.57 -1.07 -3.75
v -8.57 -1.47 -3.75
v -8.57 -1.07 -6.70359
v -8.57 -1.47 -6.70359
v -8.77 -1.07 -7.45
v -9.01 -1.07 -7.45
v -9.01 -1.47 -7.45
v -8.77 -1.47 -7.45
v 0.95 1.07 -6.70359
v 0.95 1.07 -3.75
v 0.95 1.47 -6.70359
v 0.95 1.47 -3.75
v 0.943185 1.47 -3.698236
v 0.943185 1.07 -3.698236
v 0.923205 1.47 -3.65
v 0.923205 1.07 -3.65
v 0.891421 1.47 -3.608579
v 0.891421 1.07 -3.608579
v 0.85 1.47 -3.576795
v 0.85 1.07 -3.576795
v 0.801764 1.47 -3.556815
v 0.801764 1.07 -3.556815
v 0.75 1.47 -3.55
v 0.75 1.07 -3.55
v 0.47 1.47 -3.55
v 0.47 1.07 -3.55
v 0.418236 1.07 -3.543185
v 0.418236 1.47 -3.543185
v 0.37 1.07 -3.523205
v 0.37 1.47 -3.523205
v 0.328579 1.07 -3.491421
v 0.328579 1.47 -3.491421
v 0.296795 1.07 -3.45
v 0.296795 1.47 -3.45
v 0.276815 1.07 -3.401764
v 0.276815 1.47 -3.401764
v 0.27 1.07 -3.35
v 0.27 1.47 -3.35
v 0.27 1.47 -1.85
v 0.27 1.07 -1.85
v 0.280459 1.07 -1.645726
v 0.280459 1.47 -1.645726
v 0.311728 1.07 -1.443589
v 0.311728 1.47 -1.443589
v 0.339542 1.47 -1.272677
v 0.339542 1.07 -1.272677
v 0.352469 1.47 -1.1
v 0.352469 1.07 -1.1
v 0.470517 1.47 2.656348
v 0.470517 1.07 2.656348
v 0.570517 1.47 2.656348
v 0.570517 1.07 2.656348
v 0.609213 1.07 2.651271
v 0.609213 1.47 2.651271
v 0.64529 1.07 2.636383
v 0.64529 1.47 2.636383
v 0.676305 1.07 2.612692
v 0.676305 1.47 2.612692
v 0.700158 1.07 2.581801
v 0.700158 1.47 2.581801
v 0.948965 1.47 2.154307
v 0.948965 1.07 2.154307
v 1.018092 1.07 1.995982
v 1.018092 1.47 1.995982
v 1.049157 1.07 1.82604
v 1.049157 1.47 1.82604
v 1.040514 1.07 1.653498
v 1.040514 1.47 1.653498
v 0.99262 1.07 1.487511
v 0.99262 1.47 1.487511
v 0.960271 1.47 1.385477
v 0.960271 1.07 1.385477
v 0.946567 1.47 1.279319
v 0.946567 1.07 1.279319
v 0.820343 1.47 -1.950212
v 0.820343 1.07 -1.950212
v 0.829756 1.47 -2.060981
v 0.829756 1.07 -2.060981
v 0.866035 1.47 -2.166061
v 0.866035 1.07 -2.166061
v 0.926968 1.47 -2.259042
v 0.926968 1.07 -2.259042
v 1.008836 1.47 -2.334247
v 1.008836 1.07 -2.334247
v 1.106641 1.47 -2.387089
v 1.106641 1.07 -2.387089
v 1.214416 1.47 -2.414341
v 1.214416 1.07 -2.414341
v 1.325584 1.47 -2.414341
v 1.325584 1.07 -2.414341
v 1.433359 1.47 -2.387089
v 1.433359 1.07 -2.387089
v 1.531164 1.47 -2.334247
v 1.531164 1.07 -2.334247
v 1.613032 1.47 -2.259042
v 1.613032 1.07 -2.259042
v 1.673965 1.47 -2.166061
v 1.673965 1.07 -2.166061
v 1.710244 1.47 -2.060981
v 1.710244 1.07 -2.060981
v 1.719657 1.47 -1.950212
v 1.719657 1.07 -1.950212
v 1.593433 1.47 1.279319
v 1.593433 1.07 1.279319
v 1.579729 1.47 1.385477
v 1.579729 1.07 1.385477
v 1.547379 1.47 1.487511
v 1.547379 1.07 1.487511
v 1.499486 1.07 1.653498
v 1.499486 1.47 1.653498
v 1.490843 1.07 1.82604
v 1.490843 1.47 1.82604
v 1.521908 1.07 1.995982
v 1.521908 1.47 1.995982
v 1.591034 1.07 2.154307
v 1.591034 1.47 2.154307
v 1.839842 1.47 2.581801
v 1.839842 1.07 2.581801
v 1.863696 1.07 2.612692
v 1.863696 1.47 2.612692
v 1.89471 1.07 2.636383
v 1.89471 1.47 2.636383
v 1.930787 1.07 2.651271
v 1.930787 1.47 2.651271
v 1.969483 1.07 2.656348
v 1.969483 1.47 2.656348
v 2.069484 1.47 2.656348
v 2.069484 1.07 2.656348
v 2.187531 1.47 -1.1
v 2.187531 1.07 -1.1
v 2.200458 1.47 -1.272677
v 2.200458 1.07 -1.272677
v 2.228272 1.47 -1.443589
v 2.228272 1.07 -1.443589
v 2.259541 1.07 -1.645726
v 2.259541 1.47 -1.645726
v 2.27 1.07 -1.85
v 2.27 1.47 -1.85
v 2.27 1.47 -3.35
v 2.27 1.07 -3.35
v 2.263185 1.07 -3.401764
v 2.263185 1.47 -3.401764
v 2.243205 1.07 -3.45
v 2.243205 1.47 -3.45
v 2.211421 1.07 -3.491421
v 2.211421 1.47 -3.491421
v 2.17 1.07 -3.523205
v 2.17 1.47 -3.523205
v 2.121764 1.07 -3.543185
v 2.121764 1.47 -3.543185
v 2.07 1.07 -3.55
v 2.07 1.47 -3.55
v 1.79 1.47 -3.55
v 1.79 1.07 -3.55
v 1.738236 1.47 -3.556815
v 1.738236 1.07 -3.556815
v 1.69 1.47 -3.576795
v 1.69 1.07 -3.576795
v 1.648579 1.47 -3.608579
v 1.648579 1.07 -3.608579
v 1.616795 1.47 -3.65
v 1.616795 1.07 -3.65
v 1.596815 1.47 -3.698236
v 1.596815 1.07 -3.698236
v 1.59 1.47 -3.75
v 1.59 1.07 -3.75
v 1.59 1.47 -6.70359
v 1.59 1.07 -6.70359
v 1.39 1.47 -7.45
v 1.15 1.47 -7.45
v 1.15 1.07 -7.45
v 1.39 1.07 -7.45
v 3.49 -1.47 -6.70359
v 3.49 -1.47 -3.75
v 3.49 -1.07 -6.70359
v 3.49 -1.07 -3.75
v 3.483185 -1.07 -3.698236
v 3.483185 -1.47 -3.698236
v 3.463205 -1.07 -3.65
v 3.463205 -1.47 -3.65
v 3.431422 -1.07 -3.608579
v 3.431422 -1.47 -3.608579
v 3.39 -1.07 -3.576795
v 3.39 -1.47 -3.576795
v 3.341764 -1.07 -3.556815
v 3.341764 -1.47 -3.556815
v 3.29 -1.07 -3.55
v 3.29 -1.47 -3.55
v 3.01 -1.07 -3.55
v 3.01 -1.47 -3.55
v 2.958236 -1.47 -3.543185
v 2.958236 -1.07 -3.543185
v 2.91 -1.47 -3.523205
v 2.91 -1.07 -3.523205
v 2.868578 -1.47 -3.491421
v 2.868578 -1.07 -3.491421
v 2.836795 -1.47 -3.45
v 2.836795 -1.07 -3.45
v 2.816815 -1.47 -3.401764
v 2.816815 -1.07 -3.401764
v 2.81 -1.47 -3.35
v 2.81 -1.07 -3.35
v 2.81 -1.07 -1.85
v 2.81 -1.47 -1.85
v 2.820459 -1.47 -1.645726
v 2.820459 -1.07 -1.645726
v 2.851728 -1.47 -1.443589
v 2.851728 -1.07 -1.443589
v 2.879542 -1.07 -1.272677
v 2.879542 -1.47 -1.272677
v 2.892469 -1.07 -1.1
v 2.892469 -1.47 -1.1
v 3.010516 -1.07 2.656348
v 3.010516 -1.47 2.656348
v 3.110517 -1.07 2.656348
v 3.110517 -1.47 2.656348
v 3.149213 -1.47 2.651271
v 3.149213 -1.07 2.651271
v 3.18529 -1.47 2.636383
v 3.18529 -1.07 2.636383
v 3.216305 -1.47 2.612692
v 3.216305 -1.07 2.612692
v 3.240158 -1.47 2.581801
v 3.240158 -1.07 2.581801
v 3.488966 -1.07 2.154307
v 3.488966 -1.47 2.154307
v 3.558092 -1.47 1.995982
v 3.558092 -1.07 1.995982
v 3.589157 -1.47 1.82604
v 3.589157 -1.07 1.82604
v 3.580514 -1.47 1.653498
v 3.580514 -1.07 1.653498
v 3.53262 -1.47 1.487511
v 3.53262 -1.07 1.487511
v 3.500271 -1.07 1.385477
v 3.500271 -1.47 1.385477
v 3.486567 -1.07 1.279319
v 3.486567 -1.47 1.279319
v 3.360343 -1.07 -1.950212
v 3.360343 -1.47 -1.950212
v 3.369756 -1.07 -2.060981
v 3.369756 -1.47 -2.060981
v 3.406035 -1.07 -2.166061
v 3.406035 -1.47 -2.166061
v 3.466968 -1.07 -2.259042
v 3.466968 -1.47 -2.259042
v 3.548836 -1.07 -2.334247
v 3.548836 -1.47 -2.334247
v 3.646641 -1.07 -2.387089
v 3.646641 -1.47 -2.387089
v 3.754416 -1.07 -2.414341
v 3.754416 -1.47 -2.414341
v 3.865584 -1.07 -2.414341
v 3.865584 -1.47 -2.414341
v 3.973359 -1.07 -2.387089
v 3.973359 -1.47 -2.387089
v 4.071165 -1.07 -2.334247
v 4.071165 -1.47 -2.334247
v 4.153032 -1.07 -2.259042
v 4.153032 -1.47 -2.259042
v 4.213964 -1.07 -2.166061
v 4.213964 -1.47 -2.166061
v 4.250244 -1.07 -2.060981
v 4.250244 -1.47 -2.060981
v 4.259656 -1.07 -1.950212
v 4.259656 -1.47 -1.950212
v 4.133433 -1.07 1.279319
v 4.133433 -1.47 1.279319
v 4.119729 -1.07 1.385477
v 4.119729 -1.47 1.385477
v 4.087379 -1.07 1.487511
v 4.087379 -1.47 1.487511
v 4.039486 -1.47 1.653498
v 4.039486 -1.07 1.653498
v 4.030843 -1.47 1.82604
v 4.030843 -1.07 1.82604
v 4.061908 -1.47 1.995982
v 4.061908 -1.07 1.995982
v 4.131034 -1.47 2.154307
v 4.131034 -1.07 2.154307
v 4.379842 -1.07 2.581801
v 4.379842 -1.47 2.581801
v 4.403696 -1.47 2.612692
v 4.403696 -1.07 2.612692
v 4.434711 -1.47 2.636383
v 4.434711 -1.07 2.636383
v 4.470787 -1.47 2.651271
v 4.470787 -1.07 2.651271
v 4.509483 -1.47 2.656348
v 4.509483 -1.07 2.656348
v 4.609483 -1.07 2.656348
v 4.609483 -1.47 2.656348
v 4.727531 -1.07 -1.1
v 4.727531 -1.47 -1.1
v 4.740458 -1.07 -1.272677
v 4.740458 -1.47 -1.272677
v 4.768272 -1.07 -1.443589
v 4.768272 -1.47 -1.443589
v 4.799541 -1.47 -1.645726
v 4.799541 -1.07 -1.645726
v 4.81 -1.47 -1.85
v 4.81 -1.07 -1.85
v 4.81 -1.07 -3.35
v 4.81 -1.47 -3.35
v 4.803185 -1.47 -3.401764
v 4.803185 -1.07 -3.401764
v 4.783205 -1.47 -3.45
v 4.783205 -1.07 -3.45
v 4.751421 -1.47 -3.491421
v 4.751421 -1.07 -3.491421
v 4.71 -1.47 -3.523205
v 4.71 -1.07 -3.523205
v 4.661764 -1.47 -3.543185
v 4.661764 -1.07 -3.543185
v 4.61 -1.47 -3.55
v 4.61 -1.07 -3.55
v 4.33 -1.07 -3.55
v 4.33 -1.47 -3.55
v 4.278236 -1.07 -3.556815
v 4.278236 -1.47 -3.556815
v 4.23 -1.07 -3.576795
v 4.23 -1.47 -3.576795
v 4.188579 -1.07 -3.608579
v 4.188579 -1.47 -3.608579
v 4.156795 -1.07 -3.65
v 4.156795 -1.47 -3.65
v 4.136815 -1.07 -3.698236
v 4.136815 -1.47 -3.698236
v 4.13 -1.07 -3.75
v 4.13 -1.47 -3.75
v 4.13 -1.07 -6.70359
v 4.13 -1.47 -6.70359
v 3.93 -1.07 -7.45
v 3.69 -1.07 -7.45
v 3.69 -1.47 -7.45
v 3.93 -1.47 -7.45
v -11.75 -1.47 -6.70359
v -11.75 -1.47 -3.75
v -11.75 -1.07 -6.70359
v -11.75 -1.07 -3.75
v -11.756815 -1.07 -3.698236
v -11.756815 -1.47 -3.698236
v -11.776794 -1.07 -3.65
v -11.776794 -1.47 -3.65
v -11.808578 -1.07 -3.608579
v -11.808578 -1.47 -3.608579
v -11.85 -1.07 -3.576795
v -11.85 -1.47 -3.576795
v -11.898236 -1.07 -3.556815
v -11.898236 -1.47 -3.556815
v -11.95 -1.07 -3.55
v -11.95 -1.47 -3.55
v -12.23 -1.07 -3.55
v -12.23 -1.47 -3.55
v -12.281763 -1.47 -3.543185
v -12.281763 -1.07 -3.543185
v -12.33 -1.47 -3.523205
v -12.33 -1.07 -3.523205
v -12.371422 -1.47 -3.491421
v -12.371422 -1.07 -3.491421
v -12.403205 -1.47 -3.45
v -12.403205 -1.07 -3.45
v -12.423184 -1.47 -3.401764
v -12.423184 -1.07 -3.401764
v -12.43 -1.47 -3.35
v -12.43 -1.07 -3.35
v -12.43 -1.07 -1.85
v -12.43 -1.47 -1.85
v -12.41954 -1.47 -1.645726
v -12.41954 -1.07 -1.645726
v -12.388272 -1.47 -1.443589
v -12.388272 -1.07 -1.443589
v -12.360458 -1.07 -1.272677
v -12.360458 -1.47 -1.272677
v -12.347531 -1.07 -1.1
v -12.347531 -1.47 -1.1
v -12.229484 -1.07 2.656348
v -12.229484 -1.47 2.656348
v -12.129484 -1.07 2.656348
v -12.129484 -1.47 2.656348
v -12.090787 -1.47 2.651271
v -12.090787 -1.07 2.651271
v -12.05471 -1.47 2.636383
v -12.05471 -1.07 2.636383
v -12.023696 -1.47 2.612692
v -12.023696 -1.07 2.612692
v -11.999842 -1.47 2.581801
v -11.999842 -1.07 2.581801
v -11.751035 -1.07 2.154307
v -11.751035 -1.47 2.154307
v -11.681909 -1.47 1.995982
v -11.681909 -1.07 1.995982
v -11.650843 -1.47 1.82604
v -11.650843 -1.07 1.82604
v -11.659486 -1.47 1.653498
v -11.659486 -1.07 1.653498
v -11.707379 -1.47 1.487511
v -11.707379 -1.07 1.487511
v -11.739729 -1.07 1.385477
v -11.739729 -1.47 1.385477
v -11.753433 -1.07 1.279319
v -11.753433 -1.47 1.279319
v -11.879657 -1.07 -1.950212
v -11.879657 -1.47 -1.950212
v -11.870245 -1.07 -2.060981
v -11.870245 -1.47 -2.060981
v -11.833965 -1.07 -2.166061
v -11.833965 -1.47 -2.166061
v -11.773032 -1.07 -2.259042
v -11.773032 -1.47 -2.259042
v -11.691164 -1.07 -2.334247
v -11.691164 -1.47 -2.334247
v -11.593359 -1.07 -2.387089
v -11.593359 -1.47 -2.387089
v -11.485584 -1.07 -2.414341
v -11.485584 -1.47 -2.414341
v -11.374416 -1.07 -2.414341
v -11.374416 -1.47 -2.414341
v -11.266642 -1.07 -2.387089
v -11.266642 -1.47 -2.387089
v -11.168836 -1.07 -2.334247
v -11.168836 -1.47 -2.334247
v -11.086968 -1.07 -2.259042
v -11.086968 -1.47 -2.259042
v -11.026035 -1.07 -2.166061
v -11.026035 -1.47 -2.166061
v -10.989756 -1.07 -2.060981
v -10.989756 -1.47 -2.060981
v -10.980344 -1.07 -1.950212
v -10.980344 -1.47 -1.950212
v -11.106567 -1.07 1.279319
v -11.106567 -1.47 1.279319
v -11.120271 -1.07 1.385477
v -11.120271 -1.47 1.385477
v -11.15262 -1.07 1.487511
v -11.15262 -1.47 1.487511
v -11.200514 -1.47 1.653498
v -11.200514 -1.07 1.653498
v -11.209157 -1.47 1.82604
v -11.209157 -1.07 1.82604
v -11.178091 -1.47 1.995982
v -11.178091 -1.07 1.995982
v -11.108966 -1.47 2.154307
v -11.108966 -1.07 2.154307
v -10.860158 -1.07 2.581801
v -10.860158 -1.47 2.581801
v -10.836304 -1.47 2.612692
v -10.836304 -1.07 2.612692
v -10.80529 -1.47 2.636383
v -10.80529 -1.07 2.636383
v -10.769213 -1.47 2.651271
v -10.769213 -1.07 2.651271
v -10.730516 -1.47 2.656348
v -10.730516 -1.07 2.656348
v -10.630516 -1.07 2.656348
v -10.630516 -1.47 2.656348
v -10.512468 -1.07 -1.1
v -10.512468 -1.47 -1.1
v -10.499542 -1.07 -1.272677
v -10.499542 -1.47 -1.272677
v -10.471727 -1.07 -1.443589
v -10.471727 -1.47 -1.443589
v -10.440459 -1.47 -1.645726
v -10.440459 -1.07 -1.645726
v -10.429999 -1.47 -1.85
v -10.429999 -1.07 -1.85
v -10.429999 -1.07 -3.35
v -10.429999 -1.47 -3.35
v -10.436815 -1.47 -3.401764
v -10.436815 -1.07 -3.401764
v -10.456795 -1.47 -3.45
v -10.456795 -1.07 -3.45
v -10.488579 -1.47 -3.491421
v -10.488579 -1.07 -3.491421
v -10.53 -1.47 -3.523205
v -10.53 -1.07 -3.523205
v -10.578237 -1.47 -3.543185
v -10.578237 -1.07 -3.543185
v -10.63 -1.47 -3.55
v -10.63 -1.07 -3.55
v -10.91 -1.07 -3.55
v -10.91 -1.47 -3.55
v -10.961763 -1.07 -3.556815
v -10.961763 -1.47 -3.556815
v -11.009999 -1.07 -3.576795
v -11.009999 -1.47 -3.576795
v -11.051421 -1.07 -3.608579
v -11.051421 -1.47 -3.608579
v -11.083205 -1.07 -3.65
v -11.083205 -1.47 -3.65
v -11.103185 -1.07 -3.698236
v -11.103185 -1.47 -3.698236
v -11.110001 -1.07 -3.75
v -11.110001 -1.47 -3.75
v -11.110001 -1.07 -6.70359
v -11.110001 -1.47 -6.70359
v -11.31 -1.07 -7.45
v -11.55 -1.07 -7.45
v -11.55 -1.47 -7.45
v -11.31 -1.47 -7.45
v -1.59 1.07 -6.70359
v -1.59 1.07 -3.75
v -1.59 1.47 -6.70359
v -1.59 1.47 -3.75
v -1.596815 1.47 -3.698236
v -1.596815 1.07 -3.698236
v -1.616795 1.47 -3.65
v -1.616795 1.07 -3.65
v -1.648579 1.47 -3.608579
v -1.648579 1.07 -3.608579
v -1.69 1.47 -3.576795
v -1.69 1.07 -3.576795
v -1.738236 1.47 -3.556815
v -1.738236 1.07 -3.556815
v -1.79 1.47 -3.55
v -1.79 1.07 -3.55
v -2.07 1.47 -3.55
v -2.07 1.07 -3.55
v -2.121764 1.07 -3.543185
v -2.121764 1.47 -3.543185
v -2.17 1.07 -3.523205
v -2.17 1.47 -3.523205
v -2.211421 1.07 -3.491421
v -2.211421 1.47 -3.491421
v -2.243205 1.07 -3.45
v -2.243205 1.47 -3.45
v -2.263185 1.07 -3.401764
v -2.263185 1.47 -3.401764
v -2.27 1.07 -3.35
v -2.27 1.47 -3.35
v -2.27 1.47 -1.85
v -2.27 1.07 -1.85
v -2.259541 1.07 -1.645726
v -2.259541 1.47 -1.645726
v -2.228272 1.07 -1.443589
v -2.228272 1.47 -1.443589
v -2.200458 1.47 -1.272677
v -2.200458 1.07 -1.272677
v -2.187531 1.47 -1.1
v -2.187531 1.07 -1.1
v -2.069484 1.47 2.656348
v -2.069484 1.07 2.656348
v -1.969483 1.47 2.656348
v -1.969483 1.07 2.656348
v -1.930787 1.07 2.651271
v -1.930787 1.47 2.651271
v -1.89471 1.07 2.636383
v -1.89471 1.47 2.636383
v -1.863696 1.07 2.612692
v -1.863696 1.47 2.612692
v -1.839842 1.07 2.581801
v -1.839842 1.47 2.581801
v -1.591034 1.47 2.154307
v -1.591034 1.07 2.154307
v -1.521908 1.07 1.995982
v -1.521908 1.47 1.995982
v -1.490843 1.07 1.82604
v -1.490843 1.47 1.82604
v -1.499486 1.07 1.653498
v -1.499486 1.47 1.653498
v -1.547379 1.07 1.487511
v -1.547379 1.47 1.487511
v -1.579729 1.47 1.385477
v -1.579729 1.07 1.385477
v -1.593433 1.47 1.279319
v -1.593433 1.07 1.279319
v -1.719657 1.47 -1.950212
v -1.719657 1.07 -1.950212
v -1.710244 1.47 -2.060981
v -1.710244 1.07 -2.060981
v -1.673965 1.47 -2.166061
v -1.673965 1.07 -2.166061
v -1.613032 1.47 -2.259042
v -1.613032 1.07 -2.259042
v -1.531164 1.47 -2.334247
v -1.531164 1.07 -2.334247
v -1.433359 1.47 -2.387089
v -1.433359 1.07 -2.387089
v -1.325584 1.47 -2.414341
v -1.325584 1.07 -2.414341
v -1.214416 1.47 -2.414341
v -1.214416 1.07 -2.414341
v -1.106641 1.47 -2.387089
v -1.106641 1.07 -2.387089
v -1.008836 1.47 -2.334247
v -1.008836 1.07 -2.334247
v -0.926968 1.47 -2.259042
v -0.926968 1.07 -2.259042
v -0.866035 1.47 -2.166061
v -0.866035 1.07 -2.166061
v -0.829756 1.47 -2.060981
v -0.829756 1.07 -2.060981
v -0.820343 1.47 -1.950212
v -0.820343 1.07 -1.950212
v -0.946567 1.47 1.279319
v -0.946567 1.07 1.279319
v -0.960271 1.47 1.385477
v -0.960271 1.07 1.385477
v -0.99262 1.47 1.487511
v -0.99262 1.07 1.487511
v -1.040514 1.07 1.653498
v -1.040514 1.47 1.653498
v -1.049157 1.07 1.82604
v -1.049157 1.47 1.82604
v -1.018092 1.07 1.995982
v -1.018092 1.47 1.995982
v -0.948965 1.07 2.154307
v -0.948965 1.47 2.154307
v -0.700158 1.47 2.581801
v -0.700158 1.07 2.581801
v -0.676305 1.07 2.612692
v -0.676305 1.47 2.612692
v -0.64529 1.07 2.636383
v -0.64529 1.47 2.636383
v -0.609213 1.07 2.651271
v -0.609213 1.47 2.651271
v -0.570517 1.07 2.656348
v -0.570517 1.47 2.656348
v -0.470517 1.47 2.656348
v -0.470517 1.07 2.656348
v -0.352469 1.47 -1.1
v -0.352469 1.07 -1.1
v -0.339542 1.47 -1.272677
v -0.339542 1.07 -1.272677
v -0.311728 1.47 -1.443589
v -0.311728 1.07 -1.443589
v -0.280459 1.07 -1.645726
v -0.280459 1.47 -1.645726
v -0.27 1.07 -1.85
v -0.27 1.47 -1.85
v -0.27 1.47 -3.35
v -0.27 1.07 -3.35
v -0.276815 1.07 -3.401764
v -0.276815 1.47 -3.401764
v -0.296795 1.07 -3.45
v -0.296795 1.47 -3.45
v -0.328579 1.07 -3.491421
v -0.328579 1.47 -3.491421
v -0.37 1.07 -3.523205
v -0.37 1.47 -3.523205
v -0.418236 1.07 -3.543185
v -0.418236 1.47 -3.543185
v -0.47 1.07 -3.55
v -0.47 1.47 -3.55
v -0.75 1.47 -3.55
v -0.75 1.07 -3.55
v -0.801764 1.47 -3.556815
v -0.801764 1.07 -3.556815
v -0.85 1.47 -3.576795
v -0.85 1.07 -3.576795
v -0.891421 1.47 -3.608579
v -0.891421 1.07 -3.608579
v -0.923205 1.47 -3.65
v -0.923205 1.07 -3.65
v -0.943185 1.47 -3.698236
v -0.943185 1.07 -3.698236
v -0.95 1.47 -3.75
v -0.95 1.07 -3.75
v -0.95 1.47 -6.70359
v -0.95 1.07 -6.70359
v -1.15 1.47 -7.45
v -1.39 1.47 -7.45
v -1.39 1.07 -7.45
v -1.15 1.07 -7.45
v 0.95 -1.47 -6.70359
v 0.95 -1.47 -3.75
v 0.95 -1.07 -6.70359
v 0.95 -1.07 -3.75
v 0.943185 -1.07 -3.698236
v 0.943185 -1.47 -3.698236
v 0.923205 -1.07 -3.65
v 0.923205 -1.47 -3.65
v 0.891421 -1.07 -3.608579
v 0.891421 -1.47 -3.608579
v 0.85 -1.07 -3.576795
v 0.85 -1.47 -3.576795
v 0.801764 -1.07 -3.556815
v 0.801764 -1.47 -3.556815
v 0.75 -1.07 -3.55
v 0.75 -1.47 -3.55
v 0.47 -1.07 -3.55
v 0.47 -1.47 -3.55
v 0.418236 -1.47 -3.543185
v 0.418236 -1.07 -3.543185
v 0.37 -1.47 -3.523205
v 0.37 -1.07 -3.523205
v 0.328579 -1.47 -3.491421
v 0.328579 -1.07 -3.491421
v 0.296795 -1.47 -3.45
v 0.296795 -1.07 -3.45
v 0.276815 -1.47 -3.401764
v 0.276815 -1.07 -3.401764
v 0.27 -1.47 -3.35
v 0.27 -1.07 -3.35
v 0.27 -1.07 -1.85
v 0.27 -1.47 -1.85
v 0.280459 -1.47 -1.645726
v 0.280459 -1.07 -1.645726
v 0.311728 -1.47 -1.443589
v 0.311728 -1.07 -1.443589
v 0.339542 -1.07 -1.272677
v 0.339542 -1.47 -1.272677
v 0.352469 -1.07 -1.1
v 0.352469 -1.47 -1.1
v 0.470517 -1.07 2.656348
v 0.470517 -1.47 2.656348
v 0.570517 -1.07 2.656348
v 0.570517 -1.47 2.656348
v 0.609213 -1.47 2.651271
v 0.609213 -1.07 2.651271
v 0.64529 -1.47 2.636383
v 0.64529 -1.07 2.636383
v 0.676305 -1.47 2.612692
v 0.676305 -1.07 2.612692
v 0.700158 -1.47 2.581801
v 0.700158 -1.07 2.581801
v 0.948965 -1.07 2.154307
v 0.948965 -1.47 2.154307
v 1.018092 -1.47 1.995982
v 1.018092 -1.07 1.995982
v 1.049157 -1.47 1.82604
v 1.049157 -1.07 1.82604
v 1.040514 -1.47 1.653498
v 1.040514 -1.07 1.653498
v 0.99262 -1.47 1.487511
v 0.99262 -1.07 1.487511
v 0.960271 -1.07 1.385477
v 0.960271 -1.47 1.385477
v 0.946567 -1.07 1.279319
v 0.946567 -1.47 1.279319
v 0.820343 -1.07 -1.950212
v 0.820343 -1.47 -1.950212
v 0.829756 -1.07 -2.060981
v 0.829756 -1.47 -2.060981
v 0.866035 -1.07 -2.166061
v 0.866035 -1.47 -2.166061
v 0.926968 -1.07 -2.259042
v 0.926968 -1.47 -2.259042
v 1.008836 -1.07 -2.334247
v 1.008836 -1.47 -2.334247
v 1.106641 -1.07 -2.387089
v 1.106641 -1.47 -2.387089
v 1.214416 -1.07 -2.414341
v 1.214416 -1.47 -2.414341
v 1.325584 -1.07 -2.414341
v 1.325584 -1.47 -2.414341
v 1.433359 -1.07 -2.387089
v 1.433359 -1.47 -2.387089
v 1.531164 -1.07 -2.334247
v 1.531164 -1.47 -2.334247
v 1.613032 -1.07 -2.259042
v 1.613032 -1.47 -2.259042
v 1.673965 -1.07 -2.166061
v 1.673965 -1.47 -2.166061
v 1.710244 -1.07 -2.060981
v 1.710244 -1.47 -2.060981
v 1.719657 -1.07 -1.950212
v 1.719657 -1.47 -1.950212
v 1.593433 -1.07 1.279319
v 1.593433 -1.47 1.279319
v 1.579729 -1.07 1.385477
v 1.579729 -1.47 1.385477
v 1.547379 -1.07 1.487511
v 1.547379 -1.47 1.487511
v 1.499486 -1.47 1.653498
v 1.499486 -1.07 1.653498
v 1.490843 -1.47 1.82604
v 1.490843 -1.07 1.82604
v 1.521908 -1.47 1.995982
v 1.521908 -1.07 1.995982
v 1.591034 -1.47 2.154307
v 1.591034 -1.07 2.154307
v 1.839842 -1.07 2.581801
v 1.839842 -1.47 2.581801
v 1.863696 -1.47 2.612692
v 1.863696 -1.07 2.612692
v 1.89471 -1.47 2.636383
v 1.89471 -1.07 2.636383
v 1.930787 -1.47 2.651271
v 1.930787 -1.07 2.651271
v 1.969483 -1.47 2.656348
v 1.969483 -1.07 2.656348
v 2.069484 -1.07 2.656348
v 2.069484 -1.47 2.656348
v 2.187531 -1.07 -1.1
v 2.187531 -1.47 -1.1
v 2.200458 -1.07 -1.272677
v 2.200458 -1.47 -1.272677
v 2.228272 -1.07 -1.443589
v 2.228272 -1.47 -1.443589
v 2.259541 -1.47 -1.645726
v 2.259541 -1.07 -1.645726
v 2.27 -1.47 -1.85
v 2.27 -1.07 -1.85
v 2.27 -1.07 -3.35
v 2.27 -1.47 -3.35
v 2.263185 -1.47 -3.401764
v 2.263185 -1.07 -3.401764
v 2.243205 -1.47 -3.45
v 2.243205 -1.07 -3.45
v 2.211421 -1.47 -3.491421
v 2.211421 -1.07 -3.491421
v 2.17 -1.47 -3.523205
v 2.17 -1.07 -3.523205
v 2.121764 -1.47 -3.543185
v 2.121764 -1.07 -3.543185
v 2.07 -1.47 -3.55
v 2.07 -1.07 -3.55
v 1.79 -1.07 -3.55
v 1.79 -1.47 -3.55
v 1.738236 -1.07 -3.556815
v 1.738236 -1.47 -3.556815
v 1.69 -1.07 -3.576795
v 1.69 -1.47 -3.576795
v 1.648579 -1.07 -3.608579
v 1.648579 -1.47 -3.608579
v 1.616795 -1.07 -3.65
v 1.616795 -1.47 -3.65
v 1.596815 -1.07 -3.698236
v 1.596815 -1.47 -3.698236
v 1.59 -1.07 -3.75
v 1.59 -1.47 -3.75
v 1.59 -1.07 -6.70359
v 1.59 -1.47 -6.70359
v 1.39 -1.07 -7.45
v 1.15 -1.07 -7.45
v 1.15 -1.47 -7.45
v 1.39 -1.47 -7.45
v 11.110001 1.07 -6.70359
v 11.110001 1.07 -3.75
v 11.110001 1.47 -6.70359
v 11.110001 1.47 -3.75
v 11.103185 1.47 -3.698236
v 11.103185 1.07 -3.698236
v 11.083205 1.47 -3.65
v 11.083205 1.07 -3.65
v 11.051421 1.47 -3.608579
v 11.051421 1.07 -3.608579
v 11.009999 1.47 -3.576795
v 11.009999 1.07 -3.576795
v 10.961763 1.47 -3.556815
v 10.961763 1.07 -3.556815
v 10.91 1.47 -3.55
v 10.91 1.07 -3.55
v 10.63 1.47 -3.55
v 10.63 1.07 -3.55
v 10.578237 1.07 -3.543185
v 10.578237 1.47 -3.543185
v 10.53 1.07 -3.523205
v 10.53 1.47 -3.523205
v 10.488579 1.07 -3.491421
v 10.488579 1.47 -3.491421
v 10.456795 1.07 -3.45
v 10.456795 1.47 -3.45
v 10.436815 1.07 -3.401764
v 10.436815 1.47 -3.401764
v 10.429999 1.07 -3.35
v 10.429999 1.47 -3.35
v 10.429999 1.47 -1.85
v 10.429999 1.07 -1.85
v 10.440459 1.07 -1.645726
v 10.440459 1.47 -1.645726
v 10.471727 1.07 -1.443589
v 10.471727 1.47 -1.443589
v 10.499542 1.47 -1.272677
v 10.499542 1.07 -1.272677
v 10.512468 1.47 -1.1
v 10.512468 1.07 -1.1
v 10.630516 1.47 2.656348
v 10.630516 1.07 2.656348
v 10.730516 1.47 2.656348
v 10.730516 1.07 2.656348
v 10.769213 1.07 2.651271
v 10.769213 1.47 2.651271
v 10.80529 1.07 2.636383
v 10.80529 1.47 2.636383
v 10.836304 1.07 2.612692
v 10.836304 1.47 2.612692
v 10.860158 1.07 2.581801
v 10.860158 1.47 2.581801
v 11.108966 1.47 2.154307
v 11.108966 1.07 2.154307
v 11.178091 1.07 1.995982
v 11.178091 1.47 1.995982
v 11.209157 1.07 1.82604
v 11.209157 1.47 1.82604
v 11.200514 1.07 1.653498
v 11.200514 1.47 1.653498
v 11.15262 1.07 1.487511
v 11.15262 1.47 1.487511
v 11.120271 1.47 1.385477
v 11.120271 1.07 1.385477
v 11.106567 1.47 1.279319
v 11.106567 1.07 1.279319
v 10.980344 1.47 -1.950212
v 10.980344 1.07 -1.950212
v 10.989756 1.47 -2.060981
v 10.989756 1.07 -2.060981
v 11.026035 1.47 -2.166061
v 11.026035 1.07 -2.166061
v 11.086968 1.47 -2.259042
v 11.086968 1.07 -2.259042
v 11.168836 1.47 -2.334247
v 11.168836 1.07 -2.334247
v 11.266642 1.47 -2.387089
v 11.266642 1.07 -2.387089
v 11.374416 1.47 -2.414341
v 11.374416 1.07 -2.414341
v 11.485584 1.47 -2.414341
v 11.485584 1.07 -2.414341
v 11.593359 1.47 -2.387089
v 11.593359 1.07 -2.387089
v 11.691164 1.47 -2.334247
v 11.691164 1.07 -2.334247
v 11.773032 1.47 -2.259042
v 11.773032 1.07 -2.259042
v 11.833965 1.47 -2.166061
v 11.833965 1.07 -2.166061
v 11.870245 1.47 -2.060981
v 11.870245 1.07 -2.060981
v 11.879657 1.47 -1.950212
v 11.879657 1.07 -1.950212
v 11.753433 1.47 1.279319
v 11.753433 1.07 1.279319
v 11.739729 1.47 1.385477
v 11.739729 1.07 1.385477
v 11.707379 1.47 1.487511
v 11.707379 1.07 1.487511
v 11.659486 1.07 1.653498
v 11.659486 1.47 1.653498
v 11.650843 1.07 1.82604
v 11.650843 1.47 1.82604
v 11.681909 1.07 1.995982
v 11.681909 1.47 1.995982
v 11.751035 1.07 2.154307
v 11.751035 1.47 2.154307
v 11.999842 1.47 2.581801
v 11.999842 1.07 2.581801
v 12.023696 1.07 2.612692
v 12.023696 1.47 2.612692
v 12.05471 1.07 2.636383
v 12.05471 1.47 2.636383
v 12.090787 1.07 2.651271
v 12.090787 1.47 2.651271
v 12.129484 1.07 2.656348
v 12.129484 1.47 2.656348
v 12.229484 1.47 2.656348
v 12.229484 1.07 2.656348
v 12.347531 1.47 -1.1
v 12.347531 1.07 -1.1
v 12.360458 1.47 -1.272677
v 12.360458 1.07 -1.272677
v 12.388272 1.47 -1.443589
v 12.388272 1.07 -1.443589
v 12.41954 1.07 -1.645726
v 12.41954 1.47 -1.645726
v 12.43 1.07 -1.85
v 12.43 1.47 -1.85
v 12.43 1.47 -3.35
v 12.43 1.07 -3.35
v 12.423184 1.07 -3.401764
v 12.423184 1.47 -3.401764
v 12.403205 1.07 -3.45
v 12.403205 1.47 -3.45
v 12.371422 1.07 -3.491421
v 12.371422 1.47 -3.491421
v 12.33 1.07 -3.523205
v 12.33 1.47 -3.523205
v 12.281763 1.07 -3.543185
v 12.281763 1.47 -3.543185
v 12.23 1.07 -3.55
v 12.23 1.47 -3.55
v 11.95 1.47 -3.55
v 11.95 1.07 -3.55
v 11.898236 1.47 -3.556815
v 11.898236 1.07 -3.556815
v 11.85 1.47 -3.576795
v 11.85 1.07 -3.576795
v 11.808578 1.47 -3.608579
v 11.808578 1.07 -3.608579
v 11.776794 1.47 -3.65
v 11.776794 1.07 -3.65
v 11.756815 1.47 -3.698236
v 11.756815 1.07 -3.698236
v 11.75 1.47 -3.75
v 11.75 1.07 -3.75
v 11.75 1.47 -6.70359
v 11.75 1.07 -6.70359
v 11.55 1.47 -7.45
v 11.31 1.47 -7.45
v 11.31 1.07 -7.45
v 11.55 1.07 -7.45
v -4.13 1.07 -6.70359
v -4.13 1.07 -3.75
v -4.13 1.47 -6.70359
v -4.13 1.47 -3.75
v -4.136815 1.47 -3.698236
v -4.136815 1.07 -3.698236
v -4.156795 1.47 -3.65
v -4.156795 1.07 -3.65
v -4.188579 1.47 -3.608579
v -4.188579 1.07 -3.608579
v -4.23 1.47 -3.576795
v -4.23 1.07 -3.576795
v -4.278236 1.47 -3.556815
v -4.278236 1.07 -3.556815
v -4.33 1.47 -3.55
v -4.33 1.07 -3.55
v -4.61 1.47 -3.55
v -4.61 1.07 -3.55
v -4.661764 1.07 -3.543185
v -4.661764 1.47 -3.543185
v -4.71 1.07 -3.523205
v -4.71 1.47 -3.523205
v -4.751421 1.07 -3.491421
v -4.751421 1.47 -3.491421
v -4.783205 1.07 -3.45
v -4.783205 1.47 -3.45
v -4.803185 1.07 -3.401764
v -4.803185 1.47 -3.401764
v -4.81 1.07 -3.35
v -4.81 1.47 -3.35
v -4.81 1.47 -1.85
v -4.81 1.07 -1.85
v -4.799541 1.07 -1.645726
v -4.799541 1.47 -1.645726
v -4.768272 1.07 -1.443589
v -4.768272 1.47 -1.443589
v -4.740458 1.47 -1.272677
v -4.740458 1.07 -1.272677
v -4.727531 1.47 -1.1
v -4.727531 1.07 -1.1
v -4.609483 1.47 2.656348
v -4.609483 1.07 2.656348
v -4.509483 1.47 2.656348
v -4.509483 1.07 2.656348
v -4.470787 1.07 2.651271
v -4.470787 1.47 2.651271
v -4.434711 1.07 2.636383
v -4.434711 1.47 2.636383
v -4.403696 1.07 2.612692
v -4.403696 1.47 2.612692
v -4.379842 1.07 2.581801
v -4.379842 1.47 2.581801
v -4.131034 1.47 2.154307
v -4.131034 1.07 2.154307
v -4.061908 1.07 1.995982
v -4.061908 1.47 1.995982
v -4.030843 1.07 1.82604
v -4.030843 1.47 1.82604
v -4.039486 1.07 1.653498
v -4.039486 1.47 1.653498
v -4.087379 1.07 1.487511
v -4.087379 1.47 1.487511
v -4.119729 1.47 1.385477
v -4.119729 1.07 1.385477
v -4.133433 1.47 1.279319
v -4.133433 1.07 1.279319
v -4.259656 1.47 -1.950212
v -4.259656 1.07 -1.950212
v -4.250244 1.47 -2.060981
v -4.250244 1.07 -2.060981
v -4.213964 1.47 -2.166061
v -4.213964 1.07 -2.166061
v -4.153032 1.47 -2.259042
v -4.153032 1.07 -2.259042
v -4.071165 1.47 -2.334247
v -4.071165 1.07 -2.334247
v -3.973359 1.47 -2.387089
v -3.973359 1.07 -2.387089
v -3.865584 1.47 -2.414341
v -3.865584 1.07 -2.414341
v -3.754416 1.47 -2.414341
v -3.754416 1.07 -2.414341
v -3.646641 1.47 -2.387089
v -3.646641 1.07 -2.387089
v -3.548836 1.47 -2.334247
v -3.548836 1.07 -2.334247
v -3.466968 1.47 -2.259042
v -3.466968 1.07 -2.259042
v -3.406035 1.47 -2.166061
v -3.406035 1.07 -2.166061
v -3.369756 1.47 -2.060981
v -3.369756 1.07 -2.060981
v -3.360343 1.47 -1.950212
v -3.360343 1.07 -1.950212
v -3.486567 1.47 1.279319
v -3.486567 1.07 1.279319
v -3.500271 1.47 1.385477
v -3.500271 1.07 1.385477
v -3.53262 1.47 1.487511
v -3.53262 1.07 1.487511
v -3.580514 1.07 1.653498
v -3.580514 1.47 1.653498
v -3.589157 1.07 1.82604
v -3.589157 1.47 1.82604
v -3.558092 1.07 1.995982
v -3.558092 1.47 1.995982
v -3.488966 1.07 2.154307
v -3.488966 1.47 2.154307
v -3.240158 1.47 2.581801
v -3.240158 1.07 2.581801
v -3.216305 1.07 2.612692
v -3.216305 1.47 2.612692
v -3.18529 1.07 2.636383
v -3.18529 1.47 2.636383
v -3.149213 1.07 2.651271
v -3.149213 1.47 2.651271
v -3.110517 1.07 2.656348
v -3.110517 1.47 2.656348
v -3.010516 1.47 2.656348
v -3.010516 1.07 2.656348
v -2.892469 1.47 -1.1
v -2.892469 1.07 -1.1
v -2.879542 1.47 -1.272677
v -2.879542 1.07 -1.272677
v -2.851728 1.47 -1.443589
v -2.851728 1.07 -1.443589
v -2.820459 1.07 -1.645726
v -2.820459 1.47 -1.645726
v -2.81 1.07 -1.85
v -2.81 1.47 -1.85
v -2.81 1.47 -3.35
v -2.81 1.07 -3.35
v -2.816815 1.07 -3.401764
v -2.816815 1.47 -3.401764
v -2.836795 1.07 -3.45
v -2.836795 1.47 -3.45
v -2.868578 1.07 -3.491421
v -2.868578 1.47 -3.491421
v -2.91 1.07 -3.523205
v -2.91 1.47 -3.523205
v -2.958236 1.07 -3.543185
v -2.958236 1.47 -3.543185
v -3.01 1.07 -3.55
v -3.01 1.47 -3.55
v -3.29 1.47 -3.55
v -3.29 1.07 -3.55
v -3.341764 1.47 -3.556815
v -3.341764 1.07 -3.556815
v -3.39 1.47 -3.576795
v -3.39 1.07 -3.576795
v -3.431422 1.47 -3.608579
v -3.431422 1.07 -3.608579
v -3.463205 1.47 -3.65
v -3.463205 1.07 -3.65
v -3.483185 1.47 -3.698236
v -3.483185 1.07 -3.698236
v -3.49 1.47 -3.75
v -3.49 1.07 -3.75
v -3.49 1.47 -6.70359
v -3.49 1.07 -6.70359
v -3.69 1.47 -7.45
v -3.93 1.47 -7.45
v -3.93 1.07 -7.45
v -3.69 1.07 -7.45
v -1.59 -1.47 -6.70359
v -1.59 -1.47 -3.75
v -1.59 -1.07 -6.70359
v -1.59 -1.07 -3.75
v -1.596815 -1.07 -3.698236
v -1.596815 -1.47 -3.698236
v -1.616795 -1.07 -3.65
v -1.616795 -1.47 -3.65
v -1.648579 -1.07 -3.608579
v -1.648579 -1.47 -3.608579
v -1.69 -1.07 -3.576795
v -1.69 -1.47 -3.576795
v -1.738236 -1.07 -3.556815
v -1.738236 -1.47 -3.556815
v -1.79 -1.07 -3.55
v -1.79 -1.47 -3.55
v -2.07 -1.07 -3.55
v -2.07 -1.47 -3.55
v -2.121764 -1.47 -3.543185
v -2.121764 -1.07 -3.543185
v -2.17 -1.47 -3.523205
v -2.17 -1.07 -3.523205
v -2.211421 -1.47 -3.491421
v -2.211421 -1.07 -3.491421
v -2.243205 -1.47 -3.45
v -2.243205 -1.07 -3.45
v -2.263185 -1.47 -3.401764
v -2.263185 -1.07 -3.401764
v -2.27 -1.47 -3.35
v -2.27 -1.07 -3.35
v -2.27 -1.07 -1.85
v -2.27 -1.47 -1.85
v -2.259541 -1.47 -1.645726
v -2.259541 -1.07 -1.645726
v -2.228272 -1.47 -1.443589
v -2.228272 -1.07 -1.443589
v -2.200458 -1.07 -1.272677
v -2.200458 -1.47 -1.272677
v -2.187531 -1.07 -1.1
v -2.187531 -1.47 -1.1
v -2.069484 -1.07 2.656348
v -2.069484 -1.47 2.656348
v -1.969483 -1.07 2.656348
v -1.969483 -1.47 2.656348
v -1.930787 -1.47 2.651271
v -1.930787 -1.07 2.651271
v -1.89471 -1.47 2.636383
v -1.89471 -1.07 2.636383
v -1.863696 -1.47 2.612692
v -1.863696 -1.07 2.612692
v -1.839842 -1.47 2.581801
v -1.839842 -1.07 2.581801
v -1.591034 -1.07 2.154307
v -1.591034 -1.47 2.154307
v -1.521908 -1.47 1.995982
v -1.521908 -1.07 1.995982
v -1.490843 -1.47 1.82604
v -1.490843 -1.07 1.82604
v -1.499486 -1.47 1.653498
v -1.499486 -1.07 1.653498
v -1.547379 -1.47 1.487511
v -1.547379 -1.07 1.487511
v -1.579729 -1.07 1.385477
v -1.579729 -1.47 1.385477
v -1.593433 -1.07 1.279319
v -1.593433 -1.47 1.279319
v -1.719657 -1.07 -1.950212
v -1.719657 -1.47 -1.950212
v -1.710244 -1.07 -2.060981
v -1.710244 -1.47 -2.060981
v -1.673965 -1.07 -2.166061
v -1.673965 -1.47 -2.166061
v -1.613032 -1.07 -2.259042
v -1.613032 -1.47 -2.259042
v -1.531164 -1.07 -2.334247
v -1.531164 -1.47 -2.334247
v -1.433359 -1.07 -2.387089
v -1.433359 -1.47 -2.387089
v -1.325584 -1.07 -2.414341
v -1.325584 -1.47 -2.414341
v -1.214416 -1.07 -2.414341
v -1.214416 -1.47 -2.414341
v -1.106641 -1.07 -2.387089
v -1.106641 -1.47 -2.387089
v -1.008836 -1.07 -2.334247
v -1.008836 -1.47 -2.334247
v -0.926968 -1.07 -2.259042
v -0.926968 -1.47 -2.259042
v -0.866035 -1.07 -2.166061
v -0.866035 -1.47 -2.166061
v -0.829756 -1.07 -2.060981
v -0.829756 -1.47 -2.060981
v -0.820343 -1.07 -1.950212
v -0.820343 -1.47 -1.950212
v -0.946567 -1.07 1.279319
v -0.946567 -1.47 1.279319
v -0.960271 -1.07 1.385477
v -0.960271 -1.47 1.385477
v -0.99262 -1.07 1.487511
v -0.99262 -1.47 1.487511
v -1.040514 -1.47 1.653498
v -1.040514 -1.07 1.653498
v -1.049157 -1.47 1.82604
v -1.049157 -1.07 1.82604
v -1.018092 -1.47 1.995982
v -1.018092 -1.07 1.995982
v -0.948965 -1.47 2.154307
v -0.948965 -1.07 2.154307
v -0.700158 -1.07 2.581801
v -0.700158 -1.47 2.581801
v -0.676305 -1.47 2.612692
v -0.676305 -1.07 2.612692
v -0.64529 -1.47 2.636383
v -0.64529 -1.07 2.636383
v -0.609213 -1.47 2.651271
v -0.609213 -1.07 2.651271
v -0.570517 -1.47 2.656348
v -0.570517 -1.07 2.656348
v -0.470517 -1.07 2.656348
v -0.470517 -1.47 2.656348
v -0.352469 -1.07 -1.1
v -0.352469 -1.47 -1.1
v -0.339542 -1.07 -1.272677
v -0.339542 -1.47 -1.272677
v -0.311728 -1.07 -1.443589
v -0.311728 -1.47 -1.443589
v -0.280459 -1.47 -1.645726
v -0.280459 -1.07 -1.645726
v -0.27 -1.47 -1.85
v -0.27 -1.07 -1.85
v -0.27 -1.07 -3.35
v -0.27 -1.47 -3.35
v -0.276815 -1.47 -3.401764
v -0.276815 -1.07 -3.401764
v -0.296795 -1.47 -3.45
v -0.296795 -1.07 -3.45
v -0.328579 -1.47 -3.491421
v -0.328579 -1.07 -3.491421
v -0.37 -1.47 -3.523205
v -0.37 -1.07 -3.523205
v -0.418236 -1.47 -3.543185
v -0.418236 -1.07 -3.543185
v -0.47 -1.47 -3.55
v -0.47 -1.07 -3.55
v -0.75 -1.07 -3.55
v -0.75 -1.47 -3.55
v -0.801764 -1.07 -3.556815
v -0.801764 -1.47 -3.556815
v -0.85 -1.07 -3.576795
v -0.85 -1.47 -3.576795
v -0.891421 -1.07 -3.608579
v -0.891421 -1.47 -3.608579
v -0.923205 -1.07 -3.65
v -0.923205 -1.47 -3.65
v -0.943185 -1.07 -3.698236
v -0.943185 -1.47 -3.698236
v -0.95 -1.07 -3.75
v -0.95 -1.47 -3.75
v -0.95 -1.07 -6.70359
v -0.95 -1.47 -6.70359
v -1.15 -1.07 -7.45
v -1.39 -1.07 -7.45
v -1.39 -1.47 -7.45
v -1.15 -1.47 -7.45
v 8.57 1.07 -6.70359
v 8.57 1.07 -3.75
v 8.57 1.47 -6.70359
v 8.57 1.47 -3.75
v 8.563185 1.47 -3.698236
v 8.563185 1.07 -3.698236
v 8.543205 1.47 -3.65
v 8.543205 1.07 -3.65
v 8.511421 1.47 -3.608579
v 8.511421 1.07 -3.608579
v 8.469999 1.47 -3.576795
v 8.469999 1.07 -3.576795
v 8.421763 1.47 -3.556815
v 8.421763 1.07 -3.556815
v 8.37 1.47 -3.55
v 8.37 1.07 -3.55
v 8.089999 1.47 -3.55
v 8.089999 1.07 -3.55
v 8.038236 1.07 -3.543185
v 8.038236 1.47 -3.543185
v 7.99 1.07 -3.523205
v 7.99 1.47 -3.523205
v 7.948578 1.07 -3.491421
v 7.948578 1.47 -3.491421
v 7.916795 1.07 -3.45
v 7.916795 1.47 -3.45
v 7.896814 1.07 -3.401764
v 7.896814 1.47 -3.401764
v 7.89 1.07 -3.35
v 7.89 1.47 -3.35
v 7.89 1.47 -1.85
v 7.89 1.07 -1.85
v 7.90046 1.07 -1.645726
v 7.90046 1.47 -1.645726
v 7.931728 1.07 -1.443589
v 7.931728 1.47 -1.443589
v 7.959542 1.47 -1.272677
v 7.959542 1.07 -1.272677
v 7.972469 1.47 -1.1
v 7.972469 1.07 -1.1
v 8.090516 1.47 2.656348
v 8.090516 1.07 2.656348
v 8.190516 1.47 2.656348
v 8.190516 1.07 2.656348
v 8.229213 1.07 2.651271
v 8.229213 1.47 2.651271
v 8.265289 1.07 2.636383
v 8.265289 1.47 2.636383
v 8.296305 1.07 2.612692
v 8.296305 1.47 2.612692
v 8.320157 1.07 2.581801
v 8.320157 1.47 2.581801
v 8.568966 1.47 2.154307
v 8.568966 1.07 2.154307
v 8.638091 1.07 1.995982
v 8.638091 1.47 1.995982
v 8.669158 1.07 1.82604
v 8.669158 1.47 1.82604
v 8.660514 1.07 1.653498
v 8.660514 1.47 1.653498
v 8.61262 1.07 1.487511
v 8.61262 1.47 1.487511
v 8.580271 1.47 1.385477
v 8.580271 1.07 1.385477
v 8.566566 1.47 1.279319
v 8.566566 1.07 1.279319
v 8.440344 1.47 -1.950212
v 8.440344 1.07 -1.950212
v 8.449756 1.47 -2.060981
v 8.449756 1.07 -2.060981
v 8.486035 1.47 -2.166061
v 8.486035 1.07 -2.166061
v 8.546968 1.47 -2.259042
v 8.546968 1.07 -2.259042
v 8.628836 1.47 -2.334247
v 8.628836 1.07 -2.334247
v 8.726642 1.47 -2.387089
v 8.726642 1.07 -2.387089
v 8.834416 1.47 -2.414341
v 8.834416 1.07 -2.414341
v 8.945583 1.47 -2.414341
v 8.945583 1.07 -2.414341
v 9.053359 1.47 -2.387089
v 9.053359 1.07 -2.387089
v 9.151164 1.47 -2.334247
v 9.151164 1.07 -2.334247
v 9.233031 1.47 -2.259042
v 9.233031 1.07 -2.259042
v 9.293964 1.47 -2.166061
v 9.293964 1.07 -2.166061
v 9.330244 1.47 -2.060981
v 9.330244 1.07 -2.060981
v 9.339657 1.47 -1.950212
v 9.339657 1.07 -1.950212
v 9.213432 1.47 1.279319
v 9.213432 1.07 1.279319
v 9.199728 1.47 1.385477
v 9.199728 1.07 1.385477
v 9.167379 1.47 1.487511
v 9.167379 1.07 1.487511
v 9.119487 1.07 1.653498
v 9.119487 1.47 1.653498
v 9.110843 1.07 1.82604
v 9.110843 1.47 1.82604
v 9.141908 1.07 1.995982
v 9.141908 1.47 1.995982
v 9.211035 1.07 2.154307
v 9.211035 1.47 2.154307
v 9.459842 1.47 2.581801
v 9.459842 1.07 2.581801
v 9.483695 1.07 2.612692
v 9.483695 1.47 2.612692
v 9.514709 1.07 2.636383
v 9.514709 1.47 2.636383
v 9.550787 1.07 2.651271
v 9.550787 1.47 2.651271
v 9.589483 1.07 2.656348
v 9.589483 1.47 2.656348
v 9.689484 1.47 2.656348
v 9.689484 1.07 2.656348
v 9.807531 1.47 -1.1
v 9.807531 1.07 -1.1
v 9.820457 1.47 -1.272677
v 9.820457 1.07 -1.272677
v 9.848272 1.47 -1.443589
v 9.848272 1.07 -1.443589
v 9.87954 1.07 -1.645726
v 9.87954 1.47 -1.645726
v 9.89 1.07 -1.85
v 9.89 1.47 -1.85
v 9.89 1.47 -3.35
v 9.89 1.07 -3.35
v 9.883185 1.07 -3.401764
v 9.883185 1.47 -3.401764
v 9.863205 1.07 -3.45
v 9.863205 1.47 -3.45
v 9.831421 1.07 -3.491421
v 9.831421 1.47 -3.491421
v 9.79 1.07 -3.523205
v 9.79 1.47 -3.523205
v 9.741763 1.07 -3.543185
v 9.741763 1.47 -3.543185
v 9.69 1.07 -3.55
v 9.69 1.47 -3.55
v 9.410001 1.47 -3.55
v 9.410001 1.07 -3.55
v 9.358236 1.47 -3.556815
v 9.358236 1.07 -3.556815
v 9.309999 1.47 -3.576795
v 9.309999 1.07 -3.576795
v 9.268579 1.47 -3.608579
v 9.268579 1.07 -3.608579
v 9.236794 1.47 -3.65
v 9.236794 1.07 -3.65
v 9.216815 1.47 -3.698236
v 9.216815 1.07 -3.698236
v 9.21 1.47 -3.75
v 9.21 1.07 -3.75
v 9.21 1.47 -6.70359
v 9.21 1.07 -6.70359
v 9.01 1.47 -7.45
v 8.77 1.47 -7.45
v 8.77 1.07 -7.45
v 9.01 1.07 -7.45
v -6.67 1.07 -6.70359
v -6.67 1.07 -3.75
v -6.67 1.47 -6.70359
v -6.67 1.47 -3.75
v -6.676815 1.47 -3.698236
v -6.676815 1.07 -3.698236
v -6.696795 1.47 -3.65
v -6.696795 1.07 -3.65
v -6.728579 1.47 -3.608579
v -6.728579 1.07 -3.608579
v -6.77 1.47 -3.576795
v -6.77 1.07 -3.576795
v -6.818236 1.47 -3.556815
v -6.818236 1.07 -3.556815
v -6.87 1.47 -3.55
v -6.87 1.07 -3.55
v -7.15 1.47 -3.55
v -7.15 1.07 -3.55
v -7.201764 1.07 -3.543185
v -7.201764 1.47 -3.543185
v -7.25 1.07 -3.523205
v -7.25 1.47 -3.523205
v -7.291421 1.07 -3.491421
v -7.291421 1.47 -3.491421
v -7.323205 1.07 -3.45
v -7.323205 1.47 -3.45
v -7.343185 1.07 -3.401764
v -7.343185 1.47 -3.401764
v -7.35 1.07 -3.35
v -7.35 1.47 -3.35
v -7.35 1.47 -1.85
v -7.35 1.07 -1.85
v -7.339541 1.07 -1.645726
v -7.339541 1.47 -1.645726
v -7.308272 1.07 -1.443589
v -7.308272 1.47 -1.443589
v -7.280458 1.47 -1.272677
v -7.280458 1.07 -1.272677
v -7.267531 1.47 -1.1
v -7.267531 1.07 -1.1
v -7.149484 1.47 2.656348
v -7.149484 1.07 2.656348
v -7.049483 1.47 2.656348
v -7.049483 1.07 2.656348
v -7.010787 1.07 2.651271
v -7.010787 1.47 2.651271
v -6.97471 1.07 2.636383
v -6.97471 1.47 2.636383
v -6.943695 1.07 2.612692
v -6.943695 1.47 2.612692
v -6.919842 1.07 2.581801
v -6.919842 1.47 2.581801
v -6.671035 1.47 2.154307
v -6.671035 1.07 2.154307
v -6.601908 1.07 1.995982
v -6.601908 1.47 1.995982
v -6.570843 1.07 1.82604
v -6.570843 1.47 1.82604
v -6.579486 1.07 1.653498
v -6.579486 1.47 1.653498
v -6.627379 1.07 1.487511
v -6.627379 1.47 1.487511
v -6.659729 1.47 1.385477
v -6.659729 1.07 1.385477
v -6.673433 1.47 1.279319
v -6.673433 1.07 1.279319
v -6.799657 1.47 -1.950212
v -6.799657 1.07 -1.950212
v -6.790244 1.47 -2.060981
v -6.790244 1.07 -2.060981
v -6.753964 1.47 -2.166061
v -6.753964 1.07 -2.166061
v -6.693032 1.47 -2.259042
v -6.693032 1.07 -2.259042
v -6.611164 1.47 -2.334247
v -6.611164 1.07 -2.334247
v -6.513359 1.47 -2.387089
v -6.513359 1.07 -2.387089
v -6.405583 1.47 -2.414341
v -6.405583 1.07 -2.414341
v -6.294416 1.47 -2.414341
v -6.294416 1.07 -2.414341
v -6.186641 1.47 -2.387089
v -6.186641 1.07 -2.387089
v -6.088836 1.47 -2.334247
v -6.088836 1.07 -2.334247
v -6.006968 1.47 -2.259042
v -6.006968 1.07 -2.259042
v -5.946035 1.47 -2.166061
v -5.946035 1.07 -2.166061
v -5.909756 1.47 -2.060981
v -5.909756 1.07 -2.060981
v -5.900343 1.47 -1.950212
v -5.900343 1.07 -1.950212
v -6.026567 1.47 1.279319
v -6.026567 1.07 1.279319
v -6.040271 1.47 1.385477
v -6.040271 1.07 1.385477
v -6.07262 1.47 1.487511
v -6.07262 1.07 1.487511
v -6.120514 1.07 1.653498
v -6.120514 1.47 1.653498
v -6.129157 1.07 1.82604
v -6.129157 1.47 1.82604
v -6.098092 1.07 1.995982
v -6.098092 1.47 1.995982
v -6.028965 1.07 2.154307
v -6.028965 1.47 2.154307
v -5.780158 1.47 2.581801
v -5.780158 1.07 2.581801
v -5.756305 1.07 2.612692
v -5.756305 1.47 2.612692
v -5.72529 1.07 2.636383
v -5.72529 1.47 2.636383
v -5.689213 1.07 2.651271
v -5.689213 1.47 2.651271
v -5.650517 1.07 2.656348
v -5.650517 1.47 2.656348
v -5.550517 1.47 2.656348
v -5.550517 1.07 2.656348
v -5.432468 1.47 -1.1
v -5.432468 1.07 -1.1
v -5.419542 1.47 -1.272677
v -5.419542 1.07 -1.272677
v -5.391727 1.47 -1.443589
v -5.391727 1.07 -1.443589
v -5.360459 1.07 -1.645726
v -5.360459 1.47 -1.645726
v -5.35 1.07 -1.85
v -5.35 1.47 -1.85
v -5.35 1.47 -3.35
v -5.35 1.07 -3.35
v -5.356815 1.07 -3.401764
v -5.356815 1.47 -3.401764
v -5.376795 1.07 -3.45
v -5.376795 1.47 -3.45
v -5.408578 1.07 -3.491421
v -5.408578 1.47 -3.491421
v -5.45 1.07 -3.523205
v -5.45 1.47 -3.523205
v -5.498236 1.07 -3.543185
v -5.498236 1.47 -3.543185
v -5.55 1.07 -3.55
v -5.55 1.47 -3.55
v -5.83 1.47 -3.55
v -5.83 1.07 -3.55
v -5.881764 1.47 -3.556815
v -5.881764 1.07 -3.556815
v -5.93 1.47 -3.576795
v -5.93 1.07 -3.576795
v -5.971422 1.47 -3.608579
v -5.971422 1.07 -3.608579
v -6.003205 1.47 -3.65
v -6.003205 1.07 -3.65
v -6.023185 1.47 -3.698236
v -6.023185 1.07 -3.698236
v -6.03 1.47 -3.75
v -6.03 1.07 -3.75
v -6.03 1.47 -6.70359
v -6.03 1.07 -6.70359
v -6.23 1.47 -7.45
v -6.47 1.47 -7.45
v -6.47 1.07 -7.45
v -6.23 1.07 -7.45
v 11.110001 -1.47 -6.70359
v 11.110001 -1.47 -3.75
v 11.110001 -1.07 -6.70359
v 11.110001 -1.07 -3.75
v 11.103185 -1.07 -3.698236
v 11.103185 -1.47 -3.698236
v 11.083205 -1.07 -3.65
v 11.083205 -1.47 -3.65
v 11.051421 -1.07 -3.608579
v 11.051421 -1.47 -3.608579
v 11.009999 -1.07 -3.576795
v 11.009999 -1.47 -3.576795
v 10.961763 -1.07 -3.556815
v 10.961763 -1.47 -3.556815
v 10.91 -1.07 -3.55
v 10.91 -1.47 -3.55
v 10.63 -1.07 -3.55
v 10.63 -1.47 -3.55
v 10.578237 -1.47 -3.543185
v 10.578237 -1.07 -3.543185
v 10.53 -1.47 -3.523205
v 10.53 -1.07 -3.523205
v 10.488579 -1.47 -3.491421
v 10.488579 -1.07 -3.491421
v 10.456795 -1.47 -3.45
v 10.456795 -1.07 -3.45
v 10.436815 -1.47 -3.401764
v 10.436815 -1.07 -3.401764
v 10.429999 -1.47 -3.35
v 10.429999 -1.07 -3.35
v 10.429999 -1.07 -1.85
v 10.429999 -1.47 -1.85
v 10.440459 -1.47 -1.645726
v 10.440459 -1.07 -1.645726
v 10.471727 -1.47 -1.443589
v 10.471727 -1.07 -1.443589
v 10.499542 -1.07 -1.272677
v 10.499542 -1.47 -1.272677
v 10.512468 -1.07 -1.1
v 10.512468 -1.47 -1.1
v 10.630516 -1.07 2.656348
v 10.630516 -1.47 2.656348
v 10.730516 -1.07 2.656348
v 10.730516 -1.47 2.656348
v 10.769213 -1.47 2.651271
v 10.769213 -1.07 2.651271
v 10.80529 -1.47 2.636383
v 10.80529 -1.07 2.636383
v 10.836304 -1.47 2.612692
v 10.836304 -1.07 2.612692
v 10.860158 -1.47 2.581801
v 10.860158 -1.07 2.581801
v 11.108966 -1.07 2.154307
v 11.108966 -1.47 2.154307
v 11.178091 -1.47 1.995982
v 11.178091 -1.07 1.995982
v 11.209157 -1.47 1.82604
v 11.209157 -1.07 1.82604
v 11.200514 -1.47 1.653498
v 11.200514 -1.07 1.653498
v 11.15262 -1.47 1.487511
v 11.15262 -1.07 1.487511
v 11.120271 -1.07 1.385477
v 11.120271 -1.47 1.385477
v 11.106567 -1.07 1.279319
v 11.106567 -1.47 1.279319
v 10.980344 -1.07 -1.950212
v 10.980344 -1.47 -1.950212
v 10.989756 -1.07 -2.060981
v 10.989756 -1.47 -2.060981
v 11.026035 -1.07 -2.166061
v 11.026035 -1.47 -2.166061
v 11.086968 -1.07 -2.259042
v 11.086968 -1.47 -2.259042
v 11.168836 -1.07 -2.334247
v 11.168836 -1.47 -2.334247
v 11.266642 -1.07 -2.387089
v 11.266642 -1.47 -2.387089
v 11.374416 -1.07 -2.414341
v 11.374416 -1.47 -2.414341
v 11.485584 -1.07 -2.414341
v 11.485584 -1.47 -2.414341
v 11.593359 -1.07 -2.387089
v 11.593359 -1.47 -2.387089
v 11.691164 -1.07 -2.334247
v 11.691164 -1.47 -2.334247
v 11.773032 -1.07 -2.259042
v 11.773032 -1.47 -2.259042
v 11.833965 -1.07 -2.166061
v 11.833965 -1.47 -2.166061
v 11.870245 -1.07 -2.060981
v 11.870245 -1.47 -2.060981
v 11.879657 -1.07 -1.950212
v 11.879657 -1.47 -1.950212
v 11.753433 -1.07 1.279319
v 11.753433 -1.47 1.279319
v 11.739729 -1.07 1.385477
v 11.739729 -1.47 1.385477
v 11.707379 -1.07 1.487511
v 11.707379 -1.47 1.487511
v 11.659486 -1.47 1.653498
v 11.659486 -1.07 1.653498
v 11.650843 -1.47 1.82604
v 11.650843 -1.07 1.82604
v 11.681909 -1.47 1.995982
v 11.681909 -1.07 1.995982
v 11.751035 -1.47 2.154307
v 11.751035 -1.07 2.154307
v 11.999842 -1.07 2.581801
v 11.999842 -1.47 2.581801
v 12.023696 -1.47 2.612692
v 12.023696 -1.07 2.612692
v 12.05471 -1.47 2.636383
v 12.05471 -1.07 2.636383
v 12.090787 -1.47 2.651271
v 12.090787 -1.07 2.651271
v 12.129484 -1.47 2.656348
v 12.129484 -1.07 2.656348
v 12.229484 -1.07 2.656348
v 12.229484 -1.47 2.656348
v 12.347531 -1.07 -1.1
v 12.347531 -1.47 -1.1
v 12.360458 -1.07 -1.272677
v 12.360458 -1.47 -1.272677
v 12.388272 -1.07 -1.443589
v 12.388272 -1.47 -1.443589
v 12.41954 -1.47 -1.645726
v 12.41954 -1.07 -1.645726
v 12.43 -1.47 -1.85
v 12.43 -1.07 -1.85
v 12.43 -1.07 -3.35
v 12.43 -1.47 -3.35
v 12.423184 -1.47 -3.401764
v 12.423184 -1.07 -3.401764
v 12.403205 -1.47 -3.45
v 12.403205 -1.07 -3.45
v 12.371422 -1.47 -3.491421
v 12.371422 -1.07 -3.491421
v 12.33 -1.47 -3.523205
v 12.33 -1.07 -3.523205
v 12.281763 -1.47 -3.543185
v 12.281763 -1.07 -3.543185
v 12.23 -1.47 -3.55
v 12.23 -1.07 -3.55
v 11.95 -1.07 -3.55
v 11.95 -1.47 -3.55
v 11.898236 -1.07 -3.556815
v 11.898236 -1.47 -3.556815
v 11.85 -1.07 -3.576795
v 11.85 -1.47 -3.576795
v 11.808578 -1.07 -3.608579
v 11.808578 -1.47 -3.608579
v 11.776794 -1.07 -3.65
v 11.776794 -1.47 -3.65
v 11.756815 -1.07 -3.698236
v 11.756815 -1.47 -3.698236
v 11.75 -1.07 -3.75
v 11.75 -1.47 -3.75
v 11.75 -1.07 -6.70359
v 11.75 -1.47 -6.70359
v 11.55 -1.07 -7.45
v 11.31 -1.07 -7.45
v 11.31 -1.47 -7.45
v 11.55 -1.47 -7.45
usemtl 1
f 1// 2// 3//
f 4// 5// 6//
f 7// 8// 9//
f 10// 11// 12//
f 12// 11// 13//
f 14// 15// 16//
f 16// 15// 12//
f 16// 12// 17//
f 17// 12// 18//
f 13// 19// 12//
f 12// 19// 20//
f 12// 20// 18//
f 21// 22// 23//
f 24// 25// 26//
f 26// 25// 23//
f 23// 25// 27//
f 23// 27// 21//
f 24// 26// 28//
f 28// 26// 29//
f 28// 29// 30//
f 29// 31// 32//
f 29// 33// 30//
f 30// 33// 34//
f 30// 34// 35//
f 35// 34// 36//
f 35// 36// 37//
f 32// 38// 29//
f 29// 38// 39//
f 29// 39// 33//
f 40// 41// 42//
f 40// 42// 43//
f 41// 44// 42//
f 42// 44// 45//
f 42// 45// 46//
f 46// 45// 47//
f 47// 48// 46//
f 46// 48// 49//
f 46// 49// 29//
f 29// 49// 50//
f 29// 50// 31//
f 3// 51// 52//
f 53// 43// 54//
f 54// 43// 42//
f 54// 42// 55//
f 55// 42// 3//
f 55// 3// 56//
f 56// 3// 52//
f 57// 58// 59//
f 59// 58// 60//
f 3// 2// 51//
f 51// 2// 61//
f 51// 61// 62//
f 58// 63// 60//
f 60// 63// 64//
f 60// 64// 61//
f 61// 64// 65//
f 61// 65// 62//
f 66// 67// 57//
f 57// 67// 68//
f 57// 68// 69//
f 69// 70// 57//
f 57// 70// 71//
f 57// 71// 58//
f 72// 73// 74//
f 75// 76// 66//
f 77// 78// 79//
f 79// 78// 80//
f 72// 74// 81//
f 75// 66// 82//
f 83// 84// 78//
f 78// 84// 85//
f 78// 85// 86//
f 14// 87// 15//
f 15// 87// 88//
f 15// 88// 66//
f 66// 88// 89//
f 66// 89// 82//
f 73// 90// 74//
f 74// 90// 91//
f 74// 91// 92//
f 93// 94// 95//
f 95// 94// 96//
f 95// 96// 97//
f 98// 86// 99//
f 99// 86// 100//
f 99// 100// 95//
f 95// 100// 101//
f 95// 101// 93//
f 98// 102// 86//
f 86// 102// 103//
f 86// 103// 78//
f 78// 103// 104//
f 78// 104// 80//
f 105// 106// 107//
f 107// 106// 108//
f 107// 108// 74//
f 74// 108// 109//
f 74// 109// 81//
f 92// 110// 74//
f 74// 110// 111//
f 74// 111// 112//
f 113// 114// 67//
f 67// 114// 115//
f 67// 115// 116//
f 116// 117// 67//
f 67// 117// 118//
f 67// 118// 119//
f 119// 118// 105//
f 119// 105// 120//
f 120// 105// 107//
f 76// 121// 66//
f 66// 121// 122//
f 66// 122// 67//
f 67// 122// 123//
f 67// 123// 113//
f 124// 125// 74//
f 74// 125// 126//
f 74// 126// 78//
f 78// 126// 127//
f 78// 127// 83//
f 112// 128// 74//
f 74// 128// 129//
f 74// 129// 124//
f 130// 131// 132//
f 131// 133// 132//
f 132// 133// 134//
f 132// 134// 135//
f 85// 132// 86//
f 86// 132// 136//
f 86// 136// 137//
f 138// 139// 85//
f 85// 139// 140//
f 85// 140// 132//
f 132// 140// 141//
f 132// 141// 130//
f 142// 143// 85//
f 85// 143// 144//
f 85// 144// 138//
f 145// 146// 147//
f 147// 146// 148//
f 147// 148// 149//
f 135// 134// 150//
f 150// 134// 151//
f 150// 151// 152//
f 152// 151// 153//
f 152// 153// 154//
f 137// 155// 86//
f 86// 155// 147//
f 86// 147// 156//
f 156// 147// 149//
f 157// 158// 159//
f 159// 158// 160//
f 161// 162// 163//
f 163// 162// 164//
f 163// 164// 165//
f 165// 164// 157//
f 165// 157// 166//
f 167// 168// 169//
f 169// 168// 170//
f 169// 170// 171//
f 158// 172// 160//
f 160// 172// 173//
f 160// 173// 174//
f 174// 173// 175//
f 176// 177// 178//
f 178// 177// 179//
f 180// 181// 182//
f 182// 181// 183//
f 182// 183// 184//
f 185// 186// 187//
f 188// 189// 190//
f 190// 189// 184//
f 190// 184// 8//
f 191// 192// 185//
f 185// 192// 193//
f 185// 193// 194//
f 195// 196// 197//
f 197// 196// 198//
f 176// 199// 177//
f 177// 199// 200//
f 177// 200// 201//
f 201// 200// 202//
f 203// 204// 202//
f 202// 204// 205//
f 202// 205// 201//
f 206// 207// 182//
f 182// 207// 208//
f 182// 208// 180//
f 194// 209// 185//
f 185// 209// 210//
f 185// 210// 186//
f 211// 212// 213//
f 214// 189// 215//
f 216// 217// 218//
f 195// 219// 196//
f 196// 219// 220//
f 196// 220// 221//
f 187// 222// 185//
f 185// 222// 223//
f 185// 223// 196//
f 196// 223// 179//
f 196// 179// 198//
f 198// 179// 177//
f 211// 213// 188//
f 218// 224// 216//
f 216// 224// 214//
f 216// 214// 225//
f 225// 214// 215//
f 226// 227// 202//
f 202// 227// 228//
f 202// 228// 229//
f 213// 230// 188//
f 188// 230// 231//
f 188// 231// 189//
f 189// 231// 232//
f 189// 232// 215//
f 229// 233// 202//
f 202// 233// 234//
f 202// 234// 203//
f 7// 9// 235//
f 235// 9// 236//
f 235// 236// 237//
f 237// 236// 5//
f 5// 236// 238//
f 5// 238// 6//
f 239// 240// 6//
f 241// 242// 243//
f 243// 242// 244//
f 243// 244// 245//
f 246// 247// 6//
f 6// 247// 248//
f 245// 249// 243//
f 243// 249// 250//
f 243// 250// 251//
f 251// 250// 252//
f 251// 252// 239//
f 253// 254// 240//
f 240// 254// 255//
f 240// 255// 6//
f 6// 255// 256//
f 6// 256// 246//
f 248// 257// 6//
f 6// 257// 258//
f 6// 258// 4//
f 259// 260// 261//
f 261// 260// 262//
f 261// 262// 263//
f 261// 264// 259//
f 259// 264// 265//
f 259// 265// 266//
f 266// 267// 259//
f 259// 267// 268//
f 259// 268// 269//
f 269// 268// 270//
f 269// 270// 271//
f 271// 270// 272//
f 271// 272// 240//
f 240// 272// 273//
f 240// 273// 253//
f 274// 275// 263//
f 263// 275// 276//
f 263// 276// 261//
f 277// 278// 212//
f 212// 278// 279//
f 212// 279// 213//
f 277// 280// 278//
f 278// 280// 281//
f 278// 281// 282//
f 282// 281// 283//
f 282// 284// 285//
f 283// 286// 282//
f 282// 286// 287//
f 282// 287// 288//
f 288// 289// 282//
f 282// 289// 290//
f 282// 290// 284//
f 285// 291// 282//
f 282// 291// 292//
f 282// 292// 293//
f 294// 295// 296//
f 296// 295// 297//
f 298// 299// 300//
f 300// 301// 298//
f 298// 301// 302//
f 298// 302// 303//
f 303// 302// 304//
f 305// 306// 307//
f 307// 306// 297//
f 307// 297// 308//
f 308// 297// 295//
f 309// 310// 311//
f 312// 313// 314//
f 311// 310// 314//
f 314// 310// 315//
f 314// 315// 312//
f 316// 317// 306//
f 306// 317// 318//
f 306// 318// 319//
f 320// 321// 322//
f 319// 323// 306//
f 306// 323// 324//
f 306// 324// 325//
f 325// 324// 326//
f 325// 326// 327//
f 312// 328// 313//
f 313// 328// 329//
f 313// 329// 322//
f 322// 329// 330//
f 322// 330// 320//
f 321// 331// 322//
f 322// 331// 332//
f 322// 332// 333//
f 304// 302// 305//
f 305// 302// 322//
f 305// 322// 306//
f 306// 322// 333//
f 306// 333// 316//
f 334// 314// 335//
f 335// 314// 336//
f 335// 336// 337//
f 338// 339// 340//
f 340// 339// 341//
f 340// 341// 342//
f 342// 341// 343//
f 344// 345// 346//
f 346// 345// 347//
f 346// 347// 334//
f 334// 347// 348//
f 334// 348// 314//
f 337// 336// 349//
f 349// 336// 350//
f 349// 350// 351//
f 348// 342// 314//
f 314// 342// 343//
f 314// 343// 311//
f 311// 343// 352//
f 311// 352// 251//
f 251// 352// 353//
f 251// 353// 243//
f 243// 353// 351//
f 354// 355// 356//
f 356// 355// 357//
f 356// 357// 358//
f 358// 357// 359//
f 358// 359// 360//
f 360// 359// 361//
f 360// 361// 362//
f 362// 361// 363//
f 362// 363// 364//
f 364// 363// 365//
f 364// 365// 366//
f 366// 365// 238//
f 366// 238// 367//
f 367// 238// 236//
f 367// 236// 368//
f 368// 236// 191//
f 368// 191// 369//
f 59// 369// 370//
f 371// 372// 1//
f 1// 372// 373//
f 374// 375// 350//
f 350// 375// 376//
f 350// 376// 377//
f 378// 379// 380//
f 380// 379// 381//
f 380// 381// 382//
f 196// 383// 384//
f 385// 386// 381//
f 381// 386// 387//
f 381// 387// 382//
f 381// 388// 243//
f 243// 388// 389//
f 243// 389// 390//
f 391// 392// 196//
f 196// 392// 393//
f 196// 393// 383//
f 384// 394// 196//
f 196// 394// 395//
f 196// 395// 396//
f 397// 398// 381//
f 381// 398// 399//
f 381// 399// 400//
f 401// 402// 403//
f 404// 405// 380//
f 380// 405// 406//
f 380// 406// 378//
f 351// 350// 243//
f 243// 350// 377//
f 243// 377// 381//
f 381// 377// 407//
f 381// 407// 397//
f 400// 408// 381//
f 381// 408// 409//
f 381// 409// 385//
f 401// 403// 380//
f 380// 403// 410//
f 380// 410// 404//
f 390// 391// 243//
f 243// 391// 196//
f 243// 196// 241//
f 241// 196// 221//
f 241// 221// 217//
f 217// 221// 411//
f 217// 411// 218//
f 412// 413// 414//
f 414// 413// 415//
f 416// 417// 418//
f 418// 417// 419//
f 420// 418// 421//
f 421// 418// 422//
f 419// 423// 418//
f 418// 423// 424//
f 418// 424// 422//
f 425// 426// 427//
f 427// 426// 428//
f 427// 428// 429//
f 8// 184// 9//
f 9// 184// 183//
f 9// 183// 236//
f 236// 183// 430//
f 236// 430// 191//
f 191// 430// 431//
f 191// 431// 192//
f 432// 433// 325//
f 433// 174// 325//
f 325// 174// 175//
f 325// 175// 306//
f 306// 175// 434//
f 306// 434// 297//
f 297// 434// 435//
f 297// 435// 171//
f 436// 437// 438//
f 327// 309// 325//
f 325// 309// 311//
f 325// 311// 432//
f 432// 311// 439//
f 432// 439// 440//
f 440// 439// 436//
f 440// 436// 441//
f 441// 436// 438//
f 442// 443// 6//
f 239// 6// 251//
f 251// 6// 443//
f 251// 443// 311//
f 311// 443// 444//
f 311// 444// 439//
f 445// 446// 442//
f 447// 448// 449//
f 449// 448// 450//
f 449// 450// 445//
f 445// 442// 449//
f 449// 442// 6//
f 449// 6// 451//
f 451// 6// 238//
f 451// 238// 452//
f 451// 453// 449//
f 449// 453// 454//
f 449// 454// 455//
f 456// 457// 365//
f 365// 457// 458//
f 365// 458// 238//
f 238// 458// 459//
f 238// 459// 452//
f 455// 460// 449//
f 449// 460// 461//
f 449// 461// 447//
f 462// 463// 363//
f 462// 363// 464//
f 463// 465// 363//
f 363// 465// 466//
f 363// 466// 365//
f 365// 466// 467//
f 365// 467// 456//
f 468// 469// 470//
f 470// 469// 471//
f 470// 471// 472//
f 472// 471// 473//
f 472// 473// 474//
f 474// 473// 475//
f 474// 475// 476//
f 476// 475// 477//
f 476// 477// 478//
f 478// 477// 479//
f 478// 479// 414//
f 414// 479// 480//
f 414// 480// 412//
f 481// 482// 483//
f 483// 482// 23//
f 483// 23// 12//
f 12// 23// 22//
f 12// 22// 10//
f 482// 484// 23//
f 23// 484// 485//
f 23// 485// 26//
f 26// 485// 486//
f 26// 486// 487//
f 415// 374// 414//
f 414// 374// 350//
f 414// 350// 478//
f 478// 350// 336//
f 478// 336// 476//
f 476// 336// 314//
f 476// 314// 474//
f 474// 314// 313//
f 474// 313// 472//
f 472// 313// 322//
f 472// 322// 470//
f 470// 322// 302//
f 470// 302// 468//
f 468// 302// 301//
f 425// 416// 426//
f 426// 416// 418//
f 426// 418// 412//
f 412// 418// 420//
f 412// 420// 413//
f 480// 481// 412//
f 412// 481// 483//
f 412// 483// 426//
f 426// 483// 12//
f 426// 12// 488//
f 488// 489// 426//
f 426// 489// 490//
f 426// 490// 428//
f 428// 490// 491//
f 428// 491// 15//
f 15// 491// 492//
f 15// 492// 12//
f 12// 492// 493//
f 12// 493// 488//
f 494// 495// 297//
f 297// 496// 497//
f 170// 166// 171//
f 171// 166// 157//
f 171// 157// 297//
f 297// 157// 159//
f 297// 159// 494//
f 494// 159// 498//
f 499// 159// 500//
f 500// 159// 501//
f 500// 501// 497//
f 497// 501// 300//
f 497// 300// 297//
f 297// 300// 299//
f 297// 299// 296//
f 502// 503// 499//
f 499// 503// 504//
f 499// 504// 159//
f 159// 504// 505//
f 159// 505// 498//
f 498// 505// 506//
f 507// 508// 496//
f 496// 508// 509//
f 496// 509// 510//
f 505// 511// 512//
f 495// 513// 297//
f 297// 513// 514//
f 297// 514// 496//
f 496// 514// 515//
f 496// 515// 507//
f 512// 516// 505//
f 505// 516// 517//
f 505// 517// 506//
f 510// 518// 496//
f 496// 518// 519//
f 496// 519// 505//
f 505// 519// 520//
f 505// 520// 511//
f 521// 522// 523//
f 523// 522// 524//
f 523// 524// 525//
f 526// 527// 528//
f 528// 527// 525//
f 528// 525// 428//
f 428// 525// 524//
f 428// 524// 529//
f 529// 524// 530//
f 529// 530// 531//
f 433// 464// 174//
f 174// 464// 363//
f 174// 363// 160//
f 160// 363// 361//
f 160// 361// 159//
f 159// 361// 359//
f 159// 359// 501//
f 501// 359// 357//
f 369// 191// 370//
f 370// 191// 185//
f 370// 185// 529//
f 529// 185// 196//
f 529// 196// 428//
f 428// 196// 396//
f 428// 396// 429//
f 59// 370// 57//
f 57// 370// 529//
f 57// 529// 66//
f 66// 529// 531//
f 66// 531// 15//
f 15// 531// 532//
f 15// 532// 428//
f 428// 532// 533//
f 428// 533// 528//
f 1// 3// 371//
f 371// 3// 42//
f 371// 42// 534//
f 534// 42// 46//
f 534// 46// 535//
f 535// 46// 29//
f 535// 29// 536//
f 536// 29// 26//
f 536// 26// 537//
f 537// 26// 487//
f 537// 487// 538//
f 539// 540// 541//
f 541// 540// 542//
f 543// 544// 545//
f 545// 544// 546//
f 547// 548// 549//
f 549// 548// 550//
f 551// 552// 553//
f 553// 552// 554//
f 555// 556// 557//
f 557// 556// 558//
f 559// 560// 561//
f 561// 560// 562//
f 563// 564// 565//
f 565// 564// 566//
f 567// 568// 569//
f 569// 568// 570//
f 571// 572// 573//
f 573// 572// 574//
f 575// 576// 577//
f 577// 576// 578//
f 579// 580// 581//
f 581// 580// 582//
f 583// 584// 585//
f 585// 584// 586//
f 587// 588// 589//
f 589// 588// 590//
f 591// 592// 593//
f 593// 592// 594//
f 595// 596// 597//
f 597// 596// 598//
f 599// 600// 601//
f 601// 600// 602//
f 603// 604// 605//
f 605// 604// 606//
f 607// 608// 609//
f 609// 608// 610//
f 611// 612// 613//
f 613// 612// 614//
f 615// 616// 617//
f 615// 618// 619//
f 619// 618// 620//
f 619// 620// 621//
f 621// 620// 622//
f 623// 624// 625//
f 625// 624// 622//
f 625// 622// 626//
f 626// 622// 620//
f 626// 620// 627//
f 627// 620// 628//
f 627// 628// 623//
f 623// 628// 624//
f 629// 628// 630//
f 630// 628// 620//
f 630// 620// 631//
f 631// 620// 618//
f 631// 618// 632//
f 632// 618// 633//
f 632// 633// 629//
f 629// 633// 628//
f 634// 635// 636//
f 636// 635// 624//
f 636// 624// 637//
f 637// 624// 628//
f 637// 628// 638//
f 638// 628// 639//
f 638// 639// 634//
f 634// 639// 635//
f 640// 639// 641//
f 641// 639// 628//
f 641// 628// 642//
f 642// 628// 633//
f 642// 633// 643//
f 643// 633// 644//
f 643// 644// 640//
f 640// 644// 639//
f 645// 646// 647//
f 647// 646// 635//
f 647// 635// 648//
f 648// 635// 639//
f 648// 639// 649//
f 649// 639// 650//
f 649// 650// 645//
f 645// 650// 646//
f 651// 650// 652//
f 652// 650// 639//
f 652// 639// 653//
f 653// 639// 644//
f 653// 644// 654//
f 654// 644// 655//
f 654// 655// 651//
f 656// 657// 658//
f 659// 660// 650//
f 657// 656// 661//
f 661// 656// 662//
f 661// 662// 663//
f 650// 660// 646//
f 646// 660// 664//
f 646// 664// 665//
f 666// 667// 655//
f 651// 655// 650//
f 650// 655// 667//
f 650// 667// 668//
f 662// 646// 663//
f 663// 646// 665//
f 663// 665// 658//
f 658// 665// 659//
f 658// 659// 656//
f 656// 659// 650//
f 656// 650// 669//
f 669// 650// 668//
f 655// 670// 666//
f 666// 670// 671//
f 666// 671// 669//
f 669// 671// 672//
f 669// 672// 656//
f 656// 672// 673//
f 656// 673// 670//
f 670// 673// 674//
f 670// 674// 671//
f 675// 676// 677//
f 677// 676// 662//
f 677// 662// 678//
f 678// 662// 656//
f 678// 656// 679//
f 679// 656// 680//
f 679// 680// 675//
f 675// 680// 676//
f 681// 680// 682//
f 682// 680// 656//
f 682// 656// 683//
f 683// 656// 670//
f 683// 670// 684//
f 684// 670// 685//
f 684// 685// 681//
f 681// 685// 680//
f 686// 687// 688//
f 688// 687// 676//
f 688// 676// 689//
f 689// 676// 680//
f 689// 680// 690//
f 690// 680// 691//
f 690// 691// 686//
f 686// 691// 687//
f 692// 691// 693//
f 693// 691// 680//
f 693// 680// 694//
f 694// 680// 685//
f 694// 685// 695//
f 695// 685// 696//
f 695// 696// 692//
f 692// 696// 691//
f 697// 698// 699//
f 699// 698// 687//
f 699// 687// 700//
f 700// 687// 691//
f 700// 691// 701//
f 701// 691// 702//
f 701// 702// 697//
f 697// 702// 698//
f 703// 702// 704//
f 704// 702// 691//
f 704// 691// 705//
f 705// 691// 696//
f 705// 696// 706//
f 706// 696// 707//
f 706// 707// 703//
f 703// 707// 702//
f 708// 709// 710//
f 710// 709// 698//
f 710// 698// 711//
f 711// 698// 702//
f 711// 702// 712//
f 712// 702// 713//
f 712// 713// 708//
f 708// 713// 709//
f 714// 713// 715//
f 715// 713// 702//
f 715// 702// 716//
f 716// 702// 707//
f 716// 707// 717//
f 717// 707// 718//
f 717// 718// 714//
f 714// 718// 713//
f 484// 482// 719//
f 719// 482// 481//
f 719// 481// 480//
f 480// 479// 719//
f 719// 479// 477//
f 719// 477// 475//
f 475// 473// 719//
f 719// 473// 471//
f 719// 471// 720//
f 720// 471// 469//
f 720// 469// 721//
f 721// 469// 709//
f 721// 709// 722//
f 722// 709// 713//
f 722// 713// 719//
f 719// 713// 485//
f 719// 485// 484//
f 718// 487// 723//
f 723// 487// 486//
f 723// 486// 724//
f 724// 486// 485//
f 724// 485// 725//
f 725// 485// 713//
f 725// 713// 726//
f 726// 713// 718//
f 726// 718// 723//
f 615// 617// 618//
f 618// 617// 727//
f 618// 727// 633//
f 633// 727// 728//
f 633// 728// 644//
f 644// 728// 729//
f 644// 729// 655//
f 655// 729// 730//
f 655// 730// 670//
f 670// 730// 731//
f 670// 731// 685//
f 685// 731// 732//
f 685// 732// 696//
f 696// 732// 733//
f 696// 733// 707//
f 707// 733// 734//
f 707// 734// 718//
f 718// 734// 538//
f 718// 538// 487//
f 735// 736// 737//
f 738// 739// 740//
f 741// 742// 743//
f 744// 745// 746//
f 746// 745// 747//
f 746// 747// 748//
f 748// 747// 749//
f 748// 749// 750//
f 750// 749// 751//
f 750// 751// 752//
f 753// 754// 755//
f 755// 754// 756//
f 755// 756// 757//
f 757// 756// 758//
f 757// 758// 759//
f 759// 758// 760//
f 759// 760// 761//
f 744// 762// 763//
f 1// 745// 2//
f 2// 745// 744//
f 2// 744// 61//
f 61// 744// 763//
f 61// 763// 60//
f 746// 764// 744//
f 744// 764// 765//
f 744// 765// 766//
f 767// 768// 766//
f 766// 768// 743//
f 766// 743// 744//
f 744// 743// 742//
f 744// 742// 762//
f 748// 769// 746//
f 746// 769// 770//
f 746// 770// 771//
f 772// 773// 771//
f 771// 773// 768//
f 771// 768// 746//
f 746// 768// 767//
f 746// 767// 764//
f 750// 774// 748//
f 748// 774// 775//
f 748// 775// 776//
f 777// 778// 776//
f 776// 778// 773//
f 776// 773// 748//
f 748// 773// 772//
f 748// 772// 769//
f 750// 779// 780//
f 779// 750// 781//
f 781// 750// 752//
f 781// 752// 782//
f 782// 752// 783//
f 782// 783// 780//
f 780// 783// 778//
f 780// 778// 750//
f 750// 778// 777//
f 750// 777// 774//
f 760// 784// 785//
f 786// 787// 752//
f 752// 787// 788//
f 752// 788// 783//
f 783// 788// 789//
f 758// 790// 760//
f 760// 790// 791//
f 760// 791// 792//
f 793// 794// 792//
f 792// 794// 740//
f 792// 740// 760//
f 760// 740// 739//
f 760// 739// 784//
f 756// 795// 758//
f 758// 795// 796//
f 758// 796// 797//
f 798// 799// 797//
f 797// 799// 794//
f 797// 794// 758//
f 758// 794// 793//
f 758// 793// 790//
f 756// 800// 801//
f 800// 756// 802//
f 802// 756// 754//
f 802// 754// 803//
f 803// 754// 804//
f 803// 804// 801//
f 801// 804// 799//
f 801// 799// 756//
f 756// 799// 798//
f 756// 798// 795//
f 805// 804// 806//
f 806// 804// 754//
f 806// 754// 807//
f 807// 754// 753//
f 807// 753// 808//
f 763// 741// 60//
f 60// 741// 743//
f 60// 743// 59//
f 809// 810// 356//
f 356// 810// 811//
f 810// 812// 811//
f 811// 812// 813//
f 811// 813// 743//
f 743// 813// 809//
f 743// 809// 59//
f 356// 358// 809//
f 809// 358// 360//
f 809// 360// 362//
f 362// 364// 809//
f 809// 364// 366//
f 809// 366// 367//
f 367// 368// 809//
f 809// 368// 369//
f 809// 369// 59//
f 814// 815// 816//
f 815// 814// 817//
f 817// 814// 811//
f 817// 811// 818//
f 818// 811// 743//
f 818// 743// 816//
f 816// 743// 768//
f 816// 768// 814//
f 819// 820// 821//
f 820// 819// 822//
f 822// 819// 814//
f 822// 814// 823//
f 823// 814// 768//
f 823// 768// 821//
f 821// 768// 773//
f 821// 773// 819//
f 824// 825// 826//
f 825// 824// 827//
f 827// 824// 819//
f 827// 819// 828//
f 828// 819// 773//
f 828// 773// 826//
f 826// 773// 778//
f 826// 778// 824//
f 737// 829// 830//
f 829// 737// 831//
f 831// 737// 824//
f 831// 824// 832//
f 832// 824// 778//
f 832// 778// 830//
f 830// 778// 783//
f 830// 783// 737//
f 833// 834// 783//
f 736// 835// 740//
f 740// 835// 836//
f 783// 834// 737//
f 737// 834// 837//
f 737// 837// 735//
f 751// 761// 752//
f 752// 761// 760//
f 752// 760// 786//
f 786// 760// 785//
f 786// 785// 789//
f 789// 785// 738//
f 789// 738// 783//
f 783// 738// 740//
f 783// 740// 833//
f 833// 740// 836//
f 833// 836// 735//
f 735// 836// 838//
f 735// 838// 736//
f 736// 838// 839//
f 736// 839// 835//
f 840// 841// 842//
f 841// 840// 843//
f 843// 840// 736//
f 843// 736// 844//
f 844// 736// 740//
f 844// 740// 842//
f 842// 740// 794//
f 842// 794// 840//
f 845// 846// 847//
f 846// 845// 848//
f 848// 845// 840//
f 848// 840// 849//
f 849// 840// 794//
f 849// 794// 847//
f 847// 794// 799//
f 847// 799// 845//
f 805// 850// 804//
f 804// 850// 851//
f 804// 851// 799//
f 799// 851// 852//
f 799// 852// 845//
f 845// 852// 853//
f 845// 853// 850//
f 850// 853// 854//
f 850// 854// 851//
f 855// 856// 857//
f 857// 856// 858//
f 373// 372// 859//
f 859// 372// 860//
f 861// 862// 354//
f 354// 862// 355//
f 808// 859// 860//
f 619// 621// 805//
f 805// 621// 862//
f 805// 862// 861//
f 860// 616// 808//
f 808// 616// 615//
f 808// 615// 807//
f 807// 615// 619//
f 807// 619// 806//
f 806// 619// 805//
f 468// 621// 622//
f 621// 468// 862//
f 862// 468// 301//
f 862// 301// 300//
f 622// 624// 468//
f 468// 624// 635//
f 468// 635// 646//
f 300// 501// 862//
f 862// 501// 357//
f 862// 357// 355//
f 646// 662// 468//
f 468// 662// 676//
f 468// 676// 687//
f 687// 698// 468//
f 468// 698// 709//
f 468// 709// 469//
f 860// 372// 371//
f 733// 371// 734//
f 734// 371// 534//
f 734// 534// 535//
f 535// 536// 734//
f 734// 536// 537//
f 734// 537// 538//
f 733// 732// 371//
f 371// 732// 731//
f 371// 731// 860//
f 731// 730// 860//
f 860// 730// 729//
f 860// 729// 728//
f 728// 727// 860//
f 860// 727// 617//
f 860// 617// 616//
f 808// 753// 859//
f 859// 753// 755//
f 859// 755// 757//
f 757// 759// 859//
f 859// 759// 761//
f 859// 761// 373//
f 373// 761// 751//
f 373// 751// 749//
f 749// 747// 373//
f 373// 747// 745//
f 373// 745// 1//
f 356// 811// 354//
f 354// 811// 814//
f 354// 814// 819//
f 819// 824// 354//
f 354// 824// 737//
f 354// 737// 861//
f 861// 737// 736//
f 861// 736// 840//
f 840// 845// 861//
f 861// 845// 850//
f 861// 850// 805//
f 851// 863// 852//
f 852// 863// 864//
f 856// 852// 858//
f 858// 852// 864//
f 858// 864// 865//
f 865// 864// 866//
f 853// 855// 854//
f 854// 855// 857//
f 867// 854// 868//
f 868// 854// 857//
f 868// 857// 869//
f 869// 857// 870//
f 867// 863// 854//
f 854// 863// 851//
f 855// 853// 856//
f 856// 853// 852//
f 864// 863// 868//
f 868// 863// 867//
f 865// 866// 627//
f 627// 866// 626//
f 623// 625// 870//
f 870// 625// 869//
f 866// 864// 869//
f 869// 864// 868//
f 870// 857// 865//
f 865// 857// 858//
f 626// 866// 625//
f 625// 866// 869//
f 865// 627// 870//
f 870// 627// 623//
f 762// 871// 763//
f 763// 871// 872//
f 540// 763// 542//
f 542// 763// 872//
f 542// 872// 873//
f 873// 872// 874//
f 741// 539// 742//
f 742// 539// 541//
f 875// 742// 876//
f 876// 742// 541//
f 876// 541// 877//
f 877// 541// 878//
f 875// 871// 742//
f 742// 871// 762//
f 539// 741// 540//
f 540// 741// 763//
f 872// 871// 876//
f 876// 871// 875//
f 813// 879// 809//
f 809// 879// 880//
f 544// 809// 546//
f 546// 809// 880//
f 546// 880// 881//
f 881// 880// 882//
f 810// 543// 812//
f 812// 543// 545//
f 883// 812// 884//
f 884// 812// 545//
f 884// 545// 885//
f 885// 545// 886//
f 883// 879// 812//
f 812// 879// 813//
f 543// 810// 544//
f 544// 810// 809//
f 880// 879// 884//
f 884// 879// 883//
f 764// 887// 765//
f 765// 887// 888//
f 548// 765// 550//
f 550// 765// 888//
f 550// 888// 889//
f 889// 888// 890//
f 766// 547// 767//
f 767// 547// 549//
f 891// 767// 892//
f 892// 767// 549//
f 892// 549// 893//
f 893// 549// 894//
f 891// 887// 767//
f 767// 887// 764//
f 547// 766// 548//
f 548// 766// 765//
f 888// 887// 892//
f 892// 887// 891//
f 816// 895// 818//
f 818// 895// 896//
f 552// 818// 554//
f 554// 818// 896//
f 554// 896// 897//
f 897// 896// 898//
f 817// 551// 815//
f 815// 551// 553//
f 899// 815// 900//
f 900// 815// 553//
f 900// 553// 901//
f 901// 553// 902//
f 899// 895// 815//
f 815// 895// 816//
f 551// 817// 552//
f 552// 817// 818//
f 896// 895// 900//
f 900// 895// 899//
f 769// 903// 770//
f 770// 903// 904//
f 556// 770// 558//
f 558// 770// 904//
f 558// 904// 905//
f 905// 904// 906//
f 771// 555// 772//
f 772// 555// 557//
f 907// 772// 908//
f 908// 772// 557//
f 908// 557// 909//
f 909// 557// 910//
f 907// 903// 772//
f 772// 903// 769//
f 555// 771// 556//
f 556// 771// 770//
f 904// 903// 908//
f 908// 903// 907//
f 821// 911// 823//
f 823// 911// 912//
f 560// 823// 562//
f 562// 823// 912//
f 562// 912// 913//
f 913// 912// 914//
f 822// 559// 820//
f 820// 559// 561//
f 915// 820// 916//
f 916// 820// 561//
f 916// 561// 917//
f 917// 561// 918//
f 915// 911// 820//
f 820// 911// 821//
f 559// 822// 560//
f 560// 822// 823//
f 912// 911// 916//
f 916// 911// 915//
f 774// 919// 775//
f 775// 919// 920//
f 564// 775// 566//
f 566// 775// 920//
f 566// 920// 921//
f 921// 920// 922//
f 776// 563// 777//
f 777// 563// 565//
f 923// 777// 924//
f 924// 777// 565//
f 924// 565// 925//
f 925// 565// 926//
f 923// 919// 777//
f 777// 919// 774//
f 563// 776// 564//
f 564// 776// 775//
f 920// 919// 924//
f 924// 919// 923//
f 826// 927// 828//
f 828// 927// 928//
f 568// 828// 570//
f 570// 828// 928//
f 570// 928// 929//
f 929// 928// 930//
f 827// 567// 825//
f 825// 567// 569//
f 931// 825// 932//
f 932// 825// 569//
f 932// 569// 933//
f 933// 569// 934//
f 931// 927// 825//
f 825// 927// 826//
f 567// 827// 568//
f 568// 827// 828//
f 928// 927// 932//
f 932// 927// 931//
f 781// 935// 779//
f 779// 935// 936//
f 572// 779// 574//
f 574// 779// 936//
f 574// 936// 937//
f 937// 936// 938//
f 780// 571// 782//
f 782// 571// 573//
f 939// 782// 940//
f 940// 782// 573//
f 940// 573// 941//
f 941// 573// 942//
f 939// 935// 782//
f 782// 935// 781//
f 571// 780// 572//
f 572// 780// 779//
f 936// 935// 940//
f 940// 935// 939//
f 830// 943// 832//
f 832// 943// 944//
f 576// 832// 578//
f 578// 832// 944//
f 578// 944// 945//
f 945// 944// 946//
f 831// 575// 829//
f 829// 575// 577//
f 947// 829// 948//
f 948// 829// 577//
f 948// 577// 949//
f 949// 577// 950//
f 947// 943// 829//
f 829// 943// 830//
f 575// 831// 576//
f 576// 831// 832//
f 944// 943// 948//
f 948// 943// 947//
f 786// 951// 787//
f 787// 951// 952//
f 580// 787// 582//
f 582// 787// 952//
f 582// 952// 953//
f 953// 952// 954//
f 788// 579// 789//
f 789// 579// 581//
f 955// 789// 956//
f 956// 789// 581//
f 956// 581// 957//
f 957// 581// 958//
f 955// 951// 789//
f 789// 951// 786//
f 579// 788// 580//
f 580// 788// 787//
f 952// 951// 956//
f 956// 951// 955//
f 833// 959// 834//
f 834// 959// 960//
f 584// 834// 586//
f 586// 834// 960//
f 586// 960// 961//
f 961// 960// 962//
f 837// 583// 735//
f 735// 583// 585//
f 963// 735// 964//
f 964// 735// 585//
f 964// 585// 965//
f 965// 585// 966//
f 963// 959// 735//
f 735// 959// 833//
f 583// 837// 584//
f 584// 837// 834//
f 960// 959// 964//
f 964// 959// 963//
f 784// 967// 785//
f 785// 967// 968//
f 588// 785// 590//
f 590// 785// 968//
f 590// 968// 969//
f 969// 968// 970//
f 738// 587// 739//
f 739// 587// 589//
f 971// 739// 972//
f 972// 739// 589//
f 972// 589// 973//
f 973// 589// 974//
f 971// 967// 739//
f 739// 967// 784//
f 587// 738// 588//
f 588// 738// 785//
f 968// 967// 972//
f 972// 967// 971//
f 835// 975// 836//
f 836// 975// 976//
f 592// 836// 594//
f 594// 836// 976//
f 594// 976// 977//
f 977// 976// 978//
f 838// 591// 839//
f 839// 591// 593//
f 979// 839// 980//
f 980// 839// 593//
f 980// 593// 981//
f 981// 593// 982//
f 979// 975// 839//
f 839// 975// 835//
f 591// 838// 592//
f 592// 838// 836//
f 976// 975// 980//
f 980// 975// 979//
f 790// 983// 791//
f 791// 983// 984//
f 596// 791// 598//
f 598// 791// 984//
f 598// 984// 985//
f 985// 984// 986//
f 792// 595// 793//
f 793// 595// 597//
f 987// 793// 988//
f 988// 793// 597//
f 988// 597// 989//
f 989// 597// 990//
f 987// 983// 793//
f 793// 983// 790//
f 595// 792// 596//
f 596// 792// 791//
f 984// 983// 988//
f 988// 983// 987//
f 842// 991// 844//
f 844// 991// 992//
f 600// 844// 602//
f 602// 844// 992//
f 602// 992// 993//
f 993// 992// 994//
f 843// 599// 841//
f 841// 599// 601//
f 995// 841// 996//
f 996// 841// 601//
f 996// 601// 997//
f 997// 601// 998//
f 995// 991// 841//
f 841// 991// 842//
f 599// 843// 600//
f 600// 843// 844//
f 992// 991// 996//
f 996// 991// 995//
f 795// 999// 796//
f 796// 999// 1000//
f 604// 796// 606//
f 606// 796// 1000//
f 606// 1000// 1001//
f 1001// 1000// 1002//
f 797// 603// 798//
f 798// 603// 605//
f 1003// 798// 1004//
f 1004// 798// 605//
f 1004// 605// 1005//
f 1005// 605// 1006//
f 1003// 999// 798//
f 798// 999// 795//
f 603// 797// 604//
f 604// 797// 796//
f 1000// 999// 1004//
f 1004// 999// 1003//
f 847// 1007// 849//
f 849// 1007// 1008//
f 608// 849// 610//
f 610// 849// 1008//
f 610// 1008// 1009//
f 1009// 1008// 1010//
f 848// 607// 846//
f 846// 607// 609//
f 1011// 846// 1012//
f 1012// 846// 609//
f 1012// 609// 1013//
f 1013// 609// 1014//
f 1011// 1007// 846//
f 846// 1007// 847//
f 607// 848// 608//
f 608// 848// 849//
f 1008// 1007// 1012//
f 1012// 1007// 1011//
f 802// 1015// 800//
f 800// 1015// 1016//
f 612// 800// 614//
f 614// 800// 1016//
f 614// 1016// 1017//
f 1017// 1016// 1018//
f 801// 611// 803//
f 803// 611// 613//
f 1019// 803// 1020//
f 1020// 803// 613//
f 1020// 613// 1021//
f 1021// 613// 1022//
f 1019// 1015// 803//
f 803// 1015// 802//
f 611// 801// 612//
f 612// 801// 800//
f 1016// 1015// 1020//
f 1020// 1015// 1019//
f 873// 874// 723//
f 723// 874// 726//
f 724// 725// 878//
f 878// 725// 877//
f 874// 872// 877//
f 877// 872// 876//
f 878// 541// 873//
f 873// 541// 542//
f 881// 882// 719//
f 719// 882// 722//
f 720// 721// 886//
f 886// 721// 885//
f 882// 880// 885//
f 885// 880// 884//
f 886// 545// 881//
f 881// 545// 546//
f 889// 890// 717//
f 717// 890// 716//
f 714// 715// 894//
f 894// 715// 893//
f 890// 888// 893//
f 893// 888// 892//
f 894// 549// 889//
f 889// 549// 550//
f 897// 898// 712//
f 712// 898// 711//
f 708// 710// 902//
f 902// 710// 901//
f 898// 896// 901//
f 901// 896// 900//
f 902// 553// 897//
f 897// 553// 554//
f 905// 906// 706//
f 706// 906// 705//
f 703// 704// 910//
f 910// 704// 909//
f 906// 904// 909//
f 909// 904// 908//
f 910// 557// 905//
f 905// 557// 558//
f 913// 914// 701//
f 701// 914// 700//
f 697// 699// 918//
f 918// 699// 917//
f 914// 912// 917//
f 917// 912// 916//
f 918// 561// 913//
f 913// 561// 562//
f 921// 922// 695//
f 695// 922// 694//
f 692// 693// 926//
f 926// 693// 925//
f 922// 920// 925//
f 925// 920// 924//
f 926// 565// 921//
f 921// 565// 566//
f 929// 930// 690//
f 690// 930// 689//
f 686// 688// 934//
f 934// 688// 933//
f 930// 928// 933//
f 933// 928// 932//
f 934// 569// 929//
f 929// 569// 570//
f 937// 938// 684//
f 684// 938// 683//
f 681// 682// 942//
f 942// 682// 941//
f 938// 936// 941//
f 941// 936// 940//
f 942// 573// 937//
f 937// 573// 574//
f 945// 946// 679//
f 679// 946// 678//
f 675// 677// 950//
f 950// 677// 949//
f 946// 944// 949//
f 949// 944// 948//
f 950// 577// 945//
f 945// 577// 578//
f 953// 954// 674//
f 674// 954// 671//
f 673// 672// 958//
f 958// 672// 957//
f 954// 952// 957//
f 957// 952// 956//
f 958// 581// 953//
f 953// 581// 582//
f 961// 962// 657//
f 657// 962// 658//
f 661// 663// 966//
f 966// 663// 965//
f 962// 960// 965//
f 965// 960// 964//
f 966// 585// 961//
f 961// 585// 586//
f 969// 970// 666//
f 666// 970// 667//
f 669// 668// 974//
f 974// 668// 973//
f 970// 968// 973//
f 973// 968// 972//
f 974// 589// 969//
f 969// 589// 590//
f 977// 978// 659//
f 659// 978// 660//
f 665// 664// 982//
f 982// 664// 981//
f 978// 976// 981//
f 981// 976// 980//
f 982// 593// 977//
f 977// 593// 594//
f 985// 986// 654//
f 654// 986// 653//
f 651// 652// 990//
f 990// 652// 989//
f 986// 984// 989//
f 989// 984// 988//
f 990// 597// 985//
f 985// 597// 598//
f 993// 994// 649//
f 649// 994// 648//
f 645// 647// 998//
f 998// 647// 997//
f 994// 992// 997//
f 997// 992// 996//
f 998// 601// 993//
f 993// 601// 602//
f 1001// 1002// 643//
f 643// 1002// 642//
f 640// 641// 1006//
f 1006// 641// 1005//
f 1002// 1000// 1005//
f 1005// 1000// 1004//
f 1006// 605// 1001//
f 1001// 605// 606//
f 1009// 1010// 638//
f 638// 1010// 637//
f 634// 636// 1014//
f 1014// 636// 1013//
f 1010// 1008// 1013//
f 1013// 1008// 1012//
f 1014// 609// 1009//
f 1009// 609// 610//
f 1017// 1018// 632//
f 632// 1018// 631//
f 629// 630// 1022//
f 1022// 630// 1021//
f 1018// 1016// 1021//
f 1021// 1016// 1020//
f 1022// 613// 1017//
f 1017// 613// 614//
f 631// 1018// 630//
f 630// 1018// 1021//
f 1017// 632// 1022//
f 1022// 632// 629//
f 637// 1010// 636//
f 636// 1010// 1013//
f 1009// 638// 1014//
f 1014// 638// 634//
f 642// 1002// 641//
f 641// 1002// 1005//
f 1001// 643// 1006//
f 1006// 643// 640//
f 648// 994// 647//
f 647// 994// 997//
f 993// 649// 998//
f 998// 649// 645//
f 653// 986// 652//
f 652// 986// 989//
f 985// 654// 990//
f 990// 654// 651//
f 660// 978// 664//
f 664// 978// 981//
f 977// 659// 982//
f 982// 659// 665//
f 667// 970// 668//
f 668// 970// 973//
f 969// 666// 974//
f 974// 666// 669//
f 658// 962// 663//
f 663// 962// 965//
f 961// 657// 966//
f 966// 657// 661//
f 671// 954// 672//
f 672// 954// 957//
f 953// 674// 958//
f 958// 674// 673//
f 678// 946// 677//
f 677// 946// 949//
f 945// 679// 950//
f 950// 679// 675//
f 683// 938// 682//
f 682// 938// 941//
f 937// 684// 942//
f 942// 684// 681//
f 689// 930// 688//
f 688// 930// 933//
f 929// 690// 934//
f 934// 690// 686//
f 694// 922// 693//
f 693// 922// 925//
f 921// 695// 926//
f 926// 695// 692//
f 700// 914// 699//
f 699// 914// 917//
f 913// 701// 918//
f 918// 701// 697//
f 705// 906// 704//
f 704// 906// 909//
f 905// 706// 910//
f 910// 706// 703//
f 711// 898// 710//
f 710// 898// 901//
f 897// 712// 902//
f 902// 712// 708//
f 716// 890// 715//
f 715// 890// 893//
f 889// 717// 894//
f 894// 717// 714//
f 722// 882// 721//
f 721// 882// 885//
f 881// 719// 886//
f 886// 719// 720//
f 726// 874// 725//
f 725// 874// 877//
f 873// 723// 878//
f 878// 723// 724//
usemtl 2
f 1023// 1024// 490//
f 490// 1024// 491//
f 1025// 1023// 489//
f 489// 1023// 490//
f 1026// 1025// 488//
f 488// 1025// 489//
f 1027// 1026// 493//
f 493// 1026// 488//
f 1028// 1027// 492//
f 492// 1027// 493//
f 1024// 1028// 491//
f 491// 1028// 492//
f 1026// 1027// 1025//
f 1025// 1027// 1028//
f 1025// 1028// 1023//
f 1023// 1028// 1024//
f 1029// 391// 390//
f 1029// 390// 1030//
f 1030// 390// 389//
f 1030// 389// 1031//
f 1031// 389// 388//
f 1031// 388// 1032//
f 1033// 1032// 381//
f 381// 1032// 388//
f 1033// 381// 379//
f 1033// 379// 1034//
f 1034// 379// 378//
f 1034// 378// 1035//
f 1035// 378// 406//
f 1035// 406// 1036//
f 1036// 406// 405//
f 1036// 405// 1037//
f 1037// 405// 404//
f 1037// 404// 1038//
f 1038// 404// 410//
f 1038// 410// 1039//
f 1039// 410// 403//
f 1039// 403// 1040//
f 1040// 403// 402//
f 1040// 402// 1041//
f 1041// 402// 401//
f 1041// 401// 1042//
f 1042// 401// 380//
f 1042// 380// 1043//
f 1043// 380// 382//
f 1043// 382// 1044//
f 1044// 382// 387//
f 1044// 387// 1045//
f 1045// 387// 386//
f 1045// 386// 1046//
f 1046// 386// 385//
f 1046// 385// 1047//
f 1047// 385// 409//
f 1047// 409// 1048//
f 1048// 409// 408//
f 1048// 408// 1049//
f 1049// 408// 400//
f 1049// 400// 1050//
f 1050// 400// 399//
f 1050// 399// 1051//
f 1051// 399// 398//
f 1051// 398// 1052//
f 1052// 398// 397//
f 1052// 397// 1053//
f 1053// 397// 407//
f 1053// 407// 1054//
f 1054// 407// 377//
f 1054// 377// 1055//
f 1056// 1055// 376//
f 376// 1055// 377//
f 413// 1057// 1058//
f 1056// 376// 375//
f 1056// 375// 1059//
f 1059// 375// 374//
f 1059// 374// 1058//
f 1058// 374// 415//
f 1058// 415// 413//
f 1060// 1057// 420//
f 420// 1057// 413//
f 420// 421// 1060//
f 1060// 421// 422//
f 1060// 422// 1061//
f 1061// 422// 424//
f 1061// 424// 1062//
f 1062// 424// 423//
f 1062// 423// 1063//
f 1063// 423// 419//
f 1063// 419// 1064//
f 1064// 419// 417//
f 1064// 417// 1065//
f 417// 416// 1065//
f 1065// 416// 425//
f 1065// 425// 1066//
f 1066// 425// 427//
f 1066// 427// 1067//
f 1067// 427// 429//
f 1067// 429// 1068//
f 1068// 429// 396//
f 1068// 396// 1069//
f 396// 395// 1069//
f 1069// 395// 394//
f 1069// 394// 1070//
f 1070// 394// 384//
f 1070// 384// 1071//
f 1071// 384// 383//
f 1071// 383// 1072//
f 1072// 383// 393//
f 1072// 393// 1073//
f 1073// 393// 392//
f 1073// 392// 1074//
f 1074// 392// 391//
f 1074// 391// 1029//
f 1054// 1055// 1056//
f 1041// 1042// 1068//
f 1045// 1046// 1064//
f 1068// 1042// 1067//
f 1064// 1046// 1063//
f 1054// 1056// 1053//
f 1053// 1056// 1059//
f 1053// 1059// 1052//
f 1052// 1059// 1058//
f 1052// 1058// 1051//
f 1051// 1058// 1057//
f 1051// 1057// 1050//
f 1050// 1057// 1060//
f 1050// 1060// 1049//
f 1060// 1061// 1049//
f 1049// 1061// 1062//
f 1049// 1062// 1048//
f 1048// 1062// 1063//
f 1048// 1063// 1047//
f 1047// 1063// 1046//
f 1068// 1069// 1041//
f 1041// 1069// 1070//
f 1041// 1070// 1040//
f 1040// 1070// 1071//
f 1040// 1071// 1039//
f 1039// 1071// 1072//
f 1039// 1072// 1038//
f 1038// 1072// 1073//
f 1038// 1073// 1037//
f 1037// 1073// 1074//
f 1037// 1074// 1036//
f 1036// 1074// 1029//
f 1036// 1029// 1035//
f 1035// 1029// 1030//
f 1035// 1030// 1034//
f 1034// 1030// 1031//
f 1034// 1031// 1033//
f 1033// 1031// 1032//
f 1042// 1043// 1067//
f 1067// 1043// 1044//
f 1067// 1044// 1066//
f 1066// 1044// 1045//
f 1066// 1045// 1065//
f 1065// 1045// 1064//
f 1075// 1076// 343//
f 343// 1076// 352//
f 339// 1077// 341//
f 341// 1077// 1075//
f 341// 1075// 343//
f 1078// 1077// 338//
f 338// 1077// 339//
f 342// 1079// 340//
f 340// 1079// 1078//
f 340// 1078// 338//
f 1080// 1079// 348//
f 348// 1079// 342//
f 345// 1081// 347//
f 347// 1081// 1080//
f 347// 1080// 348//
f 1082// 1081// 344//
f 344// 1081// 345//
f 334// 1083// 346//
f 346// 1083// 1082//
f 346// 1082// 344//
f 1084// 1083// 335//
f 335// 1083// 334//
f 349// 1085// 337//
f 337// 1085// 1084//
f 337// 1084// 335//
f 1086// 1085// 351//
f 351// 1085// 349//
f 352// 1076// 353//
f 353// 1076// 1086//
f 353// 1086// 351//
f 1086// 1076// 1075//
f 1075// 1077// 1086//
f 1086// 1077// 1078//
f 1086// 1078// 1085//
f 1083// 1084// 1082//
f 1082// 1084// 1085//
f 1082// 1085// 1081//
f 1081// 1085// 1078//
f 1081// 1078// 1080//
f 1080// 1078// 1079//
f 1087// 1088// 1089//
f 1089// 1088// 1090//
f 1089// 1090// 1091//
f 1091// 1090// 1092//
f 1091// 1092// 1093//
f 1093// 1092// 1094//
f 1093// 1094// 1095//
f 1095// 1094// 1096//
f 1095// 1096// 1097//
f 1097// 1096// 1098//
f 1097// 1098// 1099//
f 1099// 1098// 1100//
f 1099// 1100// 1101//
f 1101// 1100// 1102//
f 1101// 1102// 1103//
f 1103// 1102// 1104//
f 1103// 1104// 1105//
f 1105// 1104// 1106//
f 1105// 1106// 1107//
f 1107// 1106// 1108//
f 1107// 1108// 1109//
f 1109// 1108// 1110//
f 1109// 1110// 1111//
f 1111// 1110// 1112//
f 1111// 1112// 1113//
f 1113// 1112// 1114//
f 1113// 1114// 1115//
f 1115// 1114// 1116//
f 1115// 1116// 1117//
f 1117// 1116// 1118//
f 1117// 1118// 1119//
f 1119// 1118// 1120//
f 1119// 1120// 1121//
f 1121// 1120// 1122//
f 1121// 1122// 1087//
f 1087// 1122// 1088//
f 1110// 1108// 309//
f 309// 1108// 310//
f 1110// 309// 327//
f 1110// 327// 1112//
f 1112// 327// 326//
f 1112// 326// 1114//
f 326// 324// 1114//
f 1114// 324// 323//
f 1114// 323// 1116//
f 1116// 323// 319//
f 1116// 319// 1118//
f 1118// 319// 318//
f 1118// 318// 1120//
f 1120// 318// 317//
f 1120// 317// 1122//
f 1122// 317// 316//
f 1122// 316// 1088//
f 1088// 316// 333//
f 1088// 333// 1090//
f 1090// 333// 332//
f 1090// 332// 1092//
f 1092// 332// 331//
f 1092// 331// 1094//
f 1094// 331// 321//
f 1094// 321// 1096//
f 1096// 321// 320//
f 1096// 320// 1098//
f 312// 1104// 1102//
f 1098// 320// 330//
f 1098// 330// 1100//
f 1100// 330// 329//
f 1100// 329// 1102//
f 1102// 329// 328//
f 1102// 328// 312//
f 1106// 1104// 315//
f 315// 1104// 312//
f 1108// 1106// 310//
f 310// 1106// 315//
f 1103// 1105// 1123//
f 1123// 1105// 1124//
f 1105// 1107// 1124//
f 1124// 1107// 1125//
f 1107// 1109// 1125//
f 1125// 1109// 1126//
f 1117// 1127// 1128//
f 1117// 1128// 1115//
f 1115// 1128// 1129//
f 1115// 1129// 1113//
f 1113// 1129// 1130//
f 1113// 1130// 1111//
f 1111// 1130// 1126//
f 1111// 1126// 1109//
f 1089// 1131// 1132//
f 1089// 1132// 1087//
f 1087// 1132// 1133//
f 1087// 1133// 1121//
f 1121// 1133// 1134//
f 1121// 1134// 1119//
f 1119// 1134// 1127//
f 1119// 1127// 1117//
f 1097// 1135// 1136//
f 1097// 1136// 1095//
f 1095// 1136// 1137//
f 1095// 1137// 1093//
f 1093// 1137// 1138//
f 1093// 1138// 1091//
f 1091// 1138// 1131//
f 1091// 1131// 1089//
f 1103// 1123// 1139//
f 1103// 1139// 1101//
f 1101// 1139// 1140//
f 1101// 1140// 1099//
f 1099// 1140// 1135//
f 1099// 1135// 1097//
usemtl 1
f 1124// 1125// 1123//
f 1123// 1125// 1126//
f 1123// 1126// 1130//
f 1130// 1129// 1123//
f 1123// 1129// 1128//
f 1123// 1128// 1127//
f 1127// 1134// 1123//
f 1123// 1134// 1133//
f 1123// 1133// 1132//
f 1132// 1131// 1123//
f 1123// 1131// 1138//
f 1123// 1138// 1137//
f 1137// 1136// 1123//
f 1123// 1136// 1135//
f 1123// 1135// 1139//
f 1139// 1135// 1140//
usemtl 2
f 1141// 1142// 1143//
f 1143// 1142// 1144//
f 1145// 1146// 1141//
f 1141// 1146// 1147//
f 1141// 1147// 1142//
f 1142// 1147// 1148//
f 1145// 1149// 1146//
f 1146// 1149// 1150//
f 1146// 1150// 1151//
f 1151// 1150// 1152//
f 1151// 1152// 1153//
f 1153// 1154// 1151//
f 1151// 1154// 1143//
f 1151// 1143// 1155//
f 1155// 1143// 1144//
f 1155// 1144// 1156//
f 1151// 1155// 298//
f 298// 1155// 299//
f 1146// 1151// 303//
f 303// 1151// 298//
f 305// 1147// 304//
f 304// 1147// 1146//
f 304// 1146// 303//
f 1148// 1147// 307//
f 307// 1147// 305//
f 1142// 1148// 308//
f 308// 1148// 307//
f 294// 1144// 295//
f 295// 1144// 1142//
f 295// 1142// 308//
f 1156// 1144// 296//
f 296// 1144// 294//
f 1155// 1156// 299//
f 299// 1156// 296//
f 1141// 1143// 1157//
f 1157// 1143// 1158//
f 1143// 1154// 1158//
f 1158// 1154// 1159//
f 1152// 1160// 1161//
f 1152// 1161// 1153//
f 1153// 1161// 1159//
f 1153// 1159// 1154//
f 1152// 1150// 1160//
f 1160// 1150// 1162//
f 1145// 1163// 1164//
f 1145// 1164// 1149//
f 1149// 1164// 1162//
f 1149// 1162// 1150//
f 1145// 1141// 1163//
f 1163// 1141// 1157//
usemtl 1
f 1160// 1162// 1161//
f 1161// 1162// 1164//
f 1161// 1164// 1159//
f 1159// 1164// 1163//
f 1159// 1163// 1158//
f 1158// 1163// 1157//
usemtl 2
f 1165// 1166// 524//
f 524// 1166// 530//
f 1167// 1165// 522//
f 522// 1165// 524//
f 1168// 1167// 521//
f 521// 1167// 522//
f 1169// 1168// 523//
f 523// 1168// 521//
f 1170// 1169// 525//
f 525// 1169// 523//
f 1171// 1170// 527//
f 527// 1170// 525//
f 1172// 1171// 526//
f 526// 1171// 527//
f 1173// 1172// 528//
f 528// 1172// 526//
f 1174// 1173// 533//
f 533// 1173// 528//
f 1175// 1174// 532//
f 532// 1174// 533//
f 1176// 1175// 531//
f 531// 1175// 532//
f 1166// 1176// 530//
f 530// 1176// 531//
f 1176// 1166// 1165//
f 1165// 1167// 1176//
f 1176// 1167// 1168//
f 1176// 1168// 1175//
f 1173// 1174// 1172//
f 1172// 1174// 1175//
f 1172// 1175// 1171//
f 1171// 1175// 1168//
f 1171// 1168// 1170//
f 1170// 1168// 1169//
f 1177// 1178// 1179//
f 1180// 1181// 1182//
f 1183// 1184// 1185//
f 1185// 1184// 1186//
f 1187// 1188// 1181//
f 1181// 1188// 1184//
f 1181// 1184// 1182//
f 1182// 1184// 1183//
f 1177// 1179// 1189//
f 1189// 1179// 1190//
f 1189// 1190// 1191//
f 1190// 1186// 1191//
f 1191// 1186// 1184//
f 1191// 1184// 1192//
f 1192// 1184// 1193//
f 1192// 1193// 1194//
f 1194// 1193// 1195//
f 1194// 1195// 1196//
f 1196// 1195// 1197//
f 1196// 1197// 1198//
f 1198// 1197// 1199//
f 1198// 1199// 1200//
f 1200// 1199// 1201//
f 1200// 1201// 1202//
f 1202// 1201// 1203//
f 1202// 1203// 1204//
f 1204// 1203// 1205//
f 1204// 1205// 1206//
f 1206// 1205// 1207//
f 1206// 1207// 1208//
f 1208// 1207// 1209//
f 1208// 1209// 1210//
f 1210// 1209// 1211//
f 1182// 1212// 1180//
f 1180// 1212// 1213//
f 1180// 1213// 1214//
f 1214// 1213// 1215//
f 1214// 1215// 1216//
f 1216// 1215// 1217//
f 1216// 1217// 1218//
f 1218// 1217// 1219//
f 1218// 1219// 1220//
f 1220// 1219// 1221//
f 1220// 1221// 1222//
f 1222// 1221// 1223//
f 1222// 1223// 1224//
f 1224// 1223// 1225//
f 1224// 1225// 1226//
f 1226// 1225// 1227//
f 1226// 1227// 1228//
f 1228// 1227// 1229//
f 1178// 1177// 1230//
f 1230// 1177// 1231//
f 1230// 1231// 1232//
f 1232// 1231// 1233//
f 1232// 1233// 1234//
f 1234// 1233// 1235//
f 1234// 1235// 1236//
f 1235// 1237// 1236//
f 1236// 1237// 1238//
f 1236// 1238// 1239//
f 1239// 1238// 1240//
f 1239// 1240// 1241//
f 1241// 1240// 1242//
f 1241// 1242// 1243//
f 1243// 1242// 1244//
f 1243// 1244// 1229//
f 1229// 1244// 1245//
f 1229// 1245// 1228//
f 1205// 219// 195//
f 1205// 195// 1207//
f 1207// 195// 197//
f 1207// 197// 1209//
f 1209// 197// 198//
f 1209// 198// 1211//
f 1210// 1211// 177//
f 177// 1211// 198//
f 1210// 177// 201//
f 1210// 201// 1208//
f 1208// 201// 205//
f 1208// 205// 1206//
f 1206// 205// 204//
f 1206// 204// 1204//
f 1204// 204// 203//
f 1204// 203// 1202//
f 1202// 203// 234//
f 1202// 234// 1200//
f 1200// 234// 233//
f 1200// 233// 1198//
f 1198// 233// 229//
f 1198// 229// 1196//
f 1196// 229// 228//
f 1196// 228// 1194//
f 1194// 228// 227//
f 1194// 227// 1192//
f 1192// 227// 226//
f 1192// 226// 1191//
f 1189// 1191// 202//
f 202// 1191// 226//
f 1189// 202// 200//
f 1189// 200// 1177//
f 1177// 200// 199//
f 1177// 199// 1231//
f 1231// 199// 176//
f 1231// 176// 1233//
f 1233// 176// 178//
f 1233// 178// 1235//
f 1235// 178// 179//
f 1235// 179// 1237//
f 1237// 179// 223//
f 1237// 223// 1238//
f 1238// 223// 222//
f 1238// 222// 1240//
f 1240// 222// 187//
f 1240// 187// 1242//
f 1242// 187// 186//
f 1242// 186// 1244//
f 1244// 186// 210//
f 1244// 210// 1245//
f 1245// 210// 209//
f 1245// 209// 1228//
f 431// 1222// 192//
f 192// 1222// 1224//
f 192// 1224// 193//
f 193// 1224// 1226//
f 193// 1226// 194//
f 194// 1226// 1228//
f 194// 1228// 209//
f 1222// 431// 430//
f 1222// 430// 1220//
f 1220// 430// 183//
f 1220// 183// 1218//
f 183// 181// 1218//
f 1218// 181// 180//
f 1218// 180// 1216//
f 1216// 180// 208//
f 1216// 208// 1214//
f 1214// 208// 207//
f 1214// 207// 1180//
f 1181// 1180// 206//
f 206// 1180// 207//
f 1187// 1181// 182//
f 182// 1181// 206//
f 1188// 1187// 184//
f 184// 1187// 182//
f 1184// 1188// 189//
f 189// 1188// 184//
f 1184// 189// 214//
f 1184// 214// 1193//
f 1193// 214// 224//
f 1193// 224// 1195//
f 1195// 224// 218//
f 1195// 218// 1197//
f 1197// 218// 411//
f 1197// 411// 1199//
f 1199// 411// 221//
f 1199// 221// 1201//
f 1201// 221// 220//
f 1201// 220// 1203//
f 1203// 220// 219//
f 1203// 219// 1205//
f 1230// 1246// 1247//
f 1230// 1247// 1178//
f 1178// 1247// 1248//
f 1178// 1248// 1179//
f 1179// 1248// 1249//
f 1179// 1249// 1190//
f 1239// 1250// 1251//
f 1239// 1251// 1236//
f 1236// 1251// 1252//
f 1236// 1252// 1234//
f 1234// 1252// 1253//
f 1234// 1253// 1232//
f 1232// 1253// 1246//
f 1232// 1246// 1230//
f 1227// 1254// 1255//
f 1227// 1255// 1229//
f 1229// 1255// 1256//
f 1229// 1256// 1243//
f 1243// 1256// 1257//
f 1243// 1257// 1241//
f 1241// 1257// 1250//
f 1241// 1250// 1239//
f 1221// 1258// 1259//
f 1221// 1259// 1223//
f 1223// 1259// 1260//
f 1223// 1260// 1225//
f 1225// 1260// 1254//
f 1225// 1254// 1227//
f 1213// 1261// 1262//
f 1213// 1262// 1215//
f 1215// 1262// 1263//
f 1215// 1263// 1217//
f 1217// 1263// 1264//
f 1217// 1264// 1219//
f 1219// 1264// 1258//
f 1219// 1258// 1221//
f 1185// 1265// 1266//
f 1185// 1266// 1183//
f 1183// 1266// 1267//
f 1183// 1267// 1182//
f 1182// 1267// 1268//
f 1182// 1268// 1212//
f 1212// 1268// 1261//
f 1212// 1261// 1213//
f 1185// 1186// 1265//
f 1265// 1186// 1269//
f 1186// 1190// 1269//
f 1269// 1190// 1249//
usemtl 1
f 1269// 1249// 1265//
f 1265// 1249// 1248//
f 1248// 1247// 1265//
f 1265// 1247// 1246//
f 1265// 1246// 1266//
f 1266// 1246// 1267//
f 1267// 1246// 1253//
f 1267// 1253// 1268//
f 1255// 1254// 1262//
f 1255// 1262// 1256//
f 1263// 1262// 1264//
f 1264// 1262// 1258//
f 1253// 1252// 1268//
f 1268// 1252// 1251//
f 1268// 1251// 1261//
f 1261// 1251// 1250//
f 1261// 1250// 1262//
f 1262// 1250// 1257//
f 1262// 1257// 1256//
f 1254// 1260// 1262//
f 1262// 1260// 1259//
f 1262// 1259// 1258//
usemtl 2
f 1270// 280// 277//
f 212// 1271// 277//
f 277// 1271// 1272//
f 277// 1272// 1270//
f 212// 211// 1271//
f 1271// 211// 188//
f 1271// 188// 1273//
f 1274// 1273// 190//
f 190// 1273// 188//
f 1275// 1274// 8//
f 8// 1274// 190//
f 237// 1276// 235//
f 235// 1276// 1275//
f 235// 1275// 7//
f 7// 1275// 8//
f 1277// 1276// 5//
f 5// 1276// 237//
f 5// 4// 1277//
f 1277// 4// 258//
f 1277// 258// 1278//
f 1278// 258// 257//
f 1278// 257// 1279//
f 1279// 257// 248//
f 1279// 248// 1280//
f 1280// 248// 247//
f 1280// 247// 1281//
f 1281// 247// 246//
f 1281// 246// 1282//
f 1282// 246// 256//
f 1282// 256// 1283//
f 1283// 256// 255//
f 1283// 255// 1284//
f 1284// 255// 254//
f 1284// 254// 1285//
f 1285// 254// 253//
f 1285// 253// 1286//
f 1286// 253// 273//
f 1286// 273// 1287//
f 1287// 273// 272//
f 1287// 272// 1288//
f 1288// 272// 270//
f 1288// 270// 1289//
f 1289// 270// 268//
f 1289// 268// 1290//
f 1290// 268// 267//
f 1290// 267// 1291//
f 1291// 267// 266//
f 1291// 266// 1292//
f 1292// 266// 265//
f 1292// 265// 1293//
f 1293// 265// 264//
f 1293// 264// 1294//
f 1294// 264// 261//
f 1294// 261// 1295//
f 1295// 261// 276//
f 1295// 276// 1296//
f 1296// 276// 275//
f 1296// 275// 1297//
f 1297// 275// 274//
f 1297// 274// 1298//
f 1298// 274// 263//
f 1298// 263// 1299//
f 1299// 263// 262//
f 1299// 262// 1300//
f 1300// 262// 260//
f 1300// 260// 1301//
f 1301// 260// 259//
f 1301// 259// 1302//
f 1302// 259// 269//
f 1302// 269// 1303//
f 1303// 269// 271//
f 1303// 271// 1304//
f 1304// 271// 240//
f 1304// 240// 1305//
f 1306// 1305// 239//
f 239// 1305// 240//
f 1306// 239// 252//
f 1306// 252// 1307//
f 1307// 252// 250//
f 1307// 250// 1308//
f 1308// 250// 249//
f 1308// 249// 1309//
f 1309// 249// 245//
f 1309// 245// 1310//
f 1310// 245// 244//
f 1310// 244// 1311//
f 1312// 1311// 242//
f 242// 1311// 244//
f 242// 241// 1312//
f 1312// 241// 217//
f 1312// 217// 1313//
f 1313// 217// 216//
f 1313// 216// 1314//
f 1314// 216// 225//
f 1314// 225// 1315//
f 1315// 225// 215//
f 1315// 215// 1316//
f 1316// 215// 232//
f 1316// 232// 1317//
f 1317// 232// 231//
f 1317// 231// 1318//
f 278// 1319// 1320//
f 1318// 231// 230//
f 1318// 230// 1321//
f 1321// 230// 213//
f 1321// 213// 1320//
f 1320// 213// 279//
f 1320// 279// 278//
f 1319// 278// 282//
f 1319// 282// 1322//
f 1322// 282// 293//
f 1322// 293// 1323//
f 1323// 293// 292//
f 1323// 292// 1324//
f 1324// 292// 291//
f 1324// 291// 1325//
f 1325// 291// 285//
f 1325// 285// 1326//
f 1326// 285// 284//
f 1326// 284// 1327//
f 1327// 284// 290//
f 1327// 290// 1328//
f 1328// 290// 289//
f 1328// 289// 1329//
f 1329// 289// 288//
f 1329// 288// 1330//
f 1330// 288// 287//
f 1330// 287// 1331//
f 1331// 287// 286//
f 1331// 286// 1332//
f 1332// 286// 283//
f 1332// 283// 1333//
f 1333// 283// 281//
f 1333// 281// 1334//
f 1334// 281// 280//
f 1334// 280// 1270//
f 1298// 1299// 1310//
f 1310// 1299// 1309//
f 1322// 1289// 1319//
f 1319// 1289// 1290//
f 1278// 1279// 1330//
f 1330// 1279// 1280//
f 1330// 1280// 1329//
f 1329// 1280// 1281//
f 1329// 1281// 1328//
f 1328// 1281// 1282//
f 1328// 1282// 1327//
f 1327// 1282// 1283//
f 1327// 1283// 1326//
f 1326// 1283// 1284//
f 1326// 1284// 1325//
f 1325// 1284// 1285//
f 1325// 1285// 1324//
f 1324// 1285// 1286//
f 1324// 1286// 1323//
f 1323// 1286// 1287//
f 1323// 1287// 1322//
f 1322// 1287// 1288//
f 1322// 1288// 1289//
f 1276// 1270// 1275//
f 1275// 1270// 1272//
f 1275// 1272// 1274//
f 1274// 1272// 1271//
f 1274// 1271// 1273//
f 1299// 1300// 1309//
f 1309// 1300// 1301//
f 1309// 1301// 1308//
f 1308// 1301// 1302//
f 1308// 1302// 1307//
f 1307// 1302// 1303//
f 1307// 1303// 1306//
f 1306// 1303// 1304//
f 1306// 1304// 1305//
f 1330// 1331// 1278//
f 1278// 1331// 1332//
f 1278// 1332// 1277//
f 1277// 1332// 1333//
f 1277// 1333// 1276//
f 1276// 1333// 1334//
f 1276// 1334// 1270//
f 1310// 1311// 1298//
f 1298// 1311// 1312//
f 1298// 1312// 1297//
f 1297// 1312// 1313//
f 1297// 1313// 1296//
f 1296// 1313// 1314//
f 1296// 1314// 1295//
f 1295// 1314// 1315//
f 1295// 1315// 1294//
f 1294// 1315// 1316//
f 1294// 1316// 1293//
f 1293// 1316// 1317//
f 1293// 1317// 1292//
f 1292// 1317// 1318//
f 1292// 1318// 1291//
f 1291// 1318// 1321//
f 1291// 1321// 1290//
f 1290// 1321// 1320//
f 1290// 1320// 1319//
f 1335// 1336// 432//
f 432// 1336// 433//
f 1337// 1335// 440//
f 440// 1335// 432//
f 1337// 440// 441//
f 1337// 441// 1338//
f 1338// 441// 438//
f 1338// 438// 1339//
f 1340// 1339// 437//
f 437// 1339// 438//
f 1341// 1340// 436//
f 436// 1340// 437//
f 444// 1342// 439//
f 439// 1342// 1341//
f 439// 1341// 436//
f 1343// 1342// 443//
f 443// 1342// 444//
f 446// 1344// 442//
f 442// 1344// 1343//
f 442// 1343// 443//
f 450// 1345// 445//
f 445// 1345// 1344//
f 445// 1344// 446//
f 1345// 450// 448//
f 1345// 448// 1346//
f 1346// 448// 447//
f 1346// 447// 1347//
f 447// 461// 1347//
f 1347// 461// 460//
f 1347// 460// 1348//
f 1348// 460// 455//
f 1348// 455// 1349//
f 1349// 455// 454//
f 1349// 454// 1350//
f 1350// 454// 453//
f 1350// 453// 1351//
f 1351// 453// 451//
f 1351// 451// 1352//
f 1353// 1352// 452//
f 452// 1352// 451//
f 1353// 452// 459//
f 1353// 459// 1354//
f 1354// 459// 458//
f 1354// 458// 1355//
f 1355// 458// 457//
f 456// 1356// 457//
f 457// 1356// 1357//
f 457// 1357// 1355//
f 456// 467// 1356//
f 1356// 467// 466//
f 1356// 466// 1358//
f 1358// 466// 465//
f 1358// 465// 1359//
f 1359// 465// 463//
f 1359// 463// 1360//
f 1360// 463// 462//
f 1360// 462// 1361//
f 433// 1336// 464//
f 464// 1336// 1361//
f 464// 1361// 462//
f 1338// 1339// 1361//
f 1336// 1335// 1361//
f 1361// 1335// 1337//
f 1361// 1337// 1338//
f 1342// 1343// 1341//
f 1341// 1343// 1344//
f 1341// 1344// 1340//
f 1360// 1346// 1359//
f 1359// 1346// 1347//
f 1352// 1353// 1351//
f 1351// 1353// 1354//
f 1351// 1354// 1350//
f 1350// 1354// 1355//
f 1350// 1355// 1349//
f 1349// 1355// 1357//
f 1349// 1357// 1348//
f 1348// 1357// 1356//
f 1348// 1356// 1347//
f 1347// 1356// 1358//
f 1347// 1358// 1359//
f 1339// 1340// 1361//
f 1361// 1340// 1344//
f 1361// 1344// 1360//
f 1360// 1344// 1345//
f 1360// 1345// 1346//
f 1362// 1363// 157//
f 157// 1363// 158//
f 162// 1364// 164//
f 164// 1364// 1362//
f 164// 1362// 157//
f 1365// 1364// 161//
f 161// 1364// 162//
f 165// 1366// 163//
f 163// 1366// 1365//
f 163// 1365// 161//
f 1367// 1366// 166//
f 166// 1366// 165//
f 168// 1368// 170//
f 170// 1368// 1367//
f 170// 1367// 166//
f 1369// 1368// 167//
f 167// 1368// 168//
f 171// 1370// 169//
f 169// 1370// 1369//
f 169// 1369// 167//
f 1371// 1370// 435//
f 435// 1370// 171//
f 175// 1372// 434//
f 434// 1372// 1371//
f 434// 1371// 435//
f 1373// 1372// 173//
f 173// 1372// 175//
f 158// 1363// 172//
f 172// 1363// 1373//
f 172// 1373// 173//
f 1373// 1363// 1362//
f 1362// 1364// 1373//
f 1373// 1364// 1365//
f 1373// 1365// 1372//
f 1370// 1371// 1369//
f 1369// 1371// 1372//
f 1369// 1372// 1368//
f 1368// 1372// 1365//
f 1368// 1365// 1367//
f 1367// 1365// 1366//
f 1374// 1375// 1376//
f 1376// 1375// 1377//
f 1376// 1377// 1378//
f 1378// 1377// 1379//
f 1378// 1379// 1380//
f 1380// 1379// 1381//
f 1380// 1381// 1382//
f 1382// 1381// 1383//
f 1382// 1383// 1384//
f 1384// 1383// 1385//
f 1384// 1385// 1386//
f 1386// 1385// 1387//
f 1386// 1387// 1388//
f 1388// 1387// 1389//
f 1388// 1389// 1390//
f 1390// 1389// 1391//
f 1390// 1391// 1392//
f 1392// 1391// 1393//
f 1392// 1393// 1394//
f 1394// 1393// 1395//
f 1394// 1395// 1396//
f 1396// 1395// 1397//
f 1396// 1397// 1398//
f 1398// 1397// 1399//
f 1398// 1399// 1400//
f 1400// 1399// 1401//
f 1400// 1401// 1402//
f 1402// 1401// 1403//
f 1402// 1403// 1404//
f 1404// 1403// 1405//
f 1404// 1405// 1406//
f 1406// 1405// 1407//
f 1406// 1407// 1408//
f 1408// 1407// 1409//
f 1408// 1409// 1374//
f 1374// 1409// 1375//
f 1397// 1395// 498//
f 498// 1395// 494//
f 1397// 498// 506//
f 1397// 506// 1399//
f 1399// 506// 517//
f 1399// 517// 1401//
f 1401// 517// 516//
f 1401// 516// 1403//
f 1403// 516// 512//
f 1403// 512// 1405//
f 1405// 512// 511//
f 1405// 511// 1407//
f 1407// 511// 520//
f 1407// 520// 1409//
f 1409// 520// 519//
f 1409// 519// 1375//
f 1375// 519// 518//
f 1375// 518// 1377//
f 1377// 518// 510//
f 1377// 510// 1379//
f 1379// 510// 509//
f 1379// 509// 1381//
f 1381// 509// 508//
f 1381// 508// 1383//
f 1383// 508// 507//
f 1383// 507// 1385//
f 1385// 507// 515//
f 1385// 515// 1387//
f 1387// 515// 514//
f 1387// 514// 1389//
f 1389// 514// 513//
f 1389// 513// 1391//
f 1393// 1391// 495//
f 495// 1391// 513//
f 1395// 1393// 494//
f 494// 1393// 495//
f 1390// 1392// 1410//
f 1410// 1392// 1411//
f 1392// 1394// 1411//
f 1411// 1394// 1412//
f 1394// 1396// 1412//
f 1412// 1396// 1413//
f 1404// 1414// 1415//
f 1404// 1415// 1402//
f 1402// 1415// 1416//
f 1402// 1416// 1400//
f 1400// 1416// 1417//
f 1400// 1417// 1398//
f 1398// 1417// 1413//
f 1398// 1413// 1396//
f 1376// 1418// 1419//
f 1376// 1419// 1374//
f 1374// 1419// 1420//
f 1374// 1420// 1408//
f 1408// 1420// 1421//
f 1408// 1421// 1406//
f 1406// 1421// 1414//
f 1406// 1414// 1404//
f 1384// 1422// 1423//
f 1384// 1423// 1382//
f 1382// 1423// 1424//
f 1382// 1424// 1380//
f 1380// 1424// 1425//
f 1380// 1425// 1378//
f 1378// 1425// 1418//
f 1378// 1418// 1376//
f 1390// 1410// 1426//
f 1390// 1426// 1388//
f 1388// 1426// 1427//
f 1388// 1427// 1386//
f 1386// 1427// 1422//
f 1386// 1422// 1384//
usemtl 1
f 1411// 1412// 1410//
f 1410// 1412// 1413//
f 1410// 1413// 1417//
f 1417// 1416// 1410//
f 1410// 1416// 1415//
f 1410// 1415// 1414//
f 1414// 1421// 1410//
f 1410// 1421// 1420//
f 1410// 1420// 1419//
f 1419// 1418// 1410//
f 1410// 1418// 1425//
f 1410// 1425// 1424//
f 1424// 1423// 1410//
f 1410// 1423// 1422//
f 1410// 1422// 1426//
f 1426// 1422// 1427//
usemtl 2
f 1428// 1429// 1430//
f 1430// 1429// 1431//
f 1432// 1433// 1428//
f 1428// 1433// 1434//
f 1428// 1434// 1429//
f 1429// 1434// 1435//
f 1432// 1436// 1433//
f 1433// 1436// 1437//
f 1433// 1437// 1438//
f 1438// 1437// 1439//
f 1438// 1439// 1440//
f 1440// 1441// 1438//
f 1438// 1441// 1430//
f 1438// 1430// 1442//
f 1442// 1430// 1431//
f 1442// 1431// 1443//
f 1438// 1442// 497//
f 497// 1442// 500//
f 1433// 1438// 496//
f 496// 1438// 497//
f 1434// 1433// 505//
f 505// 1433// 496//
f 1435// 1434// 504//
f 504// 1434// 505//
f 1429// 1435// 503//
f 503// 1435// 504//
f 1431// 1429// 502//
f 502// 1429// 503//
f 1443// 1431// 499//
f 499// 1431// 502//
f 1442// 1443// 500//
f 500// 1443// 499//
f 1428// 1430// 1444//
f 1444// 1430// 1445//
f 1430// 1441// 1445//
f 1445// 1441// 1446//
f 1439// 1447// 1448//
f 1439// 1448// 1440//
f 1440// 1448// 1446//
f 1440// 1446// 1441//
f 1439// 1437// 1447//
f 1447// 1437// 1449//
f 1432// 1450// 1451//
f 1432// 1451// 1436//
f 1436// 1451// 1449//
f 1436// 1449// 1437//
f 1432// 1428// 1450//
f 1450// 1428// 1444//
usemtl 1
f 1447// 1449// 1448//
f 1448// 1449// 1451//
f 1448// 1451// 1446//
f 1446// 1451// 1450//
f 1446// 1450// 1445//
f 1445// 1450// 1444//
usemtl 2
f 1452// 1453// 1454//
f 1455// 1456// 1457//
f 1458// 1459// 1460//
f 1461// 1462// 1463//
f 1464// 1463// 1465//
f 1465// 1463// 1466//
f 1454// 1453// 1467//
f 1468// 1469// 1470//
f 1470// 1469// 1471//
f 1470// 1471// 1472//
f 1472// 1471// 1473//
f 1472// 1473// 1457//
f 1457// 1473// 1474//
f 1457// 1474// 1455//
f 1475// 1461// 1476//
f 1476// 1461// 1463//
f 1476// 1463// 1477//
f 1477// 1463// 1464//
f 1458// 1460// 1478//
f 1478// 1460// 1479//
f 1478// 1479// 1480//
f 1480// 1479// 1481//
f 1480// 1481// 1482//
f 1453// 1483// 1467//
f 1467// 1483// 1484//
f 1467// 1484// 1485//
f 1485// 1484// 1486//
f 1485// 1486// 1458//
f 1458// 1486// 1487//
f 1458// 1487// 1459//
f 1488// 1489// 1473//
f 1473// 1489// 1490//
f 1473// 1490// 1491//
f 1491// 1490// 1492//
f 1491// 1492// 1493//
f 1493// 1492// 1494//
f 1493// 1494// 1495//
f 1495// 1494// 1496//
f 1495// 1496// 1497//
f 1497// 1496// 1498//
f 1497// 1498// 1499//
f 1499// 1498// 1500//
f 1499// 1500// 1476//
f 1476// 1500// 1501//
f 1476// 1501// 1475//
f 1502// 1503// 1471//
f 1471// 1503// 1504//
f 1471// 1504// 1473//
f 1473// 1504// 1505//
f 1473// 1505// 1488//
f 1506// 1507// 1508//
f 1508// 1507// 1509//
f 1508// 1509// 1510//
f 1510// 1509// 1511//
f 1510// 1511// 1512//
f 1512// 1511// 1513//
f 1512// 1513// 1514//
f 1462// 1515// 1463//
f 1463// 1515// 1516//
f 1463// 1516// 1517//
f 1517// 1516// 1518//
f 1517// 1518// 1519//
f 1519// 1518// 1520//
f 1519// 1520// 1521//
f 1521// 1520// 1522//
f 1521// 1522// 1523//
f 1523// 1522// 1524//
f 1523// 1524// 1525//
f 1525// 1524// 1526//
f 1525// 1526// 1527//
f 1527// 1526// 1528//
f 1527// 1528// 1529//
f 1529// 1528// 1530//
f 1529// 1530// 1531//
f 1531// 1530// 1532//
f 1531// 1532// 1471//
f 1471// 1532// 1533//
f 1471// 1533// 1502//
f 1534// 1535// 1536//
f 1536// 1535// 1537//
f 1536// 1537// 1538//
f 1538// 1537// 1539//
f 1538// 1539// 1540//
f 1540// 1539// 1541//
f 1540// 1541// 1542//
f 1542// 1541// 1543//
f 1542// 1543// 1544//
f 1544// 1543// 1545//
f 1544// 1545// 1546//
f 1546// 1545// 1547//
f 1546// 1547// 1548//
f 1548// 1547// 1549//
f 1548// 1549// 1550//
f 1550// 1549// 1551//
f 1550// 1551// 1552//
f 1552// 1551// 1553//
f 1552// 1553// 1554//
f 1554// 1553// 1555//
f 1554// 1555// 1506//
f 1506// 1555// 1556//
f 1506// 1556// 1507//
f 1557// 1558// 1559//
f 1559// 1558// 1560//
f 1559// 1560// 1536//
f 1536// 1560// 1561//
f 1536// 1561// 1534//
f 1562// 1563// 1564//
f 1564// 1563// 1565//
f 1564// 1565// 1566//
f 1566// 1565// 1567//
f 1566// 1567// 1568//
f 1568// 1567// 1569//
f 1568// 1569// 1570//
f 1570// 1569// 1571//
f 1570// 1571// 1466//
f 1466// 1571// 1572//
f 1466// 1572// 1465//
f 1482// 1481// 1573//
f 1573// 1481// 1574//
f 1573// 1574// 1575//
f 1575// 1574// 1576//
f 1575// 1576// 1577//
f 1577// 1576// 1578//
f 1577// 1578// 1579//
f 1579// 1578// 1580//
f 1579// 1580// 1557//
f 1557// 1580// 1581//
f 1557// 1581// 1558//
f 1454// 1582// 1452//
f 1452// 1582// 1583//
f 1452// 1583// 1584//
f 1584// 1583// 1585//
f 1584// 1585// 1586//
f 1586// 1585// 1587//
f 1586// 1587// 1562//
f 1562// 1587// 1588//
f 1562// 1588// 1563//
f 1589// 1590// 1591//
f 1513// 1592// 1514//
f 1514// 1592// 1589//
f 1514// 1589// 1593//
f 1593// 1589// 1591//
f 1594// 1595// 1589//
f 1589// 1595// 1596//
f 1589// 1596// 1590//
f 1597// 1598// 1599//
f 1598// 1600// 1599//
f 1599// 1600// 1601//
f 1599// 1601// 1602//
f 1594// 1589// 1599//
f 1599// 1589// 1603//
f 1599// 1603// 1597//
f 1548// 88// 87//
f 1548// 87// 1546//
f 1546// 87// 14//
f 1546// 14// 1544//
f 14// 16// 1544//
f 1544// 16// 17//
f 1544// 17// 1542//
f 1542// 17// 18//
f 1542// 18// 1540//
f 1540// 18// 20//
f 1540// 20// 1538//
f 1538// 20// 19//
f 1538// 19// 1536//
f 1536// 19// 13//
f 1536// 13// 1559//
f 1559// 13// 11//
f 1559// 11// 1557//
f 1579// 1557// 10//
f 10// 1557// 11//
f 10// 22// 1579//
f 1579// 22// 21//
f 1579// 21// 1577//
f 1577// 21// 27//
f 1577// 27// 1575//
f 30// 1480// 28//
f 28// 1480// 1482//
f 28// 1482// 24//
f 24// 1482// 1573//
f 24// 1573// 25//
f 25// 1573// 1575//
f 25// 1575// 27//
f 1480// 30// 35//
f 1480// 35// 1478//
f 1478// 35// 37//
f 1478// 37// 1458//
f 1458// 37// 36//
f 1458// 36// 1485//
f 1485// 36// 34//
f 1485// 34// 1467//
f 1467// 34// 33//
f 1467// 33// 1454//
f 1454// 33// 39//
f 1454// 39// 1582//
f 1582// 39// 38//
f 1582// 38// 1583//
f 1583// 38// 32//
f 1583// 32// 1585//
f 47// 1565// 1563//
f 1585// 32// 31//
f 1585// 31// 1587//
f 1587// 31// 50//
f 1587// 50// 1588//
f 1588// 50// 49//
f 1588// 49// 1563//
f 1563// 49// 48//
f 1563// 48// 47//
f 1565// 47// 45//
f 1565// 45// 1567//
f 1567// 45// 44//
f 1567// 44// 1569//
f 1569// 44// 41//
f 1569// 41// 1571//
f 1571// 41// 40//
f 1571// 40// 1572//
f 1572// 40// 43//
f 1572// 43// 1465//
f 1465// 43// 53//
f 1465// 53// 1464//
f 1464// 53// 54//
f 1464// 54// 1477//
f 54// 55// 1477//
f 1477// 55// 56//
f 1477// 56// 1476//
f 1476// 56// 52//
f 1476// 52// 1499//
f 1499// 52// 51//
f 1499// 51// 1497//
f 51// 62// 1497//
f 1497// 62// 65//
f 1497// 65// 1495//
f 1495// 65// 64//
f 1495// 64// 1493//
f 120// 1472// 1457//
f 1493// 64// 63//
f 1493// 63// 1491//
f 1491// 63// 58//
f 1491// 58// 1473//
f 58// 71// 1473//
f 1473// 71// 70//
f 1473// 70// 1474//
f 1474// 70// 69//
f 1474// 69// 1455//
f 1455// 69// 68//
f 1455// 68// 1456//
f 1456// 68// 67//
f 1456// 67// 1457//
f 1457// 67// 119//
f 1457// 119// 120//
f 1470// 1472// 107//
f 107// 1472// 120//
f 1468// 1470// 74//
f 74// 1470// 107//
f 1469// 1468// 78//
f 78// 1468// 74//
f 1471// 1469// 77//
f 77// 1469// 78//
f 1471// 77// 79//
f 1471// 79// 1531//
f 1531// 79// 80//
f 1531// 80// 1529//
f 1529// 80// 104//
f 1529// 104// 1527//
f 1527// 104// 103//
f 1527// 103// 1525//
f 1525// 103// 102//
f 1525// 102// 1523//
f 1523// 102// 98//
f 1523// 98// 1521//
f 1521// 98// 99//
f 1521// 99// 1519//
f 1519// 99// 95//
f 1519// 95// 1517//
f 1517// 95// 97//
f 1517// 97// 1463//
f 1463// 97// 96//
f 1463// 96// 1466//
f 1466// 96// 94//
f 1466// 94// 1570//
f 1570// 94// 93//
f 1570// 93// 1568//
f 1568// 93// 101//
f 1568// 101// 1566//
f 1566// 101// 100//
f 1566// 100// 1564//
f 1562// 1564// 86//
f 86// 1564// 100//
f 86// 156// 1562//
f 1562// 156// 149//
f 1562// 149// 1586//
f 1586// 149// 148//
f 1586// 148// 1584//
f 1584// 148// 146//
f 1584// 146// 1452//
f 1452// 146// 145//
f 1452// 145// 1453//
f 1453// 145// 147//
f 1453// 147// 1483//
f 1483// 147// 155//
f 1483// 155// 1484//
f 1484// 155// 137//
f 1484// 137// 1486//
f 1486// 137// 136//
f 1486// 136// 1487//
f 1487// 136// 132//
f 1487// 132// 1459//
f 1459// 132// 135//
f 1459// 135// 1460//
f 1460// 135// 150//
f 1460// 150// 1479//
f 1479// 150// 152//
f 1479// 152// 1481//
f 1481// 152// 154//
f 1481// 154// 1574//
f 1574// 154// 153//
f 1574// 153// 1576//
f 1576// 153// 151//
f 1576// 151// 1578//
f 1578// 151// 134//
f 1578// 134// 1580//
f 1580// 134// 133//
f 1580// 133// 1581//
f 1581// 133// 131//
f 1581// 131// 1558//
f 1558// 131// 130//
f 1558// 130// 1560//
f 1560// 130// 141//
f 1560// 141// 1561//
f 1561// 141// 140//
f 1561// 140// 1534//
f 1535// 1534// 139//
f 139// 1534// 140//
f 1535// 139// 138//
f 1535// 138// 1537//
f 1537// 138// 144//
f 1537// 144// 1539//
f 1539// 144// 143//
f 1539// 143// 1541//
f 1541// 143// 142//
f 1541// 142// 1543//
f 1543// 142// 85//
f 1543// 85// 1545//
f 85// 84// 1545//
f 1545// 84// 83//
f 1545// 83// 1547//
f 1547// 83// 127//
f 1547// 127// 1549//
f 1549// 127// 126//
f 1549// 126// 1551//
f 1551// 126// 125//
f 1551// 125// 1553//
f 1553// 125// 124//
f 1553// 124// 1555//
f 1555// 124// 129//
f 1555// 129// 1556//
f 1556// 129// 128//
f 1556// 128// 1507//
f 1507// 128// 112//
f 1507// 112// 1509//
f 1509// 112// 111//
f 1509// 111// 1511//
f 1513// 1511// 110//
f 110// 1511// 111//
f 1513// 110// 92//
f 1513// 92// 1592//
f 1592// 92// 91//
f 1592// 91// 1589//
f 1589// 91// 90//
f 1589// 90// 1603//
f 1603// 90// 73//
f 1603// 73// 1597//
f 1597// 73// 72//
f 1597// 72// 1598//
f 1598// 72// 81//
f 1598// 81// 1600//
f 1600// 81// 109//
f 1600// 109// 1601//
f 1601// 109// 108//
f 1601// 108// 1602//
f 1602// 108// 106//
f 1602// 106// 1599//
f 1599// 106// 105//
f 1599// 105// 1594//
f 1594// 105// 118//
f 1594// 118// 1595//
f 1595// 118// 117//
f 1595// 117// 1596//
f 1596// 117// 116//
f 1596// 116// 1590//
f 1590// 116// 115//
f 1590// 115// 1591//
f 1591// 115// 114//
f 1591// 114// 1593//
f 1593// 114// 113//
f 1593// 113// 1514//
f 1514// 113// 123//
f 1514// 123// 1512//
f 1510// 1512// 122//
f 122// 1512// 123//
f 1510// 122// 121//
f 1510// 121// 1508//
f 1508// 121// 76//
f 1508// 76// 1506//
f 1506// 76// 75//
f 1506// 75// 1554//
f 1554// 75// 82//
f 1554// 82// 1552//
f 1552// 82// 89//
f 1552// 89// 1550//
f 1550// 89// 88//
f 1550// 88// 1548//
f 1526// 1604// 1605//
f 1526// 1605// 1528//
f 1528// 1605// 1606//
f 1528// 1606// 1530//
f 1530// 1606// 1607//
f 1530// 1607// 1532//
f 1532// 1607// 1608//
f 1532// 1608// 1533//
f 1533// 1608// 1609//
f 1533// 1609// 1502//
f 1502// 1609// 1610//
f 1502// 1610// 1503//
f 1503// 1610// 1611//
f 1503// 1611// 1504//
f 1504// 1611// 1612//
f 1504// 1612// 1505//
f 1505// 1612// 1613//
f 1505// 1613// 1488//
f 1488// 1613// 1614//
f 1488// 1614// 1489//
f 1489// 1614// 1615//
f 1489// 1615// 1490//
f 1490// 1615// 1616//
f 1490// 1616// 1492//
f 1492// 1616// 1617//
f 1492// 1617// 1494//
f 1494// 1617// 1618//
f 1494// 1618// 1496//
f 1496// 1618// 1619//
f 1496// 1619// 1498//
f 1498// 1619// 1620//
f 1498// 1620// 1500//
f 1500// 1620// 1621//
f 1500// 1621// 1501//
f 1501// 1621// 1622//
f 1501// 1622// 1475//
f 1475// 1622// 1623//
f 1475// 1623// 1461//
f 1461// 1623// 1624//
f 1461// 1624// 1462//
f 1462// 1624// 1625//
f 1462// 1625// 1515//
f 1515// 1625// 1626//
f 1515// 1626// 1516//
f 1516// 1626// 1627//
f 1516// 1627// 1518//
f 1518// 1627// 1628//
f 1518// 1628// 1520//
f 1520// 1628// 1629//
f 1520// 1629// 1522//
f 1522// 1629// 1630//
f 1522// 1630// 1524//
f 1524// 1630// 1604//
f 1524// 1604// 1526//
usemtl 1
f 1618// 1628// 1627//
f 1616// 1615// 1605//
f 1604// 1630// 1618//
f 1618// 1630// 1629//
f 1618// 1629// 1628//
f 1623// 1622// 1627//
f 1627// 1622// 1621//
f 1604// 1618// 1605//
f 1605// 1618// 1617//
f 1605// 1617// 1616//
f 1626// 1625// 1627//
f 1627// 1625// 1624//
f 1627// 1624// 1623//
f 1621// 1620// 1627//
f 1627// 1620// 1619//
f 1627// 1619// 1618//
f 1615// 1614// 1605//
f 1605// 1614// 1613//
f 1605// 1613// 1612//
f 1612// 1611// 1605//
f 1605// 1611// 1610//
f 1605// 1610// 1609//
f 1609// 1608// 1605//
f 1605// 1608// 1607//
f 1605// 1607// 1606//
usemtl 3
f 1631// 1632// 1633//
f 1633// 1632// 1634//
f 1634// 1632// 1635//
f 1635// 1632// 1636//
f 1635// 1636// 1637//
f 1637// 1636// 1638//
f 1637// 1638// 1639//
f 1639// 1638// 1640//
f 1639// 1640// 1641//
f 1641// 1640// 1642//
f 1641// 1642// 1643//
f 1643// 1642// 1644//
f 1643// 1644// 1645//
f 1645// 1644// 1646//
f 1647// 1645// 1648//
f 1648// 1645// 1646//
f 1647// 1648// 1649//
f 1647// 1649// 1650//
f 1650// 1649// 1651//
f 1650// 1651// 1652//
f 1652// 1651// 1653//
f 1652// 1653// 1654//
f 1654// 1653// 1655//
f 1654// 1655// 1656//
f 1656// 1655// 1657//
f 1656// 1657// 1658//
f 1658// 1657// 1659//
f 1658// 1659// 1660//
f 1661// 1660// 1662//
f 1662// 1660// 1659//
f 1661// 1662// 1663//
f 1661// 1663// 1664//
f 1664// 1663// 1665//
f 1664// 1665// 1666//
f 1666// 1665// 1667//
f 1667// 1665// 1668//
f 1667// 1668// 1669//
f 1669// 1668// 1670//
f 1671// 1669// 1672//
f 1672// 1669// 1670//
f 1673// 1671// 1674//
f 1674// 1671// 1672//
f 1673// 1674// 1675//
f 1673// 1675// 1676//
f 1676// 1675// 1677//
f 1676// 1677// 1678//
f 1678// 1677// 1679//
f 1678// 1679// 1680//
f 1680// 1679// 1681//
f 1680// 1681// 1682//
f 1683// 1682// 1684//
f 1684// 1682// 1681//
f 1683// 1684// 1685//
f 1683// 1685// 1686//
f 1686// 1685// 1687//
f 1686// 1687// 1688//
f 1688// 1687// 1689//
f 1688// 1689// 1690//
f 1690// 1689// 1691//
f 1690// 1691// 1692//
f 1692// 1691// 1693//
f 1693// 1691// 1694//
f 1693// 1694// 1695//
f 1695// 1694// 1696//
f 1697// 1695// 1698//
f 1698// 1695// 1696//
f 1697// 1698// 1699//
f 1699// 1698// 1700//
f 1699// 1700// 1701//
f 1701// 1700// 1702//
f 1701// 1702// 1703//
f 1703// 1702// 1704//
f 1703// 1704// 1705//
f 1705// 1704// 1706//
f 1705// 1706// 1707//
f 1707// 1706// 1708//
f 1707// 1708// 1709//
f 1709// 1708// 1710//
f 1709// 1710// 1711//
f 1711// 1710// 1712//
f 1711// 1712// 1713//
f 1713// 1712// 1714//
f 1713// 1714// 1715//
f 1715// 1714// 1716//
f 1715// 1716// 1717//
f 1717// 1716// 1718//
f 1717// 1718// 1719//
f 1719// 1718// 1720//
f 1719// 1720// 1721//
f 1721// 1720// 1722//
f 1721// 1722// 1723//
f 1723// 1722// 1724//
f 1725// 1723// 1726//
f 1726// 1723// 1724//
f 1725// 1726// 1727//
f 1727// 1726// 1728//
f 1727// 1728// 1729//
f 1729// 1728// 1730//
f 1729// 1730// 1731//
f 1729// 1731// 1732//
f 1732// 1731// 1733//
f 1732// 1733// 1734//
f 1734// 1733// 1735//
f 1734// 1735// 1736//
f 1736// 1735// 1737//
f 1736// 1737// 1738//
f 1739// 1738// 1740//
f 1740// 1738// 1737//
f 1739// 1740// 1741//
f 1739// 1741// 1742//
f 1742// 1741// 1743//
f 1742// 1743// 1744//
f 1744// 1743// 1745//
f 1744// 1745// 1746//
f 1746// 1745// 1747//
f 1746// 1747// 1748//
f 1749// 1748// 1750//
f 1750// 1748// 1747//
f 1751// 1749// 1752//
f 1752// 1749// 1750//
f 1751// 1752// 1753//
f 1753// 1752// 1754//
f 1753// 1754// 1755//
f 1755// 1754// 1756//
f 1755// 1756// 1757//
f 1755// 1757// 1758//
f 1758// 1757// 1759//
f 1758// 1759// 1760//
f 1761// 1760// 1762//
f 1762// 1760// 1759//
f 1761// 1762// 1763//
f 1761// 1763// 1764//
f 1764// 1763// 1765//
f 1764// 1765// 1766//
f 1766// 1765// 1767//
f 1766// 1767// 1768//
f 1768// 1767// 1769//
f 1768// 1769// 1770//
f 1770// 1769// 1771//
f 1770// 1771// 1772//
f 1772// 1771// 1773//
f 1772// 1773// 1774//
f 1775// 1774// 1776//
f 1776// 1774// 1773//
f 1775// 1776// 1777//
f 1777// 1776// 1778//
f 1777// 1778// 1779//
f 1779// 1778// 1780//
f 1779// 1780// 1781//
f 1781// 1780// 1782//
f 1781// 1782// 1783//
f 1783// 1782// 1784//
f 1783// 1784// 1785//
f 1785// 1784// 1786//
f 1785// 1786// 1787//
f 1787// 1786// 1788//
f 1789// 1787// 1790//
f 1790// 1787// 1788//
f 1637// 1783// 1785//
f 1760// 1761// 1637//
f 1637// 1761// 1777//
f 1777// 1779// 1637//
f 1637// 1779// 1781//
f 1637// 1781// 1783//
f 1717// 1719// 1760//
f 1725// 1727// 1749//
f 1749// 1727// 1729//
f 1715// 1641// 1713//
f 1713// 1641// 1711//
f 1701// 1703// 1660//
f 1660// 1703// 1705//
f 1660// 1705// 1658//
f 1715// 1717// 1641//
f 1641// 1717// 1760//
f 1641// 1760// 1639//
f 1639// 1760// 1637//
f 1645// 1705// 1643//
f 1643// 1705// 1707//
f 1643// 1707// 1641//
f 1641// 1707// 1709//
f 1641// 1709// 1711//
f 1791// 1792// 1789//
f 1789// 1792// 1633//
f 1789// 1633// 1787//
f 1787// 1633// 1634//
f 1787// 1634// 1785//
f 1785// 1634// 1635//
f 1785// 1635// 1637//
f 1770// 1764// 1768//
f 1768// 1764// 1766//
f 1770// 1772// 1764//
f 1764// 1772// 1774//
f 1764// 1774// 1761//
f 1761// 1774// 1775//
f 1761// 1775// 1777//
f 1723// 1753// 1755//
f 1739// 1749// 1738//
f 1738// 1749// 1729//
f 1738// 1729// 1736//
f 1736// 1729// 1732//
f 1736// 1732// 1734//
f 1725// 1749// 1723//
f 1723// 1749// 1751//
f 1723// 1751// 1753//
f 1719// 1721// 1760//
f 1760// 1721// 1723//
f 1760// 1723// 1758//
f 1758// 1723// 1755//
f 1739// 1742// 1744//
f 1682// 1671// 1673//
f 1671// 1682// 1692//
f 1682// 1683// 1692//
f 1692// 1683// 1686//
f 1692// 1686// 1690//
f 1690// 1686// 1688//
f 1744// 1746// 1739//
f 1739// 1746// 1748//
f 1739// 1748// 1749//
f 1701// 1660// 1699//
f 1699// 1660// 1661//
f 1699// 1661// 1697//
f 1697// 1661// 1664//
f 1697// 1664// 1666//
f 1692// 1693// 1671//
f 1671// 1693// 1695//
f 1671// 1695// 1669//
f 1669// 1695// 1697//
f 1669// 1697// 1667//
f 1667// 1697// 1666//
f 1645// 1647// 1705//
f 1705// 1647// 1650//
f 1705// 1650// 1652//
f 1652// 1654// 1705//
f 1705// 1654// 1656//
f 1705// 1656// 1658//
f 1673// 1676// 1682//
f 1682// 1676// 1678//
f 1682// 1678// 1680//
f 1722// 1720// 1759//
f 1662// 1659// 1702//
f 1632// 1786// 1636//
f 1636// 1786// 1784//
f 1636// 1784// 1638//
f 1638// 1784// 1782//
f 1638// 1782// 1780//
f 1778// 1776// 1762//
f 1640// 1718// 1642//
f 1642// 1718// 1716//
f 1642// 1716// 1714//
f 1780// 1778// 1638//
f 1638// 1778// 1762//
f 1638// 1762// 1640//
f 1640// 1762// 1759//
f 1640// 1759// 1718//
f 1718// 1759// 1720//
f 1714// 1712// 1642//
f 1642// 1712// 1710//
f 1642// 1710// 1644//
f 1644// 1710// 1708//
f 1644// 1708// 1646//
f 1646// 1708// 1706//
f 1696// 1694// 1672//
f 1672// 1694// 1691//
f 1672// 1691// 1674//
f 1793// 1794// 1631//
f 1631// 1794// 1790//
f 1631// 1790// 1632//
f 1632// 1790// 1788//
f 1632// 1788// 1786//
f 1776// 1773// 1762//
f 1762// 1773// 1771//
f 1762// 1771// 1769//
f 1657// 1706// 1659//
f 1659// 1706// 1704//
f 1659// 1704// 1702//
f 1730// 1750// 1747//
f 1769// 1767// 1762//
f 1762// 1767// 1765//
f 1762// 1765// 1763//
f 1657// 1655// 1706//
f 1706// 1655// 1653//
f 1706// 1653// 1651//
f 1651// 1649// 1706//
f 1706// 1649// 1648//
f 1706// 1648// 1646//
f 1698// 1668// 1665//
f 1696// 1672// 1698//
f 1698// 1672// 1670//
f 1698// 1670// 1668//
f 1702// 1700// 1662//
f 1662// 1700// 1698//
f 1662// 1698// 1663//
f 1663// 1698// 1665//
f 1681// 1674// 1684//
f 1684// 1674// 1691//
f 1684// 1691// 1685//
f 1685// 1691// 1689//
f 1685// 1689// 1687//
f 1747// 1745// 1743//
f 1722// 1759// 1724//
f 1724// 1759// 1757//
f 1724// 1757// 1756//
f 1730// 1728// 1750//
f 1750// 1728// 1726//
f 1750// 1726// 1752//
f 1752// 1726// 1724//
f 1752// 1724// 1754//
f 1754// 1724// 1756//
f 1679// 1677// 1681//
f 1681// 1677// 1675//
f 1681// 1675// 1674//
f 1743// 1741// 1747//
f 1747// 1741// 1740//
f 1747// 1740// 1730//
f 1730// 1740// 1737//
f 1730// 1737// 1731//
f 1731// 1737// 1735//
f 1731// 1735// 1733//
f 1792// 1791// 1793//
f 1793// 1791// 1794//
f 1793// 1631// 1792//
f 1792// 1631// 1633//
f 1790// 1794// 1789//
f 1789// 1794// 1791//
f 1795// 1796// 1797//
f 1797// 1796// 1798//
f 1798// 1796// 1799//
f 1799// 1796// 1800//
f 1799// 1800// 1801//
f 1801// 1800// 1802//
f 1801// 1802// 1803//
f 1803// 1802// 1804//
f 1803// 1804// 1805//
f 1805// 1804// 1806//
f 1805// 1806// 1807//
f 1807// 1806// 1808//
f 1807// 1808// 1809//
f 1809// 1808// 1810//
f 1811// 1809// 1812//
f 1812// 1809// 1810//
f 1811// 1812// 1813//
f 1811// 1813// 1814//
f 1814// 1813// 1815//
f 1814// 1815// 1816//
f 1816// 1815// 1817//
f 1816// 1817// 1818//
f 1818// 1817// 1819//
f 1818// 1819// 1820//
f 1820// 1819// 1821//
f 1820// 1821// 1822//
f 1822// 1821// 1823//
f 1822// 1823// 1824//
f 1825// 1824// 1826//
f 1826// 1824// 1823//
f 1825// 1826// 1827//
f 1825// 1827// 1828//
f 1828// 1827// 1829//
f 1828// 1829// 1830//
f 1830// 1829// 1831//
f 1831// 1829// 1832//
f 1831// 1832// 1833//
f 1833// 1832// 1834//
f 1835// 1833// 1836//
f 1836// 1833// 1834//
f 1837// 1835// 1838//
f 1838// 1835// 1836//
f 1837// 1838// 1839//
f 1837// 1839// 1840//
f 1840// 1839// 1841//
f 1840// 1841// 1842//
f 1842// 1841// 1843//
f 1842// 1843// 1844//
f 1844// 1843// 1845//
f 1844// 1845// 1846//
f 1847// 1846// 1848//
f 1848// 1846// 1845//
f 1847// 1848// 1849//
f 1847// 1849// 1850//
f 1850// 1849// 1851//
f 1850// 1851// 1852//
f 1852// 1851// 1853//
f 1852// 1853// 1854//
f 1854// 1853// 1855//
f 1854// 1855// 1856//
f 1856// 1855// 1857//
f 1857// 1855// 1858//
f 1857// 1858// 1859//
f 1859// 1858// 1860//
f 1861// 1859// 1862//
f 1862// 1859// 1860//
f 1861// 1862// 1863//
f 1863// 1862// 1864//
f 1863// 1864// 1865//
f 1865// 1864// 1866//
f 1865// 1866// 1867//
f 1867// 1866// 1868//
f 1867// 1868// 1869//
f 1869// 1868// 1870//
f 1869// 1870// 1871//
f 1871// 1870// 1872//
f 1871// 1872// 1873//
f 1873// 1872// 1874//
f 1873// 1874// 1875//
f 1875// 1874// 1876//
f 1875// 1876// 1877//
f 1877// 1876// 1878//
f 1877// 1878// 1879//
f 1879// 1878// 1880//
f 1879// 1880// 1881//
f 1881// 1880// 1882//
f 1881// 1882// 1883//
f 1883// 1882// 1884//
f 1883// 1884// 1885//
f 1885// 1884// 1886//
f 1885// 1886// 1887//
f 1887// 1886// 1888//
f 1889// 1887// 1890//
f 1890// 1887// 1888//
f 1889// 1890// 1891//
f 1891// 1890// 1892//
f 1891// 1892// 1893//
f 1893// 1892// 1894//
f 1893// 1894// 1895//
f 1893// 1895// 1896//
f 1896// 1895// 1897//
f 1896// 1897// 1898//
f 1898// 1897// 1899//
f 1898// 1899// 1900//
f 1900// 1899// 1901//
f 1900// 1901// 1902//
f 1903// 1902// 1904//
f 1904// 1902// 1901//
f 1903// 1904// 1905//
f 1903// 1905// 1906//
f 1906// 1905// 1907//
f 1906// 1907// 1908//
f 1908// 1907// 1909//
f 1908// 1909// 1910//
f 1910// 1909// 1911//
f 1910// 1911// 1912//
f 1913// 1912// 1914//
f 1914// 1912// 1911//
f 1915// 1913// 1916//
f 1916// 1913// 1914//
f 1915// 1916// 1917//
f 1917// 1916// 1918//
f 1917// 1918// 1919//
f 1919// 1918// 1920//
f 1919// 1920// 1921//
f 1919// 1921// 1922//
f 1922// 1921// 1923//
f 1922// 1923// 1924//
f 1925// 1924// 1926//
f 1926// 1924// 1923//
f 1925// 1926// 1927//
f 1925// 1927// 1928//
f 1928// 1927// 1929//
f 1928// 1929// 1930//
f 1930// 1929// 1931//
f 1930// 1931// 1932//
f 1932// 1931// 1933//
f 1932// 1933// 1934//
f 1934// 1933// 1935//
f 1934// 1935// 1936//
f 1936// 1935// 1937//
f 1936// 1937// 1938//
f 1939// 1938// 1940//
f 1940// 1938// 1937//
f 1939// 1940// 1941//
f 1941// 1940// 1942//
f 1941// 1942// 1943//
f 1943// 1942// 1944//
f 1943// 1944// 1945//
f 1945// 1944// 1946//
f 1945// 1946// 1947//
f 1947// 1946// 1948//
f 1947// 1948// 1949//
f 1949// 1948// 1950//
f 1949// 1950// 1951//
f 1951// 1950// 1952//
f 1953// 1951// 1954//
f 1954// 1951// 1952//
f 1945// 1947// 1801//
f 1801// 1947// 1949//
f 1924// 1925// 1801//
f 1925// 1939// 1941//
f 1925// 1941// 1801//
f 1801// 1941// 1943//
f 1801// 1943// 1945//
f 1881// 1883// 1924//
f 1889// 1891// 1913//
f 1913// 1891// 1893//
f 1879// 1805// 1877//
f 1877// 1805// 1875//
f 1865// 1867// 1824//
f 1824// 1867// 1869//
f 1824// 1869// 1822//
f 1934// 1936// 1925//
f 1925// 1936// 1938//
f 1925// 1938// 1939//
f 1879// 1881// 1805//
f 1805// 1881// 1924//
f 1805// 1924// 1803//
f 1803// 1924// 1801//
f 1809// 1869// 1807//
f 1807// 1869// 1871//
f 1807// 1871// 1805//
f 1805// 1871// 1873//
f 1805// 1873// 1875//
f 1928// 1930// 1925//
f 1925// 1930// 1932//
f 1925// 1932// 1934//
f 1955// 1956// 1953//
f 1953// 1956// 1797//
f 1953// 1797// 1951//
f 1951// 1797// 1798//
f 1951// 1798// 1949//
f 1949// 1798// 1799//
f 1949// 1799// 1801//
f 1896// 1898// 1900//
f 1887// 1917// 1919//
f 1896// 1900// 1893//
f 1893// 1900// 1902//
f 1893// 1902// 1913//
f 1913// 1902// 1903//
f 1913// 1903// 1912//
f 1889// 1913// 1887//
f 1887// 1913// 1915//
f 1887// 1915// 1917//
f 1883// 1885// 1924//
f 1924// 1885// 1887//
f 1924// 1887// 1922//
f 1922// 1887// 1919//
f 1846// 1835// 1837//
f 1835// 1846// 1856//
f 1846// 1847// 1856//
f 1856// 1847// 1850//
f 1856// 1850// 1854//
f 1854// 1850// 1852//
f 1912// 1903// 1910//
f 1910// 1903// 1906//
f 1910// 1906// 1908//
f 1865// 1824// 1863//
f 1863// 1824// 1825//
f 1863// 1825// 1861//
f 1861// 1825// 1828//
f 1861// 1828// 1830//
f 1856// 1857// 1835//
f 1835// 1857// 1859//
f 1835// 1859// 1833//
f 1833// 1859// 1861//
f 1833// 1861// 1831//
f 1831// 1861// 1830//
f 1809// 1811// 1869//
f 1869// 1811// 1814//
f 1869// 1814// 1816//
f 1816// 1818// 1869//
f 1869// 1818// 1820//
f 1869// 1820// 1822//
f 1837// 1840// 1846//
f 1846// 1840// 1842//
f 1846// 1842// 1844//
f 1826// 1823// 1948//
f 1804// 1802// 1948//
f 1948// 1802// 1800//
f 1948// 1800// 1950//
f 1950// 1800// 1796//
f 1868// 1866// 1826//
f 1880// 1878// 1942//
f 1812// 1810// 1823//
f 1823// 1810// 1808//
f 1823// 1808// 1948//
f 1948// 1808// 1806//
f 1948// 1806// 1804//
f 1874// 1872// 1944//
f 1944// 1872// 1870//
f 1870// 1868// 1944//
f 1944// 1868// 1826//
f 1944// 1826// 1946//
f 1946// 1826// 1948//
f 1942// 1878// 1944//
f 1944// 1878// 1876//
f 1944// 1876// 1874//
f 1894// 1914// 1911//
f 1819// 1817// 1815//
f 1957// 1958// 1795//
f 1795// 1958// 1954//
f 1795// 1954// 1796//
f 1796// 1954// 1952//
f 1796// 1952// 1950//
f 1860// 1858// 1836//
f 1836// 1858// 1855//
f 1836// 1855// 1838//
f 1894// 1899// 1895//
f 1895// 1899// 1897//
f 1942// 1940// 1880//
f 1880// 1940// 1937//
f 1880// 1937// 1935//
f 1823// 1821// 1812//
f 1812// 1821// 1819//
f 1812// 1819// 1813//
f 1813// 1819// 1815//
f 1911// 1909// 1907//
f 1884// 1926// 1886//
f 1886// 1926// 1923//
f 1886// 1923// 1888//
f 1888// 1923// 1921//
f 1888// 1921// 1920//
f 1894// 1892// 1914//
f 1914// 1892// 1890//
f 1914// 1890// 1916//
f 1916// 1890// 1888//
f 1916// 1888// 1918//
f 1918// 1888// 1920//
f 1935// 1933// 1880//
f 1880// 1933// 1931//
f 1880// 1931// 1929//
f 1907// 1905// 1911//
f 1911// 1905// 1904//
f 1911// 1904// 1894//
f 1894// 1904// 1901//
f 1894// 1901// 1899//
f 1884// 1882// 1926//
f 1926// 1882// 1880//
f 1926// 1880// 1927//
f 1927// 1880// 1929//
f 1862// 1832// 1829//
f 1860// 1836// 1862//
f 1862// 1836// 1834//
f 1862// 1834// 1832//
f 1866// 1864// 1826//
f 1826// 1864// 1862//
f 1826// 1862// 1827//
f 1827// 1862// 1829//
f 1845// 1838// 1848//
f 1848// 1838// 1855//
f 1848// 1855// 1849//
f 1849// 1855// 1853//
f 1849// 1853// 1851//
f 1843// 1841// 1845//
f 1845// 1841// 1839//
f 1845// 1839// 1838//
f 1956// 1955// 1957//
f 1957// 1955// 1958//
f 1957// 1795// 1956//
f 1956// 1795// 1797//
f 1954// 1958// 1953//
f 1953// 1958// 1955//
f 1959// 1960// 1961//
f 1961// 1960// 1962//
f 1962// 1960// 1963//
f 1963// 1960// 1964//
f 1963// 1964// 1965//
f 1965// 1964// 1966//
f 1965// 1966// 1967//
f 1967// 1966// 1968//
f 1967// 1968// 1969//
f 1969// 1968// 1970//
f 1969// 1970// 1971//
f 1971// 1970// 1972//
f 1971// 1972// 1973//
f 1973// 1972// 1974//
f 1975// 1973// 1976//
f 1976// 1973// 1974//
f 1975// 1976// 1977//
f 1975// 1977// 1978//
f 1978// 1977// 1979//
f 1978// 1979// 1980//
f 1980// 1979// 1981//
f 1980// 1981// 1982//
f 1982// 1981// 1983//
f 1982// 1983// 1984//
f 1984// 1983// 1985//
f 1984// 1985// 1986//
f 1986// 1985// 1987//
f 1986// 1987// 1988//
f 1989// 1988// 1990//
f 1990// 1988// 1987//
f 1989// 1990// 1991//
f 1989// 1991// 1992//
f 1992// 1991// 1993//
f 1992// 1993// 1994//
f 1994// 1993// 1995//
f 1995// 1993// 1996//
f 1995// 1996// 1997//
f 1997// 1996// 1998//
f 1999// 1997// 2000//
f 2000// 1997// 1998//
f 2001// 1999// 2002//
f 2002// 1999// 2000//
f 2001// 2002// 2003//
f 2001// 2003// 2004//
f 2004// 2003// 2005//
f 2004// 2005// 2006//
f 2006// 2005// 2007//
f 2006// 2007// 2008//
f 2008// 2007// 2009//
f 2008// 2009// 2010//
f 2011// 2010// 2012//
f 2012// 2010// 2009//
f 2011// 2012// 2013//
f 2011// 2013// 2014//
f 2014// 2013// 2015//
f 2014// 2015// 2016//
f 2016// 2015// 2017//
f 2016// 2017// 2018//
f 2018// 2017// 2019//
f 2018// 2019// 2020//
f 2020// 2019// 2021//
f 2021// 2019// 2022//
f 2021// 2022// 2023//
f 2023// 2022// 2024//
f 2025// 2023// 2026//
f 2026// 2023// 2024//
f 2025// 2026// 2027//
f 2027// 2026// 2028//
f 2027// 2028// 2029//
f 2029// 2028// 2030//
f 2029// 2030// 2031//
f 2031// 2030// 2032//
f 2031// 2032// 2033//
f 2033// 2032// 2034//
f 2033// 2034// 2035//
f 2035// 2034// 2036//
f 2035// 2036// 2037//
f 2037// 2036// 2038//
f 2037// 2038// 2039//
f 2039// 2038// 2040//
f 2039// 2040// 2041//
f 2041// 2040// 2042//
f 2041// 2042// 2043//
f 2043// 2042// 2044//
f 2043// 2044// 2045//
f 2045// 2044// 2046//
f 2045// 2046// 2047//
f 2047// 2046// 2048//
f 2047// 2048// 2049//
f 2049// 2048// 2050//
f 2049// 2050// 2051//
f 2051// 2050// 2052//
f 2053// 2051// 2054//
f 2054// 2051// 2052//
f 2053// 2054// 2055//
f 2055// 2054// 2056//
f 2055// 2056// 2057//
f 2057// 2056// 2058//
f 2057// 2058// 2059//
f 2057// 2059// 2060//
f 2060// 2059// 2061//
f 2060// 2061// 2062//
f 2062// 2061// 2063//
f 2062// 2063// 2064//
f 2064// 2063// 2065//
f 2064// 2065// 2066//
f 2067// 2066// 2068//
f 2068// 2066// 2065//
f 2067// 2068// 2069//
f 2067// 2069// 2070//
f 2070// 2069// 2071//
f 2070// 2071// 2072//
f 2072// 2071// 2073//
f 2072// 2073// 2074//
f 2074// 2073// 2075//
f 2074// 2075// 2076//
f 2077// 2076// 2078//
f 2078// 2076// 2075//
f 2079// 2077// 2080//
f 2080// 2077// 2078//
f 2079// 2080// 2081//
f 2081// 2080// 2082//
f 2081// 2082// 2083//
f 2083// 2082// 2084//
f 2083// 2084// 2085//
f 2083// 2085// 2086//
f 2086// 2085// 2087//
f 2086// 2087// 2088//
f 2089// 2088// 2090//
f 2090// 2088// 2087//
f 2089// 2090// 2091//
f 2089// 2091// 2092//
f 2092// 2091// 2093//
f 2092// 2093// 2094//
f 2094// 2093// 2095//
f 2094// 2095// 2096//
f 2096// 2095// 2097//
f 2096// 2097// 2098//
f 2098// 2097// 2099//
f 2098// 2099// 2100//
f 2100// 2099// 2101//
f 2100// 2101// 2102//
f 2103// 2102// 2104//
f 2104// 2102// 2101//
f 2103// 2104// 2105//
f 2105// 2104// 2106//
f 2105// 2106// 2107//
f 2107// 2106// 2108//
f 2107// 2108// 2109//
f 2109// 2108// 2110//
f 2109// 2110// 2111//
f 2111// 2110// 2112//
f 2111// 2112// 2113//
f 2113// 2112// 2114//
f 2113// 2114// 2115//
f 2115// 2114// 2116//
f 2117// 2115// 2118//
f 2118// 2115// 2116//
f 2107// 2109// 1967//
f 2105// 2107// 2088//
f 2105// 2088// 2103//
f 2109// 2111// 1967//
f 1967// 2111// 2113//
f 1967// 2113// 1965//
f 2045// 2047// 2088//
f 2053// 2055// 2077//
f 2077// 2055// 2057//
f 2029// 2031// 1988//
f 1988// 2031// 2033//
f 1988// 2033// 1986//
f 2107// 1967// 2088//
f 2088// 1967// 1969//
f 2088// 1969// 2045//
f 2039// 2041// 1969//
f 1969// 2041// 2043//
f 1969// 2043// 2045//
f 2103// 2088// 2102//
f 2102// 2088// 2089//
f 2102// 2089// 2100//
f 1973// 2033// 1971//
f 1971// 2033// 2035//
f 1971// 2035// 1969//
f 1969// 2035// 2037//
f 1969// 2037// 2039//
f 2119// 2120// 2117//
f 2117// 2120// 1961//
f 2117// 1961// 2115//
f 2115// 1961// 1962//
f 2115// 1962// 2113//
f 2113// 1962// 1963//
f 2113// 1963// 1965//
f 2051// 2081// 2083//
f 2057// 2060// 2062//
f 2062// 2064// 2057//
f 2057// 2064// 2066//
f 2057// 2066// 2077//
f 2077// 2066// 2067//
f 2077// 2067// 2076//
f 2089// 2092// 2094//
f 2053// 2077// 2051//
f 2051// 2077// 2079//
f 2051// 2079// 2081//
f 2047// 2049// 2088//
f 2088// 2049// 2051//
f 2088// 2051// 2086//
f 2086// 2051// 2083//
f 2094// 2096// 2089//
f 2089// 2096// 2098//
f 2089// 2098// 2100//
f 2070// 2072// 2067//
f 2067// 2072// 2074//
f 2067// 2074// 2076//
f 2011// 2020// 2010//
f 2010// 2020// 1999//
f 2010// 1999// 2001//
f 2011// 2014// 2020//
f 2020// 2014// 2016//
f 2020// 2016// 2018//
f 2029// 1988// 2027//
f 2027// 1988// 1989//
f 2027// 1989// 2025//
f 2025// 1989// 1992//
f 2025// 1992// 1994//
f 2020// 2021// 1999//
f 1999// 2021// 2023//
f 1999// 2023// 1997//
f 1997// 2023// 2025//
f 1997// 2025// 1995//
f 1995// 2025// 1994//
f 1973// 1975// 2033//
f 2033// 1975// 1978//
f 2033// 1978// 1980//
f 1980// 1982// 2033//
f 2033// 1982// 1984//
f 2033// 1984// 1986//
f 2001// 2004// 2010//
f 2010// 2004// 2006//
f 2010// 2006// 2008//
f 1990// 1972// 1970//
f 2032// 2030// 1990//
f 1972// 1990// 1974//
f 1974// 1990// 1987//
f 1974// 1987// 1976//
f 2114// 1964// 1960//
f 1968// 1966// 2110//
f 2110// 1966// 1964//
f 2110// 1964// 2112//
f 2112// 1964// 2114//
f 2038// 2036// 2108//
f 2108// 2036// 2034//
f 2044// 2042// 2106//
f 2034// 2032// 2108//
f 2108// 2032// 1990//
f 2108// 1990// 2110//
f 2110// 1990// 1970//
f 2110// 1970// 1968//
f 2106// 2042// 2108//
f 2108// 2042// 2040//
f 2108// 2040// 2038//
f 1983// 1981// 1979//
f 2121// 2122// 1959//
f 1959// 2122// 2118//
f 1959// 2118// 1960//
f 1960// 2118// 2116//
f 1960// 2116// 2114//
f 2026// 1996// 1993//
f 2017// 2015// 2019//
f 2019// 2015// 2013//
f 2019// 2013// 2012//
f 2024// 2022// 2000//
f 2000// 2022// 2019//
f 2000// 2019// 2002//
f 2002// 2019// 2012//
f 2106// 2104// 2044//
f 2044// 2104// 2101//
f 2044// 2101// 2099//
f 1987// 1985// 1976//
f 1976// 1985// 1983//
f 1976// 1983// 1977//
f 1977// 1983// 1979//
f 2024// 2000// 2026//
f 2026// 2000// 1998//
f 2026// 1998// 1996//
f 2030// 2028// 1990//
f 1990// 2028// 2026//
f 1990// 2026// 1991//
f 1991// 2026// 1993//
f 2068// 2065// 2058//
f 2099// 2097// 2044//
f 2044// 2097// 2095//
f 2044// 2095// 2093//
f 2048// 2046// 2090//
f 2090// 2046// 2044//
f 2090// 2044// 2091//
f 2091// 2044// 2093//
f 2012// 2009// 2002//
f 2002// 2009// 2007//
f 2002// 2007// 2003//
f 2003// 2007// 2005//
f 2071// 2069// 2068//
f 2065// 2063// 2058//
f 2058// 2063// 2061//
f 2058// 2061// 2059//
f 2048// 2090// 2050//
f 2050// 2090// 2087//
f 2050// 2087// 2052//
f 2052// 2087// 2085//
f 2052// 2085// 2084//
f 2084// 2082// 2052//
f 2052// 2082// 2080//
f 2052// 2080// 2054//
f 2054// 2080// 2078//
f 2054// 2078// 2056//
f 2056// 2078// 2058//
f 2058// 2078// 2075//
f 2058// 2075// 2068//
f 2068// 2075// 2073//
f 2068// 2073// 2071//
f 2120// 2119// 2121//
f 2121// 2119// 2122//
f 2121// 1959// 2120//
f 2120// 1959// 1961//
f 2118// 2122// 2117//
f 2117// 2122// 2119//
f 2123// 2124// 2125//
f 2125// 2124// 2126//
f 2126// 2124// 2127//
f 2127// 2124// 2128//
f 2127// 2128// 2129//
f 2129// 2128// 2130//
f 2129// 2130// 2131//
f 2131// 2130// 2132//
f 2131// 2132// 2133//
f 2133// 2132// 2134//
f 2133// 2134// 2135//
f 2135// 2134// 2136//
f 2135// 2136// 2137//
f 2137// 2136// 2138//
f 2139// 2137// 2140//
f 2140// 2137// 2138//
f 2139// 2140// 2141//
f 2139// 2141// 2142//
f 2142// 2141// 2143//
f 2142// 2143// 2144//
f 2144// 2143// 2145//
f 2144// 2145// 2146//
f 2146// 2145// 2147//
f 2146// 2147// 2148//
f 2148// 2147// 2149//
f 2148// 2149// 2150//
f 2150// 2149// 2151//
f 2150// 2151// 2152//
f 2153// 2152// 2154//
f 2154// 2152// 2151//
f 2153// 2154// 2155//
f 2153// 2155// 2156//
f 2156// 2155// 2157//
f 2156// 2157// 2158//
f 2158// 2157// 2159//
f 2159// 2157// 2160//
f 2159// 2160// 2161//
f 2161// 2160// 2162//
f 2163// 2161// 2164//
f 2164// 2161// 2162//
f 2165// 2163// 2166//
f 2166// 2163// 2164//
f 2165// 2166// 2167//
f 2165// 2167// 2168//
f 2168// 2167// 2169//
f 2168// 2169// 2170//
f 2170// 2169// 2171//
f 2170// 2171// 2172//
f 2172// 2171// 2173//
f 2172// 2173// 2174//
f 2175// 2174// 2176//
f 2176// 2174// 2173//
f 2175// 2176// 2177//
f 2175// 2177// 2178//
f 2178// 2177// 2179//
f 2178// 2179// 2180//
f 2180// 2179// 2181//
f 2180// 2181// 2182//
f 2182// 2181// 2183//
f 2182// 2183// 2184//
f 2184// 2183// 2185//
f 2185// 2183// 2186//
f 2185// 2186// 2187//
f 2187// 2186// 2188//
f 2189// 2187// 2190//
f 2190// 2187// 2188//
f 2189// 2190// 2191//
f 2191// 2190// 2192//
f 2191// 2192// 2193//
f 2193// 2192// 2194//
f 2193// 2194// 2195//
f 2195// 2194// 2196//
f 2195// 2196// 2197//
f 2197// 2196// 2198//
f 2197// 2198// 2199//
f 2199// 2198// 2200//
f 2199// 2200// 2201//
f 2201// 2200// 2202//
f 2201// 2202// 2203//
f 2203// 2202// 2204//
f 2203// 2204// 2205//
f 2205// 2204// 2206//
f 2205// 2206// 2207//
f 2207// 2206// 2208//
f 2207// 2208// 2209//
f 2209// 2208// 2210//
f 2209// 2210// 2211//
f 2211// 2210// 2212//
f 2211// 2212// 2213//
f 2213// 2212// 2214//
f 2213// 2214// 2215//
f 2215// 2214// 2216//
f 2217// 2215// 2218//
f 2218// 2215// 2216//
f 2217// 2218// 2219//
f 2219// 2218// 2220//
f 2219// 2220// 2221//
f 2221// 2220// 2222//
f 2221// 2222// 2223//
f 2221// 2223// 2224//
f 2224// 2223// 2225//
f 2224// 2225// 2226//
f 2226// 2225// 2227//
f 2226// 2227// 2228//
f 2228// 2227// 2229//
f 2228// 2229// 2230//
f 2231// 2230// 2232//
f 2232// 2230// 2229//
f 2231// 2232// 2233//
f 2231// 2233// 2234//
f 2234// 2233// 2235//
f 2234// 2235// 2236//
f 2236// 2235// 2237//
f 2236// 2237// 2238//
f 2238// 2237// 2239//
f 2238// 2239// 2240//
f 2241// 2240// 2242//
f 2242// 2240// 2239//
f 2243// 2241// 2244//
f 2244// 2241// 2242//
f 2243// 2244// 2245//
f 2245// 2244// 2246//
f 2245// 2246// 2247//
f 2247// 2246// 2248//
f 2247// 2248// 2249//
f 2247// 2249// 2250//
f 2250// 2249// 2251//
f 2250// 2251// 2252//
f 2253// 2252// 2254//
f 2254// 2252// 2251//
f 2253// 2254// 2255//
f 2253// 2255// 2256//
f 2256// 2255// 2257//
f 2256// 2257// 2258//
f 2258// 2257// 2259//
f 2258// 2259// 2260//
f 2260// 2259// 2261//
f 2260// 2261// 2262//
f 2262// 2261// 2263//
f 2262// 2263// 2264//
f 2264// 2263// 2265//
f 2264// 2265// 2266//
f 2267// 2266// 2268//
f 2268// 2266// 2265//
f 2267// 2268// 2269//
f 2269// 2268// 2270//
f 2269// 2270// 2271//
f 2271// 2270// 2272//
f 2271// 2272// 2273//
f 2273// 2272// 2274//
f 2273// 2274// 2275//
f 2275// 2274// 2276//
f 2275// 2276// 2277//
f 2277// 2276// 2278//
f 2277// 2278// 2279//
f 2279// 2278// 2280//
f 2281// 2279// 2282//
f 2282// 2279// 2280//
f 2271// 2273// 2131//
f 2269// 2271// 2252//
f 2269// 2252// 2267//
f 2273// 2275// 2131//
f 2131// 2275// 2277//
f 2131// 2277// 2129//
f 2209// 2211// 2252//
f 2217// 2219// 2241//
f 2241// 2219// 2221//
f 2193// 2195// 2152//
f 2152// 2195// 2197//
f 2152// 2197// 2150//
f 2271// 2131// 2252//
f 2252// 2131// 2133//
f 2252// 2133// 2209//
f 2203// 2205// 2133//
f 2133// 2205// 2207//
f 2133// 2207// 2209//
f 2267// 2252// 2266//
f 2266// 2252// 2253//
f 2266// 2253// 2264//
f 2137// 2197// 2135//
f 2135// 2197// 2199//
f 2135// 2199// 2133//
f 2133// 2199// 2201//
f 2133// 2201// 2203//
f 2283// 2284// 2281//
f 2281// 2284// 2125//
f 2281// 2125// 2279//
f 2279// 2125// 2126//
f 2279// 2126// 2277//
f 2277// 2126// 2127//
f 2277// 2127// 2129//
f 2215// 2245// 2247//
f 2221// 2224// 2226//
f 2226// 2228// 2221//
f 2221// 2228// 2230//
f 2221// 2230// 2241//
f 2241// 2230// 2231//
f 2241// 2231// 2240//
f 2253// 2256// 2258//
f 2217// 2241// 2215//
f 2215// 2241// 2243//
f 2215// 2243// 2245//
f 2211// 2213// 2252//
f 2252// 2213// 2215//
f 2252// 2215// 2250//
f 2250// 2215// 2247//
f 2258// 2260// 2253//
f 2253// 2260// 2262//
f 2253// 2262// 2264//
f 2234// 2236// 2231//
f 2231// 2236// 2238//
f 2231// 2238// 2240//
f 2175// 2184// 2174//
f 2174// 2184// 2163//
f 2174// 2163// 2165//
f 2175// 2178// 2184//
f 2184// 2178// 2180//
f 2184// 2180// 2182//
f 2193// 2152// 2191//
f 2191// 2152// 2153//
f 2191// 2153// 2189//
f 2189// 2153// 2156//
f 2189// 2156// 2158//
f 2184// 2185// 2163//
f 2163// 2185// 2187//
f 2163// 2187// 2161//
f 2161// 2187// 2189//
f 2161// 2189// 2159//
f 2159// 2189// 2158//
f 2137// 2139// 2197//
f 2197// 2139// 2142//
f 2197// 2142// 2144//
f 2144// 2146// 2197//
f 2197// 2146// 2148//
f 2197// 2148// 2150//
f 2165// 2168// 2174//
f 2174// 2168// 2170//
f 2174// 2170// 2172//
f 2154// 2136// 2134//
f 2196// 2194// 2154//
f 2136// 2154// 2138//
f 2138// 2154// 2151//
f 2138// 2151// 2140//
f 2278// 2128// 2124//
f 2132// 2130// 2274//
f 2274// 2130// 2128//
f 2274// 2128// 2276//
f 2276// 2128// 2278//
f 2202// 2200// 2272//
f 2272// 2200// 2198//
f 2208// 2206// 2270//
f 2198// 2196// 2272//
f 2272// 2196// 2154//
f 2272// 2154// 2274//
f 2274// 2154// 2134//
f 2274// 2134// 2132//
f 2270// 2206// 2272//
f 2272// 2206// 2204//
f 2272// 2204// 2202//
f 2147// 2145// 2143//
f 2285// 2286// 2123//
f 2123// 2286// 2282//
f 2123// 2282// 2124//
f 2124// 2282// 2280//
f 2124// 2280// 2278//
f 2190// 2160// 2157//
f 2181// 2179// 2183//
f 2183// 2179// 2177//
f 2183// 2177// 2176//
f 2188// 2186// 2164//
f 2164// 2186// 2183//
f 2164// 2183// 2166//
f 2166// 2183// 2176//
f 2270// 2268// 2208//
f 2208// 2268// 2265//
f 2208// 2265// 2263//
f 2151// 2149// 2140//
f 2140// 2149// 2147//
f 2140// 2147// 2141//
f 2141// 2147// 2143//
f 2188// 2164// 2190//
f 2190// 2164// 2162//
f 2190// 2162// 2160//
f 2194// 2192// 2154//
f 2154// 2192// 2190//
f 2154// 2190// 2155//
f 2155// 2190// 2157//
f 2232// 2229// 2222//
f 2263// 2261// 2208//
f 2208// 2261// 2259//
f 2208// 2259// 2257//
f 2212// 2210// 2254//
f 2254// 2210// 2208//
f 2254// 2208// 2255//
f 2255// 2208// 2257//
f 2176// 2173// 2166//
f 2166// 2173// 2171//
f 2166// 2171// 2167//
f 2167// 2171// 2169//
f 2235// 2233// 2232//
f 2229// 2227// 2222//
f 2222// 2227// 2225//
f 2222// 2225// 2223//
f 2212// 2254// 2214//
f 2214// 2254// 2251//
f 2214// 2251// 2216//
f 2216// 2251// 2249//
f 2216// 2249// 2248//
f 2248// 2246// 2216//
f 2216// 2246// 2244//
f 2216// 2244// 2218//
f 2218// 2244// 2242//
f 2218// 2242// 2220//
f 2220// 2242// 2222//
f 2222// 2242// 2239//
f 2222// 2239// 2232//
f 2232// 2239// 2237//
f 2232// 2237// 2235//
f 2284// 2283// 2285//
f 2285// 2283// 2286//
f 2285// 2123// 2284//
f 2284// 2123// 2125//
f 2282// 2286// 2281//
f 2281// 2286// 2283//
f 2287// 2288// 2289//
f 2289// 2288// 2290//
f 2290// 2288// 2291//
f 2291// 2288// 2292//
f 2291// 2292// 2293//
f 2293// 2292// 2294//
f 2293// 2294// 2295//
f 2295// 2294// 2296//
f 2295// 2296// 2297//
f 2297// 2296// 2298//
f 2297// 2298// 2299//
f 2299// 2298// 2300//
f 2299// 2300// 2301//
f 2301// 2300// 2302//
f 2303// 2301// 2304//
f 2304// 2301// 2302//
f 2303// 2304// 2305//
f 2303// 2305// 2306//
f 2306// 2305// 2307//
f 2306// 2307// 2308//
f 2308// 2307// 2309//
f 2308// 2309// 2310//
f 2310// 2309// 2311//
f 2310// 2311// 2312//
f 2312// 2311// 2313//
f 2312// 2313// 2314//
f 2314// 2313// 2315//
f 2314// 2315// 2316//
f 2317// 2316// 2318//
f 2318// 2316// 2315//
f 2317// 2318// 2319//
f 2317// 2319// 2320//
f 2320// 2319// 2321//
f 2320// 2321// 2322//
f 2322// 2321// 2323//
f 2323// 2321// 2324//
f 2323// 2324// 2325//
f 2325// 2324// 2326//
f 2327// 2325// 2328//
f 2328// 2325// 2326//
f 2329// 2327// 2330//
f 2330// 2327// 2328//
f 2329// 2330// 2331//
f 2329// 2331// 2332//
f 2332// 2331// 2333//
f 2332// 2333// 2334//
f 2334// 2333// 2335//
f 2334// 2335// 2336//
f 2336// 2335// 2337//
f 2336// 2337// 2338//
f 2339// 2338// 2340//
f 2340// 2338// 2337//
f 2339// 2340// 2341//
f 2339// 2341// 2342//
f 2342// 2341// 2343//
f 2342// 2343// 2344//
f 2344// 2343// 2345//
f 2344// 2345// 2346//
f 2346// 2345// 2347//
f 2346// 2347// 2348//
f 2348// 2347// 2349//
f 2349// 2347// 2350//
f 2349// 2350// 2351//
f 2351// 2350// 2352//
f 2353// 2351// 2354//
f 2354// 2351// 2352//
f 2353// 2354// 2355//
f 2355// 2354// 2356//
f 2355// 2356// 2357//
f 2357// 2356// 2358//
f 2357// 2358// 2359//
f 2359// 2358// 2360//
f 2359// 2360// 2361//
f 2361// 2360// 2362//
f 2361// 2362// 2363//
f 2363// 2362// 2364//
f 2363// 2364// 2365//
f 2365// 2364// 2366//
f 2365// 2366// 2367//
f 2367// 2366// 2368//
f 2367// 2368// 2369//
f 2369// 2368// 2370//
f 2369// 2370// 2371//
f 2371// 2370// 2372//
f 2371// 2372// 2373//
f 2373// 2372// 2374//
f 2373// 2374// 2375//
f 2375// 2374// 2376//
f 2375// 2376// 2377//
f 2377// 2376// 2378//
f 2377// 2378// 2379//
f 2379// 2378// 2380//
f 2381// 2379// 2382//
f 2382// 2379// 2380//
f 2381// 2382// 2383//
f 2383// 2382// 2384//
f 2383// 2384// 2385//
f 2385// 2384// 2386//
f 2385// 2386// 2387//
f 2385// 2387// 2388//
f 2388// 2387// 2389//
f 2388// 2389// 2390//
f 2390// 2389// 2391//
f 2390// 2391// 2392//
f 2392// 2391// 2393//
f 2392// 2393// 2394//
f 2395// 2394// 2396//
f 2396// 2394// 2393//
f 2395// 2396// 2397//
f 2395// 2397// 2398//
f 2398// 2397// 2399//
f 2398// 2399// 2400//
f 2400// 2399// 2401//
f 2400// 2401// 2402//
f 2402// 2401// 2403//
f 2402// 2403// 2404//
f 2405// 2404// 2406//
f 2406// 2404// 2403//
f 2407// 2405// 2408//
f 2408// 2405// 2406//
f 2407// 2408// 2409//
f 2409// 2408// 2410//
f 2409// 2410// 2411//
f 2411// 2410// 2412//
f 2411// 2412// 2413//
f 2411// 2413// 2414//
f 2414// 2413// 2415//
f 2414// 2415// 2416//
f 2417// 2416// 2418//
f 2418// 2416// 2415//
f 2417// 2418// 2419//
f 2417// 2419// 2420//
f 2420// 2419// 2421//
f 2420// 2421// 2422//
f 2422// 2421// 2423//
f 2422// 2423// 2424//
f 2424// 2423// 2425//
f 2424// 2425// 2426//
f 2426// 2425// 2427//
f 2426// 2427// 2428//
f 2428// 2427// 2429//
f 2428// 2429// 2430//
f 2431// 2430// 2432//
f 2432// 2430// 2429//
f 2431// 2432// 2433//
f 2433// 2432// 2434//
f 2433// 2434// 2435//
f 2435// 2434// 2436//
f 2435// 2436// 2437//
f 2437// 2436// 2438//
f 2437// 2438// 2439//
f 2439// 2438// 2440//
f 2439// 2440// 2441//
f 2441// 2440// 2442//
f 2441// 2442// 2443//
f 2443// 2442// 2444//
f 2445// 2443// 2446//
f 2446// 2443// 2444//
f 2433// 2293// 2417//
f 2293// 2439// 2441//
f 2417// 2293// 2416//
f 2433// 2435// 2293//
f 2293// 2435// 2437//
f 2293// 2437// 2439//
f 2373// 2375// 2416//
f 2381// 2383// 2405//
f 2405// 2383// 2385//
f 2371// 2297// 2369//
f 2369// 2297// 2367//
f 2357// 2359// 2316//
f 2316// 2359// 2361//
f 2316// 2361// 2314//
f 2371// 2373// 2297//
f 2297// 2373// 2416//
f 2297// 2416// 2295//
f 2295// 2416// 2293//
f 2301// 2361// 2299//
f 2299// 2361// 2363//
f 2299// 2363// 2297//
f 2297// 2363// 2365//
f 2297// 2365// 2367//
f 2426// 2420// 2424//
f 2424// 2420// 2422//
f 2426// 2428// 2420//
f 2420// 2428// 2430//
f 2420// 2430// 2417//
f 2417// 2430// 2431//
f 2417// 2431// 2433//
f 2447// 2448// 2445//
f 2445// 2448// 2289//
f 2445// 2289// 2443//
f 2443// 2289// 2290//
f 2443// 2290// 2441//
f 2441// 2290// 2291//
f 2441// 2291// 2293//
f 2388// 2390// 2392//
f 2379// 2409// 2411//
f 2388// 2392// 2385//
f 2385// 2392// 2394//
f 2385// 2394// 2405//
f 2405// 2394// 2395//
f 2405// 2395// 2404//
f 2381// 2405// 2379//
f 2379// 2405// 2407//
f 2379// 2407// 2409//
f 2375// 2377// 2416//
f 2416// 2377// 2379//
f 2416// 2379// 2414//
f 2414// 2379// 2411//
f 2338// 2327// 2329//
f 2327// 2338// 2348//
f 2338// 2339// 2348//
f 2348// 2339// 2342//
f 2348// 2342// 2346//
f 2346// 2342// 2344//
f 2404// 2395// 2402//
f 2402// 2395// 2398//
f 2402// 2398// 2400//
f 2357// 2316// 2355//
f 2355// 2316// 2317//
f 2355// 2317// 2353//
f 2353// 2317// 2320//
f 2353// 2320// 2322//
f 2348// 2349// 2327//
f 2327// 2349// 2351//
f 2327// 2351// 2325//
f 2325// 2351// 2353//
f 2325// 2353// 2323//
f 2323// 2353// 2322//
f 2301// 2303// 2361//
f 2361// 2303// 2306//
f 2361// 2306// 2308//
f 2308// 2310// 2361//
f 2361// 2310// 2312//
f 2361// 2312// 2314//
f 2329// 2332// 2338//
f 2338// 2332// 2334//
f 2338// 2334// 2336//
f 2318// 2315// 2440//
f 2296// 2294// 2440//
f 2440// 2294// 2292//
f 2440// 2292// 2442//
f 2442// 2292// 2288//
f 2360// 2358// 2318//
f 2372// 2370// 2434//
f 2304// 2302// 2315//
f 2315// 2302// 2300//
f 2315// 2300// 2440//
f 2440// 2300// 2298//
f 2440// 2298// 2296//
f 2366// 2364// 2436//
f 2436// 2364// 2362//
f 2362// 2360// 2436//
f 2436// 2360// 2318//
f 2436// 2318// 2438//
f 2438// 2318// 2440//
f 2434// 2370// 2436//
f 2436// 2370// 2368//
f 2436// 2368// 2366//
f 2386// 2406// 2403//
f 2449// 2450// 2287//
f 2287// 2450// 2446//
f 2287// 2446// 2288//
f 2288// 2446// 2444//
f 2288// 2444// 2442//
f 2352// 2350// 2328//
f 2328// 2350// 2347//
f 2328// 2347// 2330//
f 2386// 2391// 2387//
f 2387// 2391// 2389//
f 2434// 2432// 2372//
f 2372// 2432// 2429//
f 2372// 2429// 2427//
f 2311// 2309// 2307//
f 2403// 2401// 2399//
f 2376// 2418// 2378//
f 2378// 2418// 2415//
f 2378// 2415// 2380//
f 2380// 2415// 2413//
f 2380// 2413// 2412//
f 2386// 2384// 2406//
f 2406// 2384// 2382//
f 2406// 2382// 2408//
f 2408// 2382// 2380//
f 2408// 2380// 2410//
f 2410// 2380// 2412//
f 2427// 2425// 2372//
f 2372// 2425// 2423//
f 2372// 2423// 2421//
f 2315// 2313// 2304//
f 2304// 2313// 2311//
f 2304// 2311// 2305//
f 2305// 2311// 2307//
f 2399// 2397// 2403//
f 2403// 2397// 2396//
f 2403// 2396// 2386//
f 2386// 2396// 2393//
f 2386// 2393// 2391//
f 2376// 2374// 2418//
f 2418// 2374// 2372//
f 2418// 2372// 2419//
f 2419// 2372// 2421//
f 2354// 2324// 2321//
f 2352// 2328// 2354//
f 2354// 2328// 2326//
f 2354// 2326// 2324//
f 2358// 2356// 2318//
f 2318// 2356// 2354//
f 2318// 2354// 2319//
f 2319// 2354// 2321//
f 2337// 2330// 2340//
f 2340// 2330// 2347//
f 2340// 2347// 2341//
f 2341// 2347// 2345//
f 2341// 2345// 2343//
f 2335// 2333// 2337//
f 2337// 2333// 2331//
f 2337// 2331// 2330//
f 2448// 2447// 2449//
f 2449// 2447// 2450//
f 2449// 2287// 2448//
f 2448// 2287// 2289//
f 2446// 2450// 2445//
f 2445// 2450// 2447//
f 2451// 2452// 2453//
f 2453// 2452// 2454//
f 2454// 2452// 2455//
f 2455// 2452// 2456//
f 2455// 2456// 2457//
f 2457// 2456// 2458//
f 2457// 2458// 2459//
f 2459// 2458// 2460//
f 2459// 2460// 2461//
f 2461// 2460// 2462//
f 2461// 2462// 2463//
f 2463// 2462// 2464//
f 2463// 2464// 2465//
f 2465// 2464// 2466//
f 2467// 2465// 2468//
f 2468// 2465// 2466//
f 2467// 2468// 2469//
f 2467// 2469// 2470//
f 2470// 2469// 2471//
f 2470// 2471// 2472//
f 2472// 2471// 2473//
f 2472// 2473// 2474//
f 2474// 2473// 2475//
f 2474// 2475// 2476//
f 2476// 2475// 2477//
f 2476// 2477// 2478//
f 2478// 2477// 2479//
f 2478// 2479// 2480//
f 2481// 2480// 2482//
f 2482// 2480// 2479//
f 2481// 2482// 2483//
f 2481// 2483// 2484//
f 2484// 2483// 2485//
f 2484// 2485// 2486//
f 2486// 2485// 2487//
f 2487// 2485// 2488//
f 2487// 2488// 2489//
f 2489// 2488// 2490//
f 2491// 2489// 2492//
f 2492// 2489// 2490//
f 2493// 2491// 2494//
f 2494// 2491// 2492//
f 2493// 2494// 2495//
f 2493// 2495// 2496//
f 2496// 2495// 2497//
f 2496// 2497// 2498//
f 2498// 2497// 2499//
f 2498// 2499// 2500//
f 2500// 2499// 2501//
f 2500// 2501// 2502//
f 2503// 2502// 2504//
f 2504// 2502// 2501//
f 2503// 2504// 2505//
f 2503// 2505// 2506//
f 2506// 2505// 2507//
f 2506// 2507// 2508//
f 2508// 2507// 2509//
f 2508// 2509// 2510//
f 2510// 2509// 2511//
f 2510// 2511// 2512//
f 2512// 2511// 2513//
f 2513// 2511// 2514//
f 2513// 2514// 2515//
f 2515// 2514// 2516//
f 2517// 2515// 2518//
f 2518// 2515// 2516//
f 2517// 2518// 2519//
f 2519// 2518// 2520//
f 2519// 2520// 2521//
f 2521// 2520// 2522//
f 2521// 2522// 2523//
f 2523// 2522// 2524//
f 2523// 2524// 2525//
f 2525// 2524// 2526//
f 2525// 2526// 2527//
f 2527// 2526// 2528//
f 2527// 2528// 2529//
f 2529// 2528// 2530//
f 2529// 2530// 2531//
f 2531// 2530// 2532//
f 2531// 2532// 2533//
f 2533// 2532// 2534//
f 2533// 2534// 2535//
f 2535// 2534// 2536//
f 2535// 2536// 2537//
f 2537// 2536// 2538//
f 2537// 2538// 2539//
f 2539// 2538// 2540//
f 2539// 2540// 2541//
f 2541// 2540// 2542//
f 2541// 2542// 2543//
f 2543// 2542// 2544//
f 2545// 2543// 2546//
f 2546// 2543// 2544//
f 2545// 2546// 2547//
f 2547// 2546// 2548//
f 2547// 2548// 2549//
f 2549// 2548// 2550//
f 2549// 2550// 2551//
f 2549// 2551// 2552//
f 2552// 2551// 2553//
f 2552// 2553// 2554//
f 2554// 2553// 2555//
f 2554// 2555// 2556//
f 2556// 2555// 2557//
f 2556// 2557// 2558//
f 2559// 2558// 2560//
f 2560// 2558// 2557//
f 2559// 2560// 2561//
f 2559// 2561// 2562//
f 2562// 2561// 2563//
f 2562// 2563// 2564//
f 2564// 2563// 2565//
f 2564// 2565// 2566//
f 2566// 2565// 2567//
f 2566// 2567// 2568//
f 2569// 2568// 2570//
f 2570// 2568// 2567//
f 2571// 2569// 2572//
f 2572// 2569// 2570//
f 2571// 2572// 2573//
f 2573// 2572// 2574//
f 2573// 2574// 2575//
f 2575// 2574// 2576//
f 2575// 2576// 2577//
f 2575// 2577// 2578//
f 2578// 2577// 2579//
f 2578// 2579// 2580//
f 2581// 2580// 2582//
f 2582// 2580// 2579//
f 2581// 2582// 2583//
f 2581// 2583// 2584//
f 2584// 2583// 2585//
f 2584// 2585// 2586//
f 2586// 2585// 2587//
f 2586// 2587// 2588//
f 2588// 2587// 2589//
f 2588// 2589// 2590//
f 2590// 2589// 2591//
f 2590// 2591// 2592//
f 2592// 2591// 2593//
f 2592// 2593// 2594//
f 2595// 2594// 2596//
f 2596// 2594// 2593//
f 2595// 2596// 2597//
f 2597// 2596// 2598//
f 2597// 2598// 2599//
f 2599// 2598// 2600//
f 2599// 2600// 2601//
f 2601// 2600// 2602//
f 2601// 2602// 2603//
f 2603// 2602// 2604//
f 2603// 2604// 2605//
f 2605// 2604// 2606//
f 2605// 2606// 2607//
f 2607// 2606// 2608//
f 2609// 2607// 2610//
f 2610// 2607// 2608//
f 2461// 2603// 2459//
f 2459// 2603// 2605//
f 2459// 2605// 2457//
f 2545// 2547// 2569//
f 2569// 2547// 2549//
f 2519// 2521// 2481//
f 2463// 2465// 2480//
f 2480// 2465// 2467//
f 2480// 2467// 2478//
f 2581// 2537// 2539//
f 2601// 2523// 2599//
f 2599// 2523// 2525//
f 2599// 2525// 2527//
f 2588// 2590// 2535//
f 2581// 2539// 2580//
f 2552// 2554// 2556//
f 2535// 2595// 2533//
f 2533// 2595// 2597//
f 2533// 2597// 2531//
f 2531// 2597// 2599//
f 2531// 2599// 2529//
f 2529// 2599// 2527//
f 2521// 2523// 2481//
f 2481// 2523// 2601//
f 2481// 2601// 2480//
f 2480// 2601// 2603//
f 2480// 2603// 2463//
f 2463// 2603// 2461//
f 2470// 2472// 2474//
f 2588// 2535// 2586//
f 2590// 2592// 2535//
f 2535// 2592// 2594//
f 2535// 2594// 2595//
f 2543// 2573// 2575//
f 2552// 2556// 2549//
f 2549// 2556// 2558//
f 2549// 2558// 2569//
f 2569// 2558// 2559//
f 2569// 2559// 2568//
f 2470// 2474// 2467//
f 2467// 2474// 2476//
f 2467// 2476// 2478//
f 2545// 2569// 2543//
f 2543// 2569// 2571//
f 2543// 2571// 2573//
f 2539// 2541// 2580//
f 2580// 2541// 2543//
f 2580// 2543// 2578//
f 2578// 2543// 2575//
f 2502// 2503// 2512//
f 2611// 2612// 2609//
f 2609// 2612// 2453//
f 2609// 2453// 2607//
f 2607// 2453// 2454//
f 2607// 2454// 2605//
f 2605// 2454// 2455//
f 2605// 2455// 2457//
f 2537// 2581// 2535//
f 2535// 2581// 2584//
f 2535// 2584// 2586//
f 2568// 2559// 2566//
f 2566// 2559// 2562//
f 2566// 2562// 2564//
f 2498// 2500// 2502//
f 2512// 2503// 2510//
f 2510// 2503// 2506//
f 2510// 2506// 2508//
f 2498// 2502// 2496//
f 2519// 2481// 2517//
f 2517// 2481// 2484//
f 2517// 2484// 2486//
f 2512// 2513// 2491//
f 2491// 2513// 2515//
f 2491// 2515// 2489//
f 2489// 2515// 2517//
f 2489// 2517// 2487//
f 2487// 2517// 2486//
f 2512// 2491// 2502//
f 2502// 2491// 2493//
f 2502// 2493// 2496//
f 2482// 2479// 2604//
f 2604// 2479// 2464//
f 2604// 2464// 2462//
f 2462// 2460// 2604//
f 2604// 2460// 2458//
f 2604// 2458// 2456//
f 2524// 2522// 2482//
f 2536// 2534// 2598//
f 2477// 2468// 2479//
f 2479// 2468// 2466//
f 2479// 2466// 2464//
f 2530// 2528// 2600//
f 2600// 2528// 2526//
f 2526// 2524// 2600//
f 2600// 2524// 2482//
f 2600// 2482// 2602//
f 2602// 2482// 2604//
f 2598// 2534// 2600//
f 2600// 2534// 2532//
f 2600// 2532// 2530//
f 2550// 2570// 2567//
f 2477// 2475// 2468//
f 2468// 2475// 2473//
f 2468// 2473// 2469//
f 2469// 2473// 2471//
f 2516// 2514// 2492//
f 2492// 2514// 2511//
f 2492// 2511// 2494//
f 2550// 2555// 2551//
f 2551// 2555// 2553//
f 2598// 2596// 2536//
f 2536// 2596// 2593//
f 2536// 2593// 2591//
f 2613// 2614// 2451//
f 2451// 2614// 2610//
f 2451// 2610// 2452//
f 2452// 2610// 2608//
f 2452// 2608// 2456//
f 2456// 2608// 2606//
f 2456// 2606// 2604//
f 2567// 2565// 2563//
f 2540// 2582// 2542//
f 2542// 2582// 2579//
f 2542// 2579// 2544//
f 2544// 2579// 2577//
f 2544// 2577// 2576//
f 2550// 2548// 2570//
f 2570// 2548// 2546//
f 2570// 2546// 2572//
f 2572// 2546// 2544//
f 2572// 2544// 2574//
f 2574// 2544// 2576//
f 2591// 2589// 2536//
f 2536// 2589// 2587//
f 2536// 2587// 2585//
f 2563// 2561// 2567//
f 2567// 2561// 2560//
f 2567// 2560// 2550//
f 2550// 2560// 2557//
f 2550// 2557// 2555//
f 2540// 2538// 2582//
f 2582// 2538// 2536//
f 2582// 2536// 2583//
f 2583// 2536// 2585//
f 2518// 2488// 2485//
f 2516// 2492// 2518//
f 2518// 2492// 2490//
f 2518// 2490// 2488//
f 2522// 2520// 2482//
f 2482// 2520// 2518//
f 2482// 2518// 2483//
f 2483// 2518// 2485//
f 2501// 2499// 2497//
f 2497// 2495// 2501//
f 2501// 2495// 2494//
f 2501// 2494// 2504//
f 2504// 2494// 2511//
f 2504// 2511// 2505//
f 2505// 2511// 2509//
f 2505// 2509// 2507//
f 2612// 2611// 2613//
f 2613// 2611// 2614//
f 2613// 2451// 2612//
f 2612// 2451// 2453//
f 2610// 2614// 2609//
f 2609// 2614// 2611//
f 2615// 2616// 2617//
f 2617// 2616// 2618//
f 2618// 2616// 2619//
f 2619// 2616// 2620//
f 2619// 2620// 2621//
f 2621// 2620// 2622//
f 2621// 2622// 2623//
f 2623// 2622// 2624//
f 2623// 2624// 2625//
f 2625// 2624// 2626//
f 2625// 2626// 2627//
f 2627// 2626// 2628//
f 2627// 2628// 2629//
f 2629// 2628// 2630//
f 2631// 2629// 2632//
f 2632// 2629// 2630//
f 2631// 2632// 2633//
f 2631// 2633// 2634//
f 2634// 2633// 2635//
f 2634// 2635// 2636//
f 2636// 2635// 2637//
f 2636// 2637// 2638//
f 2638// 2637// 2639//
f 2638// 2639// 2640//
f 2640// 2639// 2641//
f 2640// 2641// 2642//
f 2642// 2641// 2643//
f 2642// 2643// 2644//
f 2645// 2644// 2646//
f 2646// 2644// 2643//
f 2645// 2646// 2647//
f 2645// 2647// 2648//
f 2648// 2647// 2649//
f 2648// 2649// 2650//
f 2650// 2649// 2651//
f 2651// 2649// 2652//
f 2651// 2652// 2653//
f 2653// 2652// 2654//
f 2655// 2653// 2656//
f 2656// 2653// 2654//
f 2657// 2655// 2658//
f 2658// 2655// 2656//
f 2657// 2658// 2659//
f 2657// 2659// 2660//
f 2660// 2659// 2661//
f 2660// 2661// 2662//
f 2662// 2661// 2663//
f 2662// 2663// 2664//
f 2664// 2663// 2665//
f 2664// 2665// 2666//
f 2667// 2666// 2668//
f 2668// 2666// 2665//
f 2667// 2668// 2669//
f 2667// 2669// 2670//
f 2670// 2669// 2671//
f 2670// 2671// 2672//
f 2672// 2671// 2673//
f 2672// 2673// 2674//
f 2674// 2673// 2675//
f 2674// 2675// 2676//
f 2676// 2675// 2677//
f 2677// 2675// 2678//
f 2677// 2678// 2679//
f 2679// 2678// 2680//
f 2681// 2679// 2682//
f 2682// 2679// 2680//
f 2681// 2682// 2683//
f 2683// 2682// 2684//
f 2683// 2684// 2685//
f 2685// 2684// 2686//
f 2685// 2686// 2687//
f 2687// 2686// 2688//
f 2687// 2688// 2689//
f 2689// 2688// 2690//
f 2689// 2690// 2691//
f 2691// 2690// 2692//
f 2691// 2692// 2693//
f 2693// 2692// 2694//
f 2693// 2694// 2695//
f 2695// 2694// 2696//
f 2695// 2696// 2697//
f 2697// 2696// 2698//
f 2697// 2698// 2699//
f 2699// 2698// 2700//
f 2699// 2700// 2701//
f 2701// 2700// 2702//
f 2701// 2702// 2703//
f 2703// 2702// 2704//
f 2703// 2704// 2705//
f 2705// 2704// 2706//
f 2705// 2706// 2707//
f 2707// 2706// 2708//
f 2709// 2707// 2710//
f 2710// 2707// 2708//
f 2709// 2710// 2711//
f 2711// 2710// 2712//
f 2711// 2712// 2713//
f 2713// 2712// 2714//
f 2713// 2714// 2715//
f 2713// 2715// 2716//
f 2716// 2715// 2717//
f 2716// 2717// 2718//
f 2718// 2717// 2719//
f 2718// 2719// 2720//
f 2720// 2719// 2721//
f 2720// 2721// 2722//
f 2723// 2722// 2724//
f 2724// 2722// 2721//
f 2723// 2724// 2725//
f 2723// 2725// 2726//
f 2726// 2725// 2727//
f 2726// 2727// 2728//
f 2728// 2727// 2729//
f 2728// 2729// 2730//
f 2730// 2729// 2731//
f 2730// 2731// 2732//
f 2733// 2732// 2734//
f 2734// 2732// 2731//
f 2735// 2733// 2736//
f 2736// 2733// 2734//
f 2735// 2736// 2737//
f 2737// 2736// 2738//
f 2737// 2738// 2739//
f 2739// 2738// 2740//
f 2739// 2740// 2741//
f 2739// 2741// 2742//
f 2742// 2741// 2743//
f 2742// 2743// 2744//
f 2745// 2744// 2746//
f 2746// 2744// 2743//
f 2745// 2746// 2747//
f 2745// 2747// 2748//
f 2748// 2747// 2749//
f 2748// 2749// 2750//
f 2750// 2749// 2751//
f 2750// 2751// 2752//
f 2752// 2751// 2753//
f 2752// 2753// 2754//
f 2754// 2753// 2755//
f 2754// 2755// 2756//
f 2756// 2755// 2757//
f 2756// 2757// 2758//
f 2759// 2758// 2760//
f 2760// 2758// 2757//
f 2759// 2760// 2761//
f 2761// 2760// 2762//
f 2761// 2762// 2763//
f 2763// 2762// 2764//
f 2763// 2764// 2765//
f 2765// 2764// 2766//
f 2765// 2766// 2767//
f 2767// 2766// 2768//
f 2767// 2768// 2769//
f 2769// 2768// 2770//
f 2769// 2770// 2771//
f 2771// 2770// 2772//
f 2773// 2771// 2774//
f 2774// 2771// 2772//
f 2763// 2765// 2623//
f 2761// 2763// 2744//
f 2761// 2744// 2759//
f 2765// 2767// 2623//
f 2623// 2767// 2769//
f 2623// 2769// 2621//
f 2701// 2703// 2744//
f 2709// 2711// 2733//
f 2733// 2711// 2713//
f 2685// 2687// 2644//
f 2644// 2687// 2689//
f 2644// 2689// 2642//
f 2763// 2623// 2744//
f 2744// 2623// 2625//
f 2744// 2625// 2701//
f 2695// 2697// 2625//
f 2625// 2697// 2699//
f 2625// 2699// 2701//
f 2759// 2744// 2758//
f 2758// 2744// 2745//
f 2758// 2745// 2756//
f 2629// 2689// 2627//
f 2627// 2689// 2691//
f 2627// 2691// 2625//
f 2625// 2691// 2693//
f 2625// 2693// 2695//
f 2775// 2776// 2773//
f 2773// 2776// 2617//
f 2773// 2617// 2771//
f 2771// 2617// 2618//
f 2771// 2618// 2769//
f 2769// 2618// 2619//
f 2769// 2619// 2621//
f 2707// 2737// 2739//
f 2713// 2716// 2718//
f 2718// 2720// 2713//
f 2713// 2720// 2722//
f 2713// 2722// 2733//
f 2733// 2722// 2723//
f 2733// 2723// 2732//
f 2745// 2748// 2750//
f 2709// 2733// 2707//
f 2707// 2733// 2735//
f 2707// 2735// 2737//
f 2703// 2705// 2744//
f 2744// 2705// 2707//
f 2744// 2707// 2742//
f 2742// 2707// 2739//
f 2750// 2752// 2745//
f 2745// 2752// 2754//
f 2745// 2754// 2756//
f 2726// 2728// 2723//
f 2723// 2728// 2730//
f 2723// 2730// 2732//
f 2667// 2676// 2666//
f 2666// 2676// 2655//
f 2666// 2655// 2657//
f 2667// 2670// 2676//
f 2676// 2670// 2672//
f 2676// 2672// 2674//
f 2685// 2644// 2683//
f 2683// 2644// 2645//
f 2683// 2645// 2681//
f 2681// 2645// 2648//
f 2681// 2648// 2650//
f 2676// 2677// 2655//
f 2655// 2677// 2679//
f 2655// 2679// 2653//
f 2653// 2679// 2681//
f 2653// 2681// 2651//
f 2651// 2681// 2650//
f 2629// 2631// 2689//
f 2689// 2631// 2634//
f 2689// 2634// 2636//
f 2636// 2638// 2689//
f 2689// 2638// 2640//
f 2689// 2640// 2642//
f 2657// 2660// 2666//
f 2666// 2660// 2662//
f 2666// 2662// 2664//
f 2646// 2628// 2626//
f 2688// 2686// 2646//
f 2628// 2646// 2630//
f 2630// 2646// 2643//
f 2630// 2643// 2632//
f 2770// 2620// 2616//
f 2624// 2622// 2766//
f 2766// 2622// 2620//
f 2766// 2620// 2768//
f 2768// 2620// 2770//
f 2694// 2692// 2764//
f 2764// 2692// 2690//
f 2700// 2698// 2762//
f 2690// 2688// 2764//
f 2764// 2688// 2646//
f 2764// 2646// 2766//
f 2766// 2646// 2626//
f 2766// 2626// 2624//
f 2762// 2698// 2764//
f 2764// 2698// 2696//
f 2764// 2696// 2694//
f 2639// 2637// 2635//
f 2777// 2778// 2615//
f 2615// 2778// 2774//
f 2615// 2774// 2616//
f 2616// 2774// 2772//
f 2616// 2772// 2770//
f 2682// 2652// 2649//
f 2673// 2671// 2675//
f 2675// 2671// 2669//
f 2675// 2669// 2668//
f 2680// 2678// 2656//
f 2656// 2678// 2675//
f 2656// 2675// 2658//
f 2658// 2675// 2668//
f 2762// 2760// 2700//
f 2700// 2760// 2757//
f 2700// 2757// 2755//
f 2643// 2641// 2632//
f 2632// 2641// 2639//
f 2632// 2639// 2633//
f 2633// 2639// 2635//
f 2680// 2656// 2682//
f 2682// 2656// 2654//
f 2682// 2654// 2652//
f 2686// 2684// 2646//
f 2646// 2684// 2682//
f 2646// 2682// 2647//
f 2647// 2682// 2649//
f 2724// 2721// 2714//
f 2755// 2753// 2700//
f 2700// 2753// 2751//
f 2700// 2751// 2749//
f 2704// 2702// 2746//
f 2746// 2702// 2700//
f 2746// 2700// 2747//
f 2747// 2700// 2749//
f 2668// 2665// 2658//
f 2658// 2665// 2663//
f 2658// 2663// 2659//
f 2659// 2663// 2661//
f 2727// 2725// 2724//
f 2721// 2719// 2714//
f 2714// 2719// 2717//
f 2714// 2717// 2715//
f 2704// 2746// 2706//
f 2706// 2746// 2743//
f 2706// 2743// 2708//
f 2708// 2743// 2741//
f 2708// 2741// 2740//
f 2740// 2738// 2708//
f 2708// 2738// 2736//
f 2708// 2736// 2710//
f 2710// 2736// 2734//
f 2710// 2734// 2712//
f 2712// 2734// 2714//
f 2714// 2734// 2731//
f 2714// 2731// 2724//
f 2724// 2731// 2729//
f 2724// 2729// 2727//
f 2776// 2775// 2777//
f 2777// 2775// 2778//
f 2777// 2615// 2776//
f 2776// 2615// 2617//
f 2774// 2778// 2773//
f 2773// 2778// 2775//
f 2779// 2780// 2781//
f 2781// 2780// 2782//
f 2782// 2780// 2783//
f 2783// 2780// 2784//
f 2783// 2784// 2785//
f 2785// 2784// 2786//
f 2785// 2786// 2787//
f 2787// 2786// 2788//
f 2787// 2788// 2789//
f 2789// 2788// 2790//
f 2789// 2790// 2791//
f 2791// 2790// 2792//
f 2791// 2792// 2793//
f 2793// 2792// 2794//
f 2795// 2793// 2796//
f 2796// 2793// 2794//
f 2795// 2796// 2797//
f 2795// 2797// 2798//
f 2798// 2797// 2799//
f 2798// 2799// 2800//
f 2800// 2799// 2801//
f 2800// 2801// 2802//
f 2802// 2801// 2803//
f 2802// 2803// 2804//
f 2804// 2803// 2805//
f 2804// 2805// 2806//
f 2806// 2805// 2807//
f 2806// 2807// 2808//
f 2809// 2808// 2810//
f 2810// 2808// 2807//
f 2809// 2810// 2811//
f 2809// 2811// 2812//
f 2812// 2811// 2813//
f 2812// 2813// 2814//
f 2814// 2813// 2815//
f 2815// 2813// 2816//
f 2815// 2816// 2817//
f 2817// 2816// 2818//
f 2819// 2817// 2820//
f 2820// 2817// 2818//
f 2821// 2819// 2822//
f 2822// 2819// 2820//
f 2821// 2822// 2823//
f 2821// 2823// 2824//
f 2824// 2823// 2825//
f 2824// 2825// 2826//
f 2826// 2825// 2827//
f 2826// 2827// 2828//
f 2828// 2827// 2829//
f 2828// 2829// 2830//
f 2831// 2830// 2832//
f 2832// 2830// 2829//
f 2831// 2832// 2833//
f 2831// 2833// 2834//
f 2834// 2833// 2835//
f 2834// 2835// 2836//
f 2836// 2835// 2837//
f 2836// 2837// 2838//
f 2838// 2837// 2839//
f 2838// 2839// 2840//
f 2840// 2839// 2841//
f 2841// 2839// 2842//
f 2841// 2842// 2843//
f 2843// 2842// 2844//
f 2845// 2843// 2846//
f 2846// 2843// 2844//
f 2845// 2846// 2847//
f 2847// 2846// 2848//
f 2847// 2848// 2849//
f 2849// 2848// 2850//
f 2849// 2850// 2851//
f 2851// 2850// 2852//
f 2851// 2852// 2853//
f 2853// 2852// 2854//
f 2853// 2854// 2855//
f 2855// 2854// 2856//
f 2855// 2856// 2857//
f 2857// 2856// 2858//
f 2857// 2858// 2859//
f 2859// 2858// 2860//
f 2859// 2860// 2861//
f 2861// 2860// 2862//
f 2861// 2862// 2863//
f 2863// 2862// 2864//
f 2863// 2864// 2865//
f 2865// 2864// 2866//
f 2865// 2866// 2867//
f 2867// 2866// 2868//
f 2867// 2868// 2869//
f 2869// 2868// 2870//
f 2869// 2870// 2871//
f 2871// 2870// 2872//
f 2873// 2871// 2874//
f 2874// 2871// 2872//
f 2873// 2874// 2875//
f 2875// 2874// 2876//
f 2875// 2876// 2877//
f 2877// 2876// 2878//
f 2877// 2878// 2879//
f 2877// 2879// 2880//
f 2880// 2879// 2881//
f 2880// 2881// 2882//
f 2882// 2881// 2883//
f 2882// 2883// 2884//
f 2884// 2883// 2885//
f 2884// 2885// 2886//
f 2887// 2886// 2888//
f 2888// 2886// 2885//
f 2887// 2888// 2889//
f 2887// 2889// 2890//
f 2890// 2889// 2891//
f 2890// 2891// 2892//
f 2892// 2891// 2893//
f 2892// 2893// 2894//
f 2894// 2893// 2895//
f 2894// 2895// 2896//
f 2897// 2896// 2898//
f 2898// 2896// 2895//
f 2899// 2897// 2900//
f 2900// 2897// 2898//
f 2899// 2900// 2901//
f 2901// 2900// 2902//
f 2901// 2902// 2903//
f 2903// 2902// 2904//
f 2903// 2904// 2905//
f 2903// 2905// 2906//
f 2906// 2905// 2907//
f 2906// 2907// 2908//
f 2909// 2908// 2910//
f 2910// 2908// 2907//
f 2909// 2910// 2911//
f 2909// 2911// 2912//
f 2912// 2911// 2913//
f 2912// 2913// 2914//
f 2914// 2913// 2915//
f 2914// 2915// 2916//
f 2916// 2915// 2917//
f 2916// 2917// 2918//
f 2918// 2917// 2919//
f 2918// 2919// 2920//
f 2920// 2919// 2921//
f 2920// 2921// 2922//
f 2923// 2922// 2924//
f 2924// 2922// 2921//
f 2923// 2924// 2925//
f 2925// 2924// 2926//
f 2925// 2926// 2927//
f 2927// 2926// 2928//
f 2927// 2928// 2929//
f 2929// 2928// 2930//
f 2929// 2930// 2931//
f 2931// 2930// 2932//
f 2931// 2932// 2933//
f 2933// 2932// 2934//
f 2933// 2934// 2935//
f 2935// 2934// 2936//
f 2937// 2935// 2938//
f 2938// 2935// 2936//
f 2929// 2931// 2785//
f 2785// 2931// 2933//
f 2908// 2909// 2785//
f 2909// 2923// 2925//
f 2909// 2925// 2785//
f 2785// 2925// 2927//
f 2785// 2927// 2929//
f 2865// 2867// 2908//
f 2873// 2875// 2897//
f 2897// 2875// 2877//
f 2863// 2789// 2861//
f 2861// 2789// 2859//
f 2849// 2851// 2808//
f 2808// 2851// 2853//
f 2808// 2853// 2806//
f 2918// 2920// 2909//
f 2909// 2920// 2922//
f 2909// 2922// 2923//
f 2863// 2865// 2789//
f 2789// 2865// 2908//
f 2789// 2908// 2787//
f 2787// 2908// 2785//
f 2793// 2853// 2791//
f 2791// 2853// 2855//
f 2791// 2855// 2789//
f 2789// 2855// 2857//
f 2789// 2857// 2859//
f 2912// 2914// 2909//
f 2909// 2914// 2916//
f 2909// 2916// 2918//
f 2939// 2940// 2937//
f 2937// 2940// 2781//
f 2937// 2781// 2935//
f 2935// 2781// 2782//
f 2935// 2782// 2933//
f 2933// 2782// 2783//
f 2933// 2783// 2785//
f 2880// 2882// 2884//
f 2871// 2901// 2903//
f 2880// 2884// 2877//
f 2877// 2884// 2886//
f 2877// 2886// 2897//
f 2897// 2886// 2887//
f 2897// 2887// 2896//
f 2873// 2897// 2871//
f 2871// 2897// 2899//
f 2871// 2899// 2901//
f 2867// 2869// 2908//
f 2908// 2869// 2871//
f 2908// 2871// 2906//
f 2906// 2871// 2903//
f 2830// 2819// 2821//
f 2819// 2830// 2840//
f 2830// 2831// 2840//
f 2840// 2831// 2834//
f 2840// 2834// 2838//
f 2838// 2834// 2836//
f 2896// 2887// 2894//
f 2894// 2887// 2890//
f 2894// 2890// 2892//
f 2849// 2808// 2847//
f 2847// 2808// 2809//
f 2847// 2809// 2845//
f 2845// 2809// 2812//
f 2845// 2812// 2814//
f 2840// 2841// 2819//
f 2819// 2841// 2843//
f 2819// 2843// 2817//
f 2817// 2843// 2845//
f 2817// 2845// 2815//
f 2815// 2845// 2814//
f 2793// 2795// 2853//
f 2853// 2795// 2798//
f 2853// 2798// 2800//
f 2800// 2802// 2853//
f 2853// 2802// 2804//
f 2853// 2804// 2806//
f 2821// 2824// 2830//
f 2830// 2824// 2826//
f 2830// 2826// 2828//
f 2810// 2807// 2932//
f 2788// 2786// 2932//
f 2932// 2786// 2784//
f 2932// 2784// 2934//
f 2934// 2784// 2780//
f 2852// 2850// 2810//
f 2864// 2862// 2926//
f 2796// 2794// 2807//
f 2807// 2794// 2792//
f 2807// 2792// 2932//
f 2932// 2792// 2790//
f 2932// 2790// 2788//
f 2858// 2856// 2928//
f 2928// 2856// 2854//
f 2854// 2852// 2928//
f 2928// 2852// 2810//
f 2928// 2810// 2930//
f 2930// 2810// 2932//
f 2926// 2862// 2928//
f 2928// 2862// 2860//
f 2928// 2860// 2858//
f 2878// 2898// 2895//
f 2803// 2801// 2799//
f 2941// 2942// 2779//
f 2779// 2942// 2938//
f 2779// 2938// 2780//
f 2780// 2938// 2936//
f 2780// 2936// 2934//
f 2844// 2842// 2820//
f 2820// 2842// 2839//
f 2820// 2839// 2822//
f 2878// 2883// 2879//
f 2879// 2883// 2881//
f 2926// 2924// 2864//
f 2864// 2924// 2921//
f 2864// 2921// 2919//
f 2807// 2805// 2796//
f 2796// 2805// 2803//
f 2796// 2803// 2797//
f 2797// 2803// 2799//
f 2895// 2893// 2891//
f 2868// 2910// 2870//
f 2870// 2910// 2907//
f 2870// 2907// 2872//
f 2872// 2907// 2905//
f 2872// 2905// 2904//
f 2878// 2876// 2898//
f 2898// 2876// 2874//
f 2898// 2874// 2900//
f 2900// 2874// 2872//
f 2900// 2872// 2902//
f 2902// 2872// 2904//
f 2919// 2917// 2864//
f 2864// 2917// 2915//
f 2864// 2915// 2913//
f 2891// 2889// 2895//
f 2895// 2889// 2888//
f 2895// 2888// 2878//
f 2878// 2888// 2885//
f 2878// 2885// 2883//
f 2868// 2866// 2910//
f 2910// 2866// 2864//
f 2910// 2864// 2911//
f 2911// 2864// 2913//
f 2846// 2816// 2813//
f 2844// 2820// 2846//
f 2846// 2820// 2818//
f 2846// 2818// 2816//
f 2850// 2848// 2810//
f 2810// 2848// 2846//
f 2810// 2846// 2811//
f 2811// 2846// 2813//
f 2829// 2822// 2832//
f 2832// 2822// 2839//
f 2832// 2839// 2833//
f 2833// 2839// 2837//
f 2833// 2837// 2835//
f 2827// 2825// 2829//
f 2829// 2825// 2823//
f 2829// 2823// 2822//
f 2940// 2939// 2941//
f 2941// 2939// 2942//
f 2941// 2779// 2940//
f 2940// 2779// 2781//
f 2938// 2942// 2937//
f 2937// 2942// 2939//
f 2943// 2944// 2945//
f 2945// 2944// 2946//
f 2946// 2944// 2947//
f 2947// 2944// 2948//
f 2947// 2948// 2949//
f 2949// 2948// 2950//
f 2949// 2950// 2951//
f 2951// 2950// 2952//
f 2951// 2952// 2953//
f 2953// 2952// 2954//
f 2953// 2954// 2955//
f 2955// 2954// 2956//
f 2955// 2956// 2957//
f 2957// 2956// 2958//
f 2959// 2957// 2960//
f 2960// 2957// 2958//
f 2959// 2960// 2961//
f 2959// 2961// 2962//
f 2962// 2961// 2963//
f 2962// 2963// 2964//
f 2964// 2963// 2965//
f 2964// 2965// 2966//
f 2966// 2965// 2967//
f 2966// 2967// 2968//
f 2968// 2967// 2969//
f 2968// 2969// 2970//
f 2970// 2969// 2971//
f 2970// 2971// 2972//
f 2973// 2972// 2974//
f 2974// 2972// 2971//
f 2973// 2974// 2975//
f 2973// 2975// 2976//
f 2976// 2975// 2977//
f 2976// 2977// 2978//
f 2978// 2977// 2979//
f 2979// 2977// 2980//
f 2979// 2980// 2981//
f 2981// 2980// 2982//
f 2983// 2981// 2984//
f 2984// 2981// 2982//
f 2985// 2983// 2986//
f 2986// 2983// 2984//
f 2985// 2986// 2987//
f 2985// 2987// 2988//
f 2988// 2987// 2989//
f 2988// 2989// 2990//
f 2990// 2989// 2991//
f 2990// 2991// 2992//
f 2992// 2991// 2993//
f 2992// 2993// 2994//
f 2995// 2994// 2996//
f 2996// 2994// 2993//
f 2995// 2996// 2997//
f 2995// 2997// 2998//
f 2998// 2997// 2999//
f 2998// 2999// 3000//
f 3000// 2999// 3001//
f 3000// 3001// 3002//
f 3002// 3001// 3003//
f 3002// 3003// 3004//
f 3004// 3003// 3005//
f 3005// 3003// 3006//
f 3005// 3006// 3007//
f 3007// 3006// 3008//
f 3009// 3007// 3010//
f 3010// 3007// 3008//
f 3009// 3010// 3011//
f 3011// 3010// 3012//
f 3011// 3012// 3013//
f 3013// 3012// 3014//
f 3013// 3014// 3015//
f 3015// 3014// 3016//
f 3015// 3016// 3017//
f 3017// 3016// 3018//
f 3017// 3018// 3019//
f 3019// 3018// 3020//
f 3019// 3020// 3021//
f 3021// 3020// 3022//
f 3021// 3022// 3023//
f 3023// 3022// 3024//
f 3023// 3024// 3025//
f 3025// 3024// 3026//
f 3025// 3026// 3027//
f 3027// 3026// 3028//
f 3027// 3028// 3029//
f 3029// 3028// 3030//
f 3029// 3030// 3031//
f 3031// 3030// 3032//
f 3031// 3032// 3033//
f 3033// 3032// 3034//
f 3033// 3034// 3035//
f 3035// 3034// 3036//
f 3037// 3035// 3038//
f 3038// 3035// 3036//
f 3037// 3038// 3039//
f 3039// 3038// 3040//
f 3039// 3040// 3041//
f 3041// 3040// 3042//
f 3041// 3042// 3043//
f 3041// 3043// 3044//
f 3044// 3043// 3045//
f 3044// 3045// 3046//
f 3046// 3045// 3047//
f 3046// 3047// 3048//
f 3048// 3047// 3049//
f 3048// 3049// 3050//
f 3051// 3050// 3052//
f 3052// 3050// 3049//
f 3051// 3052// 3053//
f 3051// 3053// 3054//
f 3054// 3053// 3055//
f 3054// 3055// 3056//
f 3056// 3055// 3057//
f 3056// 3057// 3058//
f 3058// 3057// 3059//
f 3058// 3059// 3060//
f 3061// 3060// 3062//
f 3062// 3060// 3059//
f 3063// 3061// 3064//
f 3064// 3061// 3062//
f 3063// 3064// 3065//
f 3065// 3064// 3066//
f 3065// 3066// 3067//
f 3067// 3066// 3068//
f 3067// 3068// 3069//
f 3067// 3069// 3070//
f 3070// 3069// 3071//
f 3070// 3071// 3072//
f 3073// 3072// 3074//
f 3074// 3072// 3071//
f 3073// 3074// 3075//
f 3073// 3075// 3076//
f 3076// 3075// 3077//
f 3076// 3077// 3078//
f 3078// 3077// 3079//
f 3078// 3079// 3080//
f 3080// 3079// 3081//
f 3080// 3081// 3082//
f 3082// 3081// 3083//
f 3082// 3083// 3084//
f 3084// 3083// 3085//
f 3084// 3085// 3086//
f 3087// 3086// 3088//
f 3088// 3086// 3085//
f 3087// 3088// 3089//
f 3089// 3088// 3090//
f 3089// 3090// 3091//
f 3091// 3090// 3092//
f 3091// 3092// 3093//
f 3093// 3092// 3094//
f 3093// 3094// 3095//
f 3095// 3094// 3096//
f 3095// 3096// 3097//
f 3097// 3096// 3098//
f 3097// 3098// 3099//
f 3099// 3098// 3100//
f 3101// 3099// 3102//
f 3102// 3099// 3100//
f 3091// 3093// 2951//
f 3089// 3091// 3072//
f 3089// 3072// 3087//
f 3093// 3095// 2951//
f 2951// 3095// 3097//
f 2951// 3097// 2949//
f 3029// 3031// 3072//
f 3037// 3039// 3061//
f 3061// 3039// 3041//
f 3013// 3015// 2972//
f 2972// 3015// 3017//
f 2972// 3017// 2970//
f 3091// 2951// 3072//
f 3072// 2951// 2953//
f 3072// 2953// 3029//
f 3023// 3025// 2953//
f 2953// 3025// 3027//
f 2953// 3027// 3029//
f 3087// 3072// 3086//
f 3086// 3072// 3073//
f 3086// 3073// 3084//
f 2957// 3017// 2955//
f 2955// 3017// 3019//
f 2955// 3019// 2953//
f 2953// 3019// 3021//
f 2953// 3021// 3023//
f 3103// 3104// 3101//
f 3101// 3104// 2945//
f 3101// 2945// 3099//
f 3099// 2945// 2946//
f 3099// 2946// 3097//
f 3097// 2946// 2947//
f 3097// 2947// 2949//
f 3035// 3065// 3067//
f 3041// 3044// 3046//
f 3046// 3048// 3041//
f 3041// 3048// 3050//
f 3041// 3050// 3061//
f 3061// 3050// 3051//
f 3061// 3051// 3060//
f 3073// 3076// 3078//
f 3037// 3061// 3035//
f 3035// 3061// 3063//
f 3035// 3063// 3065//
f 3031// 3033// 3072//
f 3072// 3033// 3035//
f 3072// 3035// 3070//
f 3070// 3035// 3067//
f 3078// 3080// 3073//
f 3073// 3080// 3082//
f 3073// 3082// 3084//
f 3054// 3056// 3051//
f 3051// 3056// 3058//
f 3051// 3058// 3060//
f 2995// 3004// 2994//
f 2994// 3004// 2983//
f 2994// 2983// 2985//
f 2995// 2998// 3004//
f 3004// 2998// 3000//
f 3004// 3000// 3002//
f 3013// 2972// 3011//
f 3011// 2972// 2973//
f 3011// 2973// 3009//
f 3009// 2973// 2976//
f 3009// 2976// 2978//
f 3004// 3005// 2983//
f 2983// 3005// 3007//
f 2983// 3007// 2981//
f 2981// 3007// 3009//
f 2981// 3009// 2979//
f 2979// 3009// 2978//
f 2957// 2959// 3017//
f 3017// 2959// 2962//
f 3017// 2962// 2964//
f 2964// 2966// 3017//
f 3017// 2966// 2968//
f 3017// 2968// 2970//
f 2985// 2988// 2994//
f 2994// 2988// 2990//
f 2994// 2990// 2992//
f 2974// 2956// 2954//
f 3016// 3014// 2974//
f 2956// 2974// 2958//
f 2958// 2974// 2971//
f 2958// 2971// 2960//
f 3098// 2948// 2944//
f 2952// 2950// 3094//
f 3094// 2950// 2948//
f 3094// 2948// 3096//
f 3096// 2948// 3098//
f 3022// 3020// 3092//
f 3092// 3020// 3018//
f 3028// 3026// 3090//
f 3018// 3016// 3092//
f 3092// 3016// 2974//
f 3092// 2974// 3094//
f 3094// 2974// 2954//
f 3094// 2954// 2952//
f 3090// 3026// 3092//
f 3092// 3026// 3024//
f 3092// 3024// 3022//
f 2967// 2965// 2963//
f 3105// 3106// 2943//
f 2943// 3106// 3102//
f 2943// 3102// 2944//
f 2944// 3102// 3100//
f 2944// 3100// 3098//
f 3010// 2980// 2977//
f 3001// 2999// 3003//
f 3003// 2999// 2997//
f 3003// 2997// 2996//
f 3008// 3006// 2984//
f 2984// 3006// 3003//
f 2984// 3003// 2986//
f 2986// 3003// 2996//
f 3090// 3088// 3028//
f 3028// 3088// 3085//
f 3028// 3085// 3083//
f 2971// 2969// 2960//
f 2960// 2969// 2967//
f 2960// 2967// 2961//
f 2961// 2967// 2963//
f 3008// 2984// 3010//
f 3010// 2984// 2982//
f 3010// 2982// 2980//
f 3014// 3012// 2974//
f 2974// 3012// 3010//
f 2974// 3010// 2975//
f 2975// 3010// 2977//
f 3052// 3049// 3042//
f 3083// 3081// 3028//
f 3028// 3081// 3079//
f 3028// 3079// 3077//
f 3032// 3030// 3074//
f 3074// 3030// 3028//
f 3074// 3028// 3075//
f 3075// 3028// 3077//
f 2996// 2993// 2986//
f 2986// 2993// 2991//
f 2986// 2991// 2987//
f 2987// 2991// 2989//
f 3055// 3053// 3052//
f 3049// 3047// 3042//
f 3042// 3047// 3045//
f 3042// 3045// 3043//
f 3032// 3074// 3034//
f 3034// 3074// 3071//
f 3034// 3071// 3036//
f 3036// 3071// 3069//
f 3036// 3069// 3068//
f 3068// 3066// 3036//
f 3036// 3066// 3064//
f 3036// 3064// 3038//
f 3038// 3064// 3062//
f 3038// 3062// 3040//
f 3040// 3062// 3042//
f 3042// 3062// 3059//
f 3042// 3059// 3052//
f 3052// 3059// 3057//
f 3052// 3057// 3055//
f 3104// 3103// 3105//
f 3105// 3103// 3106//
f 3105// 2943// 3104//
f 3104// 2943// 2945//
f 3102// 3106// 3101//
f 3101// 3106// 3103//
f 3107// 3108// 3109//
f 3109// 3108// 3110//
f 3110// 3108// 3111//
f 3111// 3108// 3112//
f 3111// 3112// 3113//
f 3113// 3112// 3114//
f 3113// 3114// 3115//
f 3115// 3114// 3116//
f 3115// 3116// 3117//
f 3117// 3116// 3118//
f 3117// 3118// 3119//
f 3119// 3118// 3120//
f 3119// 3120// 3121//
f 3121// 3120// 3122//
f 3123// 3121// 3124//
f 3124// 3121// 3122//
f 3123// 3124// 3125//
f 3123// 3125// 3126//
f 3126// 3125// 3127//
f 3126// 3127// 3128//
f 3128// 3127// 3129//
f 3128// 3129// 3130//
f 3130// 3129// 3131//
f 3130// 3131// 3132//
f 3132// 3131// 3133//
f 3132// 3133// 3134//
f 3134// 3133// 3135//
f 3134// 3135// 3136//
f 3137// 3136// 3138//
f 3138// 3136// 3135//
f 3137// 3138// 3139//
f 3137// 3139// 3140//
f 3140// 3139// 3141//
f 3140// 3141// 3142//
f 3142// 3141// 3143//
f 3143// 3141// 3144//
f 3143// 3144// 3145//
f 3145// 3144// 3146//
f 3147// 3145// 3148//
f 3148// 3145// 3146//
f 3149// 3147// 3150//
f 3150// 3147// 3148//
f 3149// 3150// 3151//
f 3149// 3151// 3152//
f 3152// 3151// 3153//
f 3152// 3153// 3154//
f 3154// 3153// 3155//
f 3154// 3155// 3156//
f 3156// 3155// 3157//
f 3156// 3157// 3158//
f 3159// 3158// 3160//
f 3160// 3158// 3157//
f 3159// 3160// 3161//
f 3159// 3161// 3162//
f 3162// 3161// 3163//
f 3162// 3163// 3164//
f 3164// 3163// 3165//
f 3164// 3165// 3166//
f 3166// 3165// 3167//
f 3166// 3167// 3168//
f 3168// 3167// 3169//
f 3169// 3167// 3170//
f 3169// 3170// 3171//
f 3171// 3170// 3172//
f 3173// 3171// 3174//
f 3174// 3171// 3172//
f 3173// 3174// 3175//
f 3175// 3174// 3176//
f 3175// 3176// 3177//
f 3177// 3176// 3178//
f 3177// 3178// 3179//
f 3179// 3178// 3180//
f 3179// 3180// 3181//
f 3181// 3180// 3182//
f 3181// 3182// 3183//
f 3183// 3182// 3184//
f 3183// 3184// 3185//
f 3185// 3184// 3186//
f 3185// 3186// 3187//
f 3187// 3186// 3188//
f 3187// 3188// 3189//
f 3189// 3188// 3190//
f 3189// 3190// 3191//
f 3191// 3190// 3192//
f 3191// 3192// 3193//
f 3193// 3192// 3194//
f 3193// 3194// 3195//
f 3195// 3194// 3196//
f 3195// 3196// 3197//
f 3197// 3196// 3198//
f 3197// 3198// 3199//
f 3199// 3198// 3200//
f 3201// 3199// 3202//
f 3202// 3199// 3200//
f 3201// 3202// 3203//
f 3203// 3202// 3204//
f 3203// 3204// 3205//
f 3205// 3204// 3206//
f 3205// 3206// 3207//
f 3205// 3207// 3208//
f 3208// 3207// 3209//
f 3208// 3209// 3210//
f 3210// 3209// 3211//
f 3210// 3211// 3212//
f 3212// 3211// 3213//
f 3212// 3213// 3214//
f 3215// 3214// 3216//
f 3216// 3214// 3213//
f 3215// 3216// 3217//
f 3215// 3217// 3218//
f 3218// 3217// 3219//
f 3218// 3219// 3220//
f 3220// 3219// 3221//
f 3220// 3221// 3222//
f 3222// 3221// 3223//
f 3222// 3223// 3224//
f 3225// 3224// 3226//
f 3226// 3224// 3223//
f 3227// 3225// 3228//
f 3228// 3225// 3226//
f 3227// 3228// 3229//
f 3229// 3228// 3230//
f 3229// 3230// 3231//
f 3231// 3230// 3232//
f 3231// 3232// 3233//
f 3231// 3233// 3234//
f 3234// 3233// 3235//
f 3234// 3235// 3236//
f 3237// 3236// 3238//
f 3238// 3236// 3235//
f 3237// 3238// 3239//
f 3237// 3239// 3240//
f 3240// 3239// 3241//
f 3240// 3241// 3242//
f 3242// 3241// 3243//
f 3242// 3243// 3244//
f 3244// 3243// 3245//
f 3244// 3245// 3246//
f 3246// 3245// 3247//
f 3246// 3247// 3248//
f 3248// 3247// 3249//
f 3248// 3249// 3250//
f 3251// 3250// 3252//
f 3252// 3250// 3249//
f 3251// 3252// 3253//
f 3253// 3252// 3254//
f 3253// 3254// 3255//
f 3255// 3254// 3256//
f 3255// 3256// 3257//
f 3257// 3256// 3258//
f 3257// 3258// 3259//
f 3259// 3258// 3260//
f 3259// 3260// 3261//
f 3261// 3260// 3262//
f 3261// 3262// 3263//
f 3263// 3262// 3264//
f 3265// 3263// 3266//
f 3266// 3263// 3264//
f 3117// 3261// 3115//
f 3115// 3261// 3113//
f 3257// 3259// 3136//
f 3136// 3259// 3261//
f 3136// 3261// 3119//
f 3119// 3261// 3117//
f 3193// 3195// 3237//
f 3237// 3195// 3236//
f 3201// 3203// 3225//
f 3225// 3203// 3205//
f 3175// 3177// 3137//
f 3137// 3177// 3179//
f 3136// 3137// 3257//
f 3257// 3137// 3179//
f 3257// 3179// 3255//
f 3255// 3179// 3181//
f 3255// 3181// 3183//
f 3183// 3185// 3255//
f 3255// 3185// 3187//
f 3255// 3187// 3253//
f 3253// 3187// 3189//
f 3253// 3189// 3251//
f 3251// 3189// 3191//
f 3208// 3210// 3212//
f 3267// 3268// 3265//
f 3265// 3268// 3109//
f 3265// 3109// 3263//
f 3263// 3109// 3110//
f 3263// 3110// 3261//
f 3261// 3110// 3111//
f 3261// 3111// 3113//
f 3126// 3128// 3130//
f 3199// 3229// 3231//
f 3220// 3222// 3224//
f 3158// 3159// 3168//
f 3119// 3121// 3136//
f 3136// 3121// 3123//
f 3136// 3123// 3134//
f 3134// 3123// 3126//
f 3134// 3126// 3132//
f 3132// 3126// 3130//
f 3244// 3246// 3191//
f 3201// 3225// 3199//
f 3199// 3225// 3227//
f 3199// 3227// 3229//
f 3195// 3197// 3236//
f 3236// 3197// 3199//
f 3236// 3199// 3234//
f 3234// 3199// 3231//
f 3244// 3191// 3242//
f 3246// 3248// 3191//
f 3191// 3248// 3250//
f 3191// 3250// 3251//
f 3208// 3212// 3205//
f 3205// 3212// 3214//
f 3205// 3214// 3225//
f 3225// 3214// 3215//
f 3225// 3215// 3224//
f 3224// 3215// 3218//
f 3224// 3218// 3220//
f 3154// 3156// 3158//
f 3162// 3164// 3159//
f 3159// 3164// 3166//
f 3159// 3166// 3168//
f 3193// 3237// 3191//
f 3191// 3237// 3240//
f 3191// 3240// 3242//
f 3175// 3137// 3173//
f 3173// 3137// 3140//
f 3173// 3140// 3142//
f 3142// 3143// 3173//
f 3173// 3143// 3145//
f 3173// 3145// 3171//
f 3171// 3145// 3147//
f 3171// 3147// 3169//
f 3169// 3147// 3168//
f 3168// 3147// 3149//
f 3168// 3149// 3158//
f 3158// 3149// 3152//
f 3158// 3152// 3154//
f 3180// 3178// 3135//
f 3135// 3178// 3138//
f 3192// 3190// 3118//
f 3260// 3258// 3114//
f 3114// 3258// 3116//
f 3116// 3258// 3118//
f 3118// 3258// 3194//
f 3118// 3194// 3192//
f 3258// 3256// 3194//
f 3194// 3256// 3254//
f 3194// 3254// 3196//
f 3190// 3188// 3118//
f 3118// 3188// 3186//
f 3118// 3186// 3120//
f 3120// 3186// 3184//
f 3120// 3184// 3122//
f 3122// 3184// 3182//
f 3122// 3182// 3124//
f 3172// 3170// 3148//
f 3148// 3170// 3167//
f 3148// 3167// 3150//
f 3260// 3114// 3262//
f 3262// 3114// 3112//
f 3262// 3112// 3108//
f 3131// 3129// 3182//
f 3153// 3151// 3150//
f 3254// 3252// 3196//
f 3196// 3252// 3249//
f 3196// 3249// 3247//
f 3129// 3127// 3182//
f 3182// 3127// 3125//
f 3182// 3125// 3124//
f 3174// 3144// 3141//
f 3167// 3165// 3163//
f 3206// 3226// 3223//
f 3247// 3245// 3196//
f 3196// 3245// 3243//
f 3196// 3243// 3241//
f 3180// 3135// 3182//
f 3182// 3135// 3133//
f 3182// 3133// 3131//
f 3172// 3148// 3174//
f 3174// 3148// 3146//
f 3174// 3146// 3144//
f 3178// 3176// 3138//
f 3138// 3176// 3174//
f 3138// 3174// 3139//
f 3139// 3174// 3141//
f 3153// 3150// 3155//
f 3269// 3270// 3107//
f 3107// 3270// 3266//
f 3107// 3266// 3108//
f 3108// 3266// 3264//
f 3108// 3264// 3262//
f 3163// 3161// 3167//
f 3167// 3161// 3160//
f 3167// 3160// 3150//
f 3150// 3160// 3157//
f 3150// 3157// 3155//
f 3223// 3221// 3219//
f 3241// 3239// 3196//
f 3196// 3239// 3238//
f 3196// 3238// 3198//
f 3198// 3238// 3235//
f 3198// 3235// 3200//
f 3200// 3235// 3233//
f 3200// 3233// 3232//
f 3206// 3204// 3226//
f 3226// 3204// 3202//
f 3226// 3202// 3228//
f 3228// 3202// 3200//
f 3228// 3200// 3230//
f 3230// 3200// 3232//
f 3219// 3217// 3223//
f 3223// 3217// 3216//
f 3223// 3216// 3206//
f 3206// 3216// 3213//
f 3206// 3213// 3207//
f 3207// 3213// 3211//
f 3207// 3211// 3209//
f 3268// 3267// 3269//
f 3269// 3267// 3270//
f 3269// 3107// 3268//
f 3268// 3107// 3109//
f 3266// 3270// 3265//
f 3265// 3270// 3267//
f 3271// 3272// 3273//
f 3273// 3272// 3274//
f 3274// 3272// 3275//
f 3275// 3272// 3276//
f 3275// 3276// 3277//
f 3277// 3276// 3278//
f 3277// 3278// 3279//
f 3279// 3278// 3280//
f 3279// 3280// 3281//
f 3281// 3280// 3282//
f 3281// 3282// 3283//
f 3283// 3282// 3284//
f 3283// 3284// 3285//
f 3285// 3284// 3286//
f 3287// 3285// 3288//
f 3288// 3285// 3286//
f 3287// 3288// 3289//
f 3287// 3289// 3290//
f 3290// 3289// 3291//
f 3290// 3291// 3292//
f 3292// 3291// 3293//
f 3292// 3293// 3294//
f 3294// 3293// 3295//
f 3294// 3295// 3296//
f 3296// 3295// 3297//
f 3296// 3297// 3298//
f 3298// 3297// 3299//
f 3298// 3299// 3300//
f 3301// 3300// 3302//
f 3302// 3300// 3299//
f 3301// 3302// 3303//
f 3301// 3303// 3304//
f 3304// 3303// 3305//
f 3304// 3305// 3306//
f 3306// 3305// 3307//
f 3307// 3305// 3308//
f 3307// 3308// 3309//
f 3309// 3308// 3310//
f 3311// 3309// 3312//
f 3312// 3309// 3310//
f 3313// 3311// 3314//
f 3314// 3311// 3312//
f 3313// 3314// 3315//
f 3313// 3315// 3316//
f 3316// 3315// 3317//
f 3316// 3317// 3318//
f 3318// 3317// 3319//
f 3318// 3319// 3320//
f 3320// 3319// 3321//
f 3320// 3321// 3322//
f 3323// 3322// 3324//
f 3324// 3322// 3321//
f 3323// 3324// 3325//
f 3323// 3325// 3326//
f 3326// 3325// 3327//
f 3326// 3327// 3328//
f 3328// 3327// 3329//
f 3328// 3329// 3330//
f 3330// 3329// 3331//
f 3330// 3331// 3332//
f 3332// 3331// 3333//
f 3333// 3331// 3334//
f 3333// 3334// 3335//
f 3335// 3334// 3336//
f 3337// 3335// 3338//
f 3338// 3335// 3336//
f 3337// 3338// 3339//
f 3339// 3338// 3340//
f 3339// 3340// 3341//
f 3341// 3340// 3342//
f 3341// 3342// 3343//
f 3343// 3342// 3344//
f 3343// 3344// 3345//
f 3345// 3344// 3346//
f 3345// 3346// 3347//
f 3347// 3346// 3348//
f 3347// 3348// 3349//
f 3349// 3348// 3350//
f 3349// 3350// 3351//
f 3351// 3350// 3352//
f 3351// 3352// 3353//
f 3353// 3352// 3354//
f 3353// 3354// 3355//
f 3355// 3354// 3356//
f 3355// 3356// 3357//
f 3357// 3356// 3358//
f 3357// 3358// 3359//
f 3359// 3358// 3360//
f 3359// 3360// 3361//
f 3361// 3360// 3362//
f 3361// 3362// 3363//
f 3363// 3362// 3364//
f 3365// 3363// 3366//
f 3366// 3363// 3364//
f 3365// 3366// 3367//
f 3367// 3366// 3368//
f 3367// 3368// 3369//
f 3369// 3368// 3370//
f 3369// 3370// 3371//
f 3369// 3371// 3372//
f 3372// 3371// 3373//
f 3372// 3373// 3374//
f 3374// 3373// 3375//
f 3374// 3375// 3376//
f 3376// 3375// 3377//
f 3376// 3377// 3378//
f 3379// 3378// 3380//
f 3380// 3378// 3377//
f 3379// 3380// 3381//
f 3379// 3381// 3382//
f 3382// 3381// 3383//
f 3382// 3383// 3384//
f 3384// 3383// 3385//
f 3384// 3385// 3386//
f 3386// 3385// 3387//
f 3386// 3387// 3388//
f 3389// 3388// 3390//
f 3390// 3388// 3387//
f 3391// 3389// 3392//
f 3392// 3389// 3390//
f 3391// 3392// 3393//
f 3393// 3392// 3394//
f 3393// 3394// 3395//
f 3395// 3394// 3396//
f 3395// 3396// 3397//
f 3395// 3397// 3398//
f 3398// 3397// 3399//
f 3398// 3399// 3400//
f 3401// 3400// 3402//
f 3402// 3400// 3399//
f 3401// 3402// 3403//
f 3401// 3403// 3404//
f 3404// 3403// 3405//
f 3404// 3405// 3406//
f 3406// 3405// 3407//
f 3406// 3407// 3408//
f 3408// 3407// 3409//
f 3408// 3409// 3410//
f 3410// 3409// 3411//
f 3410// 3411// 3412//
f 3412// 3411// 3413//
f 3412// 3413// 3414//
f 3415// 3414// 3416//
f 3416// 3414// 3413//
f 3415// 3416// 3417//
f 3417// 3416// 3418//
f 3417// 3418// 3419//
f 3419// 3418// 3420//
f 3419// 3420// 3421//
f 3421// 3420// 3422//
f 3421// 3422// 3423//
f 3423// 3422// 3424//
f 3423// 3424// 3425//
f 3425// 3424// 3426//
f 3425// 3426// 3427//
f 3427// 3426// 3428//
f 3429// 3427// 3430//
f 3430// 3427// 3428//
f 3281// 3423// 3279//
f 3279// 3423// 3425//
f 3279// 3425// 3277//
f 3365// 3367// 3389//
f 3389// 3367// 3369//
f 3339// 3341// 3301//
f 3283// 3285// 3300//
f 3300// 3285// 3287//
f 3300// 3287// 3298//
f 3401// 3357// 3359//
f 3421// 3343// 3419//
f 3419// 3343// 3345//
f 3419// 3345// 3347//
f 3408// 3410// 3355//
f 3401// 3359// 3400//
f 3372// 3374// 3376//
f 3355// 3415// 3353//
f 3353// 3415// 3417//
f 3353// 3417// 3351//
f 3351// 3417// 3419//
f 3351// 3419// 3349//
f 3349// 3419// 3347//
f 3341// 3343// 3301//
f 3301// 3343// 3421//
f 3301// 3421// 3300//
f 3300// 3421// 3423//
f 3300// 3423// 3283//
f 3283// 3423// 3281//
f 3290// 3292// 3294//
f 3408// 3355// 3406//
f 3410// 3412// 3355//
f 3355// 3412// 3414//
f 3355// 3414// 3415//
f 3363// 3393// 3395//
f 3372// 3376// 3369//
f 3369// 3376// 3378//
f 3369// 3378// 3389//
f 3389// 3378// 3379//
f 3389// 3379// 3388//
f 3290// 3294// 3287//
f 3287// 3294// 3296//
f 3287// 3296// 3298//
f 3365// 3389// 3363//
f 3363// 3389// 3391//
f 3363// 3391// 3393//
f 3359// 3361// 3400//
f 3400// 3361// 3363//
f 3400// 3363// 3398//
f 3398// 3363// 3395//
f 3322// 3323// 3332//
f 3431// 3432// 3429//
f 3429// 3432// 3273//
f 3429// 3273// 3427//
f 3427// 3273// 3274//
f 3427// 3274// 3425//
f 3425// 3274// 3275//
f 3425// 3275// 3277//
f 3357// 3401// 3355//
f 3355// 3401// 3404//
f 3355// 3404// 3406//
f 3388// 3379// 3386//
f 3386// 3379// 3382//
f 3386// 3382// 3384//
f 3318// 3320// 3322//
f 3332// 3323// 3330//
f 3330// 3323// 3326//
f 3330// 3326// 3328//
f 3318// 3322// 3316//
f 3339// 3301// 3337//
f 3337// 3301// 3304//
f 3337// 3304// 3306//
f 3332// 3333// 3311//
f 3311// 3333// 3335//
f 3311// 3335// 3309//
f 3309// 3335// 3337//
f 3309// 3337// 3307//
f 3307// 3337// 3306//
f 3332// 3311// 3322//
f 3322// 3311// 3313//
f 3322// 3313// 3316//
f 3302// 3299// 3424//
f 3424// 3299// 3284//
f 3424// 3284// 3282//
f 3282// 3280// 3424//
f 3424// 3280// 3278//
f 3424// 3278// 3276//
f 3344// 3342// 3302//
f 3356// 3354// 3418//
f 3297// 3288// 3299//
f 3299// 3288// 3286//
f 3299// 3286// 3284//
f 3350// 3348// 3420//
f 3420// 3348// 3346//
f 3346// 3344// 3420//
f 3420// 3344// 3302//
f 3420// 3302// 3422//
f 3422// 3302// 3424//
f 3418// 3354// 3420//
f 3420// 3354// 3352//
f 3420// 3352// 3350//
f 3370// 3390// 3387//
f 3297// 3295// 3288//
f 3288// 3295// 3293//
f 3288// 3293// 3289//
f 3289// 3293// 3291//
f 3336// 3334// 3312//
f 3312// 3334// 3331//
f 3312// 3331// 3314//
f 3370// 3375// 3371//
f 3371// 3375// 3373//
f 3418// 3416// 3356//
f 3356// 3416// 3413//
f 3356// 3413// 3411//
f 3433// 3434// 3271//
f 3271// 3434// 3430//
f 3271// 3430// 3272//
f 3272// 3430// 3428//
f 3272// 3428// 3276//
f 3276// 3428// 3426//
f 3276// 3426// 3424//
f 3387// 3385// 3383//
f 3360// 3402// 3362//
f 3362// 3402// 3399//
f 3362// 3399// 3364//
f 3364// 3399// 3397//
f 3364// 3397// 3396//
f 3370// 3368// 3390//
f 3390// 3368// 3366//
f 3390// 3366// 3392//
f 3392// 3366// 3364//
f 3392// 3364// 3394//
f 3394// 3364// 3396//
f 3411// 3409// 3356//
f 3356// 3409// 3407//
f 3356// 3407// 3405//
f 3383// 3381// 3387//
f 3387// 3381// 3380//
f 3387// 3380// 3370//
f 3370// 3380// 3377//
f 3370// 3377// 3375//
f 3360// 3358// 3402//
f 3402// 3358// 3356//
f 3402// 3356// 3403//
f 3403// 3356// 3405//
f 3338// 3308// 3305//
f 3336// 3312// 3338//
f 3338// 3312// 3310//
f 3338// 3310// 3308//
f 3342// 3340// 3302//
f 3302// 3340// 3338//
f 3302// 3338// 3303//
f 3303// 3338// 3305//
f 3321// 3319// 3317//
f 3317// 3315// 3321//
f 3321// 3315// 3314//
f 3321// 3314// 3324//
f 3324// 3314// 3331//
f 3324// 3331// 3325//
f 3325// 3331// 3329//
f 3325// 3329// 3327//
f 3432// 3431// 3433//
f 3433// 3431// 3434//
f 3433// 3271// 3432//
f 3432// 3271// 3273//
f 3430// 3434// 3429//
f 3429// 3434// 3431//
f 3435// 3436// 3437//
f 3437// 3436// 3438//
f 3438// 3436// 3439//
f 3439// 3436// 3440//
f 3439// 3440// 3441//
f 3441// 3440// 3442//
f 3441// 3442// 3443//
f 3443// 3442// 3444//
f 3443// 3444// 3445//
f 3445// 3444// 3446//
f 3445// 3446// 3447//
f 3447// 3446// 3448//
f 3447// 3448// 3449//
f 3449// 3448// 3450//
f 3451// 3449// 3452//
f 3452// 3449// 3450//
f 3451// 3452// 3453//
f 3451// 3453// 3454//
f 3454// 3453// 3455//
f 3454// 3455// 3456//
f 3456// 3455// 3457//
f 3456// 3457// 3458//
f 3458// 3457// 3459//
f 3458// 3459// 3460//
f 3460// 3459// 3461//
f 3460// 3461// 3462//
f 3462// 3461// 3463//
f 3462// 3463// 3464//
f 3465// 3464// 3466//
f 3466// 3464// 3463//
f 3465// 3466// 3467//
f 3465// 3467// 3468//
f 3468// 3467// 3469//
f 3468// 3469// 3470//
f 3470// 3469// 3471//
f 3471// 3469// 3472//
f 3471// 3472// 3473//
f 3473// 3472// 3474//
f 3475// 3473// 3476//
f 3476// 3473// 3474//
f 3477// 3475// 3478//
f 3478// 3475// 3476//
f 3477// 3478// 3479//
f 3477// 3479// 3480//
f 3480// 3479// 3481//
f 3480// 3481// 3482//
f 3482// 3481// 3483//
f 3482// 3483// 3484//
f 3484// 3483// 3485//
f 3484// 3485// 3486//
f 3487// 3486// 3488//
f 3488// 3486// 3485//
f 3487// 3488// 3489//
f 3487// 3489// 3490//
f 3490// 3489// 3491//
f 3490// 3491// 3492//
f 3492// 3491// 3493//
f 3492// 3493// 3494//
f 3494// 3493// 3495//
f 3494// 3495// 3496//
f 3496// 3495// 3497//
f 3497// 3495// 3498//
f 3497// 3498// 3499//
f 3499// 3498// 3500//
f 3501// 3499// 3502//
f 3502// 3499// 3500//
f 3501// 3502// 3503//
f 3503// 3502// 3504//
f 3503// 3504// 3505//
f 3505// 3504// 3506//
f 3505// 3506// 3507//
f 3507// 3506// 3508//
f 3507// 3508// 3509//
f 3509// 3508// 3510//
f 3509// 3510// 3511//
f 3511// 3510// 3512//
f 3511// 3512// 3513//
f 3513// 3512// 3514//
f 3513// 3514// 3515//
f 3515// 3514// 3516//
f 3515// 3516// 3517//
f 3517// 3516// 3518//
f 3517// 3518// 3519//
f 3519// 3518// 3520//
f 3519// 3520// 3521//
f 3521// 3520// 3522//
f 3521// 3522// 3523//
f 3523// 3522// 3524//
f 3523// 3524// 3525//
f 3525// 3524// 3526//
f 3525// 3526// 3527//
f 3527// 3526// 3528//
f 3529// 3527// 3530//
f 3530// 3527// 3528//
f 3529// 3530// 3531//
f 3531// 3530// 3532//
f 3531// 3532// 3533//
f 3533// 3532// 3534//
f 3533// 3534// 3535//
f 3533// 3535// 3536//
f 3536// 3535// 3537//
f 3536// 3537// 3538//
f 3538// 3537// 3539//
f 3538// 3539// 3540//
f 3540// 3539// 3541//
f 3540// 3541// 3542//
f 3543// 3542// 3544//
f 3544// 3542// 3541//
f 3543// 3544// 3545//
f 3543// 3545// 3546//
f 3546// 3545// 3547//
f 3546// 3547// 3548//
f 3548// 3547// 3549//
f 3548// 3549// 3550//
f 3550// 3549// 3551//
f 3550// 3551// 3552//
f 3553// 3552// 3554//
f 3554// 3552// 3551//
f 3555// 3553// 3556//
f 3556// 3553// 3554//
f 3555// 3556// 3557//
f 3557// 3556// 3558//
f 3557// 3558// 3559//
f 3559// 3558// 3560//
f 3559// 3560// 3561//
f 3559// 3561// 3562//
f 3562// 3561// 3563//
f 3562// 3563// 3564//
f 3565// 3564// 3566//
f 3566// 3564// 3563//
f 3565// 3566// 3567//
f 3565// 3567// 3568//
f 3568// 3567// 3569//
f 3568// 3569// 3570//
f 3570// 3569// 3571//
f 3570// 3571// 3572//
f 3572// 3571// 3573//
f 3572// 3573// 3574//
f 3574// 3573// 3575//
f 3574// 3575// 3576//
f 3576// 3575// 3577//
f 3576// 3577// 3578//
f 3579// 3578// 3580//
f 3580// 3578// 3577//
f 3579// 3580// 3581//
f 3581// 3580// 3582//
f 3581// 3582// 3583//
f 3583// 3582// 3584//
f 3583// 3584// 3585//
f 3585// 3584// 3586//
f 3585// 3586// 3587//
f 3587// 3586// 3588//
f 3587// 3588// 3589//
f 3589// 3588// 3590//
f 3589// 3590// 3591//
f 3591// 3590// 3592//
f 3593// 3591// 3594//
f 3594// 3591// 3592//
f 3583// 3585// 3443//
f 3581// 3583// 3564//
f 3581// 3564// 3579//
f 3585// 3587// 3443//
f 3443// 3587// 3589//
f 3443// 3589// 3441//
f 3521// 3523// 3564//
f 3529// 3531// 3553//
f 3553// 3531// 3533//
f 3505// 3507// 3464//
f 3464// 3507// 3509//
f 3464// 3509// 3462//
f 3583// 3443// 3564//
f 3564// 3443// 3445//
f 3564// 3445// 3521//
f 3515// 3517// 3445//
f 3445// 3517// 3519//
f 3445// 3519// 3521//
f 3579// 3564// 3578//
f 3578// 3564// 3565//
f 3578// 3565// 3576//
f 3449// 3509// 3447//
f 3447// 3509// 3511//
f 3447// 3511// 3445//
f 3445// 3511// 3513//
f 3445// 3513// 3515//
f 3595// 3596// 3593//
f 3593// 3596// 3437//
f 3593// 3437// 3591//
f 3591// 3437// 3438//
f 3591// 3438// 3589//
f 3589// 3438// 3439//
f 3589// 3439// 3441//
f 3527// 3557// 3559//
f 3533// 3536// 3538//
f 3538// 3540// 3533//
f 3533// 3540// 3542//
f 3533// 3542// 3553//
f 3553// 3542// 3543//
f 3553// 3543// 3552//
f 3565// 3568// 3570//
f 3529// 3553// 3527//
f 3527// 3553// 3555//
f 3527// 3555// 3557//
f 3523// 3525// 3564//
f 3564// 3525// 3527//
f 3564// 3527// 3562//
f 3562// 3527// 3559//
f 3570// 3572// 3565//
f 3565// 3572// 3574//
f 3565// 3574// 3576//
f 3546// 3548// 3543//
f 3543// 3548// 3550//
f 3543// 3550// 3552//
f 3487// 3496// 3486//
f 3486// 3496// 3475//
f 3486// 3475// 3477//
f 3487// 3490// 3496//
f 3496// 3490// 3492//
f 3496// 3492// 3494//
f 3505// 3464// 3503//
f 3503// 3464// 3465//
f 3503// 3465// 3501//
f 3501// 3465// 3468//
f 3501// 3468// 3470//
f 3496// 3497// 3475//
f 3475// 3497// 3499//
f 3475// 3499// 3473//
f 3473// 3499// 3501//
f 3473// 3501// 3471//
f 3471// 3501// 3470//
f 3449// 3451// 3509//
f 3509// 3451// 3454//
f 3509// 3454// 3456//
f 3456// 3458// 3509//
f 3509// 3458// 3460//
f 3509// 3460// 3462//
f 3477// 3480// 3486//
f 3486// 3480// 3482//
f 3486// 3482// 3484//
f 3466// 3448// 3446//
f 3508// 3506// 3466//
f 3448// 3466// 3450//
f 3450// 3466// 3463//
f 3450// 3463// 3452//
f 3590// 3440// 3436//
f 3444// 3442// 3586//
f 3586// 3442// 3440//
f 3586// 3440// 3588//
f 3588// 3440// 3590//
f 3514// 3512// 3584//
f 3584// 3512// 3510//
f 3520// 3518// 3582//
f 3510// 3508// 3584//
f 3584// 3508// 3466//
f 3584// 3466// 3586//
f 3586// 3466// 3446//
f 3586// 3446// 3444//
f 3582// 3518// 3584//
f 3584// 3518// 3516//
f 3584// 3516// 3514//
f 3459// 3457// 3455//
f 3597// 3598// 3435//
f 3435// 3598// 3594//
f 3435// 3594// 3436//
f 3436// 3594// 3592//
f 3436// 3592// 3590//
f 3502// 3472// 3469//
f 3493// 3491// 3495//
f 3495// 3491// 3489//
f 3495// 3489// 3488//
f 3500// 3498// 3476//
f 3476// 3498// 3495//
f 3476// 3495// 3478//
f 3478// 3495// 3488//
f 3582// 3580// 3520//
f 3520// 3580// 3577//
f 3520// 3577// 3575//
f 3463// 3461// 3452//
f 3452// 3461// 3459//
f 3452// 3459// 3453//
f 3453// 3459// 3455//
f 3500// 3476// 3502//
f 3502// 3476// 3474//
f 3502// 3474// 3472//
f 3506// 3504// 3466//
f 3466// 3504// 3502//
f 3466// 3502// 3467//
f 3467// 3502// 3469//
f 3544// 3541// 3534//
f 3575// 3573// 3520//
f 3520// 3573// 3571//
f 3520// 3571// 3569//
f 3524// 3522// 3566//
f 3566// 3522// 3520//
f 3566// 3520// 3567//
f 3567// 3520// 3569//
f 3488// 3485// 3478//
f 3478// 3485// 3483//
f 3478// 3483// 3479//
f 3479// 3483// 3481//
f 3547// 3545// 3544//
f 3541// 3539// 3534//
f 3534// 3539// 3537//
f 3534// 3537// 3535//
f 3524// 3566// 3526//
f 3526// 3566// 3563//
f 3526// 3563// 3528//
f 3528// 3563// 3561//
f 3528// 3561// 3560//
f 3560// 3558// 3528//
f 3528// 3558// 3556//
f 3528// 3556// 3530//
f 3530// 3556// 3554//
f 3530// 3554// 3532//
f 3532// 3554// 3534//
f 3534// 3554// 3551//
f 3534// 3551// 3544//
f 3544// 3551// 3549//
f 3544// 3549// 3547//
f 3596// 3595// 3597//
f 3597// 3595// 3598//
f 3597// 3435// 3596//
f 3596// 3435// 3437//
f 3594// 3598// 3593//
f 3593// 3598// 3595//
f 3599// 3600// 3601//
f 3601// 3600// 3602//
f 3602// 3600// 3603//
f 3603// 3600// 3604//
f 3603// 3604// 3605//
f 3605// 3604// 3606//
f 3605// 3606// 3607//
f 3607// 3606// 3608//
f 3607// 3608// 3609//
f 3609// 3608// 3610//
f 3609// 3610// 3611//
f 3611// 3610// 3612//
f 3611// 3612// 3613//
f 3613// 3612// 3614//
f 3615// 3613// 3616//
f 3616// 3613// 3614//
f 3615// 3616// 3617//
f 3615// 3617// 3618//
f 3618// 3617// 3619//
f 3618// 3619// 3620//
f 3620// 3619// 3621//
f 3620// 3621// 3622//
f 3622// 3621// 3623//
f 3622// 3623// 3624//
f 3624// 3623// 3625//
f 3624// 3625// 3626//
f 3626// 3625// 3627//
f 3626// 3627// 3628//
f 3629// 3628// 3630//
f 3630// 3628// 3627//
f 3629// 3630// 3631//
f 3629// 3631// 3632//
f 3632// 3631// 3633//
f 3632// 3633// 3634//
f 3634// 3633// 3635//
f 3635// 3633// 3636//
f 3635// 3636// 3637//
f 3637// 3636// 3638//
f 3639// 3637// 3640//
f 3640// 3637// 3638//
f 3641// 3639// 3642//
f 3642// 3639// 3640//
f 3641// 3642// 3643//
f 3641// 3643// 3644//
f 3644// 3643// 3645//
f 3644// 3645// 3646//
f 3646// 3645// 3647//
f 3646// 3647// 3648//
f 3648// 3647// 3649//
f 3648// 3649// 3650//
f 3651// 3650// 3652//
f 3652// 3650// 3649//
f 3651// 3652// 3653//
f 3651// 3653// 3654//
f 3654// 3653// 3655//
f 3654// 3655// 3656//
f 3656// 3655// 3657//
f 3656// 3657// 3658//
f 3658// 3657// 3659//
f 3658// 3659// 3660//
f 3660// 3659// 3661//
f 3661// 3659// 3662//
f 3661// 3662// 3663//
f 3663// 3662// 3664//
f 3665// 3663// 3666//
f 3666// 3663// 3664//
f 3665// 3666// 3667//
f 3667// 3666// 3668//
f 3667// 3668// 3669//
f 3669// 3668// 3670//
f 3669// 3670// 3671//
f 3671// 3670// 3672//
f 3671// 3672// 3673//
f 3673// 3672// 3674//
f 3673// 3674// 3675//
f 3675// 3674// 3676//
f 3675// 3676// 3677//
f 3677// 3676// 3678//
f 3677// 3678// 3679//
f 3679// 3678// 3680//
f 3679// 3680// 3681//
f 3681// 3680// 3682//
f 3681// 3682// 3683//
f 3683// 3682// 3684//
f 3683// 3684// 3685//
f 3685// 3684// 3686//
f 3685// 3686// 3687//
f 3687// 3686// 3688//
f 3687// 3688// 3689//
f 3689// 3688// 3690//
f 3689// 3690// 3691//
f 3691// 3690// 3692//
f 3693// 3691// 3694//
f 3694// 3691// 3692//
f 3693// 3694// 3695//
f 3695// 3694// 3696//
f 3695// 3696// 3697//
f 3697// 3696// 3698//
f 3697// 3698// 3699//
f 3697// 3699// 3700//
f 3700// 3699// 3701//
f 3700// 3701// 3702//
f 3702// 3701// 3703//
f 3702// 3703// 3704//
f 3704// 3703// 3705//
f 3704// 3705// 3706//
f 3707// 3706// 3708//
f 3708// 3706// 3705//
f 3707// 3708// 3709//
f 3707// 3709// 3710//
f 3710// 3709// 3711//
f 3710// 3711// 3712//
f 3712// 3711// 3713//
f 3712// 3713// 3714//
f 3714// 3713// 3715//
f 3714// 3715// 3716//
f 3717// 3716// 3718//
f 3718// 3716// 3715//
f 3719// 3717// 3720//
f 3720// 3717// 3718//
f 3719// 3720// 3721//
f 3721// 3720// 3722//
f 3721// 3722// 3723//
f 3723// 3722// 3724//
f 3723// 3724// 3725//
f 3723// 3725// 3726//
f 3726// 3725// 3727//
f 3726// 3727// 3728//
f 3729// 3728// 3730//
f 3730// 3728// 3727//
f 3729// 3730// 3731//
f 3729// 3731// 3732//
f 3732// 3731// 3733//
f 3732// 3733// 3734//
f 3734// 3733// 3735//
f 3734// 3735// 3736//
f 3736// 3735// 3737//
f 3736// 3737// 3738//
f 3738// 3737// 3739//
f 3738// 3739// 3740//
f 3740// 3739// 3741//
f 3740// 3741// 3742//
f 3743// 3742// 3744//
f 3744// 3742// 3741//
f 3743// 3744// 3745//
f 3745// 3744// 3746//
f 3745// 3746// 3747//
f 3747// 3746// 3748//
f 3747// 3748// 3749//
f 3749// 3748// 3750//
f 3749// 3750// 3751//
f 3751// 3750// 3752//
f 3751// 3752// 3753//
f 3753// 3752// 3754//
f 3753// 3754// 3755//
f 3755// 3754// 3756//
f 3757// 3755// 3758//
f 3758// 3755// 3756//
f 3626// 3628// 3615//
f 3751// 3753// 3628//
f 3685// 3687// 3729//
f 3753// 3605// 3607//
f 3729// 3687// 3728//
f 3693// 3695// 3717//
f 3717// 3695// 3697//
f 3751// 3628// 3749//
f 3607// 3609// 3753//
f 3753// 3609// 3611//
f 3753// 3611// 3628//
f 3628// 3611// 3613//
f 3628// 3613// 3615//
f 3667// 3669// 3629//
f 3629// 3669// 3671//
f 3700// 3702// 3704//
f 3683// 3743// 3681//
f 3681// 3743// 3745//
f 3681// 3745// 3679//
f 3679// 3745// 3747//
f 3679// 3747// 3677//
f 3677// 3747// 3675//
f 3628// 3629// 3749//
f 3749// 3629// 3671//
f 3749// 3671// 3747//
f 3747// 3671// 3673//
f 3747// 3673// 3675//
f 3618// 3620// 3622//
f 3691// 3721// 3723//
f 3712// 3714// 3716//
f 3759// 3760// 3757//
f 3757// 3760// 3601//
f 3757// 3601// 3755//
f 3755// 3601// 3602//
f 3755// 3602// 3753//
f 3753// 3602// 3603//
f 3753// 3603// 3605//
f 3618// 3622// 3615//
f 3615// 3622// 3624//
f 3615// 3624// 3626//
f 3736// 3738// 3683//
f 3693// 3717// 3691//
f 3691// 3717// 3719//
f 3691// 3719// 3721//
f 3687// 3689// 3728//
f 3728// 3689// 3691//
f 3728// 3691// 3726//
f 3726// 3691// 3723//
f 3650// 3651// 3660//
f 3736// 3683// 3734//
f 3738// 3740// 3683//
f 3683// 3740// 3742//
f 3683// 3742// 3743//
f 3700// 3704// 3697//
f 3697// 3704// 3706//
f 3697// 3706// 3717//
f 3717// 3706// 3707//
f 3717// 3707// 3716//
f 3716// 3707// 3710//
f 3716// 3710// 3712//
f 3685// 3729// 3683//
f 3683// 3729// 3732//
f 3683// 3732// 3734//
f 3646// 3648// 3650//
f 3654// 3656// 3651//
f 3651// 3656// 3658//
f 3651// 3658// 3660//
f 3667// 3629// 3665//
f 3665// 3629// 3632//
f 3665// 3632// 3634//
f 3634// 3635// 3665//
f 3665// 3635// 3637//
f 3665// 3637// 3663//
f 3663// 3637// 3639//
f 3663// 3639// 3661//
f 3661// 3639// 3660//
f 3660// 3639// 3641//
f 3660// 3641// 3650//
f 3650// 3641// 3644//
f 3650// 3644// 3646//
f 3608// 3606// 3730//
f 3672// 3670// 3627//
f 3627// 3670// 3630//
f 3690// 3688// 3727//
f 3727// 3688// 3686//
f 3682// 3680// 3610//
f 3610// 3680// 3678//
f 3610// 3678// 3612//
f 3612// 3678// 3676//
f 3612// 3676// 3614//
f 3614// 3676// 3674//
f 3614// 3674// 3616//
f 3664// 3662// 3640//
f 3640// 3662// 3659//
f 3640// 3659// 3642//
f 3730// 3727// 3608//
f 3608// 3727// 3686//
f 3608// 3686// 3610//
f 3610// 3686// 3684//
f 3610// 3684// 3682//
f 3754// 3604// 3600//
f 3604// 3754// 3606//
f 3606// 3754// 3752//
f 3606// 3752// 3750//
f 3744// 3730// 3746//
f 3746// 3730// 3606//
f 3746// 3606// 3748//
f 3748// 3606// 3750//
f 3744// 3741// 3730//
f 3730// 3741// 3739//
f 3730// 3739// 3737//
f 3623// 3621// 3674//
f 3645// 3643// 3642//
f 3672// 3627// 3674//
f 3674// 3627// 3625//
f 3674// 3625// 3623//
f 3666// 3636// 3633//
f 3659// 3657// 3655//
f 3698// 3718// 3715//
f 3761// 3762// 3599//
f 3599// 3762// 3758//
f 3599// 3758// 3600//
f 3600// 3758// 3756//
f 3600// 3756// 3754//
f 3737// 3735// 3730//
f 3730// 3735// 3733//
f 3730// 3733// 3731//
f 3621// 3619// 3674//
f 3674// 3619// 3617//
f 3674// 3617// 3616//
f 3664// 3640// 3666//
f 3666// 3640// 3638//
f 3666// 3638// 3636//
f 3670// 3668// 3630//
f 3630// 3668// 3666//
f 3630// 3666// 3631//
f 3631// 3666// 3633//
f 3645// 3642// 3647//
f 3655// 3653// 3659//
f 3659// 3653// 3652//
f 3659// 3652// 3642//
f 3642// 3652// 3649//
f 3642// 3649// 3647//
f 3715// 3713// 3711//
f 3690// 3727// 3692//
f 3692// 3727// 3725//
f 3692// 3725// 3724//
f 3698// 3696// 3718//
f 3718// 3696// 3694//
f 3718// 3694// 3720//
f 3720// 3694// 3692//
f 3720// 3692// 3722//
f 3722// 3692// 3724//
f 3711// 3709// 3715//
f 3715// 3709// 3708//
f 3715// 3708// 3698//
f 3698// 3708// 3705//
f 3698// 3705// 3699//
f 3699// 3705// 3703//
f 3699// 3703// 3701//
f 3760// 3759// 3761//
f 3761// 3759// 3762//
f 3761// 3599// 3760//
f 3760// 3599// 3601//
f 3758// 3762// 3757//
f 3757// 3762// 3759//
f 3763// 3764// 3765//
f 3765// 3764// 3766//
f 3766// 3764// 3767//
f 3767// 3764// 3768//
f 3767// 3768// 3769//
f 3769// 3768// 3770//
f 3769// 3770// 3771//
f 3771// 3770// 3772//
f 3771// 3772// 3773//
f 3773// 3772// 3774//
f 3773// 3774// 3775//
f 3775// 3774// 3776//
f 3775// 3776// 3777//
f 3777// 3776// 3778//
f 3779// 3777// 3780//
f 3780// 3777// 3778//
f 3779// 3780// 3781//
f 3779// 3781// 3782//
f 3782// 3781// 3783//
f 3782// 3783// 3784//
f 3784// 3783// 3785//
f 3784// 3785// 3786//
f 3786// 3785// 3787//
f 3786// 3787// 3788//
f 3788// 3787// 3789//
f 3788// 3789// 3790//
f 3790// 3789// 3791//
f 3790// 3791// 3792//
f 3793// 3792// 3794//
f 3794// 3792// 3791//
f 3793// 3794// 3795//
f 3793// 3795// 3796//
f 3796// 3795// 3797//
f 3796// 3797// 3798//
f 3798// 3797// 3799//
f 3799// 3797// 3800//
f 3799// 3800// 3801//
f 3801// 3800// 3802//
f 3803// 3801// 3804//
f 3804// 3801// 3802//
f 3805// 3803// 3806//
f 3806// 3803// 3804//
f 3805// 3806// 3807//
f 3805// 3807// 3808//
f 3808// 3807// 3809//
f 3808// 3809// 3810//
f 3810// 3809// 3811//
f 3810// 3811// 3812//
f 3812// 3811// 3813//
f 3812// 3813// 3814//
f 3815// 3814// 3816//
f 3816// 3814// 3813//
f 3815// 3816// 3817//
f 3815// 3817// 3818//
f 3818// 3817// 3819//
f 3818// 3819// 3820//
f 3820// 3819// 3821//
f 3820// 3821// 3822//
f 3822// 3821// 3823//
f 3822// 3823// 3824//
f 3824// 3823// 3825//
f 3825// 3823// 3826//
f 3825// 3826// 3827//
f 3827// 3826// 3828//
f 3829// 3827// 3830//
f 3830// 3827// 3828//
f 3829// 3830// 3831//
f 3831// 3830// 3832//
f 3831// 3832// 3833//
f 3833// 3832// 3834//
f 3833// 3834// 3835//
f 3835// 3834// 3836//
f 3835// 3836// 3837//
f 3837// 3836// 3838//
f 3837// 3838// 3839//
f 3839// 3838// 3840//
f 3839// 3840// 3841//
f 3841// 3840// 3842//
f 3841// 3842// 3843//
f 3843// 3842// 3844//
f 3843// 3844// 3845//
f 3845// 3844// 3846//
f 3845// 3846// 3847//
f 3847// 3846// 3848//
f 3847// 3848// 3849//
f 3849// 3848// 3850//
f 3849// 3850// 3851//
f 3851// 3850// 3852//
f 3851// 3852// 3853//
f 3853// 3852// 3854//
f 3853// 3854// 3855//
f 3855// 3854// 3856//
f 3857// 3855// 3858//
f 3858// 3855// 3856//
f 3857// 3858// 3859//
f 3859// 3858// 3860//
f 3859// 3860// 3861//
f 3861// 3860// 3862//
f 3861// 3862// 3863//
f 3861// 3863// 3864//
f 3864// 3863// 3865//
f 3864// 3865// 3866//
f 3866// 3865// 3867//
f 3866// 3867// 3868//
f 3868// 3867// 3869//
f 3868// 3869// 3870//
f 3871// 3870// 3872//
f 3872// 3870// 3869//
f 3871// 3872// 3873//
f 3871// 3873// 3874//
f 3874// 3873// 3875//
f 3874// 3875// 3876//
f 3876// 3875// 3877//
f 3876// 3877// 3878//
f 3878// 3877// 3879//
f 3878// 3879// 3880//
f 3881// 3880// 3882//
f 3882// 3880// 3879//
f 3883// 3881// 3884//
f 3884// 3881// 3882//
f 3883// 3884// 3885//
f 3885// 3884// 3886//
f 3885// 3886// 3887//
f 3887// 3886// 3888//
f 3887// 3888// 3889//
f 3887// 3889// 3890//
f 3890// 3889// 3891//
f 3890// 3891// 3892//
f 3893// 3892// 3894//
f 3894// 3892// 3891//
f 3893// 3894// 3895//
f 3893// 3895// 3896//
f 3896// 3895// 3897//
f 3896// 3897// 3898//
f 3898// 3897// 3899//
f 3898// 3899// 3900//
f 3900// 3899// 3901//
f 3900// 3901// 3902//
f 3902// 3901// 3903//
f 3902// 3903// 3904//
f 3904// 3903// 3905//
f 3904// 3905// 3906//
f 3907// 3906// 3908//
f 3908// 3906// 3905//
f 3907// 3908// 3909//
f 3909// 3908// 3910//
f 3909// 3910// 3911//
f 3911// 3910// 3912//
f 3911// 3912// 3913//
f 3913// 3912// 3914//
f 3913// 3914// 3915//
f 3915// 3914// 3916//
f 3915// 3916// 3917//
f 3917// 3916// 3918//
f 3917// 3918// 3919//
f 3919// 3918// 3920//
f 3921// 3919// 3922//
f 3922// 3919// 3920//
f 3773// 3917// 3771//
f 3771// 3917// 3769//
f 3913// 3915// 3792//
f 3792// 3915// 3917//
f 3792// 3917// 3775//
f 3775// 3917// 3773//
f 3849// 3851// 3893//
f 3893// 3851// 3892//
f 3857// 3859// 3881//
f 3881// 3859// 3861//
f 3831// 3833// 3793//
f 3793// 3833// 3835//
f 3792// 3793// 3913//
f 3913// 3793// 3835//
f 3913// 3835// 3911//
f 3911// 3835// 3837//
f 3911// 3837// 3839//
f 3839// 3841// 3911//
f 3911// 3841// 3843//
f 3911// 3843// 3909//
f 3909// 3843// 3845//
f 3909// 3845// 3907//
f 3907// 3845// 3847//
f 3923// 3924// 3921//
f 3921// 3924// 3765//
f 3921// 3765// 3919//
f 3919// 3765// 3766//
f 3919// 3766// 3917//
f 3917// 3766// 3767//
f 3917// 3767// 3769//
f 3782// 3784// 3786//
f 3855// 3885// 3887//
f 3861// 3864// 3866//
f 3876// 3878// 3880//
f 3814// 3815// 3824//
f 3775// 3777// 3792//
f 3792// 3777// 3779//
f 3792// 3779// 3790//
f 3790// 3779// 3782//
f 3790// 3782// 3788//
f 3788// 3782// 3786//
f 3900// 3902// 3847//
f 3857// 3881// 3855//
f 3855// 3881// 3883//
f 3855// 3883// 3885//
f 3851// 3853// 3892//
f 3892// 3853// 3855//
f 3892// 3855// 3890//
f 3890// 3855// 3887//
f 3900// 3847// 3898//
f 3902// 3904// 3847//
f 3847// 3904// 3906//
f 3847// 3906// 3907//
f 3866// 3868// 3861//
f 3861// 3868// 3870//
f 3861// 3870// 3881//
f 3881// 3870// 3871//
f 3881// 3871// 3880//
f 3880// 3871// 3874//
f 3880// 3874// 3876//
f 3810// 3812// 3814//
f 3818// 3820// 3815//
f 3815// 3820// 3822//
f 3815// 3822// 3824//
f 3849// 3893// 3847//
f 3847// 3893// 3896//
f 3847// 3896// 3898//
f 3831// 3793// 3829//
f 3829// 3793// 3796//
f 3829// 3796// 3798//
f 3798// 3799// 3829//
f 3829// 3799// 3801//
f 3829// 3801// 3827//
f 3827// 3801// 3803//
f 3827// 3803// 3825//
f 3825// 3803// 3824//
f 3824// 3803// 3805//
f 3824// 3805// 3814//
f 3814// 3805// 3808//
f 3814// 3808// 3810//
f 3836// 3834// 3791//
f 3791// 3834// 3794//
f 3848// 3846// 3774//
f 3916// 3914// 3770//
f 3770// 3914// 3772//
f 3772// 3914// 3774//
f 3774// 3914// 3850//
f 3774// 3850// 3848//
f 3914// 3912// 3850//
f 3850// 3912// 3910//
f 3850// 3910// 3852//
f 3846// 3844// 3774//
f 3774// 3844// 3842//
f 3774// 3842// 3776//
f 3776// 3842// 3840//
f 3776// 3840// 3778//
f 3778// 3840// 3838//
f 3778// 3838// 3780//
f 3828// 3826// 3804//
f 3804// 3826// 3823//
f 3804// 3823// 3806//
f 3916// 3770// 3918//
f 3918// 3770// 3768//
f 3918// 3768// 3764//
f 3787// 3785// 3838//
f 3821// 3819// 3817//
f 3809// 3807// 3806//
f 3910// 3908// 3852//
f 3852// 3908// 3905//
f 3852// 3905// 3903//
f 3785// 3783// 3838//
f 3838// 3783// 3781//
f 3838// 3781// 3780//
f 3830// 3800// 3797//
f 3862// 3882// 3879//
f 3903// 3901// 3852//
f 3852// 3901// 3899//
f 3852// 3899// 3897//
f 3836// 3791// 3838//
f 3838// 3791// 3789//
f 3838// 3789// 3787//
f 3828// 3804// 3830//
f 3830// 3804// 3802//
f 3830// 3802// 3800//
f 3834// 3832// 3794//
f 3794// 3832// 3830//
f 3794// 3830// 3795//
f 3795// 3830// 3797//
f 3809// 3806// 3811//
f 3925// 3926// 3763//
f 3763// 3926// 3922//
f 3763// 3922// 3764//
f 3764// 3922// 3920//
f 3764// 3920// 3918//
f 3863// 3862// 3865//
f 3865// 3862// 3867//
f 3821// 3817// 3823//
f 3823// 3817// 3816//
f 3823// 3816// 3806//
f 3806// 3816// 3813//
f 3806// 3813// 3811//
f 3879// 3877// 3875//
f 3897// 3895// 3852//
f 3852// 3895// 3894//
f 3852// 3894// 3854//
f 3854// 3894// 3891//
f 3854// 3891// 3856//
f 3856// 3891// 3889//
f 3856// 3889// 3888//
f 3862// 3860// 3882//
f 3882// 3860// 3858//
f 3882// 3858// 3884//
f 3884// 3858// 3856//
f 3884// 3856// 3886//
f 3886// 3856// 3888//
f 3875// 3873// 3879//
f 3879// 3873// 3872//
f 3879// 3872// 3862//
f 3862// 3872// 3869//
f 3862// 3869// 3867//
f 3924// 3923// 3925//
f 3925// 3923// 3926//
f 3925// 3763// 3924//
f 3924// 3763// 3765//
f 3922// 3926// 3921//
f 3921// 3926// 3923//
f 3927// 3928// 3929//
f 3929// 3928// 3930//
f 3930// 3928// 3931//
f 3931// 3928// 3932//
f 3931// 3932// 3933//
f 3933// 3932// 3934//
f 3933// 3934// 3935//
f 3935// 3934// 3936//
f 3935// 3936// 3937//
f 3937// 3936// 3938//
f 3937// 3938// 3939//
f 3939// 3938// 3940//
f 3939// 3940// 3941//
f 3941// 3940// 3942//
f 3943// 3941// 3944//
f 3944// 3941// 3942//
f 3943// 3944// 3945//
f 3943// 3945// 3946//
f 3946// 3945// 3947//
f 3946// 3947// 3948//
f 3948// 3947// 3949//
f 3948// 3949// 3950//
f 3950// 3949// 3951//
f 3950// 3951// 3952//
f 3952// 3951// 3953//
f 3952// 3953// 3954//
f 3954// 3953// 3955//
f 3954// 3955// 3956//
f 3957// 3956// 3958//
f 3958// 3956// 3955//
f 3957// 3958// 3959//
f 3957// 3959// 3960//
f 3960// 3959// 3961//
f 3960// 3961// 3962//
f 3962// 3961// 3963//
f 3963// 3961// 3964//
f 3963// 3964// 3965//
f 3965// 3964// 3966//
f 3967// 3965// 3968//
f 3968// 3965// 3966//
f 3969// 3967// 3970//
f 3970// 3967// 3968//
f 3969// 3970// 3971//
f 3969// 3971// 3972//
f 3972// 3971// 3973//
f 3972// 3973// 3974//
f 3974// 3973// 3975//
f 3974// 3975// 3976//
f 3976// 3975// 3977//
f 3976// 3977// 3978//
f 3979// 3978// 3980//
f 3980// 3978// 3977//
f 3979// 3980// 3981//
f 3979// 3981// 3982//
f 3982// 3981// 3983//
f 3982// 3983// 3984//
f 3984// 3983// 3985//
f 3984// 3985// 3986//
f 3986// 3985// 3987//
f 3986// 3987// 3988//
f 3988// 3987// 3989//
f 3989// 3987// 3990//
f 3989// 3990// 3991//
f 3991// 3990// 3992//
f 3993// 3991// 3994//
f 3994// 3991// 3992//
f 3993// 3994// 3995//
f 3995// 3994// 3996//
f 3995// 3996// 3997//
f 3997// 3996// 3998//
f 3997// 3998// 3999//
f 3999// 3998// 4000//
f 3999// 4000// 4001//
f 4001// 4000// 4002//
f 4001// 4002// 4003//
f 4003// 4002// 4004//
f 4003// 4004// 4005//
f 4005// 4004// 4006//
f 4005// 4006// 4007//
f 4007// 4006// 4008//
f 4007// 4008// 4009//
f 4009// 4008// 4010//
f 4009// 4010// 4011//
f 4011// 4010// 4012//
f 4011// 4012// 4013//
f 4013// 4012// 4014//
f 4013// 4014// 4015//
f 4015// 4014// 4016//
f 4015// 4016// 4017//
f 4017// 4016// 4018//
f 4017// 4018// 4019//
f 4019// 4018// 4020//
f 4021// 4019// 4022//
f 4022// 4019// 4020//
f 4021// 4022// 4023//
f 4023// 4022// 4024//
f 4023// 4024// 4025//
f 4025// 4024// 4026//
f 4025// 4026// 4027//
f 4025// 4027// 4028//
f 4028// 4027// 4029//
f 4028// 4029// 4030//
f 4030// 4029// 4031//
f 4030// 4031// 4032//
f 4032// 4031// 4033//
f 4032// 4033// 4034//
f 4035// 4034// 4036//
f 4036// 4034// 4033//
f 4035// 4036// 4037//
f 4035// 4037// 4038//
f 4038// 4037// 4039//
f 4038// 4039// 4040//
f 4040// 4039// 4041//
f 4040// 4041// 4042//
f 4042// 4041// 4043//
f 4042// 4043// 4044//
f 4045// 4044// 4046//
f 4046// 4044// 4043//
f 4047// 4045// 4048//
f 4048// 4045// 4046//
f 4047// 4048// 4049//
f 4049// 4048// 4050//
f 4049// 4050// 4051//
f 4051// 4050// 4052//
f 4051// 4052// 4053//
f 4051// 4053// 4054//
f 4054// 4053// 4055//
f 4054// 4055// 4056//
f 4057// 4056// 4058//
f 4058// 4056// 4055//
f 4057// 4058// 4059//
f 4057// 4059// 4060//
f 4060// 4059// 4061//
f 4060// 4061// 4062//
f 4062// 4061// 4063//
f 4062// 4063// 4064//
f 4064// 4063// 4065//
f 4064// 4065// 4066//
f 4066// 4065// 4067//
f 4066// 4067// 4068//
f 4068// 4067// 4069//
f 4068// 4069// 4070//
f 4071// 4070// 4072//
f 4072// 4070// 4069//
f 4071// 4072// 4073//
f 4073// 4072// 4074//
f 4073// 4074// 4075//
f 4075// 4074// 4076//
f 4075// 4076// 4077//
f 4077// 4076// 4078//
f 4077// 4078// 4079//
f 4079// 4078// 4080//
f 4079// 4080// 4081//
f 4081// 4080// 4082//
f 4081// 4082// 4083//
f 4083// 4082// 4084//
f 4085// 4083// 4086//
f 4086// 4083// 4084//
f 4075// 4077// 3935//
f 4073// 4075// 4056//
f 4073// 4056// 4071//
f 4077// 4079// 3935//
f 3935// 4079// 4081//
f 3935// 4081// 3933//
f 4013// 4015// 4056//
f 4021// 4023// 4045//
f 4045// 4023// 4025//
f 3997// 3999// 3956//
f 3956// 3999// 4001//
f 3956// 4001// 3954//
f 4075// 3935// 4056//
f 4056// 3935// 3937//
f 4056// 3937// 4013//
f 4007// 4009// 3937//
f 3937// 4009// 4011//
f 3937// 4011// 4013//
f 4071// 4056// 4070//
f 4070// 4056// 4057//
f 4070// 4057// 4068//
f 3941// 4001// 3939//
f 3939// 4001// 4003//
f 3939// 4003// 3937//
f 3937// 4003// 4005//
f 3937// 4005// 4007//
f 4087// 4088// 4085//
f 4085// 4088// 3929//
f 4085// 3929// 4083//
f 4083// 3929// 3930//
f 4083// 3930// 4081//
f 4081// 3930// 3931//
f 4081// 3931// 3933//
f 4019// 4049// 4051//
f 4025// 4028// 4030//
f 4030// 4032// 4025//
f 4025// 4032// 4034//
f 4025// 4034// 4045//
f 4045// 4034// 4035//
f 4045// 4035// 4044//
f 4057// 4060// 4062//
f 4021// 4045// 4019//
f 4019// 4045// 4047//
f 4019// 4047// 4049//
f 4015// 4017// 4056//
f 4056// 4017// 4019//
f 4056// 4019// 4054//
f 4054// 4019// 4051//
f 4062// 4064// 4057//
f 4057// 4064// 4066//
f 4057// 4066// 4068//
f 4038// 4040// 4035//
f 4035// 4040// 4042//
f 4035// 4042// 4044//
f 3979// 3988// 3978//
f 3978// 3988// 3967//
f 3978// 3967// 3969//
f 3979// 3982// 3988//
f 3988// 3982// 3984//
f 3988// 3984// 3986//
f 3997// 3956// 3995//
f 3995// 3956// 3957//
f 3995// 3957// 3993//
f 3993// 3957// 3960//
f 3993// 3960// 3962//
f 3988// 3989// 3967//
f 3967// 3989// 3991//
f 3967// 3991// 3965//
f 3965// 3991// 3993//
f 3965// 3993// 3963//
f 3963// 3993// 3962//
f 3941// 3943// 4001//
f 4001// 3943// 3946//
f 4001// 3946// 3948//
f 3948// 3950// 4001//
f 4001// 3950// 3952//
f 4001// 3952// 3954//
f 3969// 3972// 3978//
f 3978// 3972// 3974//
f 3978// 3974// 3976//
f 3958// 3940// 3938//
f 4000// 3998// 3958//
f 3940// 3958// 3942//
f 3942// 3958// 3955//
f 3942// 3955// 3944//
f 4082// 3932// 3928//
f 3936// 3934// 4078//
f 4078// 3934// 3932//
f 4078// 3932// 4080//
f 4080// 3932// 4082//
f 4006// 4004// 4076//
f 4076// 4004// 4002//
f 4012// 4010// 4074//
f 4002// 4000// 4076//
f 4076// 4000// 3958//
f 4076// 3958// 4078//
f 4078// 3958// 3938//
f 4078// 3938// 3936//
f 4074// 4010// 4076//
f 4076// 4010// 4008//
f 4076// 4008// 4006//
f 3951// 3949// 3947//
f 4089// 4090// 3927//
f 3927// 4090// 4086//
f 3927// 4086// 3928//
f 3928// 4086// 4084//
f 3928// 4084// 4082//
f 3994// 3964// 3961//
f 3985// 3983// 3987//
f 3987// 3983// 3981//
f 3987// 3981// 3980//
f 3992// 3990// 3968//
f 3968// 3990// 3987//
f 3968// 3987// 3970//
f 3970// 3987// 3980//
f 4074// 4072// 4012//
f 4012// 4072// 4069//
f 4012// 4069// 4067//
f 3955// 3953// 3944//
f 3944// 3953// 3951//
f 3944// 3951// 3945//
f 3945// 3951// 3947//
f 3992// 3968// 3994//
f 3994// 3968// 3966//
f 3994// 3966// 3964//
f 3998// 3996// 3958//
f 3958// 3996// 3994//
f 3958// 3994// 3959//
f 3959// 3994// 3961//
f 4036// 4033// 4026//
f 4067// 4065// 4012//
f 4012// 4065// 4063//
f 4012// 4063// 4061//
f 4016// 4014// 4058//
f 4058// 4014// 4012//
f 4058// 4012// 4059//
f 4059// 4012// 4061//
f 3980// 3977// 3970//
f 3970// 3977// 3975//
f 3970// 3975// 3971//
f 3971// 3975// 3973//
f 4039// 4037// 4036//
f 4033// 4031// 4026//
f 4026// 4031// 4029//
f 4026// 4029// 4027//
f 4016// 4058// 4018//
f 4018// 4058// 4055//
f 4018// 4055// 4020//
f 4020// 4055// 4053//
f 4020// 4053// 4052//
f 4052// 4050// 4020//
f 4020// 4050// 4048//
f 4020// 4048// 4022//
f 4022// 4048// 4046//
f 4022// 4046// 4024//
f 4024// 4046// 4026//
f 4026// 4046// 4043//
f 4026// 4043// 4036//
f 4036// 4043// 4041//
f 4036// 4041// 4039//
f 4088// 4087// 4089//
f 4089// 4087// 4090//
f 4089// 3927// 4088//
f 4088// 3927// 3929//
f 4086// 4090// 4085//
f 4085// 4090// 4087//
f 4091// 4092// 4093//
f 4093// 4092// 4094//
f 4094// 4092// 4095//
f 4095// 4092// 4096//
f 4095// 4096// 4097//
f 4097// 4096// 4098//
f 4097// 4098// 4099//
f 4099// 4098// 4100//
f 4099// 4100// 4101//
f 4101// 4100// 4102//
f 4101// 4102// 4103//
f 4103// 4102// 4104//
f 4103// 4104// 4105//
f 4105// 4104// 4106//
f 4107// 4105// 4108//
f 4108// 4105// 4106//
f 4107// 4108// 4109//
f 4107// 4109// 4110//
f 4110// 4109// 4111//
f 4110// 4111// 4112//
f 4112// 4111// 4113//
f 4112// 4113// 4114//
f 4114// 4113// 4115//
f 4114// 4115// 4116//
f 4116// 4115// 4117//
f 4116// 4117// 4118//
f 4118// 4117// 4119//
f 4118// 4119// 4120//
f 4121// 4120// 4122//
f 4122// 4120// 4119//
f 4121// 4122// 4123//
f 4121// 4123// 4124//
f 4124// 4123// 4125//
f 4124// 4125// 4126//
f 4126// 4125// 4127//
f 4127// 4125// 4128//
f 4127// 4128// 4129//
f 4129// 4128// 4130//
f 4131// 4129// 4132//
f 4132// 4129// 4130//
f 4133// 4131// 4134//
f 4134// 4131// 4132//
f 4133// 4134// 4135//
f 4133// 4135// 4136//
f 4136// 4135// 4137//
f 4136// 4137// 4138//
f 4138// 4137// 4139//
f 4138// 4139// 4140//
f 4140// 4139// 4141//
f 4140// 4141// 4142//
f 4143// 4142// 4144//
f 4144// 4142// 4141//
f 4143// 4144// 4145//
f 4143// 4145// 4146//
f 4146// 4145// 4147//
f 4146// 4147// 4148//
f 4148// 4147// 4149//
f 4148// 4149// 4150//
f 4150// 4149// 4151//
f 4150// 4151// 4152//
f 4152// 4151// 4153//
f 4153// 4151// 4154//
f 4153// 4154// 4155//
f 4155// 4154// 4156//
f 4157// 4155// 4158//
f 4158// 4155// 4156//
f 4157// 4158// 4159//
f 4159// 4158// 4160//
f 4159// 4160// 4161//
f 4161// 4160// 4162//
f 4161// 4162// 4163//
f 4163// 4162// 4164//
f 4163// 4164// 4165//
f 4165// 4164// 4166//
f 4165// 4166// 4167//
f 4167// 4166// 4168//
f 4167// 4168// 4169//
f 4169// 4168// 4170//
f 4169// 4170// 4171//
f 4171// 4170// 4172//
f 4171// 4172// 4173//
f 4173// 4172// 4174//
f 4173// 4174// 4175//
f 4175// 4174// 4176//
f 4175// 4176// 4177//
f 4177// 4176// 4178//
f 4177// 4178// 4179//
f 4179// 4178// 4180//
f 4179// 4180// 4181//
f 4181// 4180// 4182//
f 4181// 4182// 4183//
f 4183// 4182// 4184//
f 4185// 4183// 4186//
f 4186// 4183// 4184//
f 4185// 4186// 4187//
f 4187// 4186// 4188//
f 4187// 4188// 4189//
f 4189// 4188// 4190//
f 4189// 4190// 4191//
f 4189// 4191// 4192//
f 4192// 4191// 4193//
f 4192// 4193// 4194//
f 4194// 4193// 4195//
f 4194// 4195// 4196//
f 4196// 4195// 4197//
f 4196// 4197// 4198//
f 4199// 4198// 4200//
f 4200// 4198// 4197//
f 4199// 4200// 4201//
f 4199// 4201// 4202//
f 4202// 4201// 4203//
f 4202// 4203// 4204//
f 4204// 4203// 4205//
f 4204// 4205// 4206//
f 4206// 4205// 4207//
f 4206// 4207// 4208//
f 4209// 4208// 4210//
f 4210// 4208// 4207//
f 4211// 4209// 4212//
f 4212// 4209// 4210//
f 4211// 4212// 4213//
f 4213// 4212// 4214//
f 4213// 4214// 4215//
f 4215// 4214// 4216//
f 4215// 4216// 4217//
f 4215// 4217// 4218//
f 4218// 4217// 4219//
f 4218// 4219// 4220//
f 4221// 4220// 4222//
f 4222// 4220// 4219//
f 4221// 4222// 4223//
f 4221// 4223// 4224//
f 4224// 4223// 4225//
f 4224// 4225// 4226//
f 4226// 4225// 4227//
f 4226// 4227// 4228//
f 4228// 4227// 4229//
f 4228// 4229// 4230//
f 4230// 4229// 4231//
f 4230// 4231// 4232//
f 4232// 4231// 4233//
f 4232// 4233// 4234//
f 4235// 4234// 4236//
f 4236// 4234// 4233//
f 4235// 4236// 4237//
f 4237// 4236// 4238//
f 4237// 4238// 4239//
f 4239// 4238// 4240//
f 4239// 4240// 4241//
f 4241// 4240// 4242//
f 4241// 4242// 4243//
f 4243// 4242// 4244//
f 4243// 4244// 4245//
f 4245// 4244// 4246//
f 4245// 4246// 4247//
f 4247// 4246// 4248//
f 4249// 4247// 4250//
f 4250// 4247// 4248//
f 4097// 4243// 4245//
f 4220// 4221// 4097//
f 4097// 4221// 4237//
f 4237// 4239// 4097//
f 4097// 4239// 4241//
f 4097// 4241// 4243//
f 4177// 4179// 4220//
f 4185// 4187// 4209//
f 4209// 4187// 4189//
f 4175// 4101// 4173//
f 4173// 4101// 4171//
f 4161// 4163// 4120//
f 4120// 4163// 4165//
f 4120// 4165// 4118//
f 4175// 4177// 4101//
f 4101// 4177// 4220//
f 4101// 4220// 4099//
f 4099// 4220// 4097//
f 4105// 4165// 4103//
f 4103// 4165// 4167//
f 4103// 4167// 4101//
f 4101// 4167// 4169//
f 4101// 4169// 4171//
f 4251// 4252// 4249//
f 4249// 4252// 4093//
f 4249// 4093// 4247//
f 4247// 4093// 4094//
f 4247// 4094// 4245//
f 4245// 4094// 4095//
f 4245// 4095// 4097//
f 4230// 4224// 4228//
f 4228// 4224// 4226//
f 4230// 4232// 4224//
f 4224// 4232// 4234//
f 4224// 4234// 4221//
f 4221// 4234// 4235//
f 4221// 4235// 4237//
f 4183// 4213// 4215//
f 4199// 4209// 4198//
f 4198// 4209// 4189//
f 4198// 4189// 4196//
f 4196// 4189// 4192//
f 4196// 4192// 4194//
f 4185// 4209// 4183//
f 4183// 4209// 4211//
f 4183// 4211// 4213//
f 4179// 4181// 4220//
f 4220// 4181// 4183//
f 4220// 4183// 4218//
f 4218// 4183// 4215//
f 4199// 4202// 4204//
f 4142// 4131// 4133//
f 4131// 4142// 4152//
f 4142// 4143// 4152//
f 4152// 4143// 4146//
f 4152// 4146// 4150//
f 4150// 4146// 4148//
f 4204// 4206// 4199//
f 4199// 4206// 4208//
f 4199// 4208// 4209//
f 4161// 4120// 4159//
f 4159// 4120// 4121//
f 4159// 4121// 4157//
f 4157// 4121// 4124//
f 4157// 4124// 4126//
f 4152// 4153// 4131//
f 4131// 4153// 4155//
f 4131// 4155// 4129//
f 4129// 4155// 4157//
f 4129// 4157// 4127//
f 4127// 4157// 4126//
f 4105// 4107// 4165//
f 4165// 4107// 4110//
f 4165// 4110// 4112//
f 4112// 4114// 4165//
f 4165// 4114// 4116//
f 4165// 4116// 4118//
f 4133// 4136// 4142//
f 4142// 4136// 4138//
f 4142// 4138// 4140//
f 4182// 4180// 4219//
f 4122// 4119// 4162//
f 4092// 4246// 4096//
f 4096// 4246// 4244//
f 4096// 4244// 4098//
f 4098// 4244// 4242//
f 4098// 4242// 4240//
f 4238// 4236// 4222//
f 4100// 4178// 4102//
f 4102// 4178// 4176//
f 4102// 4176// 4174//
f 4240// 4238// 4098//
f 4098// 4238// 4222//
f 4098// 4222// 4100//
f 4100// 4222// 4219//
f 4100// 4219// 4178//
f 4178// 4219// 4180//
f 4174// 4172// 4102//
f 4102// 4172// 4170//
f 4102// 4170// 4104//
f 4104// 4170// 4168//
f 4104// 4168// 4106//
f 4106// 4168// 4166//
f 4156// 4154// 4132//
f 4132// 4154// 4151//
f 4132// 4151// 4134//
f 4253// 4254// 4091//
f 4091// 4254// 4250//
f 4091// 4250// 4092//
f 4092// 4250// 4248//
f 4092// 4248// 4246//
f 4236// 4233// 4222//
f 4222// 4233// 4231//
f 4222// 4231// 4229//
f 4117// 4166// 4119//
f 4119// 4166// 4164//
f 4119// 4164// 4162//
f 4190// 4210// 4207//
f 4229// 4227// 4222//
f 4222// 4227// 4225//
f 4222// 4225// 4223//
f 4117// 4115// 4166//
f 4166// 4115// 4113//
f 4166// 4113// 4111//
f 4111// 4109// 4166//
f 4166// 4109// 4108//
f 4166// 4108// 4106//
f 4158// 4128// 4125//
f 4156// 4132// 4158//
f 4158// 4132// 4130//
f 4158// 4130// 4128//
f 4162// 4160// 4122//
f 4122// 4160// 4158//
f 4122// 4158// 4123//
f 4123// 4158// 4125//
f 4141// 4134// 4144//
f 4144// 4134// 4151//
f 4144// 4151// 4145//
f 4145// 4151// 4149//
f 4145// 4149// 4147//
f 4207// 4205// 4203//
f 4182// 4219// 4184//
f 4184// 4219// 4217//
f 4184// 4217// 4216//
f 4190// 4188// 4210//
f 4210// 4188// 4186//
f 4210// 4186// 4212//
f 4212// 4186// 4184//
f 4212// 4184// 4214//
f 4214// 4184// 4216//
f 4139// 4137// 4141//
f 4141// 4137// 4135//
f 4141// 4135// 4134//
f 4203// 4201// 4207//
f 4207// 4201// 4200//
f 4207// 4200// 4190//
f 4190// 4200// 4197//
f 4190// 4197// 4191//
f 4191// 4197// 4195//
f 4191// 4195// 4193//
f 4252// 4251// 4253//
f 4253// 4251// 4254//
f 4253// 4091// 4252//
f 4252// 4091// 4093//
f 4250// 4254// 4249//
f 4249// 4254// 4251//
f 4255// 4256// 4257//
f 4257// 4256// 4258//
f 4258// 4256// 4259//
f 4259// 4256// 4260//
f 4259// 4260// 4261//
f 4261// 4260// 4262//
f 4261// 4262// 4263//
f 4263// 4262// 4264//
f 4263// 4264// 4265//
f 4265// 4264// 4266//
f 4265// 4266// 4267//
f 4267// 4266// 4268//
f 4267// 4268// 4269//
f 4269// 4268// 4270//
f 4271// 4269// 4272//
f 4272// 4269// 4270//
f 4271// 4272// 4273//
f 4271// 4273// 4274//
f 4274// 4273// 4275//
f 4274// 4275// 4276//
f 4276// 4275// 4277//
f 4276// 4277// 4278//
f 4278// 4277// 4279//
f 4278// 4279// 4280//
f 4280// 4279// 4281//
f 4280// 4281// 4282//
f 4282// 4281// 4283//
f 4282// 4283// 4284//
f 4285// 4284// 4286//
f 4286// 4284// 4283//
f 4285// 4286// 4287//
f 4285// 4287// 4288//
f 4288// 4287// 4289//
f 4288// 4289// 4290//
f 4290// 4289// 4291//
f 4291// 4289// 4292//
f 4291// 4292// 4293//
f 4293// 4292// 4294//
f 4295// 4293// 4296//
f 4296// 4293// 4294//
f 4297// 4295// 4298//
f 4298// 4295// 4296//
f 4297// 4298// 4299//
f 4297// 4299// 4300//
f 4300// 4299// 4301//
f 4300// 4301// 4302//
f 4302// 4301// 4303//
f 4302// 4303// 4304//
f 4304// 4303// 4305//
f 4304// 4305// 4306//
f 4307// 4306// 4308//
f 4308// 4306// 4305//
f 4307// 4308// 4309//
f 4307// 4309// 4310//
f 4310// 4309// 4311//
f 4310// 4311// 4312//
f 4312// 4311// 4313//
f 4312// 4313// 4314//
f 4314// 4313// 4315//
f 4314// 4315// 4316//
f 4316// 4315// 4317//
f 4317// 4315// 4318//
f 4317// 4318// 4319//
f 4319// 4318// 4320//
f 4321// 4319// 4322//
f 4322// 4319// 4320//
f 4321// 4322// 4323//
f 4323// 4322// 4324//
f 4323// 4324// 4325//
f 4325// 4324// 4326//
f 4325// 4326// 4327//
f 4327// 4326// 4328//
f 4327// 4328// 4329//
f 4329// 4328// 4330//
f 4329// 4330// 4331//
f 4331// 4330// 4332//
f 4331// 4332// 4333//
f 4333// 4332// 4334//
f 4333// 4334// 4335//
f 4335// 4334// 4336//
f 4335// 4336// 4337//
f 4337// 4336// 4338//
f 4337// 4338// 4339//
f 4339// 4338// 4340//
f 4339// 4340// 4341//
f 4341// 4340// 4342//
f 4341// 4342// 4343//
f 4343// 4342// 4344//
f 4343// 4344// 4345//
f 4345// 4344// 4346//
f 4345// 4346// 4347//
f 4347// 4346// 4348//
f 4349// 4347// 4350//
f 4350// 4347// 4348//
f 4349// 4350// 4351//
f 4351// 4350// 4352//
f 4351// 4352// 4353//
f 4353// 4352// 4354//
f 4353// 4354// 4355//
f 4353// 4355// 4356//
f 4356// 4355// 4357//
f 4356// 4357// 4358//
f 4358// 4357// 4359//
f 4358// 4359// 4360//
f 4360// 4359// 4361//
f 4360// 4361// 4362//
f 4363// 4362// 4364//
f 4364// 4362// 4361//
f 4363// 4364// 4365//
f 4363// 4365// 4366//
f 4366// 4365// 4367//
f 4366// 4367// 4368//
f 4368// 4367// 4369//
f 4368// 4369// 4370//
f 4370// 4369// 4371//
f 4370// 4371// 4372//
f 4373// 4372// 4374//
f 4374// 4372// 4371//
f 4375// 4373// 4376//
f 4376// 4373// 4374//
f 4375// 4376// 4377//
f 4377// 4376// 4378//
f 4377// 4378// 4379//
f 4379// 4378// 4380//
f 4379// 4380// 4381//
f 4379// 4381// 4382//
f 4382// 4381// 4383//
f 4382// 4383// 4384//
f 4385// 4384// 4386//
f 4386// 4384// 4383//
f 4385// 4386// 4387//
f 4385// 4387// 4388//
f 4388// 4387// 4389//
f 4388// 4389// 4390//
f 4390// 4389// 4391//
f 4390// 4391// 4392//
f 4392// 4391// 4393//
f 4392// 4393// 4394//
f 4394// 4393// 4395//
f 4394// 4395// 4396//
f 4396// 4395// 4397//
f 4396// 4397// 4398//
f 4399// 4398// 4400//
f 4400// 4398// 4397//
f 4399// 4400// 4401//
f 4401// 4400// 4402//
f 4401// 4402// 4403//
f 4403// 4402// 4404//
f 4403// 4404// 4405//
f 4405// 4404// 4406//
f 4405// 4406// 4407//
f 4407// 4406// 4408//
f 4407// 4408// 4409//
f 4409// 4408// 4410//
f 4409// 4410// 4411//
f 4411// 4410// 4412//
f 4413// 4411// 4414//
f 4414// 4411// 4412//
f 4282// 4284// 4271//
f 4407// 4409// 4284//
f 4341// 4343// 4385//
f 4409// 4261// 4263//
f 4385// 4343// 4384//
f 4349// 4351// 4373//
f 4373// 4351// 4353//
f 4407// 4284// 4405//
f 4263// 4265// 4409//
f 4409// 4265// 4267//
f 4409// 4267// 4284//
f 4284// 4267// 4269//
f 4284// 4269// 4271//
f 4323// 4325// 4285//
f 4285// 4325// 4327//
f 4339// 4399// 4337//
f 4337// 4399// 4401//
f 4337// 4401// 4335//
f 4335// 4401// 4403//
f 4335// 4403// 4333//
f 4333// 4403// 4331//
f 4284// 4285// 4405//
f 4405// 4285// 4327//
f 4405// 4327// 4403//
f 4403// 4327// 4329//
f 4403// 4329// 4331//
f 4274// 4276// 4278//
f 4347// 4377// 4379//
f 4353// 4356// 4358//
f 4368// 4370// 4372//
f 4415// 4416// 4413//
f 4413// 4416// 4257//
f 4413// 4257// 4411//
f 4411// 4257// 4258//
f 4411// 4258// 4409//
f 4409// 4258// 4259//
f 4409// 4259// 4261//
f 4274// 4278// 4271//
f 4271// 4278// 4280//
f 4271// 4280// 4282//
f 4392// 4394// 4339//
f 4349// 4373// 4347//
f 4347// 4373// 4375//
f 4347// 4375// 4377//
f 4343// 4345// 4384//
f 4384// 4345// 4347//
f 4384// 4347// 4382//
f 4382// 4347// 4379//
f 4306// 4307// 4316//
f 4392// 4339// 4390//
f 4394// 4396// 4339//
f 4339// 4396// 4398//
f 4339// 4398// 4399//
f 4358// 4360// 4353//
f 4353// 4360// 4362//
f 4353// 4362// 4373//
f 4373// 4362// 4363//
f 4373// 4363// 4372//
f 4372// 4363// 4366//
f 4372// 4366// 4368//
f 4341// 4385// 4339//
f 4339// 4385// 4388//
f 4339// 4388// 4390//
f 4302// 4304// 4306//
f 4316// 4307// 4314//
f 4314// 4307// 4310//
f 4314// 4310// 4312//
f 4323// 4285// 4321//
f 4321// 4285// 4288//
f 4321// 4288// 4290//
f 4290// 4291// 4321//
f 4321// 4291// 4293//
f 4321// 4293// 4319//
f 4319// 4293// 4295//
f 4319// 4295// 4317//
f 4317// 4295// 4316//
f 4316// 4295// 4297//
f 4316// 4297// 4306//
f 4306// 4297// 4300//
f 4306// 4300// 4302//
f 4264// 4262// 4386//
f 4328// 4326// 4283//
f 4283// 4326// 4286//
f 4346// 4344// 4383//
f 4383// 4344// 4342//
f 4338// 4336// 4266//
f 4266// 4336// 4334//
f 4266// 4334// 4268//
f 4268// 4334// 4332//
f 4268// 4332// 4270//
f 4270// 4332// 4330//
f 4270// 4330// 4272//
f 4320// 4318// 4296//
f 4296// 4318// 4315//
f 4296// 4315// 4298//
f 4386// 4383// 4264//
f 4264// 4383// 4342//
f 4264// 4342// 4266//
f 4266// 4342// 4340//
f 4266// 4340// 4338//
f 4410// 4260// 4256//
f 4260// 4410// 4262//
f 4262// 4410// 4408//
f 4262// 4408// 4406//
f 4400// 4386// 4402//
f 4402// 4386// 4262//
f 4402// 4262// 4404//
f 4404// 4262// 4406//
f 4400// 4397// 4386//
f 4386// 4397// 4395//
f 4386// 4395// 4393//
f 4279// 4277// 4330//
f 4313// 4311// 4309//
f 4301// 4299// 4298//
f 4328// 4283// 4330//
f 4330// 4283// 4281//
f 4330// 4281// 4279//
f 4322// 4292// 4289//
f 4354// 4374// 4371//
f 4417// 4418// 4255//
f 4255// 4418// 4414//
f 4255// 4414// 4256//
f 4256// 4414// 4412//
f 4256// 4412// 4410//
f 4393// 4391// 4386//
f 4386// 4391// 4389//
f 4386// 4389// 4387//
f 4277// 4275// 4330//
f 4330// 4275// 4273//
f 4330// 4273// 4272//
f 4320// 4296// 4322//
f 4322// 4296// 4294//
f 4322// 4294// 4292//
f 4326// 4324// 4286//
f 4286// 4324// 4322//
f 4286// 4322// 4287//
f 4287// 4322// 4289//
f 4301// 4298// 4303//
f 4355// 4354// 4357//
f 4357// 4354// 4359//
f 4313// 4309// 4315//
f 4315// 4309// 4308//
f 4315// 4308// 4298//
f 4298// 4308// 4305//
f 4298// 4305// 4303//
f 4371// 4369// 4367//
f 4346// 4383// 4348//
f 4348// 4383// 4381//
f 4348// 4381// 4380//
f 4354// 4352// 4374//
f 4374// 4352// 4350//
f 4374// 4350// 4376//
f 4376// 4350// 4348//
f 4376// 4348// 4378//
f 4378// 4348// 4380//
f 4367// 4365// 4371//
f 4371// 4365// 4364//
f 4371// 4364// 4354//
f 4354// 4364// 4361//
f 4354// 4361// 4359//
f 4416// 4415// 4417//
f 4417// 4415// 4418//
f 4417// 4255// 4416//
f 4416// 4255// 4257//
f 4414// 4418// 4413//
f 4413// 4418// 4415//
f 4419// 4420// 4421//
f 4421// 4420// 4422//
f 4422// 4420// 4423//
f 4423// 4420// 4424//
f 4423// 4424// 4425//
f 4425// 4424// 4426//
f 4425// 4426// 4427//
f 4427// 4426// 4428//
f 4427// 4428// 4429//
f 4429// 4428// 4430//
f 4429// 4430// 4431//
f 4431// 4430// 4432//
f 4431// 4432// 4433//
f 4433// 4432// 4434//
f 4435// 4433// 4436//
f 4436// 4433// 4434//
f 4435// 4436// 4437//
f 4435// 4437// 4438//
f 4438// 4437// 4439//
f 4438// 4439// 4440//
f 4440// 4439// 4441//
f 4440// 4441// 4442//
f 4442// 4441// 4443//
f 4442// 4443// 4444//
f 4444// 4443// 4445//
f 4444// 4445// 4446//
f 4446// 4445// 4447//
f 4446// 4447// 4448//
f 4449// 4448// 4450//
f 4450// 4448// 4447//
f 4449// 4450// 4451//
f 4449// 4451// 4452//
f 4452// 4451// 4453//
f 4452// 4453// 4454//
f 4454// 4453// 4455//
f 4455// 4453// 4456//
f 4455// 4456// 4457//
f 4457// 4456// 4458//
f 4459// 4457// 4460//
f 4460// 4457// 4458//
f 4461// 4459// 4462//
f 4462// 4459// 4460//
f 4461// 4462// 4463//
f 4461// 4463// 4464//
f 4464// 4463// 4465//
f 4464// 4465// 4466//
f 4466// 4465// 4467//
f 4466// 4467// 4468//
f 4468// 4467// 4469//
f 4468// 4469// 4470//
f 4471// 4470// 4472//
f 4472// 4470// 4469//
f 4471// 4472// 4473//
f 4471// 4473// 4474//
f 4474// 4473// 4475//
f 4474// 4475// 4476//
f 4476// 4475// 4477//
f 4476// 4477// 4478//
f 4478// 4477// 4479//
f 4478// 4479// 4480//
f 4480// 4479// 4481//
f 4481// 4479// 4482//
f 4481// 4482// 4483//
f 4483// 4482// 4484//
f 4485// 4483// 4486//
f 4486// 4483// 4484//
f 4485// 4486// 4487//
f 4487// 4486// 4488//
f 4487// 4488// 4489//
f 4489// 4488// 4490//
f 4489// 4490// 4491//
f 4491// 4490// 4492//
f 4491// 4492// 4493//
f 4493// 4492// 4494//
f 4493// 4494// 4495//
f 4495// 4494// 4496//
f 4495// 4496// 4497//
f 4497// 4496// 4498//
f 4497// 4498// 4499//
f 4499// 4498// 4500//
f 4499// 4500// 4501//
f 4501// 4500// 4502//
f 4501// 4502// 4503//
f 4503// 4502// 4504//
f 4503// 4504// 4505//
f 4505// 4504// 4506//
f 4505// 4506// 4507//
f 4507// 4506// 4508//
f 4507// 4508// 4509//
f 4509// 4508// 4510//
f 4509// 4510// 4511//
f 4511// 4510// 4512//
f 4513// 4511// 4514//
f 4514// 4511// 4512//
f 4513// 4514// 4515//
f 4515// 4514// 4516//
f 4515// 4516// 4517//
f 4517// 4516// 4518//
f 4517// 4518// 4519//
f 4517// 4519// 4520//
f 4520// 4519// 4521//
f 4520// 4521// 4522//
f 4522// 4521// 4523//
f 4522// 4523// 4524//
f 4524// 4523// 4525//
f 4524// 4525// 4526//
f 4527// 4526// 4528//
f 4528// 4526// 4525//
f 4527// 4528// 4529//
f 4527// 4529// 4530//
f 4530// 4529// 4531//
f 4530// 4531// 4532//
f 4532// 4531// 4533//
f 4532// 4533// 4534//
f 4534// 4533// 4535//
f 4534// 4535// 4536//
f 4537// 4536// 4538//
f 4538// 4536// 4535//
f 4539// 4537// 4540//
f 4540// 4537// 4538//
f 4539// 4540// 4541//
f 4541// 4540// 4542//
f 4541// 4542// 4543//
f 4543// 4542// 4544//
f 4543// 4544// 4545//
f 4543// 4545// 4546//
f 4546// 4545// 4547//
f 4546// 4547// 4548//
f 4549// 4548// 4550//
f 4550// 4548// 4547//
f 4549// 4550// 4551//
f 4549// 4551// 4552//
f 4552// 4551// 4553//
f 4552// 4553// 4554//
f 4554// 4553// 4555//
f 4554// 4555// 4556//
f 4556// 4555// 4557//
f 4556// 4557// 4558//
f 4558// 4557// 4559//
f 4558// 4559// 4560//
f 4560// 4559// 4561//
f 4560// 4561// 4562//
f 4563// 4562// 4564//
f 4564// 4562// 4561//
f 4563// 4564// 4565//
f 4565// 4564// 4566//
f 4565// 4566// 4567//
f 4567// 4566// 4568//
f 4567// 4568// 4569//
f 4569// 4568// 4570//
f 4569// 4570// 4571//
f 4571// 4570// 4572//
f 4571// 4572// 4573//
f 4573// 4572// 4574//
f 4573// 4574// 4575//
f 4575// 4574// 4576//
f 4577// 4575// 4578//
f 4578// 4575// 4576//
f 4567// 4569// 4427//
f 4565// 4567// 4548//
f 4565// 4548// 4563//
f 4569// 4571// 4427//
f 4427// 4571// 4573//
f 4427// 4573// 4425//
f 4505// 4507// 4548//
f 4513// 4515// 4537//
f 4537// 4515// 4517//
f 4489// 4491// 4448//
f 4448// 4491// 4493//
f 4448// 4493// 4446//
f 4567// 4427// 4548//
f 4548// 4427// 4429//
f 4548// 4429// 4505//
f 4499// 4501// 4429//
f 4429// 4501// 4503//
f 4429// 4503// 4505//
f 4563// 4548// 4562//
f 4562// 4548// 4549//
f 4562// 4549// 4560//
f 4433// 4493// 4431//
f 4431// 4493// 4495//
f 4431// 4495// 4429//
f 4429// 4495// 4497//
f 4429// 4497// 4499//
f 4579// 4580// 4577//
f 4577// 4580// 4421//
f 4577// 4421// 4575//
f 4575// 4421// 4422//
f 4575// 4422// 4573//
f 4573// 4422// 4423//
f 4573// 4423// 4425//
f 4511// 4541// 4543//
f 4517// 4520// 4522//
f 4522// 4524// 4517//
f 4517// 4524// 4526//
f 4517// 4526// 4537//
f 4537// 4526// 4527//
f 4537// 4527// 4536//
f 4549// 4552// 4554//
f 4513// 4537// 4511//
f 4511// 4537// 4539//
f 4511// 4539// 4541//
f 4507// 4509// 4548//
f 4548// 4509// 4511//
f 4548// 4511// 4546//
f 4546// 4511// 4543//
f 4554// 4556// 4549//
f 4549// 4556// 4558//
f 4549// 4558// 4560//
f 4530// 4532// 4527//
f 4527// 4532// 4534//
f 4527// 4534// 4536//
f 4471// 4480// 4470//
f 4470// 4480// 4459//
f 4470// 4459// 4461//
f 4471// 4474// 4480//
f 4480// 4474// 4476//
f 4480// 4476// 4478//
f 4489// 4448// 4487//
f 4487// 4448// 4449//
f 4487// 4449// 4485//
f 4485// 4449// 4452//
f 4485// 4452// 4454//
f 4480// 4481// 4459//
f 4459// 4481// 4483//
f 4459// 4483// 4457//
f 4457// 4483// 4485//
f 4457// 4485// 4455//
f 4455// 4485// 4454//
f 4433// 4435// 4493//
f 4493// 4435// 4438//
f 4493// 4438// 4440//
f 4440// 4442// 4493//
f 4493// 4442// 4444//
f 4493// 4444// 4446//
f 4461// 4464// 4470//
f 4470// 4464// 4466//
f 4470// 4466// 4468//
f 4450// 4432// 4430//
f 4492// 4490// 4450//
f 4432// 4450// 4434//
f 4434// 4450// 4447//
f 4434// 4447// 4436//
f 4574// 4424// 4420//
f 4428// 4426// 4570//
f 4570// 4426// 4424//
f 4570// 4424// 4572//
f 4572// 4424// 4574//
f 4498// 4496// 4568//
f 4568// 4496// 4494//
f 4504// 4502// 4566//
f 4494// 4492// 4568//
f 4568// 4492// 4450//
f 4568// 4450// 4570//
f 4570// 4450// 4430//
f 4570// 4430// 4428//
f 4566// 4502// 4568//
f 4568// 4502// 4500//
f 4568// 4500// 4498//
f 4443// 4441// 4439//
f 4581// 4582// 4419//
f 4419// 4582// 4578//
f 4419// 4578// 4420//
f 4420// 4578// 4576//
f 4420// 4576// 4574//
f 4486// 4456// 4453//
f 4477// 4475// 4479//
f 4479// 4475// 4473//
f 4479// 4473// 4472//
f 4484// 4482// 4460//
f 4460// 4482// 4479//
f 4460// 4479// 4462//
f 4462// 4479// 4472//
f 4566// 4564// 4504//
f 4504// 4564// 4561//
f 4504// 4561// 4559//
f 4447// 4445// 4436//
f 4436// 4445// 4443//
f 4436// 4443// 4437//
f 4437// 4443// 4439//
f 4484// 4460// 4486//
f 4486// 4460// 4458//
f 4486// 4458// 4456//
f 4490// 4488// 4450//
f 4450// 4488// 4486//
f 4450// 4486// 4451//
f 4451// 4486// 4453//
f 4528// 4525// 4518//
f 4559// 4557// 4504//
f 4504// 4557// 4555//
f 4504// 4555// 4553//
f 4508// 4506// 4550//
f 4550// 4506// 4504//
f 4550// 4504// 4551//
f 4551// 4504// 4553//
f 4472// 4469// 4462//
f 4462// 4469// 4467//
f 4462// 4467// 4463//
f 4463// 4467// 4465//
f 4531// 4529// 4528//
f 4525// 4523// 4518//
f 4518// 4523// 4521//
f 4518// 4521// 4519//
f 4508// 4550// 4510//
f 4510// 4550// 4547//
f 4510// 4547// 4512//
f 4512// 4547// 4545//
f 4512// 4545// 4544//
f 4544// 4542// 4512//
f 4512// 4542// 4540//
f 4512// 4540// 4514//
f 4514// 4540// 4538//
f 4514// 4538// 4516//
f 4516// 4538// 4518//
f 4518// 4538// 4535//
f 4518// 4535// 4528//
f 4528// 4535// 4533//
f 4528// 4533// 4531//
f 4580// 4579// 4581//
f 4581// 4579// 4582//
f 4581// 4419// 4580//
f 4580// 4419// 4421//
f 4578// 4582// 4577//
f 4577// 4582// 4579//
f 4583// 4584// 4585//
f 4585// 4584// 4586//
f 4586// 4584// 4587//
f 4587// 4584// 4588//
f 4587// 4588// 4589//
f 4589// 4588// 4590//
f 4589// 4590// 4591//
f 4591// 4590// 4592//
f 4591// 4592// 4593//
f 4593// 4592// 4594//
f 4593// 4594// 4595//
f 4595// 4594// 4596//
f 4595// 4596// 4597//
f 4597// 4596// 4598//
f 4599// 4597// 4600//
f 4600// 4597// 4598//
f 4599// 4600// 4601//
f 4599// 4601// 4602//
f 4602// 4601// 4603//
f 4602// 4603// 4604//
f 4604// 4603// 4605//
f 4604// 4605// 4606//
f 4606// 4605// 4607//
f 4606// 4607// 4608//
f 4608// 4607// 4609//
f 4608// 4609// 4610//
f 4610// 4609// 4611//
f 4610// 4611// 4612//
f 4613// 4612// 4614//
f 4614// 4612// 4611//
f 4613// 4614// 4615//
f 4613// 4615// 4616//
f 4616// 4615// 4617//
f 4616// 4617// 4618//
f 4618// 4617// 4619//
f 4619// 4617// 4620//
f 4619// 4620// 4621//
f 4621// 4620// 4622//
f 4623// 4621// 4624//
f 4624// 4621// 4622//
f 4625// 4623// 4626//
f 4626// 4623// 4624//
f 4625// 4626// 4627//
f 4625// 4627// 4628//
f 4628// 4627// 4629//
f 4628// 4629// 4630//
f 4630// 4629// 4631//
f 4630// 4631// 4632//
f 4632// 4631// 4633//
f 4632// 4633// 4634//
f 4635// 4634// 4636//
f 4636// 4634// 4633//
f 4635// 4636// 4637//
f 4635// 4637// 4638//
f 4638// 4637// 4639//
f 4638// 4639// 4640//
f 4640// 4639// 4641//
f 4640// 4641// 4642//
f 4642// 4641// 4643//
f 4642// 4643// 4644//
f 4644// 4643// 4645//
f 4645// 4643// 4646//
f 4645// 4646// 4647//
f 4647// 4646// 4648//
f 4649// 4647// 4650//
f 4650// 4647// 4648//
f 4649// 4650// 4651//
f 4651// 4650// 4652//
f 4651// 4652// 4653//
f 4653// 4652// 4654//
f 4653// 4654// 4655//
f 4655// 4654// 4656//
f 4655// 4656// 4657//
f 4657// 4656// 4658//
f 4657// 4658// 4659//
f 4659// 4658// 4660//
f 4659// 4660// 4661//
f 4661// 4660// 4662//
f 4661// 4662// 4663//
f 4663// 4662// 4664//
f 4663// 4664// 4665//
f 4665// 4664// 4666//
f 4665// 4666// 4667//
f 4667// 4666// 4668//
f 4667// 4668// 4669//
f 4669// 4668// 4670//
f 4669// 4670// 4671//
f 4671// 4670// 4672//
f 4671// 4672// 4673//
f 4673// 4672// 4674//
f 4673// 4674// 4675//
f 4675// 4674// 4676//
f 4677// 4675// 4678//
f 4678// 4675// 4676//
f 4677// 4678// 4679//
f 4679// 4678// 4680//
f 4679// 4680// 4681//
f 4681// 4680// 4682//
f 4681// 4682// 4683//
f 4681// 4683// 4684//
f 4684// 4683// 4685//
f 4684// 4685// 4686//
f 4686// 4685// 4687//
f 4686// 4687// 4688//
f 4688// 4687// 4689//
f 4688// 4689// 4690//
f 4691// 4690// 4692//
f 4692// 4690// 4689//
f 4691// 4692// 4693//
f 4691// 4693// 4694//
f 4694// 4693// 4695//
f 4694// 4695// 4696//
f 4696// 4695// 4697//
f 4696// 4697// 4698//
f 4698// 4697// 4699//
f 4698// 4699// 4700//
f 4701// 4700// 4702//
f 4702// 4700// 4699//
f 4703// 4701// 4704//
f 4704// 4701// 4702//
f 4703// 4704// 4705//
f 4705// 4704// 4706//
f 4705// 4706// 4707//
f 4707// 4706// 4708//
f 4707// 4708// 4709//
f 4707// 4709// 4710//
f 4710// 4709// 4711//
f 4710// 4711// 4712//
f 4713// 4712// 4714//
f 4714// 4712// 4711//
f 4713// 4714// 4715//
f 4713// 4715// 4716//
f 4716// 4715// 4717//
f 4716// 4717// 4718//
f 4718// 4717// 4719//
f 4718// 4719// 4720//
f 4720// 4719// 4721//
f 4720// 4721// 4722//
f 4722// 4721// 4723//
f 4722// 4723// 4724//
f 4724// 4723// 4725//
f 4724// 4725// 4726//
f 4727// 4726// 4728//
f 4728// 4726// 4725//
f 4727// 4728// 4729//
f 4729// 4728// 4730//
f 4729// 4730// 4731//
f 4731// 4730// 4732//
f 4731// 4732// 4733//
f 4733// 4732// 4734//
f 4733// 4734// 4735//
f 4735// 4734// 4736//
f 4735// 4736// 4737//
f 4737// 4736// 4738//
f 4737// 4738// 4739//
f 4739// 4738// 4740//
f 4741// 4739// 4742//
f 4742// 4739// 4740//
f 4729// 4589// 4713//
f 4589// 4735// 4737//
f 4713// 4589// 4712//
f 4729// 4731// 4589//
f 4589// 4731// 4733//
f 4589// 4733// 4735//
f 4669// 4671// 4712//
f 4677// 4679// 4701//
f 4701// 4679// 4681//
f 4667// 4593// 4665//
f 4665// 4593// 4663//
f 4653// 4655// 4612//
f 4612// 4655// 4657//
f 4612// 4657// 4610//
f 4667// 4669// 4593//
f 4593// 4669// 4712//
f 4593// 4712// 4591//
f 4591// 4712// 4589//
f 4597// 4657// 4595//
f 4595// 4657// 4659//
f 4595// 4659// 4593//
f 4593// 4659// 4661//
f 4593// 4661// 4663//
f 4722// 4716// 4720//
f 4720// 4716// 4718//
f 4722// 4724// 4716//
f 4716// 4724// 4726//
f 4716// 4726// 4713//
f 4713// 4726// 4727//
f 4713// 4727// 4729//
f 4743// 4744// 4741//
f 4741// 4744// 4585//
f 4741// 4585// 4739//
f 4739// 4585// 4586//
f 4739// 4586// 4737//
f 4737// 4586// 4587//
f 4737// 4587// 4589//
f 4684// 4686// 4688//
f 4675// 4705// 4707//
f 4684// 4688// 4681//
f 4681// 4688// 4690//
f 4681// 4690// 4701//
f 4701// 4690// 4691//
f 4701// 4691// 4700//
f 4635// 4638// 4640//
f 4677// 4701// 4675//
f 4675// 4701// 4703//
f 4675// 4703// 4705//
f 4671// 4673// 4712//
f 4712// 4673// 4675//
f 4712// 4675// 4710//
f 4710// 4675// 4707//
f 4640// 4642// 4635//
f 4635// 4642// 4644//
f 4635// 4644// 4634//
f 4634// 4644// 4623//
f 4634// 4623// 4625//
f 4700// 4691// 4698//
f 4698// 4691// 4694//
f 4698// 4694// 4696//
f 4653// 4612// 4651//
f 4651// 4612// 4613//
f 4651// 4613// 4649//
f 4649// 4613// 4616//
f 4649// 4616// 4618//
f 4644// 4645// 4623//
f 4623// 4645// 4647//
f 4623// 4647// 4621//
f 4621// 4647// 4649//
f 4621// 4649// 4619//
f 4619// 4649// 4618//
f 4597// 4599// 4657//
f 4657// 4599// 4602//
f 4657// 4602// 4604//
f 4604// 4606// 4657//
f 4657// 4606// 4608//
f 4657// 4608// 4610//
f 4625// 4628// 4634//
f 4634// 4628// 4630//
f 4634// 4630// 4632//
f 4614// 4611// 4736//
f 4592// 4590// 4736//
f 4736// 4590// 4588//
f 4736// 4588// 4738//
f 4738// 4588// 4584//
f 4656// 4654// 4614//
f 4668// 4666// 4730//
f 4600// 4598// 4611//
f 4611// 4598// 4596//
f 4611// 4596// 4736//
f 4736// 4596// 4594//
f 4736// 4594// 4592//
f 4662// 4660// 4732//
f 4732// 4660// 4658//
f 4658// 4656// 4732//
f 4732// 4656// 4614//
f 4732// 4614// 4734//
f 4734// 4614// 4736//
f 4730// 4666// 4732//
f 4732// 4666// 4664//
f 4732// 4664// 4662//
f 4682// 4702// 4699//
f 4745// 4746// 4583//
f 4583// 4746// 4742//
f 4583// 4742// 4584//
f 4584// 4742// 4740//
f 4584// 4740// 4738//
f 4682// 4687// 4683//
f 4683// 4687// 4685//
f 4730// 4728// 4668//
f 4668// 4728// 4725//
f 4668// 4725// 4723//
f 4607// 4605// 4603//
f 4699// 4697// 4695//
f 4672// 4714// 4674//
f 4674// 4714// 4711//
f 4674// 4711// 4676//
f 4676// 4711// 4709//
f 4676// 4709// 4708//
f 4682// 4680// 4702//
f 4702// 4680// 4678//
f 4702// 4678// 4704//
f 4704// 4678// 4676//
f 4704// 4676// 4706//
f 4706// 4676// 4708//
f 4723// 4721// 4668//
f 4668// 4721// 4719//
f 4668// 4719// 4717//
f 4611// 4609// 4600//
f 4600// 4609// 4607//
f 4600// 4607// 4601//
f 4601// 4607// 4603//
f 4695// 4693// 4699//
f 4699// 4693// 4692//
f 4699// 4692// 4682//
f 4682// 4692// 4689//
f 4682// 4689// 4687//
f 4672// 4670// 4714//
f 4714// 4670// 4668//
f 4714// 4668// 4715//
f 4715// 4668// 4717//
f 4650// 4620// 4617//
f 4643// 4641// 4636//
f 4636// 4641// 4639//
f 4636// 4639// 4637//
f 4648// 4624// 4650//
f 4650// 4624// 4622//
f 4650// 4622// 4620//
f 4654// 4652// 4614//
f 4614// 4652// 4650//
f 4614// 4650// 4615//
f 4615// 4650// 4617//
f 4648// 4646// 4624//
f 4624// 4646// 4643//
f 4624// 4643// 4626//
f 4626// 4643// 4636//
f 4626// 4636// 4633//
f 4631// 4629// 4633//
f 4633// 4629// 4627//
f 4633// 4627// 4626//
f 4744// 4743// 4745//
f 4745// 4743// 4746//
f 4745// 4583// 4744//
f 4744// 4583// 4585//
f 4742// 4746// 4741//
f 4741// 4746// 4743//
f 4747// 4748// 4749//
f 4749// 4748// 4750//
f 4750// 4748// 4751//
f 4751// 4748// 4752//
f 4751// 4752// 4753//
f 4753// 4752// 4754//
f 4753// 4754// 4755//
f 4755// 4754// 4756//
f 4755// 4756// 4757//
f 4757// 4756// 4758//
f 4757// 4758// 4759//
f 4759// 4758// 4760//
f 4759// 4760// 4761//
f 4761// 4760// 4762//
f 4763// 4761// 4764//
f 4764// 4761// 4762//
f 4763// 4764// 4765//
f 4763// 4765// 4766//
f 4766// 4765// 4767//
f 4766// 4767// 4768//
f 4768// 4767// 4769//
f 4768// 4769// 4770//
f 4770// 4769// 4771//
f 4770// 4771// 4772//
f 4772// 4771// 4773//
f 4772// 4773// 4774//
f 4774// 4773// 4775//
f 4774// 4775// 4776//
f 4777// 4776// 4778//
f 4778// 4776// 4775//
f 4777// 4778// 4779//
f 4777// 4779// 4780//
f 4780// 4779// 4781//
f 4780// 4781// 4782//
f 4782// 4781// 4783//
f 4783// 4781// 4784//
f 4783// 4784// 4785//
f 4785// 4784// 4786//
f 4787// 4785// 4788//
f 4788// 4785// 4786//
f 4789// 4787// 4790//
f 4790// 4787// 4788//
f 4789// 4790// 4791//
f 4789// 4791// 4792//
f 4792// 4791// 4793//
f 4792// 4793// 4794//
f 4794// 4793// 4795//
f 4794// 4795// 4796//
f 4796// 4795// 4797//
f 4796// 4797// 4798//
f 4799// 4798// 4800//
f 4800// 4798// 4797//
f 4799// 4800// 4801//
f 4799// 4801// 4802//
f 4802// 4801// 4803//
f 4802// 4803// 4804//
f 4804// 4803// 4805//
f 4804// 4805// 4806//
f 4806// 4805// 4807//
f 4806// 4807// 4808//
f 4808// 4807// 4809//
f 4809// 4807// 4810//
f 4809// 4810// 4811//
f 4811// 4810// 4812//
f 4813// 4811// 4814//
f 4814// 4811// 4812//
f 4813// 4814// 4815//
f 4815// 4814// 4816//
f 4815// 4816// 4817//
f 4817// 4816// 4818//
f 4817// 4818// 4819//
f 4819// 4818// 4820//
f 4819// 4820// 4821//
f 4821// 4820// 4822//
f 4821// 4822// 4823//
f 4823// 4822// 4824//
f 4823// 4824// 4825//
f 4825// 4824// 4826//
f 4825// 4826// 4827//
f 4827// 4826// 4828//
f 4827// 4828// 4829//
f 4829// 4828// 4830//
f 4829// 4830// 4831//
f 4831// 4830// 4832//
f 4831// 4832// 4833//
f 4833// 4832// 4834//
f 4833// 4834// 4835//
f 4835// 4834// 4836//
f 4835// 4836// 4837//
f 4837// 4836// 4838//
f 4837// 4838// 4839//
f 4839// 4838// 4840//
f 4841// 4839// 4842//
f 4842// 4839// 4840//
f 4841// 4842// 4843//
f 4843// 4842// 4844//
f 4843// 4844// 4845//
f 4845// 4844// 4846//
f 4845// 4846// 4847//
f 4845// 4847// 4848//
f 4848// 4847// 4849//
f 4848// 4849// 4850//
f 4850// 4849// 4851//
f 4850// 4851// 4852//
f 4852// 4851// 4853//
f 4852// 4853// 4854//
f 4855// 4854// 4856//
f 4856// 4854// 4853//
f 4855// 4856// 4857//
f 4855// 4857// 4858//
f 4858// 4857// 4859//
f 4858// 4859// 4860//
f 4860// 4859// 4861//
f 4860// 4861// 4862//
f 4862// 4861// 4863//
f 4862// 4863// 4864//
f 4865// 4864// 4866//
f 4866// 4864// 4863//
f 4867// 4865// 4868//
f 4868// 4865// 4866//
f 4867// 4868// 4869//
f 4869// 4868// 4870//
f 4869// 4870// 4871//
f 4871// 4870// 4872//
f 4871// 4872// 4873//
f 4871// 4873// 4874//
f 4874// 4873// 4875//
f 4874// 4875// 4876//
f 4877// 4876// 4878//
f 4878// 4876// 4875//
f 4877// 4878// 4879//
f 4877// 4879// 4880//
f 4880// 4879// 4881//
f 4880// 4881// 4882//
f 4882// 4881// 4883//
f 4882// 4883// 4884//
f 4884// 4883// 4885//
f 4884// 4885// 4886//
f 4886// 4885// 4887//
f 4886// 4887// 4888//
f 4888// 4887// 4889//
f 4888// 4889// 4890//
f 4891// 4890// 4892//
f 4892// 4890// 4889//
f 4891// 4892// 4893//
f 4893// 4892// 4894//
f 4893// 4894// 4895//
f 4895// 4894// 4896//
f 4895// 4896// 4897//
f 4897// 4896// 4898//
f 4897// 4898// 4899//
f 4899// 4898// 4900//
f 4899// 4900// 4901//
f 4901// 4900// 4902//
f 4901// 4902// 4903//
f 4903// 4902// 4904//
f 4905// 4903// 4906//
f 4906// 4903// 4904//
f 4895// 4897// 4755//
f 4893// 4895// 4876//
f 4893// 4876// 4891//
f 4897// 4899// 4755//
f 4755// 4899// 4901//
f 4755// 4901// 4753//
f 4833// 4835// 4876//
f 4841// 4843// 4865//
f 4865// 4843// 4845//
f 4817// 4819// 4776//
f 4776// 4819// 4821//
f 4776// 4821// 4774//
f 4895// 4755// 4876//
f 4876// 4755// 4757//
f 4876// 4757// 4833//
f 4827// 4829// 4757//
f 4757// 4829// 4831//
f 4757// 4831// 4833//
f 4891// 4876// 4890//
f 4890// 4876// 4877//
f 4890// 4877// 4888//
f 4761// 4821// 4759//
f 4759// 4821// 4823//
f 4759// 4823// 4757//
f 4757// 4823// 4825//
f 4757// 4825// 4827//
f 4907// 4908// 4905//
f 4905// 4908// 4749//
f 4905// 4749// 4903//
f 4903// 4749// 4750//
f 4903// 4750// 4901//
f 4901// 4750// 4751//
f 4901// 4751// 4753//
f 4839// 4869// 4871//
f 4845// 4848// 4850//
f 4850// 4852// 4845//
f 4845// 4852// 4854//
f 4845// 4854// 4865//
f 4865// 4854// 4855//
f 4865// 4855// 4864//
f 4877// 4880// 4882//
f 4841// 4865// 4839//
f 4839// 4865// 4867//
f 4839// 4867// 4869//
f 4835// 4837// 4876//
f 4876// 4837// 4839//
f 4876// 4839// 4874//
f 4874// 4839// 4871//
f 4882// 4884// 4877//
f 4877// 4884// 4886//
f 4877// 4886// 4888//
f 4858// 4860// 4855//
f 4855// 4860// 4862//
f 4855// 4862// 4864//
f 4799// 4808// 4798//
f 4798// 4808// 4787//
f 4798// 4787// 4789//
f 4799// 4802// 4808//
f 4808// 4802// 4804//
f 4808// 4804// 4806//
f 4817// 4776// 4815//
f 4815// 4776// 4777//
f 4815// 4777// 4813//
f 4813// 4777// 4780//
f 4813// 4780// 4782//
f 4808// 4809// 4787//
f 4787// 4809// 4811//
f 4787// 4811// 4785//
f 4785// 4811// 4813//
f 4785// 4813// 4783//
f 4783// 4813// 4782//
f 4761// 4763// 4821//
f 4821// 4763// 4766//
f 4821// 4766// 4768//
f 4768// 4770// 4821//
f 4821// 4770// 4772//
f 4821// 4772// 4774//
f 4789// 4792// 4798//
f 4798// 4792// 4794//
f 4798// 4794// 4796//
f 4778// 4760// 4758//
f 4820// 4818// 4778//
f 4760// 4778// 4762//
f 4762// 4778// 4775//
f 4762// 4775// 4764//
f 4902// 4752// 4748//
f 4756// 4754// 4898//
f 4898// 4754// 4752//
f 4898// 4752// 4900//
f 4900// 4752// 4902//
f 4826// 4824// 4896//
f 4896// 4824// 4822//
f 4832// 4830// 4894//
f 4822// 4820// 4896//
f 4896// 4820// 4778//
f 4896// 4778// 4898//
f 4898// 4778// 4758//
f 4898// 4758// 4756//
f 4894// 4830// 4896//
f 4896// 4830// 4828//
f 4896// 4828// 4826//
f 4771// 4769// 4767//
f 4909// 4910// 4747//
f 4747// 4910// 4906//
f 4747// 4906// 4748//
f 4748// 4906// 4904//
f 4748// 4904// 4902//
f 4814// 4784// 4781//
f 4805// 4803// 4807//
f 4807// 4803// 4801//
f 4807// 4801// 4800//
f 4812// 4810// 4788//
f 4788// 4810// 4807//
f 4788// 4807// 4790//
f 4790// 4807// 4800//
f 4894// 4892// 4832//
f 4832// 4892// 4889//
f 4832// 4889// 4887//
f 4775// 4773// 4764//
f 4764// 4773// 4771//
f 4764// 4771// 4765//
f 4765// 4771// 4767//
f 4812// 4788// 4814//
f 4814// 4788// 4786//
f 4814// 4786// 4784//
f 4818// 4816// 4778//
f 4778// 4816// 4814//
f 4778// 4814// 4779//
f 4779// 4814// 4781//
f 4856// 4853// 4846//
f 4887// 4885// 4832//
f 4832// 4885// 4883//
f 4832// 4883// 4881//
f 4836// 4834// 4878//
f 4878// 4834// 4832//
f 4878// 4832// 4879//
f 4879// 4832// 4881//
f 4800// 4797// 4790//
f 4790// 4797// 4795//
f 4790// 4795// 4791//
f 4791// 4795// 4793//
f 4859// 4857// 4856//
f 4853// 4851// 4846//
f 4846// 4851// 4849//
f 4846// 4849// 4847//
f 4836// 4878// 4838//
f 4838// 4878// 4875//
f 4838// 4875// 4840//
f 4840// 4875// 4873//
f 4840// 4873// 4872//
f 4872// 4870// 4840//
f 4840// 4870// 4868//
f 4840// 4868// 4842//
f 4842// 4868// 4866//
f 4842// 4866// 4844//
f 4844// 4866// 4846//
f 4846// 4866// 4863//
f 4846// 4863// 4856//
f 4856// 4863// 4861//
f 4856// 4861// 4859//
f 4908// 4907// 4909//
f 4909// 4907// 4910//
f 4909// 4747// 4908//
f 4908// 4747// 4749//
f 4906// 4910// 4905//
f 4905// 4910// 4907//
