v 0.441502 2.538764 -0.5
v 0.441502 2.483886 -0.5
v 0.392721 2.454922 -0.5
newmtl 1
Ka 0.25098039215686274 0.25098039215686274 0.25098039215686274
Kd 0.25098039215686274 0.25098039215686274 0.25098039215686274
Ks 0.12549019607843137 0.12549019607843137 0.12549019607843137
d 0.0
endmtl
v 0.494799 2.462002 -0.5
v 0.545323 2.454922 -0.5
v 0.392721 3.342801 -0.5
v 0.514982 2.96102 -0.5
v 0.392721 2.96102 -0.5
v 0.49931 2.959939 -0.5
v 0.441502 2.944252 -0.5
v 0.441502 2.877178 -0.5
v 0.497821 2.901295 -0.5
v 0.450463 2.5338 -0.5
v 0.558594 2.90919 -0.5
v 0.607828 2.903661 -0.5
v 0.645252 2.890155 -0.5
v 0.67986 2.867003 -0.5
v 0.710054 2.83367 -0.5
v 0.74638 2.702636 -0.5
v 0.741317 2.648508 -0.5
v 0.727733 2.605501 -0.5
v 0.616472 2.511983 -0.5
v 0.569836 2.506752 -0.5
v 0.652904 2.525395 -0.5
v 0.683591 2.546077 -0.5
v 0.707054 2.570831 -0.5
v 0.503466 2.514118 -0.5
v 0.730667 2.795065 -0.5
v 0.743995 2.741539 -0.5
v 0.729377 2.500627 -0.5
v 0.766933 2.540165 -0.5
v 0.834794 2.454922 -0.5
v 0.689158 2.474943 -0.5
v 0.834794 2.96102 -0.5
v 0.757759 2.873025 -0.5
v 0.712618 2.916438 -0.5
v 0.813453 2.698539 -0.5
v 0.80626 2.769624 -0.5
v 0.787065 2.826278 -0.5
v 0.665126 2.943776 -0.5
v 0.609385 2.959969 -0.5
v 0.596511 2.96102 -0.5
v 0.79357 2.587708 -0.5
v 0.808618 2.640633 -0.5
v 0.565406 2.452108 -0.5
v 0.392721 2.445696 -0.5
v 0.579078 2.451874 -0.5
v 0.834794 2.445696 -0.5
v 0.608482 2.454922 -0.5
v 0.640696 2.458262 -0.5
v -2.439518 -2.227386 -0.5
v -3.342801 -3.134886 -0.5
v -3.342801 2.445696 -0.5
v -2.439518 2.227386 -0.5
v -2.25 2.037868 -0.5
v -2.25 -2.037868 -0.5
v -3.134886 -3.342801 -0.5
v -2.227386 -2.439518 -0.5
v -0.442645 -3.342801 -0.5
v -2.227386 2.439518 -0.5
v -0.442645 2.445696 -0.5
v -2.037868 2.25 -0.5
v 2.037868 2.25 -0.5
v 1.775876 2.25 -0.5
v 2.227386 2.439518 -0.5
v 1.775876 2.445696 -0.5
v 3.342801 -3.134886 -0.5
v 3.134886 -3.342801 -0.5
v 1.775876 -3.342801 -0.5
v 3.342801 2.445696 -0.5
v 2.439518 -2.227386 -0.5
v 2.227386 -2.439518 -0.5
v 2.037868 -2.25 -0.5
v 2.25 -2.037868 -0.5
v 2.25 2.037868 -0.5
v 2.439518 2.227386 -0.5
v 1.775876 -2.25 -0.5
v 0.834794 -3.342801 -0.5
v 0.834794 -2.25 -0.5
v 0.392721 -3.342801 -0.5
v 0.392721 -2.25 -0.5
v 0.026868 -3.342801 -0.5
v 0.026868 -2.25 -0.5
v -0.442645 -2.25 -0.5
v -2.037868 -2.25 -0.5
v -0.442645 2.25 -0.5
v 0.026868 2.445696 -0.5
v 0.026868 2.25 -0.5
v 0.392721 2.25 -0.5
v 0.834794 2.25 -0.5
v 3.134886 3.342801 -0.5
v 1.775876 2.96102 -0.5
v 1.775876 3.342801 -0.5
v 0.834794 3.342801 -0.5
v 0.559166 2.964069 -0.5
v -0.838986 2.457971 -0.5
v -0.442645 2.454922 -0.5
v -0.912157 2.457971 -0.5
v -3.342801 2.454922 -0.5
v -0.717035 2.957971 -0.5
v -3.342801 2.96102 -0.5
v -0.442645 2.96102 -0.5
v -3.342801 3.134886 -0.5
v -0.442645 3.342801 -0.5
v -3.134886 3.342801 -0.5
v -0.788395 2.598215 -0.5
v -0.581841 2.598215 -0.5
v -0.534108 2.457971 -0.5
v -0.460937 2.457971 -0.5
v -0.649962 2.957971 -0.5
v -0.399385 2.59501 -0.5
v -0.370711 2.550288 -0.5
v -0.329556 2.510883 -0.5
v -0.277349 2.480544 -0.5
v 0.026868 3.342801 -0.5
v 0.026868 2.96102 -0.5
v -0.163014 2.957971 -0.5
v -0.235251 2.950249 -0.5
v -0.293751 2.929707 -0.5
v -0.348172 2.893236 -0.5
v -0.348695 2.892777 -0.5
v -0.384052 2.85357 -0.5
v -0.407289 2.81057 -0.5
v -0.219736 2.463371 -0.5
v -0.157869 2.457971 -0.5
v 0.026868 2.454922 -0.5
v -0.021913 2.457971 -0.5
v -0.021913 2.957971 -0.5
v -0.420718 2.761307 -0.5
v -0.424352 2.714259 -0.5
v -0.417336 2.647345 -0.5
v 0.343941 2.457971 -0.5
v 0.343941 2.957971 -0.5
v 0.087843 2.957971 -0.5
v 0.087843 2.903093 -0.5
v 0.075648 2.512849 -0.5
v 0.075648 2.457971 -0.5
v 0.276868 2.683581 -0.5
v 0.276868 2.512849 -0.5
v 0.100038 2.683581 -0.5
v 0.100038 2.738459 -0.5
v 0.276868 2.738459 -0.5
v 0.276868 2.903093 -0.5
v 0.856136 2.512849 -0.5
v 0.856136 2.457971 -0.5
v 1.04516 2.512849 -0.5
v 1.04516 2.957971 -0.5
v 1.112233 2.957971 -0.5
v 1.112233 2.457971 -0.5
v 1.775876 2.454922 -0.5
v 3.342801 3.134886 -0.5
v 3.342801 2.96102 -0.5
v 3.342801 2.454922 -0.5
v 1.36 -3.489811 -0.0725
v 1.14 -3.489811 -0.0725
v -3.134886 -3.441828 -0.413917
v 3.134886 -3.441828 -0.413917
v 3.158982 -3.5 0.0
v 2.86 -3.5 0.0
v 2.64 -3.5 0.0
v 2.36 -3.5 0.0
v 2.64 -3.489811 -0.0725
v 2.36 -3.489811 -0.0725
v 2.86 -3.489811 -0.0725
v 2.14 -3.489811 -0.0725
v 1.64 -3.489811 -0.0725
v 1.64 -3.5 -0.0
v 1.36 -3.5 -0.0
v -1.64 -3.489811 -0.0725
v -1.86 -3.489811 -0.0725
v 1.86 -3.489811 -0.0725
v 1.86 -3.5 -0.0
v 2.14 -3.5 0.0
v -1.36 -3.489811 -0.0725
v -1.36 -3.5 0.0
v -1.64 -3.5 0.0
v -0.64 -3.489811 -0.0725
v -0.86 -3.489811 -0.0725
v -2.36 -3.489811 -0.0725
v -2.14 -3.489811 -0.0725
v -2.14 -3.5 -0.0
v -1.86 -3.5 0.0
v -2.86 -3.5 -0.0
v -3.158982 -3.5 0.0
v -2.86 -3.489811 -0.0725
v -2.64 -3.489811 -0.0725
v -2.64 -3.5 -0.0
v -2.36 -3.5 -0.0
v 0.36 -3.489811 -0.0725
v 0.14 -3.489811 -0.0725
v -0.36 -3.489811 -0.0725
v -0.36 -3.5 -0.0
v -0.64 -3.5 -0.0
v -1.14 -3.489811 -0.0725
v -1.14 -3.5 0.0
v -0.86 -3.5 -0.0
v 0.64 -3.489811 -0.0725
v 0.64 -3.5 0.0
v 0.36 -3.5 0.0
v 0.86 -3.489811 -0.0725
v 0.86 -3.5 0.0
v 1.14 -3.5 -0.0
v -0.14 -3.489811 -0.0725
v -0.14 -3.5 -0.0
v 0.14 -3.5 0.0
v -3.412823 -3.204908 -0.413917
v -3.204908 -3.412823 -0.413917
v -3.470996 -3.229004 0.0
v -3.229004 -3.470996 0.0
v -3.5 -3.158982 0.0
v -3.5 -2.86 0.0
v -3.441828 -3.134886 -0.413917
v -3.489811 -2.86 -0.0725
v -3.489811 -2.64 -0.0725
v -3.5 -2.64 0.0
v -3.5 -2.36 0.0
v -3.489811 -2.36 -0.0725
v -3.489811 -2.14 -0.0725
v -3.5 -2.14 0.0
v -3.5 -1.86 0.0
v -3.489811 -1.86 -0.0725
v -3.489811 -1.64 -0.0725
v -3.5 -1.64 0.0
v -3.5 -1.36 0.0
v -3.489811 -1.36 -0.0725
v -3.489811 -1.14 -0.0725
v -3.5 -1.14 0.0
v -3.5 -0.86 0.0
v -3.489811 -0.86 -0.0725
v -3.489811 -0.64 -0.0725
v -3.5 -0.64 0.0
v -3.5 -0.36 0.0
v -3.489811 -0.36 -0.0725
v -3.489811 -0.14 -0.0725
v -3.5 -0.14 0.0
v -3.5 0.14 0.0
v -3.489811 0.14 -0.0725
v -3.489811 0.36 -0.0725
v -3.5 0.36 0.0
v -3.5 0.64 0.0
v -3.489811 0.64 -0.0725
v -3.489811 0.86 -0.0725
v -3.489811 1.86 -0.0725
v -3.5 1.86 0.0
v -3.5 2.14 0.0
v -3.5 0.86 0.0
v -3.5 1.14 0.0
v -3.489811 1.14 -0.0725
v -3.489811 1.36 -0.0725
v -3.5 1.36 0.0
v -3.5 1.64 0.0
v -3.489811 1.64 -0.0725
v -3.489811 2.14 -0.0725
v -3.5 2.36 0.0
v -3.5 2.64 0.0
v -3.489811 2.36 -0.0725
v -3.489811 2.64 -0.0725
v -3.5 2.86 0.0
v -3.5 3.158982 0.0
v -3.489811 2.86 -0.0725
v -3.441828 3.134886 -0.413917
v -3.204908 3.412823 -0.413917
v -3.412823 3.204908 -0.413917
v -3.229004 3.470996 0.0
v -3.470996 3.229004 -0.0
v -3.134886 3.441828 -0.413917
v -3.158982 3.5 0.0
v -2.86 3.5 0.0
v -0.86 3.489811 -0.0725
v -0.64 3.489811 -0.0725
v 3.134886 3.441828 -0.413917
v 2.14 3.489811 -0.0725
v 2.36 3.489811 -0.0725
v -2.86 3.489811 -0.0725
v -2.64 3.489811 -0.0725
v -1.86 3.489811 -0.0725
v -1.64 3.489811 -0.0725
v 1.86 3.489811 -0.0725
v 1.86 3.5 0.0
v 2.14 3.5 0.0
v -2.14 3.489811 -0.0725
v -2.14 3.5 0.0
v -1.86 3.5 0.0
v 0.14 3.489811 -0.0725
v 0.36 3.489811 -0.0725
v -2.36 3.489811 -0.0725
v -2.36 3.5 0.0
v -2.64 3.5 0.0
v -1.14 3.489811 -0.0725
v -1.14 3.5 0.0
v -0.86 3.5 0.0
v -0.14 3.489811 -0.0725
v -0.14 3.5 0.0
v 0.14 3.5 0.0
v 2.86 3.5 0.0
v 3.158982 3.5 -0.0
v 2.86 3.489811 -0.0725
v 2.64 3.489811 -0.0725
v 2.64 3.5 0.0
v 2.36 3.5 0.0
v -1.36 3.489811 -0.0725
v -1.36 3.5 0.0
v -1.64 3.5 0.0
v -0.36 3.489811 -0.0725
v -0.36 3.5 0.0
v -0.64 3.5 0.0
v 1.14 3.489811 -0.0725
v 1.36 3.489811 -0.0725
v 0.86 3.489811 -0.0725
v 0.86 3.5 0.0
v 1.14 3.5 0.0
v 0.64 3.489811 -0.0725
v 0.64 3.5 0.0
v 0.36 3.5 0.0
v 1.64 3.489811 -0.0725
v 1.64 3.5 0.0
v 1.36 3.5 0.0
v 3.229004 3.470996 0.0
v 3.470996 3.229004 0.0
v 3.204908 3.412823 -0.413917
v 3.412823 3.204908 -0.413917
v 3.489811 -1.14 -0.0725
v 3.489811 -1.36 -0.0725
v 3.441828 -3.134886 -0.413917
v 3.489811 -2.14 -0.0725
v 3.489811 -2.36 -0.0725
v 3.441828 3.134886 -0.413917
v 3.5 3.158982 -0.0
v 3.5 2.86 -0.0
v 3.489811 2.14 -0.0725
v 3.5 2.14 -0.0
v 3.5 1.86 -0.0
v 3.489811 1.86 -0.0725
v 3.489811 1.64 -0.0725
v 3.489811 -1.86 -0.0725
v 3.5 -1.86 0.0
v 3.5 -2.14 0.0
v 3.489811 2.86 -0.0725
v 3.489811 2.64 -0.0725
v 3.5 -2.86 0.0
v 3.5 -3.158982 -0.0
v 3.489811 -2.86 -0.0725
v 3.489811 -2.64 -0.0725
v 3.5 -2.64 0.0
v 3.5 -2.36 0.0
v 3.489811 2.36 -0.0725
v 3.5 2.36 -0.0
v 3.5 2.64 -0.0
v 3.489811 1.14 -0.0725
v 3.5 1.14 0.0
v 3.5 0.86 0.0
v 3.489811 0.86 -0.0725
v 3.489811 0.64 -0.0725
v 3.5 -1.36 -0.0
v 3.5 -1.64 0.0
v 3.489811 -1.64 -0.0725
v 3.489811 1.36 -0.0725
v 3.5 1.36 0.0
v 3.5 1.64 -0.0
v 3.489811 -0.86 -0.0725
v 3.5 -0.86 -0.0
v 3.5 -1.14 -0.0
v 3.5 0.64 0.0
v 3.5 0.36 0.0
v 3.489811 0.36 -0.0725
v 3.489811 0.14 -0.0725
v 3.5 0.14 0.0
v 3.5 -0.14 -0.0
v 3.489811 -0.14 -0.0725
v 3.489811 -0.36 -0.0725
v 3.489811 -0.64 -0.0725
v 3.5 -0.64 -0.0
v 3.5 -0.36 -0.0
v 3.204908 -3.412823 -0.413917
v 3.412823 -3.204908 -0.413917
v 3.229004 -3.470996 -0.0
v 3.470996 -3.229004 0.0
v 2.36 -3.489811 0.0725
v 0.86 -3.489811 0.0725
v 2.86 -3.489811 0.0725
v 3.134886 -3.441828 0.413917
v 2.64 -3.489811 0.0725
v -3.134886 -3.441828 0.413917
v 1.14 -3.489811 0.0725
v 1.36 -3.489811 0.0725
v 1.64 -3.489811 0.0725
v 1.86 -3.489811 0.0725
v 2.14 -3.489811 0.0725
v -2.86 -3.489811 0.0725
v -2.64 -3.489811 0.0725
v -2.36 -3.489811 0.0725
v -2.14 -3.489811 0.0725
v -1.86 -3.489811 0.0725
v -1.64 -3.489811 0.0725
v -1.36 -3.489811 0.0725
v -1.14 -3.489811 0.0725
v -0.86 -3.489811 0.0725
v -0.64 -3.489811 0.0725
v -0.36 -3.489811 0.0725
v -0.14 -3.489811 0.0725
v 0.14 -3.489811 0.0725
v 0.36 -3.489811 0.0725
v 0.64 -3.489811 0.0725
v 3.204908 -3.412823 0.413917
v 3.412823 -3.204908 0.413917
v 3.441828 -3.134886 0.413917
v 3.489811 -2.86 0.0725
v 3.489811 -2.64 0.0725
v 3.489811 -2.14 0.0725
v 3.489811 2.36 0.0725
v 3.489811 -1.86 0.0725
v 3.489811 -1.64 0.0725
v 3.489811 -2.36 0.0725
v 3.489811 2.86 0.0725
v 3.441828 3.134886 0.413917
v 3.489811 2.64 0.0725
v 3.489811 1.36 0.0725
v 3.489811 1.86 0.0725
v 3.489811 2.14 0.0725
v 3.489811 -1.36 0.0725
v 3.489811 -1.14 0.0725
v 3.489811 1.64 0.0725
v 3.489811 -0.86 0.0725
v 3.489811 -0.64 0.0725
v 3.489811 -0.36 0.0725
v 3.489811 -0.14 0.0725
v 3.489811 0.14 0.0725
v 3.489811 0.36 0.0725
v 3.489811 0.64 0.0725
v 3.489811 0.86 0.0725
v 3.489811 1.14 0.0725
v 3.204908 3.412823 0.413917
v 3.412823 3.204908 0.413917
v -1.86 3.489811 0.0725
v -2.36 3.489811 0.0725
v -2.64 3.489811 0.0725
v -2.86 3.489811 0.0725
v -3.134886 3.441828 0.413917
v 3.134886 3.441828 0.413917
v -2.14 3.489811 0.0725
v 2.86 3.489811 0.0725
v 2.64 3.489811 0.0725
v -0.36 3.489811 0.0725
v 2.36 3.489811 0.0725
v 2.14 3.489811 0.0725
v 1.86 3.489811 0.0725
v 1.64 3.489811 0.0725
v -0.64 3.489811 0.0725
v -0.86 3.489811 0.0725
v -1.14 3.489811 0.0725
v -1.36 3.489811 0.0725
v -1.64 3.489811 0.0725
v 1.36 3.489811 0.0725
v 1.14 3.489811 0.0725
v 0.86 3.489811 0.0725
v 0.64 3.489811 0.0725
v 0.36 3.489811 0.0725
v 0.14 3.489811 0.0725
v -0.14 3.489811 0.0725
v -3.204908 3.412823 0.413917
v -3.412823 3.204908 0.413917
v -3.489811 -1.14 0.0725
v -3.489811 -1.36 0.0725
v -3.441828 -3.134886 0.413917
v -3.489811 0.86 0.0725
v -3.489811 0.64 0.0725
v -3.489811 -0.86 0.0725
v -3.441828 3.134886 0.413917
v -3.489811 1.86 0.0725
v -3.489811 1.64 0.0725
v -3.489811 1.14 0.0725
v -3.489811 -2.14 0.0725
v -3.489811 -2.36 0.0725
v -3.489811 2.14 0.0725
v -3.489811 -0.14 0.0725
v -3.489811 -0.36 0.0725
v -3.489811 -1.86 0.0725
v -3.489811 2.86 0.0725
v -3.489811 2.64 0.0725
v -3.489811 1.36 0.0725
v -3.489811 0.14 0.0725
v -3.489811 -1.64 0.0725
v -3.489811 -2.86 0.0725
v -3.489811 -2.64 0.0725
v -3.489811 2.36 0.0725
v -3.489811 0.36 0.0725
v -3.489811 -0.64 0.0725
v -3.412823 -3.204908 0.413917
v -3.204908 -3.412823 0.413917
v -2.768811 -2.98853 0.5
v -2.820574 -2.981715 0.5
v -3.134886 -3.342801 0.5
v -2.595605 -2.88853 0.5
v -2.627389 -2.929951 0.5
v 3.134886 -3.342801 0.5
v -2.668811 -2.961735 0.5
v -2.717047 -2.981715 0.5
v -2.961996 -2.840293 0.5
v -2.968811 -2.788529 0.5
v -3.342801 -3.134886 0.5
v -2.961996 -2.736766 0.5
v -3.342801 3.134886 0.5
v -2.942016 -2.688529 0.5
v -2.910232 -2.647108 0.5
v 3.342801 -3.134886 0.5
v 3.342801 3.134886 0.5
v -2.595605 -2.688529 0.5
v -2.86881 -2.961735 0.5
v -2.910232 -2.929951 0.5
v -2.942016 -2.88853 0.5
v -2.575625 -2.736766 0.5
v -2.56881 -2.788529 0.5
v -2.575625 -2.840293 0.5
v -2.86881 -2.615324 0.5
v -2.820574 -2.595344 0.5
v -3.134886 3.342801 0.5
v -2.768811 -2.58853 0.5
v -2.717047 -2.595344 0.5
v 3.134886 3.342801 0.5
v -2.668811 -2.615324 0.5
v -2.627389 -2.647108 0.5
v -3.151592 3.359506 0.497152
v -3.200786 3.408701 0.436255
v -3.408701 3.200786 0.436255
v -3.200549 3.408464 0.436881
v -3.408464 3.200549 0.436881
v -3.192805 3.40072 0.457365
v -3.40072 3.192805 0.457365
v -3.192537 3.400451 0.457789
v -3.400451 3.192537 0.457789
v -3.181505 3.38942 0.475189
v -3.38942 3.181505 0.475189
v -3.181256 3.389171 0.475429
v -3.389171 3.181256 0.475429
v -3.167534 3.375448 0.488703
v -3.375448 3.167534 0.488703
v -3.167346 3.37526 0.488803
v -3.37526 3.167346 0.488803
v -3.151691 3.359606 0.497135
v -3.359606 3.151691 0.497135
v -3.359506 3.151592 0.497152
v -3.439191 3.154098 0.414665
v -3.434207 3.153068 0.436255
v -3.438317 3.160466 0.414913
v -3.428903 3.170551 0.436255
v -3.433372 3.172402 0.414913
v -3.428429 3.184338 0.414913
v -3.420291 3.186663 0.436255
v -3.424544 3.189459 0.414665
v -3.362562 3.14809 0.497135
v -3.366567 3.134886 0.497135
v -3.366111 3.139523 0.497135
v -3.388706 3.134886 0.488803
v -3.388084 3.143893 0.488703
v -3.38119 3.160537 0.488703
v -3.407464 3.147748 0.475189
v -3.408378 3.134886 0.475429
v -3.388972 3.134886 0.488703
v -3.397619 3.171515 0.475189
v -3.435663 3.134886 0.436881
v -3.424711 3.134886 0.457365
v -3.423137 3.150866 0.457365
v -3.424331 3.134886 0.457789
v -3.40873 3.134886 0.475189
v -3.364758 3.143981 0.497135
v -3.385457 3.152555 0.488703
v -3.403712 3.160116 0.475189
v -3.418476 3.166232 0.457365
v -3.410907 3.180393 0.457365
v -3.366426 3.134886 0.497152
v -3.435997 3.134886 0.436255
v -3.189459 3.424544 0.414665
v -3.186663 3.420291 0.436255
v -3.184338 3.428429 0.414913
v -3.170551 3.428903 0.436255
v -3.172402 3.433372 0.414913
v -3.160466 3.438317 0.414913
v -3.153068 3.434207 0.436255
v -3.154098 3.439191 0.414665
v -3.134886 3.435997 0.436255
v -3.139523 3.366111 0.497135
v -3.134886 3.366426 0.497152
v -3.14809 3.362562 0.497135
v -3.160537 3.38119 0.488703
v -3.134886 3.366567 0.497135
v -3.134886 3.388706 0.488803
v -3.143893 3.388084 0.488703
v -3.171515 3.397619 0.475189
v -3.134886 3.388972 0.488703
v -3.134886 3.408378 0.475429
v -3.147748 3.407464 0.475189
v -3.180393 3.410907 0.457365
v -3.143981 3.364758 0.497135
v -3.152555 3.385457 0.488703
v -3.160116 3.403712 0.475189
v -3.166232 3.418476 0.457365
v -3.150866 3.423137 0.457365
v -3.134886 3.40873 0.475189
v -3.134886 3.424331 0.457789
v -3.134886 3.424711 0.457365
v -3.134886 3.435663 0.436881
v -3.496629 3.18462 0.0
v -3.492468 3.19688 0.0
v -3.486741 3.208492 0.0
v -3.435997 -3.134886 0.436255
v -3.435663 -3.134886 0.436881
v -3.424711 -3.134886 0.457365
v -3.424331 -3.134886 0.457789
v -3.40873 -3.134886 0.475189
v -3.408378 -3.134886 0.475429
v -3.388972 -3.134886 0.488703
v -3.388706 -3.134886 0.488803
v -3.366567 -3.134886 0.497135
v -3.366426 -3.134886 0.497152
v 3.134886 3.366426 0.497152
v 3.134886 3.435997 0.436255
v 3.134886 3.435663 0.436881
v 3.134886 3.424711 0.457365
v 3.134886 3.424331 0.457789
v 3.134886 3.40873 0.475189
v 3.134886 3.408378 0.475429
v 3.134886 3.388972 0.488703
v 3.134886 3.388706 0.488803
v 3.134886 3.366567 0.497135
v -3.208492 3.486741 0.0
v -3.19688 3.492468 0.0
v -3.18462 3.496629 0.0
v -3.424544 3.189459 -0.414665
v -3.428429 3.184338 -0.414913
v -3.433372 3.172402 -0.414913
v -3.439191 3.154098 -0.414665
v -3.438317 3.160466 -0.414913
v -3.424544 -3.189459 0.414665
v -3.420291 -3.186663 0.436255
v -3.428429 -3.184338 0.414913
v -3.428903 -3.170551 0.436255
v -3.433372 -3.172402 0.414913
v -3.438317 -3.160466 0.414913
v -3.434207 -3.153068 0.436255
v -3.439191 -3.154098 0.414665
v -3.366111 -3.139523 0.497135
v -3.359606 -3.151691 0.497135
v -3.362562 -3.14809 0.497135
v -3.37526 -3.167346 0.488803
v -3.38119 -3.160537 0.488703
v -3.388084 -3.143893 0.488703
v -3.397619 -3.171515 0.475189
v -3.389171 -3.181256 0.475429
v -3.375448 -3.167534 0.488703
v -3.407464 -3.147748 0.475189
v -3.408464 -3.200549 0.436881
v -3.40072 -3.192805 0.457365
v -3.410907 -3.180393 0.457365
v -3.400451 -3.192537 0.457789
v -3.38942 -3.181505 0.475189
v -3.364758 -3.143981 0.497135
v -3.385457 -3.152555 0.488703
v -3.403712 -3.160116 0.475189
v -3.418476 -3.166232 0.457365
v -3.423137 -3.150866 0.457365
v -3.359506 -3.151592 0.497152
v -3.408701 -3.200786 0.436255
v 3.154098 3.439191 0.414665
v 3.153068 3.434207 0.436255
v 3.160466 3.438317 0.414913
v 3.170551 3.428903 0.436255
v 3.172402 3.433372 0.414913
v 3.184338 3.428429 0.414913
v 3.186663 3.420291 0.436255
v 3.189459 3.424544 0.414665
v 3.200786 3.408701 0.436255
v 3.14809 3.362562 0.497135
v 3.151592 3.359506 0.497152
v 3.139523 3.366111 0.497135
v 3.143893 3.388084 0.488703
v 3.151691 3.359606 0.497135
v 3.167346 3.37526 0.488803
v 3.160537 3.38119 0.488703
v 3.147748 3.407464 0.475189
v 3.167534 3.375448 0.488703
v 3.181256 3.389171 0.475429
v 3.171515 3.397619 0.475189
v 3.150866 3.423137 0.457365
v 3.143981 3.364758 0.497135
v 3.152555 3.385457 0.488703
v 3.160116 3.403712 0.475189
v 3.166232 3.418476 0.457365
v 3.180393 3.410907 0.457365
v 3.181505 3.38942 0.475189
v 3.192537 3.400451 0.457789
v 3.192805 3.40072 0.457365
v 3.200549 3.408464 0.436881
v -3.154098 3.439191 -0.414665
v -3.160466 3.438317 -0.414913
v -3.172402 3.433372 -0.414913
v -3.189459 3.424544 -0.414665
v -3.184338 3.428429 -0.414913
v -3.359506 3.151592 -0.497152
v -3.408701 3.200786 -0.436255
v -3.200786 3.408701 -0.436255
v -3.408464 3.200549 -0.436881
v -3.200549 3.408464 -0.436881
v -3.40072 3.192805 -0.457365
v -3.192805 3.40072 -0.457365
v -3.400451 3.192537 -0.457789
v -3.192537 3.400451 -0.457789
v -3.38942 3.181505 -0.475189
v -3.181505 3.38942 -0.475189
v -3.389171 3.181256 -0.475429
v -3.181256 3.389171 -0.475429
v -3.375448 3.167534 -0.488703
v -3.167534 3.375448 -0.488703
v -3.37526 3.167346 -0.488803
v -3.167346 3.37526 -0.488803
v -3.359606 3.151691 -0.497135
v -3.151691 3.359606 -0.497135
v -3.151592 3.359506 -0.497152
v -3.362562 3.14809 -0.497135
v -3.428903 3.170551 -0.436255
v -3.420291 3.186663 -0.436255
v -3.435997 3.134886 -0.436255
v -3.434207 3.153068 -0.436255
v -3.435663 3.134886 -0.436881
v -3.423137 3.150866 -0.457365
v -3.410907 3.180393 -0.457365
v -3.407464 3.147748 -0.475189
v -3.424331 3.134886 -0.457789
v -3.424711 3.134886 -0.457365
v -3.397619 3.171515 -0.475189
v -3.388084 3.143893 -0.488703
v -3.408378 3.134886 -0.475429
v -3.40873 3.134886 -0.475189
v -3.38119 3.160537 -0.488703
v -3.366111 3.139523 -0.497135
v -3.388706 3.134886 -0.488803
v -3.388972 3.134886 -0.488703
v -3.418476 3.166232 -0.457365
v -3.403712 3.160116 -0.475189
v -3.385457 3.152555 -0.488703
v -3.364758 3.143981 -0.497135
v -3.366426 3.134886 -0.497152
v -3.366567 3.134886 -0.497135
v -3.486741 -3.208492 -0.0
v -3.492468 -3.19688 -0.0
v -3.496629 -3.18462 -0.0
v -3.200786 -3.408701 0.436255
v -3.200549 -3.408464 0.436881
v -3.192805 -3.40072 0.457365
v -3.192537 -3.400451 0.457789
v -3.181505 -3.38942 0.475189
v -3.181256 -3.389171 0.475429
v -3.167534 -3.375448 0.488703
v -3.167346 -3.37526 0.488803
v -3.151691 -3.359606 0.497135
v -3.151592 -3.359506 0.497152
v 3.359506 3.151592 0.497152
v 3.408701 3.200786 0.436255
v 3.408464 3.200549 0.436881
v 3.40072 3.192805 0.457365
v 3.400451 3.192537 0.457789
v 3.38942 3.181505 0.475189
v 3.389171 3.181256 0.475429
v 3.375448 3.167534 0.488703
v 3.37526 3.167346 0.488803
v 3.359606 3.151691 0.497135
v 3.18462 3.496629 -0.0
v 3.19688 3.492468 -0.0
v 3.208492 3.486741 -0.0
v -3.134886 3.366426 -0.497152
v -3.139523 3.366111 -0.497135
v -3.170551 3.428903 -0.436255
v -3.153068 3.434207 -0.436255
v -3.186663 3.420291 -0.436255
v -3.180393 3.410907 -0.457365
v -3.134886 3.435997 -0.436255
v -3.134886 3.435663 -0.436881
v -3.150866 3.423137 -0.457365
v -3.171515 3.397619 -0.475189
v -3.134886 3.424711 -0.457365
v -3.134886 3.424331 -0.457789
v -3.147748 3.407464 -0.475189
v -3.160537 3.38119 -0.488703
v -3.134886 3.40873 -0.475189
v -3.134886 3.408378 -0.475429
v -3.143893 3.388084 -0.488703
v -3.14809 3.362562 -0.497135
v -3.166232 3.418476 -0.457365
v -3.160116 3.403712 -0.475189
v -3.152555 3.385457 -0.488703
v -3.143981 3.364758 -0.497135
v -3.134886 3.388972 -0.488703
v -3.134886 3.388706 -0.488803
v -3.134886 3.366567 -0.497135
v -3.342801 2.350937 -0.5
v -3.366426 -3.134886 -0.497152
v -3.366567 -3.134886 -0.497135
v -3.388706 -3.134886 -0.488803
v -3.388972 -3.134886 -0.488703
v -3.408378 -3.134886 -0.475429
v -3.40873 -3.134886 -0.475189
v -3.424331 -3.134886 -0.457789
v -3.424711 -3.134886 -0.457365
v -3.435663 -3.134886 -0.436881
v -3.435997 -3.134886 -0.436255
v -3.438317 -3.160466 -0.414913
v -3.428434 -3.184326 -0.414913
v -3.438312 -3.160478 -0.414913
v -3.428429 -3.184338 -0.414913
v -3.154098 -3.439191 0.414665
v -3.153068 -3.434207 0.436255
v -3.160466 -3.438317 0.414913
v -3.170551 -3.428903 0.436255
v -3.172402 -3.433372 0.414913
v -3.184338 -3.428429 0.414913
v -3.186663 -3.420291 0.436255
v -3.189459 -3.424544 0.414665
v -3.14809 -3.362562 0.497135
v -3.134886 -3.366567 0.497135
v -3.139523 -3.366111 0.497135
v -3.134886 -3.388706 0.488803
v -3.143893 -3.388084 0.488703
v -3.160537 -3.38119 0.488703
v -3.147748 -3.407464 0.475189
v -3.134886 -3.408378 0.475429
v -3.134886 -3.388972 0.488703
v -3.171515 -3.397619 0.475189
v -3.134886 -3.435663 0.436881
v -3.134886 -3.424711 0.457365
v -3.150866 -3.423137 0.457365
v -3.134886 -3.424331 0.457789
v -3.134886 -3.40873 0.475189
v -3.143981 -3.364758 0.497135
v -3.152555 -3.385457 0.488703
v -3.160116 -3.403712 0.475189
v -3.166232 -3.418476 0.457365
v -3.180393 -3.410907 0.457365
v -3.134886 -3.366426 0.497152
v -3.134886 -3.435997 0.436255
v 3.424544 3.189459 0.414665
v 3.420291 3.186663 0.436255
v 3.428429 3.184338 0.414913
v 3.428903 3.170551 0.436255
v 3.433372 3.172402 0.414913
v 3.438317 3.160466 0.414913
v 3.434207 3.153068 0.436255
v 3.439191 3.154098 0.414665
v 3.435997 3.134886 0.436255
v 3.366111 3.139523 0.497135
v 3.366426 3.134886 0.497152
v 3.362562 3.14809 0.497135
v 3.38119 3.160537 0.488703
v 3.366567 3.134886 0.497135
v 3.388706 3.134886 0.488803
v 3.388084 3.143893 0.488703
v 3.397619 3.171515 0.475189
v 3.388972 3.134886 0.488703
v 3.408378 3.134886 0.475429
v 3.407464 3.147748 0.475189
v 3.410907 3.180393 0.457365
v 3.364758 3.143981 0.497135
v 3.385457 3.152555 0.488703
v 3.403712 3.160116 0.475189
v 3.418476 3.166232 0.457365
v 3.423137 3.150866 0.457365
v 3.40873 3.134886 0.475189
v 3.424331 3.134886 0.457789
v 3.424711 3.134886 0.457365
v 3.435663 3.134886 0.436881
v 3.189459 3.424544 -0.414665
v 3.184338 3.428429 -0.414913
v 3.172402 3.433372 -0.414913
v 3.154098 3.439191 -0.414665
v 3.160466 3.438317 -0.414913
v 1.681117 3.342801 -0.5
v 3.134886 3.366426 -0.497152
v 3.134886 3.435997 -0.436255
v 3.134886 3.435663 -0.436881
v 3.134886 3.424711 -0.457365
v 3.134886 3.424331 -0.457789
v 3.134886 3.40873 -0.475189
v 3.134886 3.408378 -0.475429
v 3.134886 3.388972 -0.488703
v 3.134886 3.388706 -0.488803
v 3.134886 3.366567 -0.497135
v -3.365757 -3.141037 -0.497135
v -3.37526 -3.167346 -0.488803
v -3.375448 -3.167534 -0.488703
v -3.382786 -3.157971 -0.488703
v -3.387398 -3.146836 -0.488703
v -3.389171 -3.181256 -0.475429
v -3.38942 -3.181505 -0.475189
v -3.399897 -3.167851 -0.475189
v -3.406484 -3.15195 -0.475189
v -3.42192 -3.156086 -0.457365
v -3.413737 -3.175841 -0.457365
v -3.423512 -3.181484 -0.436255
v -3.432822 -3.159007 -0.436255
v -3.408701 -3.200786 -0.436255
v -3.408464 -3.200549 -0.436881
v -3.40072 -3.192805 -0.457365
v -3.400451 -3.192537 -0.457789
v -3.363383 -3.146769 -0.497135
v -3.359506 -3.151592 -0.497152
v -3.359606 -3.151691 -0.497135
v -3.18462 -3.496629 -0.0
v -3.19688 -3.492468 -0.0
v -3.208492 -3.486741 -0.0
v 3.134886 -3.435997 0.436255
v 3.134886 -3.435663 0.436881
v 3.134886 -3.424711 0.457365
v 3.134886 -3.424331 0.457789
v 3.134886 -3.40873 0.475189
v 3.134886 -3.408378 0.475429
v 3.134886 -3.388972 0.488703
v 3.134886 -3.388706 0.488803
v 3.134886 -3.366567 0.497135
v 3.134886 -3.366426 0.497152
v 3.151592 -3.359506 0.497152
v 3.200786 -3.408701 0.436255
v 3.408701 -3.200786 0.436255
v 3.200549 -3.408464 0.436881
v 3.408464 -3.200549 0.436881
v 3.192805 -3.40072 0.457365
v 3.40072 -3.192805 0.457365
v 3.192537 -3.400451 0.457789
v 3.400451 -3.192537 0.457789
v 3.181505 -3.38942 0.475189
v 3.38942 -3.181505 0.475189
v 3.181256 -3.389171 0.475429
v 3.389171 -3.181256 0.475429
v 3.167534 -3.375448 0.488703
v 3.375448 -3.167534 0.488703
v 3.167346 -3.37526 0.488803
v 3.37526 -3.167346 0.488803
v 3.151691 -3.359606 0.497135
v 3.359606 -3.151691 0.497135
v 3.359506 -3.151592 0.497152
v 3.366426 -3.134886 0.497152
v 3.435997 -3.134886 0.436255
v 3.435663 -3.134886 0.436881
v 3.424711 -3.134886 0.457365
v 3.424331 -3.134886 0.457789
v 3.40873 -3.134886 0.475189
v 3.408378 -3.134886 0.475429
v 3.388972 -3.134886 0.488703
v 3.388706 -3.134886 0.488803
v 3.366567 -3.134886 0.497135
v 3.486741 3.208492 0.0
v 3.492468 3.19688 0.0
v 3.496629 3.18462 0.0
v 3.151592 3.359506 -0.497152
v 3.14809 3.362562 -0.497135
v 3.170551 3.428903 -0.436255
v 3.186663 3.420291 -0.436255
v 3.153068 3.434207 -0.436255
v 3.150866 3.423137 -0.457365
v 3.200786 3.408701 -0.436255
v 3.200549 3.408464 -0.436881
v 3.180393 3.410907 -0.457365
v 3.147748 3.407464 -0.475189
v 3.192805 3.40072 -0.457365
v 3.192537 3.400451 -0.457789
v 3.171515 3.397619 -0.475189
v 3.143893 3.388084 -0.488703
v 3.181505 3.38942 -0.475189
v 3.181256 3.389171 -0.475429
v 3.160537 3.38119 -0.488703
v 3.139523 3.366111 -0.497135
v 3.166232 3.418476 -0.457365
v 3.160116 3.403712 -0.475189
v 3.152555 3.385457 -0.488703
v 3.143981 3.364758 -0.497135
v 3.167534 3.375448 -0.488703
v 3.167346 3.37526 -0.488803
v 3.151691 3.359606 -0.497135
v -3.151592 -3.359506 -0.497152
v -3.200786 -3.408701 -0.436255
v -3.200549 -3.408464 -0.436881
v -3.192805 -3.40072 -0.457365
v -3.192537 -3.400451 -0.457789
v -3.181505 -3.38942 -0.475189
v -3.181256 -3.389171 -0.475429
v -3.167534 -3.375448 -0.488703
v -3.167346 -3.37526 -0.488803
v -3.151691 -3.359606 -0.497135
v -3.184338 -3.428429 -0.414913
v -3.160478 -3.438312 -0.414913
v -3.184326 -3.428434 -0.414913
v -3.160466 -3.438317 -0.414913
v 3.189459 -3.424544 0.414665
v 3.186663 -3.420291 0.436255
v 3.184338 -3.428429 0.414913
v 3.170551 -3.428903 0.436255
v 3.172402 -3.433372 0.414913
v 3.160466 -3.438317 0.414913
v 3.153068 -3.434207 0.436255
v 3.154098 -3.439191 0.414665
v 3.139523 -3.366111 0.497135
v 3.14809 -3.362562 0.497135
v 3.160537 -3.38119 0.488703
v 3.143893 -3.388084 0.488703
v 3.171515 -3.397619 0.475189
v 3.147748 -3.407464 0.475189
v 3.180393 -3.410907 0.457365
v 3.143981 -3.364758 0.497135
v 3.152555 -3.385457 0.488703
v 3.160116 -3.403712 0.475189
v 3.166232 -3.418476 0.457365
v 3.150866 -3.423137 0.457365
v 3.439191 -3.154098 0.414665
v 3.434207 -3.153068 0.436255
v 3.438317 -3.160466 0.414913
v 3.428903 -3.170551 0.436255
v 3.433372 -3.172402 0.414913
v 3.428429 -3.184338 0.414913
v 3.420291 -3.186663 0.436255
v 3.424544 -3.189459 0.414665
v 3.362562 -3.14809 0.497135
v 3.366111 -3.139523 0.497135
v 3.388084 -3.143893 0.488703
v 3.38119 -3.160537 0.488703
v 3.407464 -3.147748 0.475189
v 3.397619 -3.171515 0.475189
v 3.423137 -3.150866 0.457365
v 3.364758 -3.143981 0.497135
v 3.385457 -3.152555 0.488703
v 3.403712 -3.160116 0.475189
v 3.418476 -3.166232 0.457365
v 3.410907 -3.180393 0.457365
v 3.439191 3.154098 -0.414665
v 3.438317 3.160466 -0.414913
v 3.433372 3.172402 -0.414913
v 3.424544 3.189459 -0.414665
v 3.428429 3.184338 -0.414913
v 3.408701 3.200786 -0.436255
v 3.408464 3.200549 -0.436881
v 3.40072 3.192805 -0.457365
v 3.400451 3.192537 -0.457789
v 3.38942 3.181505 -0.475189
v 3.389171 3.181256 -0.475429
v 3.375448 3.167534 -0.488703
v 3.37526 3.167346 -0.488803
v 3.359606 3.151691 -0.497135
v 3.359506 3.151592 -0.497152
v -3.146769 -3.363383 -0.497135
v -3.134886 -3.388706 -0.488803
v -3.134886 -3.388972 -0.488703
v -3.146836 -3.387398 -0.488703
v -3.157971 -3.382786 -0.488703
v -3.134886 -3.408378 -0.475429
v -3.134886 -3.40873 -0.475189
v -3.15195 -3.406484 -0.475189
v -3.167851 -3.399897 -0.475189
v -3.175841 -3.413737 -0.457365
v -3.156086 -3.42192 -0.457365
v -3.159007 -3.432822 -0.436255
v -3.181484 -3.423512 -0.436255
v -3.134886 -3.435997 -0.436255
v -3.134886 -3.435663 -0.436881
v -3.134886 -3.424711 -0.457365
v -3.134886 -3.424331 -0.457789
v -3.141037 -3.365757 -0.497135
v -3.134886 -3.366426 -0.497152
v -3.134886 -3.366567 -0.497135
v 3.208492 -3.486741 0.0
v 3.19688 -3.492468 0.0
v 3.18462 -3.496629 0.0
v 3.496629 -3.18462 -0.0
v 3.492468 -3.19688 -0.0
v 3.486741 -3.208492 -0.0
v 3.366426 3.134886 -0.497152
v 3.366111 3.139523 -0.497135
v 3.428903 3.170551 -0.436255
v 3.434207 3.153068 -0.436255
v 3.420291 3.186663 -0.436255
v 3.410907 3.180393 -0.457365
v 3.435997 3.134886 -0.436255
v 3.435663 3.134886 -0.436881
v 3.423137 3.150866 -0.457365
v 3.397619 3.171515 -0.475189
v 3.424711 3.134886 -0.457365
v 3.424331 3.134886 -0.457789
v 3.407464 3.147748 -0.475189
v 3.38119 3.160537 -0.488703
v 3.40873 3.134886 -0.475189
v 3.408378 3.134886 -0.475429
v 3.388084 3.143893 -0.488703
v 3.362562 3.14809 -0.497135
v 3.418476 3.166232 -0.457365
v 3.403712 3.160116 -0.475189
v 3.385457 3.152555 -0.488703
v 3.364758 3.143981 -0.497135
v 3.388972 3.134886 -0.488703
v 3.388706 3.134886 -0.488803
v 3.366567 3.134886 -0.497135
v 3.134886 -3.366426 -0.497152
v 1.681117 -3.342801 -0.5
v 3.134886 -3.435997 -0.436255
v 3.134886 -3.435663 -0.436881
v 3.134886 -3.424711 -0.457365
v 3.134886 -3.424331 -0.457789
v 3.134886 -3.40873 -0.475189
v 3.134886 -3.408378 -0.475429
v 3.134886 -3.388972 -0.488703
v 3.134886 -3.388706 -0.488803
v 3.134886 -3.366567 -0.497135
v 3.154098 -3.439191 -0.414665
v 3.160466 -3.438317 -0.414913
v 3.172402 -3.433372 -0.414913
v 3.189459 -3.424544 -0.414665
v 3.184338 -3.428429 -0.414913
v 3.424544 -3.189459 -0.414665
v 3.428429 -3.184338 -0.414913
v 3.433372 -3.172402 -0.414913
v 3.439191 -3.154098 -0.414665
v 3.438317 -3.160466 -0.414913
v 3.342801 2.350937 -0.5
v 3.366426 -3.134886 -0.497152
v 3.366567 -3.134886 -0.497135
v 3.388706 -3.134886 -0.488803
v 3.388972 -3.134886 -0.488703
v 3.408378 -3.134886 -0.475429
v 3.40873 -3.134886 -0.475189
v 3.424331 -3.134886 -0.457789
v 3.424711 -3.134886 -0.457365
v 3.435663 -3.134886 -0.436881
v 3.435997 -3.134886 -0.436255
v 3.139523 -3.366111 -0.497135
v 3.170551 -3.428903 -0.436255
v 3.153068 -3.434207 -0.436255
v 3.200786 -3.408701 -0.436255
v 3.186663 -3.420291 -0.436255
v 3.200549 -3.408464 -0.436881
v 3.180393 -3.410907 -0.457365
v 3.150866 -3.423137 -0.457365
v 3.171515 -3.397619 -0.475189
v 3.192537 -3.400451 -0.457789
v 3.192805 -3.40072 -0.457365
v 3.147748 -3.407464 -0.475189
v 3.160537 -3.38119 -0.488703
v 3.181256 -3.389171 -0.475429
v 3.181505 -3.38942 -0.475189
v 3.143893 -3.388084 -0.488703
v 3.14809 -3.362562 -0.497135
v 3.167346 -3.37526 -0.488803
v 3.167534 -3.375448 -0.488703
v 3.166232 -3.418476 -0.457365
v 3.160116 -3.403712 -0.475189
v 3.152555 -3.385457 -0.488703
v 3.143981 -3.364758 -0.497135
v 3.151592 -3.359506 -0.497152
v 3.151691 -3.359606 -0.497135
v 3.359506 -3.151592 -0.497152
v 3.362562 -3.14809 -0.497135
v 3.428903 -3.170551 -0.436255
v 3.420291 -3.186663 -0.436255
v 3.434207 -3.153068 -0.436255
v 3.423137 -3.150866 -0.457365
v 3.408701 -3.200786 -0.436255
v 3.408464 -3.200549 -0.436881
v 3.410907 -3.180393 -0.457365
v 3.407464 -3.147748 -0.475189
v 3.40072 -3.192805 -0.457365
v 3.400451 -3.192537 -0.457789
v 3.397619 -3.171515 -0.475189
v 3.388084 -3.143893 -0.488703
v 3.38942 -3.181505 -0.475189
v 3.389171 -3.181256 -0.475429
v 3.38119 -3.160537 -0.488703
v 3.366111 -3.139523 -0.497135
v 3.418476 -3.166232 -0.457365
v 3.403712 -3.160116 -0.475189
v 3.385457 -3.152555 -0.488703
v 3.364758 -3.143981 -0.497135
v 3.375448 -3.167534 -0.488703
v 3.37526 -3.167346 -0.488803
v 3.359606 -3.151691 -0.497135
v -2.56881 -2.788529 0.499
v -2.575625 -2.736766 0.499
newmtl 2
Ka 0.0 0.0 0.0
Kd 0.0 0.0 0.0
Ks 0.0 0.0 0.0
d 0.0
endmtl
v -2.595605 -2.688529 0.499
v -2.627389 -2.647108 0.499
v -2.668811 -2.615324 0.499
v -2.717047 -2.595344 0.499
v -2.768811 -2.58853 0.499
v -2.820574 -2.595344 0.499
v -2.86881 -2.615324 0.499
v -2.910232 -2.647108 0.499
v -2.942016 -2.688529 0.499
v -2.961996 -2.736766 0.499
v -2.968811 -2.788529 0.499
v -2.961996 -2.840293 0.499
v -2.942016 -2.88853 0.499
v -2.910232 -2.929951 0.499
v -2.86881 -2.961735 0.499
v -2.820574 -2.981715 0.499
v -2.768811 -2.98853 0.499
v -2.717047 -2.981715 0.499
v -2.668811 -2.961735 0.499
v -2.627389 -2.929951 0.499
v -2.595605 -2.88853 0.499
v -2.575625 -2.840293 0.499
v -2.768811 -2.788529 0.499
v -3.85 0.36 0.0725
v -3.85 0.14 0.0725
newmtl 3
Ka 1.0 1.0 1.0
Kd 1.0 1.0 1.0
Ks 0.5019607843137255 0.5019607843137255 0.5019607843137255
d 0.0
endmtl
v -4.5 0.36 -0.6
v -4.05 0.36 -0.6
v -4.5 0.14 -0.6
v -4.05 0.14 -0.6
v -4.5 0.36 -0.455
v -4.5 0.14 -0.455
v -4.05 0.36 -0.455
v -4.05 0.14 -0.455
v -4.048706 0.36 -0.45483
v -4.048706 0.14 -0.45483
v -4.0475 0.36 -0.45433
v -4.0475 0.14 -0.45433
v -4.046464 0.36 -0.453536
v -4.046464 0.14 -0.453536
v -4.04567 0.36 -0.4525
v -4.04567 0.14 -0.4525
v -4.04517 0.36 -0.451294
v -4.04517 0.14 -0.451294
v -4.045 0.36 -0.45
v -4.045 0.14 -0.45
v -4.045 0.36 -0.1225
v -4.045 0.14 -0.1225
v -4.038355 0.14 -0.07203
v -4.038355 0.36 -0.07203
v -4.018875 0.14 -0.025
v -4.018875 0.36 -0.025
v -3.987886 0.14 0.015386
v -3.987886 0.36 0.015386
v -3.9475 0.14 0.046375
v -3.9475 0.36 0.046375
v -3.90047 0.14 0.065856
v -3.90047 0.36 0.065856
v -3.85 0.14 -0.0725
v -3.85 0.36 -0.0725
v -3.862941 0.36 -0.074204
v -3.862941 0.14 -0.074204
v -3.875 0.36 -0.079199
v -3.875 0.14 -0.079199
v -3.885355 0.36 -0.087145
v -3.885355 0.14 -0.087145
v -3.893301 0.36 -0.0975
v -3.893301 0.14 -0.0975
v -3.898296 0.36 -0.109559
v -3.898296 0.14 -0.109559
v -3.9 0.36 -0.1225
v -3.9 0.14 -0.1225
v -3.9 0.36 -0.45
v -3.9 0.14 -0.45
v -3.905111 0.14 -0.488823
v -3.905111 0.36 -0.488823
v -3.920096 0.14 -0.525
v -3.920096 0.36 -0.525
v -3.943934 0.14 -0.556066
v -3.943934 0.36 -0.556066
v -3.975 0.14 -0.579904
v -3.975 0.36 -0.579904
v -4.011177 0.14 -0.594889
v -4.011177 0.36 -0.594889
v -3.85 0.86 0.0725
v -3.85 0.64 0.0725
v -4.5 0.86 -0.6
v -4.05 0.86 -0.6
v -4.5 0.64 -0.6
v -4.05 0.64 -0.6
v -4.5 0.86 -0.455
v -4.5 0.64 -0.455
v -4.05 0.86 -0.455
v -4.05 0.64 -0.455
v -4.048706 0.86 -0.45483
v -4.048706 0.64 -0.45483
v -4.0475 0.86 -0.45433
v -4.0475 0.64 -0.45433
v -4.046464 0.86 -0.453536
v -4.046464 0.64 -0.453536
v -4.04567 0.86 -0.4525
v -4.04567 0.64 -0.4525
v -4.04517 0.86 -0.451294
v -4.04517 0.64 -0.451294
v -4.045 0.86 -0.45
v -4.045 0.64 -0.45
v -4.045 0.86 -0.1225
v -4.045 0.64 -0.1225
v -4.038355 0.64 -0.07203
v -4.038355 0.86 -0.07203
v -4.018875 0.64 -0.025
v -4.018875 0.86 -0.025
v -3.987886 0.64 0.015386
v -3.987886 0.86 0.015386
v -3.9475 0.64 0.046375
v -3.9475 0.86 0.046375
v -3.90047 0.64 0.065856
v -3.90047 0.86 0.065856
v -3.85 0.64 -0.0725
v -3.85 0.86 -0.0725
v -3.862941 0.86 -0.074204
v -3.862941 0.64 -0.074204
v -3.875 0.86 -0.079199
v -3.875 0.64 -0.079199
v -3.885355 0.86 -0.087145
v -3.885355 0.64 -0.087145
v -3.893301 0.86 -0.0975
v -3.893301 0.64 -0.0975
v -3.898296 0.86 -0.109559
v -3.898296 0.64 -0.109559
v -3.9 0.86 -0.1225
v -3.9 0.64 -0.1225
v -3.9 0.86 -0.45
v -3.9 0.64 -0.45
v -3.905111 0.64 -0.488823
v -3.905111 0.86 -0.488823
v -3.920096 0.64 -0.525
v -3.920096 0.86 -0.525
v -3.943934 0.64 -0.556066
v -3.943934 0.86 -0.556066
v -3.975 0.64 -0.579904
v -3.975 0.86 -0.579904
v -4.011177 0.64 -0.594889
v -4.011177 0.86 -0.594889
v -3.85 1.36 0.0725
v -3.85 1.14 0.0725
v -4.5 1.36 -0.6
v -4.05 1.36 -0.6
v -4.5 1.14 -0.6
v -4.05 1.14 -0.6
v -4.5 1.36 -0.455
v -4.5 1.14 -0.455
v -4.05 1.36 -0.455
v -4.05 1.14 -0.455
v -4.048706 1.36 -0.45483
v -4.048706 1.14 -0.45483
v -4.0475 1.36 -0.45433
v -4.0475 1.14 -0.45433
v -4.046464 1.36 -0.453536
v -4.046464 1.14 -0.453536
v -4.04567 1.36 -0.4525
v -4.04567 1.14 -0.4525
v -4.04517 1.36 -0.451294
v -4.04517 1.14 -0.451294
v -4.045 1.36 -0.45
v -4.045 1.14 -0.45
v -4.045 1.36 -0.1225
v -4.045 1.14 -0.1225
v -4.038355 1.14 -0.07203
v -4.038355 1.36 -0.07203
v -4.018875 1.14 -0.025
v -4.018875 1.36 -0.025
v -3.987886 1.14 0.015386
v -3.987886 1.36 0.015386
v -3.9475 1.14 0.046375
v -3.9475 1.36 0.046375
v -3.90047 1.14 0.065856
v -3.90047 1.36 0.065856
v -3.85 1.14 -0.0725
v -3.85 1.36 -0.0725
v -3.862941 1.36 -0.074204
v -3.862941 1.14 -0.074204
v -3.875 1.36 -0.079199
v -3.875 1.14 -0.079199
v -3.885355 1.36 -0.087145
v -3.885355 1.14 -0.087145
v -3.893301 1.36 -0.0975
v -3.893301 1.14 -0.0975
v -3.898296 1.36 -0.109559
v -3.898296 1.14 -0.109559
v -3.9 1.36 -0.1225
v -3.9 1.14 -0.1225
v -3.9 1.36 -0.45
v -3.9 1.14 -0.45
v -3.905111 1.14 -0.488823
v -3.905111 1.36 -0.488823
v -3.920096 1.14 -0.525
v -3.920096 1.36 -0.525
v -3.943934 1.14 -0.556066
v -3.943934 1.36 -0.556066
v -3.975 1.14 -0.579904
v -3.975 1.36 -0.579904
v -4.011177 1.14 -0.594889
v -4.011177 1.36 -0.594889
v -3.85 1.86 0.0725
v -3.85 1.64 0.0725
v -4.5 1.86 -0.6
v -4.05 1.86 -0.6
v -4.5 1.64 -0.6
v -4.05 1.64 -0.6
v -4.5 1.86 -0.455
v -4.5 1.64 -0.455
v -4.05 1.86 -0.455
v -4.05 1.64 -0.455
v -4.048706 1.86 -0.45483
v -4.048706 1.64 -0.45483
v -4.0475 1.86 -0.45433
v -4.0475 1.64 -0.45433
v -4.046464 1.86 -0.453536
v -4.046464 1.64 -0.453536
v -4.04567 1.86 -0.4525
v -4.04567 1.64 -0.4525
v -4.04517 1.86 -0.451294
v -4.04517 1.64 -0.451294
v -4.045 1.86 -0.45
v -4.045 1.64 -0.45
v -4.045 1.86 -0.1225
v -4.045 1.64 -0.1225
v -4.038355 1.64 -0.07203
v -4.038355 1.86 -0.07203
v -4.018875 1.64 -0.025
v -4.018875 1.86 -0.025
v -3.987886 1.64 0.015386
v -3.987886 1.86 0.015386
v -3.9475 1.64 0.046375
v -3.9475 1.86 0.046375
v -3.90047 1.64 0.065856
v -3.90047 1.86 0.065856
v -3.85 1.64 -0.0725
v -3.85 1.86 -0.0725
v -3.862941 1.86 -0.074204
v -3.862941 1.64 -0.074204
v -3.875 1.86 -0.079199
v -3.875 1.64 -0.079199
v -3.885355 1.86 -0.087145
v -3.885355 1.64 -0.087145
v -3.893301 1.86 -0.0975
v -3.893301 1.64 -0.0975
v -3.898296 1.86 -0.109559
v -3.898296 1.64 -0.109559
v -3.9 1.86 -0.1225
v -3.9 1.64 -0.1225
v -3.9 1.86 -0.45
v -3.9 1.64 -0.45
v -3.905111 1.64 -0.488823
v -3.905111 1.86 -0.488823
v -3.920096 1.64 -0.525
v -3.920096 1.86 -0.525
v -3.943934 1.64 -0.556066
v -3.943934 1.86 -0.556066
v -3.975 1.64 -0.579904
v -3.975 1.86 -0.579904
v -4.011177 1.64 -0.594889
v -4.011177 1.86 -0.594889
v -3.85 2.36 0.0725
v -3.85 2.14 0.0725
v -4.5 2.36 -0.6
v -4.05 2.36 -0.6
v -4.5 2.14 -0.6
v -4.05 2.14 -0.6
v -4.5 2.36 -0.455
v -4.5 2.14 -0.455
v -4.05 2.36 -0.455
v -4.05 2.14 -0.455
v -4.048706 2.36 -0.45483
v -4.048706 2.14 -0.45483
v -4.0475 2.36 -0.45433
v -4.0475 2.14 -0.45433
v -4.046464 2.36 -0.453536
v -4.046464 2.14 -0.453536
v -4.04567 2.36 -0.4525
v -4.04567 2.14 -0.4525
v -4.04517 2.36 -0.451294
v -4.04517 2.14 -0.451294
v -4.045 2.36 -0.45
v -4.045 2.14 -0.45
v -4.045 2.36 -0.1225
v -4.045 2.14 -0.1225
v -4.038355 2.14 -0.07203
v -4.038355 2.36 -0.07203
v -4.018875 2.14 -0.025
v -4.018875 2.36 -0.025
v -3.987886 2.14 0.015386
v -3.987886 2.36 0.015386
v -3.9475 2.14 0.046375
v -3.9475 2.36 0.046375
v -3.90047 2.14 0.065856
v -3.90047 2.36 0.065856
v -3.85 2.14 -0.0725
v -3.85 2.36 -0.0725
v -3.862941 2.36 -0.074204
v -3.862941 2.14 -0.074204
v -3.875 2.36 -0.079199
v -3.875 2.14 -0.079199
v -3.885355 2.36 -0.087145
v -3.885355 2.14 -0.087145
v -3.893301 2.36 -0.0975
v -3.893301 2.14 -0.0975
v -3.898296 2.36 -0.109559
v -3.898296 2.14 -0.109559
v -3.9 2.36 -0.1225
v -3.9 2.14 -0.1225
v -3.9 2.36 -0.45
v -3.9 2.14 -0.45
v -3.905111 2.14 -0.488823
v -3.905111 2.36 -0.488823
v -3.920096 2.14 -0.525
v -3.920096 2.36 -0.525
v -3.943934 2.14 -0.556066
v -3.943934 2.36 -0.556066
v -3.975 2.14 -0.579904
v -3.975 2.36 -0.579904
v -4.011177 2.14 -0.594889
v -4.011177 2.36 -0.594889
v -3.85 2.86 0.0725
v -3.85 2.64 0.0725
v -4.5 2.86 -0.6
v -4.05 2.86 -0.6
v -4.5 2.64 -0.6
v -4.05 2.64 -0.6
v -4.5 2.86 -0.455
v -4.5 2.64 -0.455
v -4.05 2.86 -0.455
v -4.05 2.64 -0.455
v -4.048706 2.86 -0.45483
v -4.048706 2.64 -0.45483
v -4.0475 2.86 -0.45433
v -4.0475 2.64 -0.45433
v -4.046464 2.86 -0.453536
v -4.046464 2.64 -0.453536
v -4.04567 2.86 -0.4525
v -4.04567 2.64 -0.4525
v -4.04517 2.86 -0.451294
v -4.04517 2.64 -0.451294
v -4.045 2.86 -0.45
v -4.045 2.64 -0.45
v -4.045 2.86 -0.1225
v -4.045 2.64 -0.1225
v -4.038355 2.64 -0.07203
v -4.038355 2.86 -0.07203
v -4.018875 2.64 -0.025
v -4.018875 2.86 -0.025
v -3.987886 2.64 0.015386
v -3.987886 2.86 0.015386
v -3.9475 2.64 0.046375
v -3.9475 2.86 0.046375
v -3.90047 2.64 0.065856
v -3.90047 2.86 0.065856
v -3.85 2.64 -0.0725
v -3.85 2.86 -0.0725
v -3.862941 2.86 -0.074204
v -3.862941 2.64 -0.074204
v -3.875 2.86 -0.079199
v -3.875 2.64 -0.079199
v -3.885355 2.86 -0.087145
v -3.885355 2.64 -0.087145
v -3.893301 2.86 -0.0975
v -3.893301 2.64 -0.0975
v -3.898296 2.86 -0.109559
v -3.898296 2.64 -0.109559
v -3.9 2.86 -0.1225
v -3.9 2.64 -0.1225
v -3.9 2.86 -0.45
v -3.9 2.64 -0.45
v -3.905111 2.64 -0.488823
v -3.905111 2.86 -0.488823
v -3.920096 2.64 -0.525
v -3.920096 2.86 -0.525
v -3.943934 2.64 -0.556066
v -3.943934 2.86 -0.556066
v -3.975 2.64 -0.579904
v -3.975 2.86 -0.579904
v -4.011177 2.64 -0.594889
v -4.011177 2.86 -0.594889
v -3.85 -0.14 0.0725
v -3.85 -0.36 0.0725
v -4.5 -0.14 -0.6
v -4.05 -0.14 -0.6
v -4.5 -0.36 -0.6
v -4.05 -0.36 -0.6
v -4.5 -0.14 -0.455
v -4.5 -0.36 -0.455
v -4.05 -0.14 -0.455
v -4.05 -0.36 -0.455
v -4.048706 -0.14 -0.45483
v -4.048706 -0.36 -0.45483
v -4.0475 -0.14 -0.45433
v -4.0475 -0.36 -0.45433
v -4.046464 -0.14 -0.453536
v -4.046464 -0.36 -0.453536
v -4.04567 -0.14 -0.4525
v -4.04567 -0.36 -0.4525
v -4.04517 -0.14 -0.451294
v -4.04517 -0.36 -0.451294
v -4.045 -0.14 -0.45
v -4.045 -0.36 -0.45
v -4.045 -0.14 -0.1225
v -4.045 -0.36 -0.1225
v -4.038355 -0.36 -0.07203
v -4.038355 -0.14 -0.07203
v -4.018875 -0.36 -0.025
v -4.018875 -0.14 -0.025
v -3.987886 -0.36 0.015386
v -3.987886 -0.14 0.015386
v -3.9475 -0.36 0.046375
v -3.9475 -0.14 0.046375
v -3.90047 -0.36 0.065856
v -3.90047 -0.14 0.065856
v -3.85 -0.36 -0.0725
v -3.85 -0.14 -0.0725
v -3.862941 -0.14 -0.074204
v -3.862941 -0.36 -0.074204
v -3.875 -0.14 -0.079199
v -3.875 -0.36 -0.079199
v -3.885355 -0.14 -0.087145
v -3.885355 -0.36 -0.087145
v -3.893301 -0.14 -0.0975
v -3.893301 -0.36 -0.0975
v -3.898296 -0.14 -0.109559
v -3.898296 -0.36 -0.109559
v -3.9 -0.14 -0.1225
v -3.9 -0.36 -0.1225
v -3.9 -0.14 -0.45
v -3.9 -0.36 -0.45
v -3.905111 -0.36 -0.488823
v -3.905111 -0.14 -0.488823
v -3.920096 -0.36 -0.525
v -3.920096 -0.14 -0.525
v -3.943934 -0.36 -0.556066
v -3.943934 -0.14 -0.556066
v -3.975 -0.36 -0.579904
v -3.975 -0.14 -0.579904
v -4.011177 -0.36 -0.594889
v -4.011177 -0.14 -0.594889
v -3.85 -0.64 0.0725
v -3.85 -0.86 0.0725
v -4.5 -0.64 -0.6
v -4.05 -0.64 -0.6
v -4.5 -0.86 -0.6
v -4.05 -0.86 -0.6
v -4.5 -0.64 -0.455
v -4.5 -0.86 -0.455
v -4.05 -0.64 -0.455
v -4.05 -0.86 -0.455
v -4.048706 -0.64 -0.45483
v -4.048706 -0.86 -0.45483
v -4.0475 -0.64 -0.45433
v -4.0475 -0.86 -0.45433
v -4.046464 -0.64 -0.453536
v -4.046464 -0.86 -0.453536
v -4.04567 -0.64 -0.4525
v -4.04567 -0.86 -0.4525
v -4.04517 -0.64 -0.451294
v -4.04517 -0.86 -0.451294
v -4.045 -0.64 -0.45
v -4.045 -0.86 -0.45
v -4.045 -0.64 -0.1225
v -4.045 -0.86 -0.1225
v -4.038355 -0.86 -0.07203
v -4.038355 -0.64 -0.07203
v -4.018875 -0.86 -0.025
v -4.018875 -0.64 -0.025
v -3.987886 -0.86 0.015386
v -3.987886 -0.64 0.015386
v -3.9475 -0.86 0.046375
v -3.9475 -0.64 0.046375
v -3.90047 -0.86 0.065856
v -3.90047 -0.64 0.065856
v -3.85 -0.86 -0.0725
v -3.85 -0.64 -0.0725
v -3.862941 -0.64 -0.074204
v -3.862941 -0.86 -0.074204
v -3.875 -0.64 -0.079199
v -3.875 -0.86 -0.079199
v -3.885355 -0.64 -0.087145
v -3.885355 -0.86 -0.087145
v -3.893301 -0.64 -0.0975
v -3.893301 -0.86 -0.0975
v -3.898296 -0.64 -0.109559
v -3.898296 -0.86 -0.109559
v -3.9 -0.64 -0.1225
v -3.9 -0.86 -0.1225
v -3.9 -0.64 -0.45
v -3.9 -0.86 -0.45
v -3.905111 -0.86 -0.488823
v -3.905111 -0.64 -0.488823
v -3.920096 -0.86 -0.525
v -3.920096 -0.64 -0.525
v -3.943934 -0.86 -0.556066
v -3.943934 -0.64 -0.556066
v -3.975 -0.86 -0.579904
v -3.975 -0.64 -0.579904
v -4.011177 -0.86 -0.594889
v -4.011177 -0.64 -0.594889
v -3.85 -1.14 0.0725
v -3.85 -1.36 0.0725
v -4.5 -1.14 -0.6
v -4.05 -1.14 -0.6
v -4.5 -1.36 -0.6
v -4.05 -1.36 -0.6
v -4.5 -1.14 -0.455
v -4.5 -1.36 -0.455
v -4.05 -1.14 -0.455
v -4.05 -1.36 -0.455
v -4.048706 -1.14 -0.45483
v -4.048706 -1.36 -0.45483
v -4.0475 -1.14 -0.45433
v -4.0475 -1.36 -0.45433
v -4.046464 -1.14 -0.453536
v -4.046464 -1.36 -0.453536
v -4.04567 -1.14 -0.4525
v -4.04567 -1.36 -0.4525
v -4.04517 -1.14 -0.451294
v -4.04517 -1.36 -0.451294
v -4.045 -1.14 -0.45
v -4.045 -1.36 -0.45
v -4.045 -1.14 -0.1225
v -4.045 -1.36 -0.1225
v -4.038355 -1.36 -0.07203
v -4.038355 -1.14 -0.07203
v -4.018875 -1.36 -0.025
v -4.018875 -1.14 -0.025
v -3.987886 -1.36 0.015386
v -3.987886 -1.14 0.015386
v -3.9475 -1.36 0.046375
v -3.9475 -1.14 0.046375
v -3.90047 -1.36 0.065856
v -3.90047 -1.14 0.065856
v -3.85 -1.36 -0.0725
v -3.85 -1.14 -0.0725
v -3.862941 -1.14 -0.074204
v -3.862941 -1.36 -0.074204
v -3.875 -1.14 -0.079199
v -3.875 -1.36 -0.079199
v -3.885355 -1.14 -0.087145
v -3.885355 -1.36 -0.087145
v -3.893301 -1.14 -0.0975
v -3.893301 -1.36 -0.0975
v -3.898296 -1.14 -0.109559
v -3.898296 -1.36 -0.109559
v -3.9 -1.14 -0.1225
v -3.9 -1.36 -0.1225
v -3.9 -1.14 -0.45
v -3.9 -1.36 -0.45
v -3.905111 -1.36 -0.488823
v -3.905111 -1.14 -0.488823
v -3.920096 -1.36 -0.525
v -3.920096 -1.14 -0.525
v -3.943934 -1.36 -0.556066
v -3.943934 -1.14 -0.556066
v -3.975 -1.36 -0.579904
v -3.975 -1.14 -0.579904
v -4.011177 -1.36 -0.594889
v -4.011177 -1.14 -0.594889
v -3.85 -1.64 0.0725
v -3.85 -1.86 0.0725
v -4.5 -1.64 -0.6
v -4.05 -1.64 -0.6
v -4.5 -1.86 -0.6
v -4.05 -1.86 -0.6
v -4.5 -1.64 -0.455
v -4.5 -1.86 -0.455
v -4.05 -1.64 -0.455
v -4.05 -1.86 -0.455
v -4.048706 -1.64 -0.45483
v -4.048706 -1.86 -0.45483
v -4.0475 -1.64 -0.45433
v -4.0475 -1.86 -0.45433
v -4.046464 -1.64 -0.453536
v -4.046464 -1.86 -0.453536
v -4.04567 -1.64 -0.4525
v -4.04567 -1.86 -0.4525
v -4.04517 -1.64 -0.451294
v -4.04517 -1.86 -0.451294
v -4.045 -1.64 -0.45
v -4.045 -1.86 -0.45
v -4.045 -1.64 -0.1225
v -4.045 -1.86 -0.1225
v -4.038355 -1.86 -0.07203
v -4.038355 -1.64 -0.07203
v -4.018875 -1.86 -0.025
v -4.018875 -1.64 -0.025
v -3.987886 -1.86 0.015386
v -3.987886 -1.64 0.015386
v -3.9475 -1.86 0.046375
v -3.9475 -1.64 0.046375
v -3.90047 -1.86 0.065856
v -3.90047 -1.64 0.065856
v -3.85 -1.86 -0.0725
v -3.85 -1.64 -0.0725
v -3.862941 -1.64 -0.074204
v -3.862941 -1.86 -0.074204
v -3.875 -1.64 -0.079199
v -3.875 -1.86 -0.079199
v -3.885355 -1.64 -0.087145
v -3.885355 -1.86 -0.087145
v -3.893301 -1.64 -0.0975
v -3.893301 -1.86 -0.0975
v -3.898296 -1.64 -0.109559
v -3.898296 -1.86 -0.109559
v -3.9 -1.64 -0.1225
v -3.9 -1.86 -0.1225
v -3.9 -1.64 -0.45
v -3.9 -1.86 -0.45
v -3.905111 -1.86 -0.488823
v -3.905111 -1.64 -0.488823
v -3.920096 -1.86 -0.525
v -3.920096 -1.64 -0.525
v -3.943934 -1.86 -0.556066
v -3.943934 -1.64 -0.556066
v -3.975 -1.86 -0.579904
v -3.975 -1.64 -0.579904
v -4.011177 -1.86 -0.594889
v -4.011177 -1.64 -0.594889
v -3.85 -2.14 0.0725
v -3.85 -2.36 0.0725
v -4.5 -2.14 -0.6
v -4.05 -2.14 -0.6
v -4.5 -2.36 -0.6
v -4.05 -2.36 -0.6
v -4.5 -2.14 -0.455
v -4.5 -2.36 -0.455
v -4.05 -2.14 -0.455
v -4.05 -2.36 -0.455
v -4.048706 -2.14 -0.45483
v -4.048706 -2.36 -0.45483
v -4.0475 -2.14 -0.45433
v -4.0475 -2.36 -0.45433
v -4.046464 -2.14 -0.453536
v -4.046464 -2.36 -0.453536
v -4.04567 -2.14 -0.4525
v -4.04567 -2.36 -0.4525
v -4.04517 -2.14 -0.451294
v -4.04517 -2.36 -0.451294
v -4.045 -2.14 -0.45
v -4.045 -2.36 -0.45
v -4.045 -2.14 -0.1225
v -4.045 -2.36 -0.1225
v -4.038355 -2.36 -0.07203
v -4.038355 -2.14 -0.07203
v -4.018875 -2.36 -0.025
v -4.018875 -2.14 -0.025
v -3.987886 -2.36 0.015386
v -3.987886 -2.14 0.015386
v -3.9475 -2.36 0.046375
v -3.9475 -2.14 0.046375
v -3.90047 -2.36 0.065856
v -3.90047 -2.14 0.065856
v -3.85 -2.36 -0.0725
v -3.85 -2.14 -0.0725
v -3.862941 -2.14 -0.074204
v -3.862941 -2.36 -0.074204
v -3.875 -2.14 -0.079199
v -3.875 -2.36 -0.079199
v -3.885355 -2.14 -0.087145
v -3.885355 -2.36 -0.087145
v -3.893301 -2.14 -0.0975
v -3.893301 -2.36 -0.0975
v -3.898296 -2.14 -0.109559
v -3.898296 -2.36 -0.109559
v -3.9 -2.14 -0.1225
v -3.9 -2.36 -0.1225
v -3.9 -2.14 -0.45
v -3.9 -2.36 -0.45
v -3.905111 -2.36 -0.488823
v -3.905111 -2.14 -0.488823
v -3.920096 -2.36 -0.525
v -3.920096 -2.14 -0.525
v -3.943934 -2.36 -0.556066
v -3.943934 -2.14 -0.556066
v -3.975 -2.36 -0.579904
v -3.975 -2.14 -0.579904
v -4.011177 -2.36 -0.594889
v -4.011177 -2.14 -0.594889
v -3.85 -2.64 0.0725
v -3.85 -2.86 0.0725
v -4.5 -2.64 -0.6
v -4.05 -2.64 -0.6
v -4.5 -2.86 -0.6
v -4.05 -2.86 -0.6
v -4.5 -2.64 -0.455
v -4.5 -2.86 -0.455
v -4.05 -2.64 -0.455
v -4.05 -2.86 -0.455
v -4.048706 -2.64 -0.45483
v -4.048706 -2.86 -0.45483
v -4.0475 -2.64 -0.45433
v -4.0475 -2.86 -0.45433
v -4.046464 -2.64 -0.453536
v -4.046464 -2.86 -0.453536
v -4.04567 -2.64 -0.4525
v -4.04567 -2.86 -0.4525
v -4.04517 -2.64 -0.451294
v -4.04517 -2.86 -0.451294
v -4.045 -2.64 -0.45
v -4.045 -2.86 -0.45
v -4.045 -2.64 -0.1225
v -4.045 -2.86 -0.1225
v -4.038355 -2.86 -0.07203
v -4.038355 -2.64 -0.07203
v -4.018875 -2.86 -0.025
v -4.018875 -2.64 -0.025
v -3.987886 -2.86 0.015386
v -3.987886 -2.64 0.015386
v -3.9475 -2.86 0.046375
v -3.9475 -2.64 0.046375
v -3.90047 -2.86 0.065856
v -3.90047 -2.64 0.065856
v -3.85 -2.86 -0.0725
v -3.85 -2.64 -0.0725
v -3.862941 -2.64 -0.074204
v -3.862941 -2.86 -0.074204
v -3.875 -2.64 -0.079199
v -3.875 -2.86 -0.079199
v -3.885355 -2.64 -0.087145
v -3.885355 -2.86 -0.087145
v -3.893301 -2.64 -0.0975
v -3.893301 -2.86 -0.0975
v -3.898296 -2.64 -0.109559
v -3.898296 -2.86 -0.109559
v -3.9 -2.64 -0.1225
v -3.9 -2.86 -0.1225
v -3.9 -2.64 -0.45
v -3.9 -2.86 -0.45
v -3.905111 -2.86 -0.488823
v -3.905111 -2.64 -0.488823
v -3.920096 -2.86 -0.525
v -3.920096 -2.64 -0.525
v -3.943934 -2.86 -0.556066
v -3.943934 -2.64 -0.556066
v -3.975 -2.86 -0.579904
v -3.975 -2.64 -0.579904
v -4.011177 -2.86 -0.594889
v -4.011177 -2.64 -0.594889
v 0.36 3.85 0.0725
v 0.14 3.85 0.0725
v 0.36 4.5 -0.6
v 0.36 4.05 -0.6
v 0.14 4.5 -0.6
v 0.14 4.05 -0.6
v 0.36 4.5 -0.455
v 0.14 4.5 -0.455
v 0.36 4.05 -0.455
v 0.14 4.05 -0.455
v 0.36 4.048706 -0.45483
v 0.14 4.048706 -0.45483
v 0.36 4.0475 -0.45433
v 0.14 4.0475 -0.45433
v 0.36 4.046464 -0.453536
v 0.14 4.046464 -0.453536
v 0.36 4.04567 -0.4525
v 0.14 4.04567 -0.4525
v 0.36 4.04517 -0.451294
v 0.14 4.04517 -0.451294
v 0.36 4.045 -0.45
v 0.14 4.045 -0.45
v 0.36 4.045 -0.1225
v 0.14 4.045 -0.1225
v 0.14 4.038355 -0.07203
v 0.36 4.038355 -0.07203
v 0.14 4.018875 -0.025
v 0.36 4.018875 -0.025
v 0.14 3.987886 0.015386
v 0.36 3.987886 0.015386
v 0.14 3.9475 0.046375
v 0.36 3.9475 0.046375
v 0.14 3.90047 0.065856
v 0.36 3.90047 0.065856
v 0.14 3.85 -0.0725
v 0.36 3.85 -0.0725
v 0.36 3.862941 -0.074204
v 0.14 3.862941 -0.074204
v 0.36 3.875 -0.079199
v 0.14 3.875 -0.079199
v 0.36 3.885355 -0.087145
v 0.14 3.885355 -0.087145
v 0.36 3.893301 -0.0975
v 0.14 3.893301 -0.0975
v 0.36 3.898296 -0.109559
v 0.14 3.898296 -0.109559
v 0.36 3.9 -0.1225
v 0.14 3.9 -0.1225
v 0.36 3.9 -0.45
v 0.14 3.9 -0.45
v 0.14 3.905111 -0.488823
v 0.36 3.905111 -0.488823
v 0.14 3.920096 -0.525
v 0.36 3.920096 -0.525
v 0.14 3.943934 -0.556066
v 0.36 3.943934 -0.556066
v 0.14 3.975 -0.579904
v 0.36 3.975 -0.579904
v 0.14 4.011177 -0.594889
v 0.36 4.011177 -0.594889
v 0.86 3.85 0.0725
v 0.64 3.85 0.0725
v 0.86 4.5 -0.6
v 0.86 4.05 -0.6
v 0.64 4.5 -0.6
v 0.64 4.05 -0.6
v 0.86 4.5 -0.455
v 0.64 4.5 -0.455
v 0.86 4.05 -0.455
v 0.64 4.05 -0.455
v 0.86 4.048706 -0.45483
v 0.64 4.048706 -0.45483
v 0.86 4.0475 -0.45433
v 0.64 4.0475 -0.45433
v 0.86 4.046464 -0.453536
v 0.64 4.046464 -0.453536
v 0.86 4.04567 -0.4525
v 0.64 4.04567 -0.4525
v 0.86 4.04517 -0.451294
v 0.64 4.04517 -0.451294
v 0.86 4.045 -0.45
v 0.64 4.045 -0.45
v 0.86 4.045 -0.1225
v 0.64 4.045 -0.1225
v 0.64 4.038355 -0.07203
v 0.86 4.038355 -0.07203
v 0.64 4.018875 -0.025
v 0.86 4.018875 -0.025
v 0.64 3.987886 0.015386
v 0.86 3.987886 0.015386
v 0.64 3.9475 0.046375
v 0.86 3.9475 0.046375
v 0.64 3.90047 0.065856
v 0.86 3.90047 0.065856
v 0.64 3.85 -0.0725
v 0.86 3.85 -0.0725
v 0.86 3.862941 -0.074204
v 0.64 3.862941 -0.074204
v 0.86 3.875 -0.079199
v 0.64 3.875 -0.079199
v 0.86 3.885355 -0.087145
v 0.64 3.885355 -0.087145
v 0.86 3.893301 -0.0975
v 0.64 3.893301 -0.0975
v 0.86 3.898296 -0.109559
v 0.64 3.898296 -0.109559
v 0.86 3.9 -0.1225
v 0.64 3.9 -0.1225
v 0.86 3.9 -0.45
v 0.64 3.9 -0.45
v 0.64 3.905111 -0.488823
v 0.86 3.905111 -0.488823
v 0.64 3.920096 -0.525
v 0.86 3.920096 -0.525
v 0.64 3.943934 -0.556066
v 0.86 3.943934 -0.556066
v 0.64 3.975 -0.579904
v 0.86 3.975 -0.579904
v 0.64 4.011177 -0.594889
v 0.86 4.011177 -0.594889
v 1.36 3.85 0.0725
v 1.14 3.85 0.0725
v 1.36 4.5 -0.6
v 1.36 4.05 -0.6
v 1.14 4.5 -0.6
v 1.14 4.05 -0.6
v 1.36 4.5 -0.455
v 1.14 4.5 -0.455
v 1.36 4.05 -0.455
v 1.14 4.05 -0.455
v 1.36 4.048706 -0.45483
v 1.14 4.048706 -0.45483
v 1.36 4.0475 -0.45433
v 1.14 4.0475 -0.45433
v 1.36 4.046464 -0.453536
v 1.14 4.046464 -0.453536
v 1.36 4.04567 -0.4525
v 1.14 4.04567 -0.4525
v 1.36 4.04517 -0.451294
v 1.14 4.04517 -0.451294
v 1.36 4.045 -0.45
v 1.14 4.045 -0.45
v 1.36 4.045 -0.1225
v 1.14 4.045 -0.1225
v 1.14 4.038355 -0.07203
v 1.36 4.038355 -0.07203
v 1.14 4.018875 -0.025
v 1.36 4.018875 -0.025
v 1.14 3.987886 0.015386
v 1.36 3.987886 0.015386
v 1.14 3.9475 0.046375
v 1.36 3.9475 0.046375
v 1.14 3.90047 0.065856
v 1.36 3.90047 0.065856
v 1.14 3.85 -0.0725
v 1.36 3.85 -0.0725
v 1.36 3.862941 -0.074204
v 1.14 3.862941 -0.074204
v 1.36 3.875 -0.079199
v 1.14 3.875 -0.079199
v 1.36 3.885355 -0.087145
v 1.14 3.885355 -0.087145
v 1.36 3.893301 -0.0975
v 1.14 3.893301 -0.0975
v 1.36 3.898296 -0.109559
v 1.14 3.898296 -0.109559
v 1.36 3.9 -0.1225
v 1.14 3.9 -0.1225
v 1.36 3.9 -0.45
v 1.14 3.9 -0.45
v 1.14 3.905111 -0.488823
v 1.36 3.905111 -0.488823
v 1.14 3.920096 -0.525
v 1.36 3.920096 -0.525
v 1.14 3.943934 -0.556066
v 1.36 3.943934 -0.556066
v 1.14 3.975 -0.579904
v 1.36 3.975 -0.579904
v 1.14 4.011177 -0.594889
v 1.36 4.011177 -0.594889
v 1.86 3.85 0.0725
v 1.64 3.85 0.0725
v 1.86 4.5 -0.6
v 1.86 4.05 -0.6
v 1.64 4.5 -0.6
v 1.64 4.05 -0.6
v 1.86 4.5 -0.455
v 1.64 4.5 -0.455
v 1.86 4.05 -0.455
v 1.64 4.05 -0.455
v 1.86 4.048706 -0.45483
v 1.64 4.048706 -0.45483
v 1.86 4.0475 -0.45433
v 1.64 4.0475 -0.45433
v 1.86 4.046464 -0.453536
v 1.64 4.046464 -0.453536
v 1.86 4.04567 -0.4525
v 1.64 4.04567 -0.4525
v 1.86 4.04517 -0.451294
v 1.64 4.04517 -0.451294
v 1.86 4.045 -0.45
v 1.64 4.045 -0.45
v 1.86 4.045 -0.1225
v 1.64 4.045 -0.1225
v 1.64 4.038355 -0.07203
v 1.86 4.038355 -0.07203
v 1.64 4.018875 -0.025
v 1.86 4.018875 -0.025
v 1.64 3.987886 0.015386
v 1.86 3.987886 0.015386
v 1.64 3.9475 0.046375
v 1.86 3.9475 0.046375
v 1.64 3.90047 0.065856
v 1.86 3.90047 0.065856
v 1.64 3.85 -0.0725
v 1.86 3.85 -0.0725
v 1.86 3.862941 -0.074204
v 1.64 3.862941 -0.074204
v 1.86 3.875 -0.079199
v 1.64 3.875 -0.079199
v 1.86 3.885355 -0.087145
v 1.64 3.885355 -0.087145
v 1.86 3.893301 -0.0975
v 1.64 3.893301 -0.0975
v 1.86 3.898296 -0.109559
v 1.64 3.898296 -0.109559
v 1.86 3.9 -0.1225
v 1.64 3.9 -0.1225
v 1.86 3.9 -0.45
v 1.64 3.9 -0.45
v 1.64 3.905111 -0.488823
v 1.86 3.905111 -0.488823
v 1.64 3.920096 -0.525
v 1.86 3.920096 -0.525
v 1.64 3.943934 -0.556066
v 1.86 3.943934 -0.556066
v 1.64 3.975 -0.579904
v 1.86 3.975 -0.579904
v 1.64 4.011177 -0.594889
v 1.86 4.011177 -0.594889
v 2.36 3.85 0.0725
v 2.14 3.85 0.0725
v 2.36 4.5 -0.6
v 2.36 4.05 -0.6
v 2.14 4.5 -0.6
v 2.14 4.05 -0.6
v 2.36 4.5 -0.455
v 2.14 4.5 -0.455
v 2.36 4.05 -0.455
v 2.14 4.05 -0.455
v 2.36 4.048706 -0.45483
v 2.14 4.048706 -0.45483
v 2.36 4.0475 -0.45433
v 2.14 4.0475 -0.45433
v 2.36 4.046464 -0.453536
v 2.14 4.046464 -0.453536
v 2.36 4.04567 -0.4525
v 2.14 4.04567 -0.4525
v 2.36 4.04517 -0.451294
v 2.14 4.04517 -0.451294
v 2.36 4.045 -0.45
v 2.14 4.045 -0.45
v 2.36 4.045 -0.1225
v 2.14 4.045 -0.1225
v 2.14 4.038355 -0.07203
v 2.36 4.038355 -0.07203
v 2.14 4.018875 -0.025
v 2.36 4.018875 -0.025
v 2.14 3.987886 0.015386
v 2.36 3.987886 0.015386
v 2.14 3.9475 0.046375
v 2.36 3.9475 0.046375
v 2.14 3.90047 0.065856
v 2.36 3.90047 0.065856
v 2.14 3.85 -0.0725
v 2.36 3.85 -0.0725
v 2.36 3.862941 -0.074204
v 2.14 3.862941 -0.074204
v 2.36 3.875 -0.079199
v 2.14 3.875 -0.079199
v 2.36 3.885355 -0.087145
v 2.14 3.885355 -0.087145
v 2.36 3.893301 -0.0975
v 2.14 3.893301 -0.0975
v 2.36 3.898296 -0.109559
v 2.14 3.898296 -0.109559
v 2.36 3.9 -0.1225
v 2.14 3.9 -0.1225
v 2.36 3.9 -0.45
v 2.14 3.9 -0.45
v 2.14 3.905111 -0.488823
v 2.36 3.905111 -0.488823
v 2.14 3.920096 -0.525
v 2.36 3.920096 -0.525
v 2.14 3.943934 -0.556066
v 2.36 3.943934 -0.556066
v 2.14 3.975 -0.579904
v 2.36 3.975 -0.579904
v 2.14 4.011177 -0.594889
v 2.36 4.011177 -0.594889
v 2.86 3.85 0.0725
v 2.64 3.85 0.0725
v 2.86 4.5 -0.6
v 2.86 4.05 -0.6
v 2.64 4.5 -0.6
v 2.64 4.05 -0.6
v 2.86 4.5 -0.455
v 2.64 4.5 -0.455
v 2.86 4.05 -0.455
v 2.64 4.05 -0.455
v 2.86 4.048706 -0.45483
v 2.64 4.048706 -0.45483
v 2.86 4.0475 -0.45433
v 2.64 4.0475 -0.45433
v 2.86 4.046464 -0.453536
v 2.64 4.046464 -0.453536
v 2.86 4.04567 -0.4525
v 2.64 4.04567 -0.4525
v 2.86 4.04517 -0.451294
v 2.64 4.04517 -0.451294
v 2.86 4.045 -0.45
v 2.64 4.045 -0.45
v 2.86 4.045 -0.1225
v 2.64 4.045 -0.1225
v 2.64 4.038355 -0.07203
v 2.86 4.038355 -0.07203
v 2.64 4.018875 -0.025
v 2.86 4.018875 -0.025
v 2.64 3.987886 0.015386
v 2.86 3.987886 0.015386
v 2.64 3.9475 0.046375
v 2.86 3.9475 0.046375
v 2.64 3.90047 0.065856
v 2.86 3.90047 0.065856
v 2.64 3.85 -0.0725
v 2.86 3.85 -0.0725
v 2.86 3.862941 -0.074204
v 2.64 3.862941 -0.074204
v 2.86 3.875 -0.079199
v 2.64 3.875 -0.079199
v 2.86 3.885355 -0.087145
v 2.64 3.885355 -0.087145
v 2.86 3.893301 -0.0975
v 2.64 3.893301 -0.0975
v 2.86 3.898296 -0.109559
v 2.64 3.898296 -0.109559
v 2.86 3.9 -0.1225
v 2.64 3.9 -0.1225
v 2.86 3.9 -0.45
v 2.64 3.9 -0.45
v 2.64 3.905111 -0.488823
v 2.86 3.905111 -0.488823
v 2.64 3.920096 -0.525
v 2.86 3.920096 -0.525
v 2.64 3.943934 -0.556066
v 2.86 3.943934 -0.556066
v 2.64 3.975 -0.579904
v 2.86 3.975 -0.579904
v 2.64 4.011177 -0.594889
v 2.86 4.011177 -0.594889
v -0.14 3.85 0.0725
v -0.36 3.85 0.0725
v -0.14 4.5 -0.6
v -0.14 4.05 -0.6
v -0.36 4.5 -0.6
v -0.36 4.05 -0.6
v -0.14 4.5 -0.455
v -0.36 4.5 -0.455
v -0.14 4.05 -0.455
v -0.36 4.05 -0.455
v -0.14 4.048706 -0.45483
v -0.36 4.048706 -0.45483
v -0.14 4.0475 -0.45433
v -0.36 4.0475 -0.45433
v -0.14 4.046464 -0.453536
v -0.36 4.046464 -0.453536
v -0.14 4.04567 -0.4525
v -0.36 4.04567 -0.4525
v -0.14 4.04517 -0.451294
v -0.36 4.04517 -0.451294
v -0.14 4.045 -0.45
v -0.36 4.045 -0.45
v -0.14 4.045 -0.1225
v -0.36 4.045 -0.1225
v -0.36 4.038355 -0.07203
v -0.14 4.038355 -0.07203
v -0.36 4.018875 -0.025
v -0.14 4.018875 -0.025
v -0.36 3.987886 0.015386
v -0.14 3.987886 0.015386
v -0.36 3.9475 0.046375
v -0.14 3.9475 0.046375
v -0.36 3.90047 0.065856
v -0.14 3.90047 0.065856
v -0.36 3.85 -0.0725
v -0.14 3.85 -0.0725
v -0.14 3.862941 -0.074204
v -0.36 3.862941 -0.074204
v -0.14 3.875 -0.079199
v -0.36 3.875 -0.079199
v -0.14 3.885355 -0.087145
v -0.36 3.885355 -0.087145
v -0.14 3.893301 -0.0975
v -0.36 3.893301 -0.0975
v -0.14 3.898296 -0.109559
v -0.36 3.898296 -0.109559
v -0.14 3.9 -0.1225
v -0.36 3.9 -0.1225
v -0.14 3.9 -0.45
v -0.36 3.9 -0.45
v -0.36 3.905111 -0.488823
v -0.14 3.905111 -0.488823
v -0.36 3.920096 -0.525
v -0.14 3.920096 -0.525
v -0.36 3.943934 -0.556066
v -0.14 3.943934 -0.556066
v -0.36 3.975 -0.579904
v -0.14 3.975 -0.579904
v -0.36 4.011177 -0.594889
v -0.14 4.011177 -0.594889
v -0.64 3.85 0.0725
v -0.86 3.85 0.0725
v -0.64 4.5 -0.6
v -0.64 4.05 -0.6
v -0.86 4.5 -0.6
v -0.86 4.05 -0.6
v -0.64 4.5 -0.455
v -0.86 4.5 -0.455
v -0.64 4.05 -0.455
v -0.86 4.05 -0.455
v -0.64 4.048706 -0.45483
v -0.86 4.048706 -0.45483
v -0.64 4.0475 -0.45433
v -0.86 4.0475 -0.45433
v -0.64 4.046464 -0.453536
v -0.86 4.046464 -0.453536
v -0.64 4.04567 -0.4525
v -0.86 4.04567 -0.4525
v -0.64 4.04517 -0.451294
v -0.86 4.04517 -0.451294
v -0.64 4.045 -0.45
v -0.86 4.045 -0.45
v -0.64 4.045 -0.1225
v -0.86 4.045 -0.1225
v -0.86 4.038355 -0.07203
v -0.64 4.038355 -0.07203
v -0.86 4.018875 -0.025
v -0.64 4.018875 -0.025
v -0.86 3.987886 0.015386
v -0.64 3.987886 0.015386
v -0.86 3.9475 0.046375
v -0.64 3.9475 0.046375
v -0.86 3.90047 0.065856
v -0.64 3.90047 0.065856
v -0.86 3.85 -0.0725
v -0.64 3.85 -0.0725
v -0.64 3.862941 -0.074204
v -0.86 3.862941 -0.074204
v -0.64 3.875 -0.079199
v -0.86 3.875 -0.079199
v -0.64 3.885355 -0.087145
v -0.86 3.885355 -0.087145
v -0.64 3.893301 -0.0975
v -0.86 3.893301 -0.0975
v -0.64 3.898296 -0.109559
v -0.86 3.898296 -0.109559
v -0.64 3.9 -0.1225
v -0.86 3.9 -0.1225
v -0.64 3.9 -0.45
v -0.86 3.9 -0.45
v -0.86 3.905111 -0.488823
v -0.64 3.905111 -0.488823
v -0.86 3.920096 -0.525
v -0.64 3.920096 -0.525
v -0.86 3.943934 -0.556066
v -0.64 3.943934 -0.556066
v -0.86 3.975 -0.579904
v -0.64 3.975 -0.579904
v -0.86 4.011177 -0.594889
v -0.64 4.011177 -0.594889
v -1.14 3.85 0.0725
v -1.36 3.85 0.0725
v -1.14 4.5 -0.6
v -1.14 4.05 -0.6
v -1.36 4.5 -0.6
v -1.36 4.05 -0.6
v -1.14 4.5 -0.455
v -1.36 4.5 -0.455
v -1.14 4.05 -0.455
v -1.36 4.05 -0.455
v -1.14 4.048706 -0.45483
v -1.36 4.048706 -0.45483
v -1.14 4.0475 -0.45433
v -1.36 4.0475 -0.45433
v -1.14 4.046464 -0.453536
v -1.36 4.046464 -0.453536
v -1.14 4.04567 -0.4525
v -1.36 4.04567 -0.4525
v -1.14 4.04517 -0.451294
v -1.36 4.04517 -0.451294
v -1.14 4.045 -0.45
v -1.36 4.045 -0.45
v -1.14 4.045 -0.1225
v -1.36 4.045 -0.1225
v -1.36 4.038355 -0.07203
v -1.14 4.038355 -0.07203
v -1.36 4.018875 -0.025
v -1.14 4.018875 -0.025
v -1.36 3.987886 0.015386
v -1.14 3.987886 0.015386
v -1.36 3.9475 0.046375
v -1.14 3.9475 0.046375
v -1.36 3.90047 0.065856
v -1.14 3.90047 0.065856
v -1.36 3.85 -0.0725
v -1.14 3.85 -0.0725
v -1.14 3.862941 -0.074204
v -1.36 3.862941 -0.074204
v -1.14 3.875 -0.079199
v -1.36 3.875 -0.079199
v -1.14 3.885355 -0.087145
v -1.36 3.885355 -0.087145
v -1.14 3.893301 -0.0975
v -1.36 3.893301 -0.0975
v -1.14 3.898296 -0.109559
v -1.36 3.898296 -0.109559
v -1.14 3.9 -0.1225
v -1.36 3.9 -0.1225
v -1.14 3.9 -0.45
v -1.36 3.9 -0.45
v -1.36 3.905111 -0.488823
v -1.14 3.905111 -0.488823
v -1.36 3.920096 -0.525
v -1.14 3.920096 -0.525
v -1.36 3.943934 -0.556066
v -1.14 3.943934 -0.556066
v -1.36 3.975 -0.579904
v -1.14 3.975 -0.579904
v -1.36 4.011177 -0.594889
v -1.14 4.011177 -0.594889
v -1.64 3.85 0.0725
v -1.86 3.85 0.0725
v -1.64 4.5 -0.6
v -1.64 4.05 -0.6
v -1.86 4.5 -0.6
v -1.86 4.05 -0.6
v -1.64 4.5 -0.455
v -1.86 4.5 -0.455
v -1.64 4.05 -0.455
v -1.86 4.05 -0.455
v -1.64 4.048706 -0.45483
v -1.86 4.048706 -0.45483
v -1.64 4.0475 -0.45433
v -1.86 4.0475 -0.45433
v -1.64 4.046464 -0.453536
v -1.86 4.046464 -0.453536
v -1.64 4.04567 -0.4525
v -1.86 4.04567 -0.4525
v -1.64 4.04517 -0.451294
v -1.86 4.04517 -0.451294
v -1.64 4.045 -0.45
v -1.86 4.045 -0.45
v -1.64 4.045 -0.1225
v -1.86 4.045 -0.1225
v -1.86 4.038355 -0.07203
v -1.64 4.038355 -0.07203
v -1.86 4.018875 -0.025
v -1.64 4.018875 -0.025
v -1.86 3.987886 0.015386
v -1.64 3.987886 0.015386
v -1.86 3.9475 0.046375
v -1.64 3.9475 0.046375
v -1.86 3.90047 0.065856
v -1.64 3.90047 0.065856
v -1.86 3.85 -0.0725
v -1.64 3.85 -0.0725
v -1.64 3.862941 -0.074204
v -1.86 3.862941 -0.074204
v -1.64 3.875 -0.079199
v -1.86 3.875 -0.079199
v -1.64 3.885355 -0.087145
v -1.86 3.885355 -0.087145
v -1.64 3.893301 -0.0975
v -1.86 3.893301 -0.0975
v -1.64 3.898296 -0.109559
v -1.86 3.898296 -0.109559
v -1.64 3.9 -0.1225
v -1.86 3.9 -0.1225
v -1.64 3.9 -0.45
v -1.86 3.9 -0.45
v -1.86 3.905111 -0.488823
v -1.64 3.905111 -0.488823
v -1.86 3.920096 -0.525
v -1.64 3.920096 -0.525
v -1.86 3.943934 -0.556066
v -1.64 3.943934 -0.556066
v -1.86 3.975 -0.579904
v -1.64 3.975 -0.579904
v -1.86 4.011177 -0.594889
v -1.64 4.011177 -0.594889
v -2.14 3.85 0.0725
v -2.36 3.85 0.0725
v -2.14 4.5 -0.6
v -2.14 4.05 -0.6
v -2.36 4.5 -0.6
v -2.36 4.05 -0.6
v -2.14 4.5 -0.455
v -2.36 4.5 -0.455
v -2.14 4.05 -0.455
v -2.36 4.05 -0.455
v -2.14 4.048706 -0.45483
v -2.36 4.048706 -0.45483
v -2.14 4.0475 -0.45433
v -2.36 4.0475 -0.45433
v -2.14 4.046464 -0.453536
v -2.36 4.046464 -0.453536
v -2.14 4.04567 -0.4525
v -2.36 4.04567 -0.4525
v -2.14 4.04517 -0.451294
v -2.36 4.04517 -0.451294
v -2.14 4.045 -0.45
v -2.36 4.045 -0.45
v -2.14 4.045 -0.1225
v -2.36 4.045 -0.1225
v -2.36 4.038355 -0.07203
v -2.14 4.038355 -0.07203
v -2.36 4.018875 -0.025
v -2.14 4.018875 -0.025
v -2.36 3.987886 0.015386
v -2.14 3.987886 0.015386
v -2.36 3.9475 0.046375
v -2.14 3.9475 0.046375
v -2.36 3.90047 0.065856
v -2.14 3.90047 0.065856
v -2.36 3.85 -0.0725
v -2.14 3.85 -0.0725
v -2.14 3.862941 -0.074204
v -2.36 3.862941 -0.074204
v -2.14 3.875 -0.079199
v -2.36 3.875 -0.079199
v -2.14 3.885355 -0.087145
v -2.36 3.885355 -0.087145
v -2.14 3.893301 -0.0975
v -2.36 3.893301 -0.0975
v -2.14 3.898296 -0.109559
v -2.36 3.898296 -0.109559
v -2.14 3.9 -0.1225
v -2.36 3.9 -0.1225
v -2.14 3.9 -0.45
v -2.36 3.9 -0.45
v -2.36 3.905111 -0.488823
v -2.14 3.905111 -0.488823
v -2.36 3.920096 -0.525
v -2.14 3.920096 -0.525
v -2.36 3.943934 -0.556066
v -2.14 3.943934 -0.556066
v -2.36 3.975 -0.579904
v -2.14 3.975 -0.579904
v -2.36 4.011177 -0.594889
v -2.14 4.011177 -0.594889
v -2.64 3.85 0.0725
v -2.86 3.85 0.0725
v -2.64 4.5 -0.6
v -2.64 4.05 -0.6
v -2.86 4.5 -0.6
v -2.86 4.05 -0.6
v -2.64 4.5 -0.455
v -2.86 4.5 -0.455
v -2.64 4.05 -0.455
v -2.86 4.05 -0.455
v -2.64 4.048706 -0.45483
v -2.86 4.048706 -0.45483
v -2.64 4.0475 -0.45433
v -2.86 4.0475 -0.45433
v -2.64 4.046464 -0.453536
v -2.86 4.046464 -0.453536
v -2.64 4.04567 -0.4525
v -2.86 4.04567 -0.4525
v -2.64 4.04517 -0.451294
v -2.86 4.04517 -0.451294
v -2.64 4.045 -0.45
v -2.86 4.045 -0.45
v -2.64 4.045 -0.1225
v -2.86 4.045 -0.1225
v -2.86 4.038355 -0.07203
v -2.64 4.038355 -0.07203
v -2.86 4.018875 -0.025
v -2.64 4.018875 -0.025
v -2.86 3.987886 0.015386
v -2.64 3.987886 0.015386
v -2.86 3.9475 0.046375
v -2.64 3.9475 0.046375
v -2.86 3.90047 0.065856
v -2.64 3.90047 0.065856
v -2.86 3.85 -0.0725
v -2.64 3.85 -0.0725
v -2.64 3.862941 -0.074204
v -2.86 3.862941 -0.074204
v -2.64 3.875 -0.079199
v -2.86 3.875 -0.079199
v -2.64 3.885355 -0.087145
v -2.86 3.885355 -0.087145
v -2.64 3.893301 -0.0975
v -2.86 3.893301 -0.0975
v -2.64 3.898296 -0.109559
v -2.86 3.898296 -0.109559
v -2.64 3.9 -0.1225
v -2.86 3.9 -0.1225
v -2.64 3.9 -0.45
v -2.86 3.9 -0.45
v -2.86 3.905111 -0.488823
v -2.64 3.905111 -0.488823
v -2.86 3.920096 -0.525
v -2.64 3.920096 -0.525
v -2.86 3.943934 -0.556066
v -2.64 3.943934 -0.556066
v -2.86 3.975 -0.579904
v -2.64 3.975 -0.579904
v -2.86 4.011177 -0.594889
v -2.64 4.011177 -0.594889
v 3.85 -0.36 0.0725
v 3.85 -0.14 0.0725
v 4.5 -0.36 -0.6
v 4.05 -0.36 -0.6
v 4.5 -0.14 -0.6
v 4.05 -0.14 -0.6
v 4.5 -0.36 -0.455
v 4.5 -0.14 -0.455
v 4.05 -0.36 -0.455
v 4.05 -0.14 -0.455
v 4.048706 -0.36 -0.45483
v 4.048706 -0.14 -0.45483
v 4.0475 -0.36 -0.45433
v 4.0475 -0.14 -0.45433
v 4.046464 -0.36 -0.453536
v 4.046464 -0.14 -0.453536
v 4.04567 -0.36 -0.4525
v 4.04567 -0.14 -0.4525
v 4.04517 -0.36 -0.451294
v 4.04517 -0.14 -0.451294
v 4.045 -0.36 -0.45
v 4.045 -0.14 -0.45
v 4.045 -0.36 -0.1225
v 4.045 -0.14 -0.1225
v 4.038355 -0.14 -0.07203
v 4.038355 -0.36 -0.07203
v 4.018875 -0.14 -0.025
v 4.018875 -0.36 -0.025
v 3.987886 -0.14 0.015386
v 3.987886 -0.36 0.015386
v 3.9475 -0.14 0.046375
v 3.9475 -0.36 0.046375
v 3.90047 -0.14 0.065856
v 3.90047 -0.36 0.065856
v 3.85 -0.14 -0.0725
v 3.85 -0.36 -0.0725
v 3.862941 -0.36 -0.074204
v 3.862941 -0.14 -0.074204
v 3.875 -0.36 -0.079199
v 3.875 -0.14 -0.079199
v 3.885355 -0.36 -0.087145
v 3.885355 -0.14 -0.087145
v 3.893301 -0.36 -0.0975
v 3.893301 -0.14 -0.0975
v 3.898296 -0.36 -0.109559
v 3.898296 -0.14 -0.109559
v 3.9 -0.36 -0.1225
v 3.9 -0.14 -0.1225
v 3.9 -0.36 -0.45
v 3.9 -0.14 -0.45
v 3.905111 -0.14 -0.488823
v 3.905111 -0.36 -0.488823
v 3.920096 -0.14 -0.525
v 3.920096 -0.36 -0.525
v 3.943934 -0.14 -0.556066
v 3.943934 -0.36 -0.556066
v 3.975 -0.14 -0.579904
v 3.975 -0.36 -0.579904
v 4.011177 -0.14 -0.594889
v 4.011177 -0.36 -0.594889
v 3.85 -0.86 0.0725
v 3.85 -0.64 0.0725
v 4.5 -0.86 -0.6
v 4.05 -0.86 -0.6
v 4.5 -0.64 -0.6
v 4.05 -0.64 -0.6
v 4.5 -0.86 -0.455
v 4.5 -0.64 -0.455
v 4.05 -0.86 -0.455
v 4.05 -0.64 -0.455
v 4.048706 -0.86 -0.45483
v 4.048706 -0.64 -0.45483
v 4.0475 -0.86 -0.45433
v 4.0475 -0.64 -0.45433
v 4.046464 -0.86 -0.453536
v 4.046464 -0.64 -0.453536
v 4.04567 -0.86 -0.4525
v 4.04567 -0.64 -0.4525
v 4.04517 -0.86 -0.451294
v 4.04517 -0.64 -0.451294
v 4.045 -0.86 -0.45
v 4.045 -0.64 -0.45
v 4.045 -0.86 -0.1225
v 4.045 -0.64 -0.1225
v 4.038355 -0.64 -0.07203
v 4.038355 -0.86 -0.07203
v 4.018875 -0.64 -0.025
v 4.018875 -0.86 -0.025
v 3.987886 -0.64 0.015386
v 3.987886 -0.86 0.015386
v 3.9475 -0.64 0.046375
v 3.9475 -0.86 0.046375
v 3.90047 -0.64 0.065856
v 3.90047 -0.86 0.065856
v 3.85 -0.64 -0.0725
v 3.85 -0.86 -0.0725
v 3.862941 -0.86 -0.074204
v 3.862941 -0.64 -0.074204
v 3.875 -0.86 -0.079199
v 3.875 -0.64 -0.079199
v 3.885355 -0.86 -0.087145
v 3.885355 -0.64 -0.087145
v 3.893301 -0.86 -0.0975
v 3.893301 -0.64 -0.0975
v 3.898296 -0.86 -0.109559
v 3.898296 -0.64 -0.109559
v 3.9 -0.86 -0.1225
v 3.9 -0.64 -0.1225
v 3.9 -0.86 -0.45
v 3.9 -0.64 -0.45
v 3.905111 -0.64 -0.488823
v 3.905111 -0.86 -0.488823
v 3.920096 -0.64 -0.525
v 3.920096 -0.86 -0.525
v 3.943934 -0.64 -0.556066
v 3.943934 -0.86 -0.556066
v 3.975 -0.64 -0.579904
v 3.975 -0.86 -0.579904
v 4.011177 -0.64 -0.594889
v 4.011177 -0.86 -0.594889
v 3.85 -1.36 0.0725
v 3.85 -1.14 0.0725
v 4.5 -1.36 -0.6
v 4.05 -1.36 -0.6
v 4.5 -1.14 -0.6
v 4.05 -1.14 -0.6
v 4.5 -1.36 -0.455
v 4.5 -1.14 -0.455
v 4.05 -1.36 -0.455
v 4.05 -1.14 -0.455
v 4.048706 -1.36 -0.45483
v 4.048706 -1.14 -0.45483
v 4.0475 -1.36 -0.45433
v 4.0475 -1.14 -0.45433
v 4.046464 -1.36 -0.453536
v 4.046464 -1.14 -0.453536
v 4.04567 -1.36 -0.4525
v 4.04567 -1.14 -0.4525
v 4.04517 -1.36 -0.451294
v 4.04517 -1.14 -0.451294
v 4.045 -1.36 -0.45
v 4.045 -1.14 -0.45
v 4.045 -1.36 -0.1225
v 4.045 -1.14 -0.1225
v 4.038355 -1.14 -0.07203
v 4.038355 -1.36 -0.07203
v 4.018875 -1.14 -0.025
v 4.018875 -1.36 -0.025
v 3.987886 -1.14 0.015386
v 3.987886 -1.36 0.015386
v 3.9475 -1.14 0.046375
v 3.9475 -1.36 0.046375
v 3.90047 -1.14 0.065856
v 3.90047 -1.36 0.065856
v 3.85 -1.14 -0.0725
v 3.85 -1.36 -0.0725
v 3.862941 -1.36 -0.074204
v 3.862941 -1.14 -0.074204
v 3.875 -1.36 -0.079199
v 3.875 -1.14 -0.079199
v 3.885355 -1.36 -0.087145
v 3.885355 -1.14 -0.087145
v 3.893301 -1.36 -0.0975
v 3.893301 -1.14 -0.0975
v 3.898296 -1.36 -0.109559
v 3.898296 -1.14 -0.109559
v 3.9 -1.36 -0.1225
v 3.9 -1.14 -0.1225
v 3.9 -1.36 -0.45
v 3.9 -1.14 -0.45
v 3.905111 -1.14 -0.488823
v 3.905111 -1.36 -0.488823
v 3.920096 -1.14 -0.525
v 3.920096 -1.36 -0.525
v 3.943934 -1.14 -0.556066
v 3.943934 -1.36 -0.556066
v 3.975 -1.14 -0.579904
v 3.975 -1.36 -0.579904
v 4.011177 -1.14 -0.594889
v 4.011177 -1.36 -0.594889
v 3.85 -1.86 0.0725
v 3.85 -1.64 0.0725
v 4.5 -1.86 -0.6
v 4.05 -1.86 -0.6
v 4.5 -1.64 -0.6
v 4.05 -1.64 -0.6
v 4.5 -1.86 -0.455
v 4.5 -1.64 -0.455
v 4.05 -1.86 -0.455
v 4.05 -1.64 -0.455
v 4.048706 -1.86 -0.45483
v 4.048706 -1.64 -0.45483
v 4.0475 -1.86 -0.45433
v 4.0475 -1.64 -0.45433
v 4.046464 -1.86 -0.453536
v 4.046464 -1.64 -0.453536
v 4.04567 -1.86 -0.4525
v 4.04567 -1.64 -0.4525
v 4.04517 -1.86 -0.451294
v 4.04517 -1.64 -0.451294
v 4.045 -1.86 -0.45
v 4.045 -1.64 -0.45
v 4.045 -1.86 -0.1225
v 4.045 -1.64 -0.1225
v 4.038355 -1.64 -0.07203
v 4.038355 -1.86 -0.07203
v 4.018875 -1.64 -0.025
v 4.018875 -1.86 -0.025
v 3.987886 -1.64 0.015386
v 3.987886 -1.86 0.015386
v 3.9475 -1.64 0.046375
v 3.9475 -1.86 0.046375
v 3.90047 -1.64 0.065856
v 3.90047 -1.86 0.065856
v 3.85 -1.64 -0.0725
v 3.85 -1.86 -0.0725
v 3.862941 -1.86 -0.074204
v 3.862941 -1.64 -0.074204
v 3.875 -1.86 -0.079199
v 3.875 -1.64 -0.079199
v 3.885355 -1.86 -0.087145
v 3.885355 -1.64 -0.087145
v 3.893301 -1.86 -0.0975
v 3.893301 -1.64 -0.0975
v 3.898296 -1.86 -0.109559
v 3.898296 -1.64 -0.109559
v 3.9 -1.86 -0.1225
v 3.9 -1.64 -0.1225
v 3.9 -1.86 -0.45
v 3.9 -1.64 -0.45
v 3.905111 -1.64 -0.488823
v 3.905111 -1.86 -0.488823
v 3.920096 -1.64 -0.525
v 3.920096 -1.86 -0.525
v 3.943934 -1.64 -0.556066
v 3.943934 -1.86 -0.556066
v 3.975 -1.64 -0.579904
v 3.975 -1.86 -0.579904
v 4.011177 -1.64 -0.594889
v 4.011177 -1.86 -0.594889
v 3.85 -2.36 0.0725
v 3.85 -2.14 0.0725
v 4.5 -2.36 -0.6
v 4.05 -2.36 -0.6
v 4.5 -2.14 -0.6
v 4.05 -2.14 -0.6
v 4.5 -2.36 -0.455
v 4.5 -2.14 -0.455
v 4.05 -2.36 -0.455
v 4.05 -2.14 -0.455
v 4.048706 -2.36 -0.45483
v 4.048706 -2.14 -0.45483
v 4.0475 -2.36 -0.45433
v 4.0475 -2.14 -0.45433
v 4.046464 -2.36 -0.453536
v 4.046464 -2.14 -0.453536
v 4.04567 -2.36 -0.4525
v 4.04567 -2.14 -0.4525
v 4.04517 -2.36 -0.451294
v 4.04517 -2.14 -0.451294
v 4.045 -2.36 -0.45
v 4.045 -2.14 -0.45
v 4.045 -2.36 -0.1225
v 4.045 -2.14 -0.1225
v 4.038355 -2.14 -0.07203
v 4.038355 -2.36 -0.07203
v 4.018875 -2.14 -0.025
v 4.018875 -2.36 -0.025
v 3.987886 -2.14 0.015386
v 3.987886 -2.36 0.015386
v 3.9475 -2.14 0.046375
v 3.9475 -2.36 0.046375
v 3.90047 -2.14 0.065856
v 3.90047 -2.36 0.065856
v 3.85 -2.14 -0.0725
v 3.85 -2.36 -0.0725
v 3.862941 -2.36 -0.074204
v 3.862941 -2.14 -0.074204
v 3.875 -2.36 -0.079199
v 3.875 -2.14 -0.079199
v 3.885355 -2.36 -0.087145
v 3.885355 -2.14 -0.087145
v 3.893301 -2.36 -0.0975
v 3.893301 -2.14 -0.0975
v 3.898296 -2.36 -0.109559
v 3.898296 -2.14 -0.109559
v 3.9 -2.36 -0.1225
v 3.9 -2.14 -0.1225
v 3.9 -2.36 -0.45
v 3.9 -2.14 -0.45
v 3.905111 -2.14 -0.488823
v 3.905111 -2.36 -0.488823
v 3.920096 -2.14 -0.525
v 3.920096 -2.36 -0.525
v 3.943934 -2.14 -0.556066
v 3.943934 -2.36 -0.556066
v 3.975 -2.14 -0.579904
v 3.975 -2.36 -0.579904
v 4.011177 -2.14 -0.594889
v 4.011177 -2.36 -0.594889
v 3.85 -2.86 0.0725
v 3.85 -2.64 0.0725
v 4.5 -2.86 -0.6
v 4.05 -2.86 -0.6
v 4.5 -2.64 -0.6
v 4.05 -2.64 -0.6
v 4.5 -2.86 -0.455
v 4.5 -2.64 -0.455
v 4.05 -2.86 -0.455
v 4.05 -2.64 -0.455
v 4.048706 -2.86 -0.45483
v 4.048706 -2.64 -0.45483
v 4.0475 -2.86 -0.45433
v 4.0475 -2.64 -0.45433
v 4.046464 -2.86 -0.453536
v 4.046464 -2.64 -0.453536
v 4.04567 -2.86 -0.4525
v 4.04567 -2.64 -0.4525
v 4.04517 -2.86 -0.451294
v 4.04517 -2.64 -0.451294
v 4.045 -2.86 -0.45
v 4.045 -2.64 -0.45
v 4.045 -2.86 -0.1225
v 4.045 -2.64 -0.1225
v 4.038355 -2.64 -0.07203
v 4.038355 -2.86 -0.07203
v 4.018875 -2.64 -0.025
v 4.018875 -2.86 -0.025
v 3.987886 -2.64 0.015386
v 3.987886 -2.86 0.015386
v 3.9475 -2.64 0.046375
v 3.9475 -2.86 0.046375
v 3.90047 -2.64 0.065856
v 3.90047 -2.86 0.065856
v 3.85 -2.64 -0.0725
v 3.85 -2.86 -0.0725
v 3.862941 -2.86 -0.074204
v 3.862941 -2.64 -0.074204
v 3.875 -2.86 -0.079199
v 3.875 -2.64 -0.079199
v 3.885355 -2.86 -0.087145
v 3.885355 -2.64 -0.087145
v 3.893301 -2.86 -0.0975
v 3.893301 -2.64 -0.0975
v 3.898296 -2.86 -0.109559
v 3.898296 -2.64 -0.109559
v 3.9 -2.86 -0.1225
v 3.9 -2.64 -0.1225
v 3.9 -2.86 -0.45
v 3.9 -2.64 -0.45
v 3.905111 -2.64 -0.488823
v 3.905111 -2.86 -0.488823
v 3.920096 -2.64 -0.525
v 3.920096 -2.86 -0.525
v 3.943934 -2.64 -0.556066
v 3.943934 -2.86 -0.556066
v 3.975 -2.64 -0.579904
v 3.975 -2.86 -0.579904
v 4.011177 -2.64 -0.594889
v 4.011177 -2.86 -0.594889
v 3.85 0.14 0.0725
v 3.85 0.36 0.0725
v 4.5 0.14 -0.6
v 4.05 0.14 -0.6
v 4.5 0.36 -0.6
v 4.05 0.36 -0.6
v 4.5 0.14 -0.455
v 4.5 0.36 -0.455
v 4.05 0.14 -0.455
v 4.05 0.36 -0.455
v 4.048706 0.14 -0.45483
v 4.048706 0.36 -0.45483
v 4.0475 0.14 -0.45433
v 4.0475 0.36 -0.45433
v 4.046464 0.14 -0.453536
v 4.046464 0.36 -0.453536
v 4.04567 0.14 -0.4525
v 4.04567 0.36 -0.4525
v 4.04517 0.14 -0.451294
v 4.04517 0.36 -0.451294
v 4.045 0.14 -0.45
v 4.045 0.36 -0.45
v 4.045 0.14 -0.1225
v 4.045 0.36 -0.1225
v 4.038355 0.36 -0.07203
v 4.038355 0.14 -0.07203
v 4.018875 0.36 -0.025
v 4.018875 0.14 -0.025
v 3.987886 0.36 0.015386
v 3.987886 0.14 0.015386
v 3.9475 0.36 0.046375
v 3.9475 0.14 0.046375
v 3.90047 0.36 0.065856
v 3.90047 0.14 0.065856
v 3.85 0.36 -0.0725
v 3.85 0.14 -0.0725
v 3.862941 0.14 -0.074204
v 3.862941 0.36 -0.074204
v 3.875 0.14 -0.079199
v 3.875 0.36 -0.079199
v 3.885355 0.14 -0.087145
v 3.885355 0.36 -0.087145
v 3.893301 0.14 -0.0975
v 3.893301 0.36 -0.0975
v 3.898296 0.14 -0.109559
v 3.898296 0.36 -0.109559
v 3.9 0.14 -0.1225
v 3.9 0.36 -0.1225
v 3.9 0.14 -0.45
v 3.9 0.36 -0.45
v 3.905111 0.36 -0.488823
v 3.905111 0.14 -0.488823
v 3.920096 0.36 -0.525
v 3.920096 0.14 -0.525
v 3.943934 0.36 -0.556066
v 3.943934 0.14 -0.556066
v 3.975 0.36 -0.579904
v 3.975 0.14 -0.579904
v 4.011177 0.36 -0.594889
v 4.011177 0.14 -0.594889
v 3.85 0.64 0.0725
v 3.85 0.86 0.0725
v 4.5 0.64 -0.6
v 4.05 0.64 -0.6
v 4.5 0.86 -0.6
v 4.05 0.86 -0.6
v 4.5 0.64 -0.455
v 4.5 0.86 -0.455
v 4.05 0.64 -0.455
v 4.05 0.86 -0.455
v 4.048706 0.64 -0.45483
v 4.048706 0.86 -0.45483
v 4.0475 0.64 -0.45433
v 4.0475 0.86 -0.45433
v 4.046464 0.64 -0.453536
v 4.046464 0.86 -0.453536
v 4.04567 0.64 -0.4525
v 4.04567 0.86 -0.4525
v 4.04517 0.64 -0.451294
v 4.04517 0.86 -0.451294
v 4.045 0.64 -0.45
v 4.045 0.86 -0.45
v 4.045 0.64 -0.1225
v 4.045 0.86 -0.1225
v 4.038355 0.86 -0.07203
v 4.038355 0.64 -0.07203
v 4.018875 0.86 -0.025
v 4.018875 0.64 -0.025
v 3.987886 0.86 0.015386
v 3.987886 0.64 0.015386
v 3.9475 0.86 0.046375
v 3.9475 0.64 0.046375
v 3.90047 0.86 0.065856
v 3.90047 0.64 0.065856
v 3.85 0.86 -0.0725
v 3.85 0.64 -0.0725
v 3.862941 0.64 -0.074204
v 3.862941 0.86 -0.074204
v 3.875 0.64 -0.079199
v 3.875 0.86 -0.079199
v 3.885355 0.64 -0.087145
v 3.885355 0.86 -0.087145
v 3.893301 0.64 -0.0975
v 3.893301 0.86 -0.0975
v 3.898296 0.64 -0.109559
v 3.898296 0.86 -0.109559
v 3.9 0.64 -0.1225
v 3.9 0.86 -0.1225
v 3.9 0.64 -0.45
v 3.9 0.86 -0.45
v 3.905111 0.86 -0.488823
v 3.905111 0.64 -0.488823
v 3.920096 0.86 -0.525
v 3.920096 0.64 -0.525
v 3.943934 0.86 -0.556066
v 3.943934 0.64 -0.556066
v 3.975 0.86 -0.579904
v 3.975 0.64 -0.579904
v 4.011177 0.86 -0.594889
v 4.011177 0.64 -0.594889
v 3.85 1.14 0.0725
v 3.85 1.36 0.0725
v 4.5 1.14 -0.6
v 4.05 1.14 -0.6
v 4.5 1.36 -0.6
v 4.05 1.36 -0.6
v 4.5 1.14 -0.455
v 4.5 1.36 -0.455
v 4.05 1.14 -0.455
v 4.05 1.36 -0.455
v 4.048706 1.14 -0.45483
v 4.048706 1.36 -0.45483
v 4.0475 1.14 -0.45433
v 4.0475 1.36 -0.45433
v 4.046464 1.14 -0.453536
v 4.046464 1.36 -0.453536
v 4.04567 1.14 -0.4525
v 4.04567 1.36 -0.4525
v 4.04517 1.14 -0.451294
v 4.04517 1.36 -0.451294
v 4.045 1.14 -0.45
v 4.045 1.36 -0.45
v 4.045 1.14 -0.1225
v 4.045 1.36 -0.1225
v 4.038355 1.36 -0.07203
v 4.038355 1.14 -0.07203
v 4.018875 1.36 -0.025
v 4.018875 1.14 -0.025
v 3.987886 1.36 0.015386
v 3.987886 1.14 0.015386
v 3.9475 1.36 0.046375
v 3.9475 1.14 0.046375
v 3.90047 1.36 0.065856
v 3.90047 1.14 0.065856
v 3.85 1.36 -0.0725
v 3.85 1.14 -0.0725
v 3.862941 1.14 -0.074204
v 3.862941 1.36 -0.074204
v 3.875 1.14 -0.079199
v 3.875 1.36 -0.079199
v 3.885355 1.14 -0.087145
v 3.885355 1.36 -0.087145
v 3.893301 1.14 -0.0975
v 3.893301 1.36 -0.0975
v 3.898296 1.14 -0.109559
v 3.898296 1.36 -0.109559
v 3.9 1.14 -0.1225
v 3.9 1.36 -0.1225
v 3.9 1.14 -0.45
v 3.9 1.36 -0.45
v 3.905111 1.36 -0.488823
v 3.905111 1.14 -0.488823
v 3.920096 1.36 -0.525
v 3.920096 1.14 -0.525
v 3.943934 1.36 -0.556066
v 3.943934 1.14 -0.556066
v 3.975 1.36 -0.579904
v 3.975 1.14 -0.579904
v 4.011177 1.36 -0.594889
v 4.011177 1.14 -0.594889
v 3.85 1.64 0.0725
v 3.85 1.86 0.0725
v 4.5 1.64 -0.6
v 4.05 1.64 -0.6
v 4.5 1.86 -0.6
v 4.05 1.86 -0.6
v 4.5 1.64 -0.455
v 4.5 1.86 -0.455
v 4.05 1.64 -0.455
v 4.05 1.86 -0.455
v 4.048706 1.64 -0.45483
v 4.048706 1.86 -0.45483
v 4.0475 1.64 -0.45433
v 4.0475 1.86 -0.45433
v 4.046464 1.64 -0.453536
v 4.046464 1.86 -0.453536
v 4.04567 1.64 -0.4525
v 4.04567 1.86 -0.4525
v 4.04517 1.64 -0.451294
v 4.04517 1.86 -0.451294
v 4.045 1.64 -0.45
v 4.045 1.86 -0.45
v 4.045 1.64 -0.1225
v 4.045 1.86 -0.1225
v 4.038355 1.86 -0.07203
v 4.038355 1.64 -0.07203
v 4.018875 1.86 -0.025
v 4.018875 1.64 -0.025
v 3.987886 1.86 0.015386
v 3.987886 1.64 0.015386
v 3.9475 1.86 0.046375
v 3.9475 1.64 0.046375
v 3.90047 1.86 0.065856
v 3.90047 1.64 0.065856
v 3.85 1.86 -0.0725
v 3.85 1.64 -0.0725
v 3.862941 1.64 -0.074204
v 3.862941 1.86 -0.074204
v 3.875 1.64 -0.079199
v 3.875 1.86 -0.079199
v 3.885355 1.64 -0.087145
v 3.885355 1.86 -0.087145
v 3.893301 1.64 -0.0975
v 3.893301 1.86 -0.0975
v 3.898296 1.64 -0.109559
v 3.898296 1.86 -0.109559
v 3.9 1.64 -0.1225
v 3.9 1.86 -0.1225
v 3.9 1.64 -0.45
v 3.9 1.86 -0.45
v 3.905111 1.86 -0.488823
v 3.905111 1.64 -0.488823
v 3.920096 1.86 -0.525
v 3.920096 1.64 -0.525
v 3.943934 1.86 -0.556066
v 3.943934 1.64 -0.556066
v 3.975 1.86 -0.579904
v 3.975 1.64 -0.579904
v 4.011177 1.86 -0.594889
v 4.011177 1.64 -0.594889
v 3.85 2.14 0.0725
v 3.85 2.36 0.0725
v 4.5 2.14 -0.6
v 4.05 2.14 -0.6
v 4.5 2.36 -0.6
v 4.05 2.36 -0.6
v 4.5 2.14 -0.455
v 4.5 2.36 -0.455
v 4.05 2.14 -0.455
v 4.05 2.36 -0.455
v 4.048706 2.14 -0.45483
v 4.048706 2.36 -0.45483
v 4.0475 2.14 -0.45433
v 4.0475 2.36 -0.45433
v 4.046464 2.14 -0.453536
v 4.046464 2.36 -0.453536
v 4.04567 2.14 -0.4525
v 4.04567 2.36 -0.4525
v 4.04517 2.14 -0.451294
v 4.04517 2.36 -0.451294
v 4.045 2.14 -0.45
v 4.045 2.36 -0.45
v 4.045 2.14 -0.1225
v 4.045 2.36 -0.1225
v 4.038355 2.36 -0.07203
v 4.038355 2.14 -0.07203
v 4.018875 2.36 -0.025
v 4.018875 2.14 -0.025
v 3.987886 2.36 0.015386
v 3.987886 2.14 0.015386
v 3.9475 2.36 0.046375
v 3.9475 2.14 0.046375
v 3.90047 2.36 0.065856
v 3.90047 2.14 0.065856
v 3.85 2.36 -0.0725
v 3.85 2.14 -0.0725
v 3.862941 2.14 -0.074204
v 3.862941 2.36 -0.074204
v 3.875 2.14 -0.079199
v 3.875 2.36 -0.079199
v 3.885355 2.14 -0.087145
v 3.885355 2.36 -0.087145
v 3.893301 2.14 -0.0975
v 3.893301 2.36 -0.0975
v 3.898296 2.14 -0.109559
v 3.898296 2.36 -0.109559
v 3.9 2.14 -0.1225
v 3.9 2.36 -0.1225
v 3.9 2.14 -0.45
v 3.9 2.36 -0.45
v 3.905111 2.36 -0.488823
v 3.905111 2.14 -0.488823
v 3.920096 2.36 -0.525
v 3.920096 2.14 -0.525
v 3.943934 2.36 -0.556066
v 3.943934 2.14 -0.556066
v 3.975 2.36 -0.579904
v 3.975 2.14 -0.579904
v 4.011177 2.36 -0.594889
v 4.011177 2.14 -0.594889
v 3.85 2.64 0.0725
v 3.85 2.86 0.0725
v 4.5 2.64 -0.6
v 4.05 2.64 -0.6
v 4.5 2.86 -0.6
v 4.05 2.86 -0.6
v 4.5 2.64 -0.455
v 4.5 2.86 -0.455
v 4.05 2.64 -0.455
v 4.05 2.86 -0.455
v 4.048706 2.64 -0.45483
v 4.048706 2.86 -0.45483
v 4.0475 2.64 -0.45433
v 4.0475 2.86 -0.45433
v 4.046464 2.64 -0.453536
v 4.046464 2.86 -0.453536
v 4.04567 2.64 -0.4525
v 4.04567 2.86 -0.4525
v 4.04517 2.64 -0.451294
v 4.04517 2.86 -0.451294
v 4.045 2.64 -0.45
v 4.045 2.86 -0.45
v 4.045 2.64 -0.1225
v 4.045 2.86 -0.1225
v 4.038355 2.86 -0.07203
v 4.038355 2.64 -0.07203
v 4.018875 2.86 -0.025
v 4.018875 2.64 -0.025
v 3.987886 2.86 0.015386
v 3.987886 2.64 0.015386
v 3.9475 2.86 0.046375
v 3.9475 2.64 0.046375
v 3.90047 2.86 0.065856
v 3.90047 2.64 0.065856
v 3.85 2.86 -0.0725
v 3.85 2.64 -0.0725
v 3.862941 2.64 -0.074204
v 3.862941 2.86 -0.074204
v 3.875 2.64 -0.079199
v 3.875 2.86 -0.079199
v 3.885355 2.64 -0.087145
v 3.885355 2.86 -0.087145
v 3.893301 2.64 -0.0975
v 3.893301 2.86 -0.0975
v 3.898296 2.64 -0.109559
v 3.898296 2.86 -0.109559
v 3.9 2.64 -0.1225
v 3.9 2.86 -0.1225
v 3.9 2.64 -0.45
v 3.9 2.86 -0.45
v 3.905111 2.86 -0.488823
v 3.905111 2.64 -0.488823
v 3.920096 2.86 -0.525
v 3.920096 2.64 -0.525
v 3.943934 2.86 -0.556066
v 3.943934 2.64 -0.556066
v 3.975 2.86 -0.579904
v 3.975 2.64 -0.579904
v 4.011177 2.86 -0.594889
v 4.011177 2.64 -0.594889
v -0.36 -3.85 0.0725
v -0.14 -3.85 0.0725
v -0.36 -4.5 -0.6
v -0.36 -4.05 -0.6
v -0.14 -4.5 -0.6
v -0.14 -4.05 -0.6
v -0.36 -4.5 -0.455
v -0.14 -4.5 -0.455
v -0.36 -4.05 -0.455
v -0.14 -4.05 -0.455
v -0.36 -4.048706 -0.45483
v -0.14 -4.048706 -0.45483
v -0.36 -4.0475 -0.45433
v -0.14 -4.0475 -0.45433
v -0.36 -4.046464 -0.453536
v -0.14 -4.046464 -0.453536
v -0.36 -4.04567 -0.4525
v -0.14 -4.04567 -0.4525
v -0.36 -4.04517 -0.451294
v -0.14 -4.04517 -0.451294
v -0.36 -4.045 -0.45
v -0.14 -4.045 -0.45
v -0.36 -4.045 -0.1225
v -0.14 -4.045 -0.1225
v -0.14 -4.038355 -0.07203
v -0.36 -4.038355 -0.07203
v -0.14 -4.018875 -0.025
v -0.36 -4.018875 -0.025
v -0.14 -3.987886 0.015386
v -0.36 -3.987886 0.015386
v -0.14 -3.9475 0.046375
v -0.36 -3.9475 0.046375
v -0.14 -3.90047 0.065856
v -0.36 -3.90047 0.065856
v -0.14 -3.85 -0.0725
v -0.36 -3.85 -0.0725
v -0.36 -3.862941 -0.074204
v -0.14 -3.862941 -0.074204
v -0.36 -3.875 -0.079199
v -0.14 -3.875 -0.079199
v -0.36 -3.885355 -0.087145
v -0.14 -3.885355 -0.087145
v -0.36 -3.893301 -0.0975
v -0.14 -3.893301 -0.0975
v -0.36 -3.898296 -0.109559
v -0.14 -3.898296 -0.109559
v -0.36 -3.9 -0.1225
v -0.14 -3.9 -0.1225
v -0.36 -3.9 -0.45
v -0.14 -3.9 -0.45
v -0.14 -3.905111 -0.488823
v -0.36 -3.905111 -0.488823
v -0.14 -3.920096 -0.525
v -0.36 -3.920096 -0.525
v -0.14 -3.943934 -0.556066
v -0.36 -3.943934 -0.556066
v -0.14 -3.975 -0.579904
v -0.36 -3.975 -0.579904
v -0.14 -4.011177 -0.594889
v -0.36 -4.011177 -0.594889
v -0.86 -3.85 0.0725
v -0.64 -3.85 0.0725
v -0.86 -4.5 -0.6
v -0.86 -4.05 -0.6
v -0.64 -4.5 -0.6
v -0.64 -4.05 -0.6
v -0.86 -4.5 -0.455
v -0.64 -4.5 -0.455
v -0.86 -4.05 -0.455
v -0.64 -4.05 -0.455
v -0.86 -4.048706 -0.45483
v -0.64 -4.048706 -0.45483
v -0.86 -4.0475 -0.45433
v -0.64 -4.0475 -0.45433
v -0.86 -4.046464 -0.453536
v -0.64 -4.046464 -0.453536
v -0.86 -4.04567 -0.4525
v -0.64 -4.04567 -0.4525
v -0.86 -4.04517 -0.451294
v -0.64 -4.04517 -0.451294
v -0.86 -4.045 -0.45
v -0.64 -4.045 -0.45
v -0.86 -4.045 -0.1225
v -0.64 -4.045 -0.1225
v -0.64 -4.038355 -0.07203
v -0.86 -4.038355 -0.07203
v -0.64 -4.018875 -0.025
v -0.86 -4.018875 -0.025
v -0.64 -3.987886 0.015386
v -0.86 -3.987886 0.015386
v -0.64 -3.9475 0.046375
v -0.86 -3.9475 0.046375
v -0.64 -3.90047 0.065856
v -0.86 -3.90047 0.065856
v -0.64 -3.85 -0.0725
v -0.86 -3.85 -0.0725
v -0.86 -3.862941 -0.074204
v -0.64 -3.862941 -0.074204
v -0.86 -3.875 -0.079199
v -0.64 -3.875 -0.079199
v -0.86 -3.885355 -0.087145
v -0.64 -3.885355 -0.087145
v -0.86 -3.893301 -0.0975
v -0.64 -3.893301 -0.0975
v -0.86 -3.898296 -0.109559
v -0.64 -3.898296 -0.109559
v -0.86 -3.9 -0.1225
v -0.64 -3.9 -0.1225
v -0.86 -3.9 -0.45
v -0.64 -3.9 -0.45
v -0.64 -3.905111 -0.488823
v -0.86 -3.905111 -0.488823
v -0.64 -3.920096 -0.525
v -0.86 -3.920096 -0.525
v -0.64 -3.943934 -0.556066
v -0.86 -3.943934 -0.556066
v -0.64 -3.975 -0.579904
v -0.86 -3.975 -0.579904
v -0.64 -4.011177 -0.594889
v -0.86 -4.011177 -0.594889
v -1.36 -3.85 0.0725
v -1.14 -3.85 0.0725
v -1.36 -4.5 -0.6
v -1.36 -4.05 -0.6
v -1.14 -4.5 -0.6
v -1.14 -4.05 -0.6
v -1.36 -4.5 -0.455
v -1.14 -4.5 -0.455
v -1.36 -4.05 -0.455
v -1.14 -4.05 -0.455
v -1.36 -4.048706 -0.45483
v -1.14 -4.048706 -0.45483
v -1.36 -4.0475 -0.45433
v -1.14 -4.0475 -0.45433
v -1.36 -4.046464 -0.453536
v -1.14 -4.046464 -0.453536
v -1.36 -4.04567 -0.4525
v -1.14 -4.04567 -0.4525
v -1.36 -4.04517 -0.451294
v -1.14 -4.04517 -0.451294
v -1.36 -4.045 -0.45
v -1.14 -4.045 -0.45
v -1.36 -4.045 -0.1225
v -1.14 -4.045 -0.1225
v -1.14 -4.038355 -0.07203
v -1.36 -4.038355 -0.07203
v -1.14 -4.018875 -0.025
v -1.36 -4.018875 -0.025
v -1.14 -3.987886 0.015386
v -1.36 -3.987886 0.015386
v -1.14 -3.9475 0.046375
v -1.36 -3.9475 0.046375
v -1.14 -3.90047 0.065856
v -1.36 -3.90047 0.065856
v -1.14 -3.85 -0.0725
v -1.36 -3.85 -0.0725
v -1.36 -3.862941 -0.074204
v -1.14 -3.862941 -0.074204
v -1.36 -3.875 -0.079199
v -1.14 -3.875 -0.079199
v -1.36 -3.885355 -0.087145
v -1.14 -3.885355 -0.087145
v -1.36 -3.893301 -0.0975
v -1.14 -3.893301 -0.0975
v -1.36 -3.898296 -0.109559
v -1.14 -3.898296 -0.109559
v -1.36 -3.9 -0.1225
v -1.14 -3.9 -0.1225
v -1.36 -3.9 -0.45
v -1.14 -3.9 -0.45
v -1.14 -3.905111 -0.488823
v -1.36 -3.905111 -0.488823
v -1.14 -3.920096 -0.525
v -1.36 -3.920096 -0.525
v -1.14 -3.943934 -0.556066
v -1.36 -3.943934 -0.556066
v -1.14 -3.975 -0.579904
v -1.36 -3.975 -0.579904
v -1.14 -4.011177 -0.594889
v -1.36 -4.011177 -0.594889
v -1.86 -3.85 0.0725
v -1.64 -3.85 0.0725
v -1.86 -4.5 -0.6
v -1.86 -4.05 -0.6
v -1.64 -4.5 -0.6
v -1.64 -4.05 -0.6
v -1.86 -4.5 -0.455
v -1.64 -4.5 -0.455
v -1.86 -4.05 -0.455
v -1.64 -4.05 -0.455
v -1.86 -4.048706 -0.45483
v -1.64 -4.048706 -0.45483
v -1.86 -4.0475 -0.45433
v -1.64 -4.0475 -0.45433
v -1.86 -4.046464 -0.453536
v -1.64 -4.046464 -0.453536
v -1.86 -4.04567 -0.4525
v -1.64 -4.04567 -0.4525
v -1.86 -4.04517 -0.451294
v -1.64 -4.04517 -0.451294
v -1.86 -4.045 -0.45
v -1.64 -4.045 -0.45
v -1.86 -4.045 -0.1225
v -1.64 -4.045 -0.1225
v -1.64 -4.038355 -0.07203
v -1.86 -4.038355 -0.07203
v -1.64 -4.018875 -0.025
v -1.86 -4.018875 -0.025
v -1.64 -3.987886 0.015386
v -1.86 -3.987886 0.015386
v -1.64 -3.9475 0.046375
v -1.86 -3.9475 0.046375
v -1.64 -3.90047 0.065856
v -1.86 -3.90047 0.065856
v -1.64 -3.85 -0.0725
v -1.86 -3.85 -0.0725
v -1.86 -3.862941 -0.074204
v -1.64 -3.862941 -0.074204
v -1.86 -3.875 -0.079199
v -1.64 -3.875 -0.079199
v -1.86 -3.885355 -0.087145
v -1.64 -3.885355 -0.087145
v -1.86 -3.893301 -0.0975
v -1.64 -3.893301 -0.0975
v -1.86 -3.898296 -0.109559
v -1.64 -3.898296 -0.109559
v -1.86 -3.9 -0.1225
v -1.64 -3.9 -0.1225
v -1.86 -3.9 -0.45
v -1.64 -3.9 -0.45
v -1.64 -3.905111 -0.488823
v -1.86 -3.905111 -0.488823
v -1.64 -3.920096 -0.525
v -1.86 -3.920096 -0.525
v -1.64 -3.943934 -0.556066
v -1.86 -3.943934 -0.556066
v -1.64 -3.975 -0.579904
v -1.86 -3.975 -0.579904
v -1.64 -4.011177 -0.594889
v -1.86 -4.011177 -0.594889
v -2.36 -3.85 0.0725
v -2.14 -3.85 0.0725
v -2.36 -4.5 -0.6
v -2.36 -4.05 -0.6
v -2.14 -4.5 -0.6
v -2.14 -4.05 -0.6
v -2.36 -4.5 -0.455
v -2.14 -4.5 -0.455
v -2.36 -4.05 -0.455
v -2.14 -4.05 -0.455
v -2.36 -4.048706 -0.45483
v -2.14 -4.048706 -0.45483
v -2.36 -4.0475 -0.45433
v -2.14 -4.0475 -0.45433
v -2.36 -4.046464 -0.453536
v -2.14 -4.046464 -0.453536
v -2.36 -4.04567 -0.4525
v -2.14 -4.04567 -0.4525
v -2.36 -4.04517 -0.451294
v -2.14 -4.04517 -0.451294
v -2.36 -4.045 -0.45
v -2.14 -4.045 -0.45
v -2.36 -4.045 -0.1225
v -2.14 -4.045 -0.1225
v -2.14 -4.038355 -0.07203
v -2.36 -4.038355 -0.07203
v -2.14 -4.018875 -0.025
v -2.36 -4.018875 -0.025
v -2.14 -3.987886 0.015386
v -2.36 -3.987886 0.015386
v -2.14 -3.9475 0.046375
v -2.36 -3.9475 0.046375
v -2.14 -3.90047 0.065856
v -2.36 -3.90047 0.065856
v -2.14 -3.85 -0.0725
v -2.36 -3.85 -0.0725
v -2.36 -3.862941 -0.074204
v -2.14 -3.862941 -0.074204
v -2.36 -3.875 -0.079199
v -2.14 -3.875 -0.079199
v -2.36 -3.885355 -0.087145
v -2.14 -3.885355 -0.087145
v -2.36 -3.893301 -0.0975
v -2.14 -3.893301 -0.0975
v -2.36 -3.898296 -0.109559
v -2.14 -3.898296 -0.109559
v -2.36 -3.9 -0.1225
v -2.14 -3.9 -0.1225
v -2.36 -3.9 -0.45
v -2.14 -3.9 -0.45
v -2.14 -3.905111 -0.488823
v -2.36 -3.905111 -0.488823
v -2.14 -3.920096 -0.525
v -2.36 -3.920096 -0.525
v -2.14 -3.943934 -0.556066
v -2.36 -3.943934 -0.556066
v -2.14 -3.975 -0.579904
v -2.36 -3.975 -0.579904
v -2.14 -4.011177 -0.594889
v -2.36 -4.011177 -0.594889
v -2.86 -3.85 0.0725
v -2.64 -3.85 0.0725
v -2.86 -4.5 -0.6
v -2.86 -4.05 -0.6
v -2.64 -4.5 -0.6
v -2.64 -4.05 -0.6
v -2.86 -4.5 -0.455
v -2.64 -4.5 -0.455
v -2.86 -4.05 -0.455
v -2.64 -4.05 -0.455
v -2.86 -4.048706 -0.45483
v -2.64 -4.048706 -0.45483
v -2.86 -4.0475 -0.45433
v -2.64 -4.0475 -0.45433
v -2.86 -4.046464 -0.453536
v -2.64 -4.046464 -0.453536
v -2.86 -4.04567 -0.4525
v -2.64 -4.04567 -0.4525
v -2.86 -4.04517 -0.451294
v -2.64 -4.04517 -0.451294
v -2.86 -4.045 -0.45
v -2.64 -4.045 -0.45
v -2.86 -4.045 -0.1225
v -2.64 -4.045 -0.1225
v -2.64 -4.038355 -0.07203
v -2.86 -4.038355 -0.07203
v -2.64 -4.018875 -0.025
v -2.86 -4.018875 -0.025
v -2.64 -3.987886 0.015386
v -2.86 -3.987886 0.015386
v -2.64 -3.9475 0.046375
v -2.86 -3.9475 0.046375
v -2.64 -3.90047 0.065856
v -2.86 -3.90047 0.065856
v -2.64 -3.85 -0.0725
v -2.86 -3.85 -0.0725
v -2.86 -3.862941 -0.074204
v -2.64 -3.862941 -0.074204
v -2.86 -3.875 -0.079199
v -2.64 -3.875 -0.079199
v -2.86 -3.885355 -0.087145
v -2.64 -3.885355 -0.087145
v -2.86 -3.893301 -0.0975
v -2.64 -3.893301 -0.0975
v -2.86 -3.898296 -0.109559
v -2.64 -3.898296 -0.109559
v -2.86 -3.9 -0.1225
v -2.64 -3.9 -0.1225
v -2.86 -3.9 -0.45
v -2.64 -3.9 -0.45
v -2.64 -3.905111 -0.488823
v -2.86 -3.905111 -0.488823
v -2.64 -3.920096 -0.525
v -2.86 -3.920096 -0.525
v -2.64 -3.943934 -0.556066
v -2.86 -3.943934 -0.556066
v -2.64 -3.975 -0.579904
v -2.86 -3.975 -0.579904
v -2.64 -4.011177 -0.594889
v -2.86 -4.011177 -0.594889
v 0.14 -3.85 0.0725
v 0.36 -3.85 0.0725
v 0.14 -4.5 -0.6
v 0.14 -4.05 -0.6
v 0.36 -4.5 -0.6
v 0.36 -4.05 -0.6
v 0.14 -4.5 -0.455
v 0.36 -4.5 -0.455
v 0.14 -4.05 -0.455
v 0.36 -4.05 -0.455
v 0.14 -4.048706 -0.45483
v 0.36 -4.048706 -0.45483
v 0.14 -4.0475 -0.45433
v 0.36 -4.0475 -0.45433
v 0.14 -4.046464 -0.453536
v 0.36 -4.046464 -0.453536
v 0.14 -4.04567 -0.4525
v 0.36 -4.04567 -0.4525
v 0.14 -4.04517 -0.451294
v 0.36 -4.04517 -0.451294
v 0.14 -4.045 -0.45
v 0.36 -4.045 -0.45
v 0.14 -4.045 -0.1225
v 0.36 -4.045 -0.1225
v 0.36 -4.038355 -0.07203
v 0.14 -4.038355 -0.07203
v 0.36 -4.018875 -0.025
v 0.14 -4.018875 -0.025
v 0.36 -3.987886 0.015386
v 0.14 -3.987886 0.015386
v 0.36 -3.9475 0.046375
v 0.14 -3.9475 0.046375
v 0.36 -3.90047 0.065856
v 0.14 -3.90047 0.065856
v 0.36 -3.85 -0.0725
v 0.14 -3.85 -0.0725
v 0.14 -3.862941 -0.074204
v 0.36 -3.862941 -0.074204
v 0.14 -3.875 -0.079199
v 0.36 -3.875 -0.079199
v 0.14 -3.885355 -0.087145
v 0.36 -3.885355 -0.087145
v 0.14 -3.893301 -0.0975
v 0.36 -3.893301 -0.0975
v 0.14 -3.898296 -0.109559
v 0.36 -3.898296 -0.109559
v 0.14 -3.9 -0.1225
v 0.36 -3.9 -0.1225
v 0.14 -3.9 -0.45
v 0.36 -3.9 -0.45
v 0.36 -3.905111 -0.488823
v 0.14 -3.905111 -0.488823
v 0.36 -3.920096 -0.525
v 0.14 -3.920096 -0.525
v 0.36 -3.943934 -0.556066
v 0.14 -3.943934 -0.556066
v 0.36 -3.975 -0.579904
v 0.14 -3.975 -0.579904
v 0.36 -4.011177 -0.594889
v 0.14 -4.011177 -0.594889
v 0.64 -3.85 0.0725
v 0.86 -3.85 0.0725
v 0.64 -4.5 -0.6
v 0.64 -4.05 -0.6
v 0.86 -4.5 -0.6
v 0.86 -4.05 -0.6
v 0.64 -4.5 -0.455
v 0.86 -4.5 -0.455
v 0.64 -4.05 -0.455
v 0.86 -4.05 -0.455
v 0.64 -4.048706 -0.45483
v 0.86 -4.048706 -0.45483
v 0.64 -4.0475 -0.45433
v 0.86 -4.0475 -0.45433
v 0.64 -4.046464 -0.453536
v 0.86 -4.046464 -0.453536
v 0.64 -4.04567 -0.4525
v 0.86 -4.04567 -0.4525
v 0.64 -4.04517 -0.451294
v 0.86 -4.04517 -0.451294
v 0.64 -4.045 -0.45
v 0.86 -4.045 -0.45
v 0.64 -4.045 -0.1225
v 0.86 -4.045 -0.1225
v 0.86 -4.038355 -0.07203
v 0.64 -4.038355 -0.07203
v 0.86 -4.018875 -0.025
v 0.64 -4.018875 -0.025
v 0.86 -3.987886 0.015386
v 0.64 -3.987886 0.015386
v 0.86 -3.9475 0.046375
v 0.64 -3.9475 0.046375
v 0.86 -3.90047 0.065856
v 0.64 -3.90047 0.065856
v 0.86 -3.85 -0.0725
v 0.64 -3.85 -0.0725
v 0.64 -3.862941 -0.074204
v 0.86 -3.862941 -0.074204
v 0.64 -3.875 -0.079199
v 0.86 -3.875 -0.079199
v 0.64 -3.885355 -0.087145
v 0.86 -3.885355 -0.087145
v 0.64 -3.893301 -0.0975
v 0.86 -3.893301 -0.0975
v 0.64 -3.898296 -0.109559
v 0.86 -3.898296 -0.109559
v 0.64 -3.9 -0.1225
v 0.86 -3.9 -0.1225
v 0.64 -3.9 -0.45
v 0.86 -3.9 -0.45
v 0.86 -3.905111 -0.488823
v 0.64 -3.905111 -0.488823
v 0.86 -3.920096 -0.525
v 0.64 -3.920096 -0.525
v 0.86 -3.943934 -0.556066
v 0.64 -3.943934 -0.556066
v 0.86 -3.975 -0.579904
v 0.64 -3.975 -0.579904
v 0.86 -4.011177 -0.594889
v 0.64 -4.011177 -0.594889
v 1.14 -3.85 0.0725
v 1.36 -3.85 0.0725
v 1.14 -4.5 -0.6
v 1.14 -4.05 -0.6
v 1.36 -4.5 -0.6
v 1.36 -4.05 -0.6
v 1.14 -4.5 -0.455
v 1.36 -4.5 -0.455
v 1.14 -4.05 -0.455
v 1.36 -4.05 -0.455
v 1.14 -4.048706 -0.45483
v 1.36 -4.048706 -0.45483
v 1.14 -4.0475 -0.45433
v 1.36 -4.0475 -0.45433
v 1.14 -4.046464 -0.453536
v 1.36 -4.046464 -0.453536
v 1.14 -4.04567 -0.4525
v 1.36 -4.04567 -0.4525
v 1.14 -4.04517 -0.451294
v 1.36 -4.04517 -0.451294
v 1.14 -4.045 -0.45
v 1.36 -4.045 -0.45
v 1.14 -4.045 -0.1225
v 1.36 -4.045 -0.1225
v 1.36 -4.038355 -0.07203
v 1.14 -4.038355 -0.07203
v 1.36 -4.018875 -0.025
v 1.14 -4.018875 -0.025
v 1.36 -3.987886 0.015386
v 1.14 -3.987886 0.015386
v 1.36 -3.9475 0.046375
v 1.14 -3.9475 0.046375
v 1.36 -3.90047 0.065856
v 1.14 -3.90047 0.065856
v 1.36 -3.85 -0.0725
v 1.14 -3.85 -0.0725
v 1.14 -3.862941 -0.074204
v 1.36 -3.862941 -0.074204
v 1.14 -3.875 -0.079199
v 1.36 -3.875 -0.079199
v 1.14 -3.885355 -0.087145
v 1.36 -3.885355 -0.087145
v 1.14 -3.893301 -0.0975
v 1.36 -3.893301 -0.0975
v 1.14 -3.898296 -0.109559
v 1.36 -3.898296 -0.109559
v 1.14 -3.9 -0.1225
v 1.36 -3.9 -0.1225
v 1.14 -3.9 -0.45
v 1.36 -3.9 -0.45
v 1.36 -3.905111 -0.488823
v 1.14 -3.905111 -0.488823
v 1.36 -3.920096 -0.525
v 1.14 -3.920096 -0.525
v 1.36 -3.943934 -0.556066
v 1.14 -3.943934 -0.556066
v 1.36 -3.975 -0.579904
v 1.14 -3.975 -0.579904
v 1.36 -4.011177 -0.594889
v 1.14 -4.011177 -0.594889
v 1.64 -3.85 0.0725
v 1.86 -3.85 0.0725
v 1.64 -4.5 -0.6
v 1.64 -4.05 -0.6
v 1.86 -4.5 -0.6
v 1.86 -4.05 -0.6
v 1.64 -4.5 -0.455
v 1.86 -4.5 -0.455
v 1.64 -4.05 -0.455
v 1.86 -4.05 -0.455
v 1.64 -4.048706 -0.45483
v 1.86 -4.048706 -0.45483
v 1.64 -4.0475 -0.45433
v 1.86 -4.0475 -0.45433
v 1.64 -4.046464 -0.453536
v 1.86 -4.046464 -0.453536
v 1.64 -4.04567 -0.4525
v 1.86 -4.04567 -0.4525
v 1.64 -4.04517 -0.451294
v 1.86 -4.04517 -0.451294
v 1.64 -4.045 -0.45
v 1.86 -4.045 -0.45
v 1.64 -4.045 -0.1225
v 1.86 -4.045 -0.1225
v 1.86 -4.038355 -0.07203
v 1.64 -4.038355 -0.07203
v 1.86 -4.018875 -0.025
v 1.64 -4.018875 -0.025
v 1.86 -3.987886 0.015386
v 1.64 -3.987886 0.015386
v 1.86 -3.9475 0.046375
v 1.64 -3.9475 0.046375
v 1.86 -3.90047 0.065856
v 1.64 -3.90047 0.065856
v 1.86 -3.85 -0.0725
v 1.64 -3.85 -0.0725
v 1.64 -3.862941 -0.074204
v 1.86 -3.862941 -0.074204
v 1.64 -3.875 -0.079199
v 1.86 -3.875 -0.079199
v 1.64 -3.885355 -0.087145
v 1.86 -3.885355 -0.087145
v 1.64 -3.893301 -0.0975
v 1.86 -3.893301 -0.0975
v 1.64 -3.898296 -0.109559
v 1.86 -3.898296 -0.109559
v 1.64 -3.9 -0.1225
v 1.86 -3.9 -0.1225
v 1.64 -3.9 -0.45
v 1.86 -3.9 -0.45
v 1.86 -3.905111 -0.488823
v 1.64 -3.905111 -0.488823
v 1.86 -3.920096 -0.525
v 1.64 -3.920096 -0.525
v 1.86 -3.943934 -0.556066
v 1.64 -3.943934 -0.556066
v 1.86 -3.975 -0.579904
v 1.64 -3.975 -0.579904
v 1.86 -4.011177 -0.594889
v 1.64 -4.011177 -0.594889
v 2.14 -3.85 0.0725
v 2.36 -3.85 0.0725
v 2.14 -4.5 -0.6
v 2.14 -4.05 -0.6
v 2.36 -4.5 -0.6
v 2.36 -4.05 -0.6
v 2.14 -4.5 -0.455
v 2.36 -4.5 -0.455
v 2.14 -4.05 -0.455
v 2.36 -4.05 -0.455
v 2.14 -4.048706 -0.45483
v 2.36 -4.048706 -0.45483
v 2.14 -4.0475 -0.45433
v 2.36 -4.0475 -0.45433
v 2.14 -4.046464 -0.453536
v 2.36 -4.046464 -0.453536
v 2.14 -4.04567 -0.4525
v 2.36 -4.04567 -0.4525
v 2.14 -4.04517 -0.451294
v 2.36 -4.04517 -0.451294
v 2.14 -4.045 -0.45
v 2.36 -4.045 -0.45
v 2.14 -4.045 -0.1225
v 2.36 -4.045 -0.1225
v 2.36 -4.038355 -0.07203
v 2.14 -4.038355 -0.07203
v 2.36 -4.018875 -0.025
v 2.14 -4.018875 -0.025
v 2.36 -3.987886 0.015386
v 2.14 -3.987886 0.015386
v 2.36 -3.9475 0.046375
v 2.14 -3.9475 0.046375
v 2.36 -3.90047 0.065856
v 2.14 -3.90047 0.065856
v 2.36 -3.85 -0.0725
v 2.14 -3.85 -0.0725
v 2.14 -3.862941 -0.074204
v 2.36 -3.862941 -0.074204
v 2.14 -3.875 -0.079199
v 2.36 -3.875 -0.079199
v 2.14 -3.885355 -0.087145
v 2.36 -3.885355 -0.087145
v 2.14 -3.893301 -0.0975
v 2.36 -3.893301 -0.0975
v 2.14 -3.898296 -0.109559
v 2.36 -3.898296 -0.109559
v 2.14 -3.9 -0.1225
v 2.36 -3.9 -0.1225
v 2.14 -3.9 -0.45
v 2.36 -3.9 -0.45
v 2.36 -3.905111 -0.488823
v 2.14 -3.905111 -0.488823
v 2.36 -3.920096 -0.525
v 2.14 -3.920096 -0.525
v 2.36 -3.943934 -0.556066
v 2.14 -3.943934 -0.556066
v 2.36 -3.975 -0.579904
v 2.14 -3.975 -0.579904
v 2.36 -4.011177 -0.594889
v 2.14 -4.011177 -0.594889
v 2.64 -3.85 0.0725
v 2.86 -3.85 0.0725
v 2.64 -4.5 -0.6
v 2.64 -4.05 -0.6
v 2.86 -4.5 -0.6
v 2.86 -4.05 -0.6
v 2.64 -4.5 -0.455
v 2.86 -4.5 -0.455
v 2.64 -4.05 -0.455
v 2.86 -4.05 -0.455
v 2.64 -4.048706 -0.45483
v 2.86 -4.048706 -0.45483
v 2.64 -4.0475 -0.45433
v 2.86 -4.0475 -0.45433
v 2.64 -4.046464 -0.453536
v 2.86 -4.046464 -0.453536
v 2.64 -4.04567 -0.4525
v 2.86 -4.04567 -0.4525
v 2.64 -4.04517 -0.451294
v 2.86 -4.04517 -0.451294
v 2.64 -4.045 -0.45
v 2.86 -4.045 -0.45
v 2.64 -4.045 -0.1225
v 2.86 -4.045 -0.1225
v 2.86 -4.038355 -0.07203
v 2.64 -4.038355 -0.07203
v 2.86 -4.018875 -0.025
v 2.64 -4.018875 -0.025
v 2.86 -3.987886 0.015386
v 2.64 -3.987886 0.015386
v 2.86 -3.9475 0.046375
v 2.64 -3.9475 0.046375
v 2.86 -3.90047 0.065856
v 2.64 -3.90047 0.065856
v 2.86 -3.85 -0.0725
v 2.64 -3.85 -0.0725
v 2.64 -3.862941 -0.074204
v 2.86 -3.862941 -0.074204
v 2.64 -3.875 -0.079199
v 2.86 -3.875 -0.079199
v 2.64 -3.885355 -0.087145
v 2.86 -3.885355 -0.087145
v 2.64 -3.893301 -0.0975
v 2.86 -3.893301 -0.0975
v 2.64 -3.898296 -0.109559
v 2.86 -3.898296 -0.109559
v 2.64 -3.9 -0.1225
v 2.86 -3.9 -0.1225
v 2.64 -3.9 -0.45
v 2.86 -3.9 -0.45
v 2.86 -3.905111 -0.488823
v 2.64 -3.905111 -0.488823
v 2.86 -3.920096 -0.525
v 2.64 -3.920096 -0.525
v 2.86 -3.943934 -0.556066
v 2.64 -3.943934 -0.556066
v 2.86 -3.975 -0.579904
v 2.64 -3.975 -0.579904
v 2.86 -4.011177 -0.594889
v 2.64 -4.011177 -0.594889
v 2.25 -2.037868 -0.6
v 2.25 2.037868 -0.6
v 2.037868 -2.25 -0.6
v -2.037868 -2.25 -0.6
v -2.25 -2.037868 -0.6
v -2.25 2.037868 -0.6
v -2.037868 2.25 -0.6
v 2.037868 2.25 -0.6
v -2.439518 2.227386 -0.6
v -2.227386 2.439518 -0.6
v -2.227386 -2.439518 -0.6
v -2.439518 -2.227386 -0.6
v 2.227386 2.439518 -0.6
v 2.439518 2.227386 -0.6
v 2.439518 -2.227386 -0.6
v 2.227386 -2.439518 -0.6
v -0.717035 2.957971 -0.499
v -0.912157 2.457971 -0.499
v -0.838986 2.457971 -0.499
v -0.788395 2.598215 -0.499
v -0.581841 2.598215 -0.499
v -0.534108 2.457971 -0.499
v -0.460937 2.457971 -0.499
v -0.649962 2.957971 -0.499
v -0.598704 2.653093 -0.499
v -0.765911 2.653093 -0.499
v -0.673304 2.861934 -0.499
v -0.678116 2.879276 -0.499
v -0.681307 2.896996 -0.499
v -0.682927 2.896996 -0.499
v -0.686189 2.879329 -0.499
v -0.690644 2.861934 -0.499
v -0.598704 2.653093 -0.5
v -0.765911 2.653093 -0.5
v -0.673304 2.861934 -0.5
v -0.678116 2.879276 -0.5
v -0.681307 2.896996 -0.5
v -0.682927 2.896996 -0.5
v -0.686189 2.879329 -0.5
v -0.690644 2.861934 -0.5
v -0.157869 2.457971 -0.499
v -0.021913 2.457971 -0.499
v -0.021913 2.957971 -0.499
v -0.163014 2.957971 -0.499
v -0.424352 2.714259 -0.499
v -0.420718 2.761307 -0.499
v -0.407289 2.81057 -0.499
v -0.384052 2.85357 -0.499
v -0.348695 2.892777 -0.499
v -0.348172 2.893236 -0.499
v -0.293751 2.929707 -0.499
v -0.235251 2.950249 -0.499
v -0.219736 2.463371 -0.499
v -0.277349 2.480544 -0.499
v -0.329556 2.510883 -0.499
v -0.370711 2.550288 -0.499
v -0.399385 2.59501 -0.499
v -0.417336 2.647345 -0.499
v -0.323989 2.832978 -0.499
v -0.299702 2.858765 -0.499
v -0.26318 2.882359 -0.499
v -0.221908 2.896802 -0.499
v -0.162728 2.903093 -0.499
v -0.088986 2.903093 -0.499
v -0.088986 2.512849 -0.499
v -0.159966 2.512849 -0.499
v -0.212716 2.517759 -0.499
v -0.254792 2.530892 -0.499
v -0.288891 2.551141 -0.499
v -0.316934 2.57884 -0.499
v -0.338023 2.613314 -0.499
v -0.352688 2.660314 -0.499
v -0.357279 2.71283 -0.499
v -0.353031 2.762592 -0.499
v -0.341359 2.802139 -0.499
v -0.162728 2.903093 -0.5
v -0.088986 2.903093 -0.5
v -0.221908 2.896802 -0.5
v -0.26318 2.882359 -0.5
v -0.299702 2.858765 -0.5
v -0.323989 2.832978 -0.5
v -0.341359 2.802139 -0.5
v -0.353031 2.762592 -0.5
v -0.357279 2.71283 -0.5
v -0.352688 2.660314 -0.5
v -0.338023 2.613314 -0.5
v -0.316934 2.57884 -0.5
v -0.288891 2.551141 -0.5
v -0.254792 2.530892 -0.5
v -0.212716 2.517759 -0.5
v -0.159966 2.512849 -0.5
v -0.088986 2.512849 -0.5
v 0.075648 2.512849 -0.499
v 0.075648 2.457971 -0.499
v 0.343941 2.457971 -0.499
v 0.343941 2.957971 -0.499
v 0.087843 2.957971 -0.499
v 0.087843 2.903093 -0.499
v 0.276868 2.903093 -0.499
v 0.276868 2.738459 -0.499
v 0.100038 2.738459 -0.499
v 0.100038 2.683581 -0.499
v 0.276868 2.683581 -0.499
v 0.276868 2.512849 -0.499
v 0.441502 2.538764 -0.499
v 0.441502 2.483886 -0.499
v 0.494799 2.462002 -0.499
v 0.579078 2.451874 -0.499
v 0.565406 2.452108 -0.499
v 0.640696 2.458262 -0.499
v 0.689158 2.474943 -0.499
v 0.729377 2.500627 -0.499
v 0.766933 2.540165 -0.499
v 0.79357 2.587708 -0.499
v 0.808618 2.640633 -0.499
v 0.813453 2.698539 -0.499
v 0.609385 2.959969 -0.499
v 0.559166 2.964069 -0.499
v 0.665126 2.943776 -0.499
v 0.712618 2.916438 -0.499
v 0.757759 2.873025 -0.499
v 0.787065 2.826278 -0.499
v 0.80626 2.769624 -0.499
v 0.49931 2.959939 -0.499
v 0.441502 2.944252 -0.499
v 0.441502 2.877178 -0.499
v 0.558594 2.90919 -0.499
v 0.497821 2.901295 -0.499
v 0.74638 2.702636 -0.499
v 0.743995 2.741539 -0.499
v 0.730667 2.795065 -0.499
v 0.710054 2.83367 -0.499
v 0.67986 2.867003 -0.499
v 0.645252 2.890155 -0.499
v 0.607828 2.903661 -0.499
v 0.569836 2.506752 -0.499
v 0.616472 2.511983 -0.499
v 0.652904 2.525395 -0.499
v 0.683591 2.546077 -0.499
v 0.707054 2.570831 -0.499
v 0.727733 2.605501 -0.499
v 0.741317 2.648508 -0.499
v 0.450463 2.5338 -0.499
v 0.503466 2.514118 -0.499
v 0.856136 2.512849 -0.499
v 0.856136 2.457971 -0.499
v 1.112233 2.457971 -0.499
v 1.112233 2.957971 -0.499
v 1.04516 2.957971 -0.499
v 1.04516 2.512849 -0.499
newmtl 4
Ka 0.5019607843137255 0.25098039215686274 0.25098039215686274
Kd 0.5019607843137255 0.25098039215686274 0.25098039215686274
Ks 0.44313725490196076 0.2196078431372549 0.2196078431372549
d 0.0
endmtl
usemtl 1
f 1// 2// 3//
f 3// 2// 4//
f 3// 4// 5//
f 6// 7// 8//
f 8// 7// 9//
f 9// 10// 8//
f 8// 10// 11//
f 8// 11// 1//
f 1// 11// 12//
f 1// 12// 13//
f 13// 12// 14//
f 13// 14// 15//
f 15// 16// 13//
f 13// 16// 17//
f 13// 17// 18//
f 19// 20// 13//
f 13// 20// 21//
f 22// 23// 24//
f 24// 23// 25//
f 21// 26// 13//
f 13// 26// 25//
f 13// 25// 27//
f 27// 25// 23//
f 18// 28// 13//
f 13// 28// 29//
f 13// 29// 19//
f 30// 31// 32//
f 30// 32// 33//
f 34// 35// 36//
f 37// 38// 34//
f 34// 38// 39//
f 34// 39// 35//
f 36// 40// 34//
f 34// 40// 41//
f 34// 41// 42//
f 31// 43// 32//
f 32// 43// 44//
f 32// 44// 37//
f 5// 45// 46//
f 46// 45// 47//
f 46// 47// 48//
f 48// 47// 49//
f 48// 49// 32//
f 32// 49// 50//
f 32// 50// 33//
f 51// 52// 53//
f 54// 55// 56//
f 52// 51// 57//
f 57// 51// 58//
f 57// 58// 59//
f 56// 51// 54//
f 54// 51// 53//
f 54// 53// 60//
f 60// 53// 61//
f 60// 61// 62//
f 63// 64// 65//
f 65// 64// 66//
f 67// 68// 69//
f 70// 67// 71//
f 71// 67// 72//
f 72// 67// 69//
f 72// 69// 73//
f 74// 75// 71//
f 71// 75// 76//
f 71// 76// 70//
f 73// 69// 77//
f 77// 69// 78//
f 77// 78// 79//
f 79// 78// 80//
f 79// 80// 81//
f 81// 80// 82//
f 81// 82// 83//
f 83// 82// 59//
f 83// 59// 84//
f 84// 59// 58//
f 84// 58// 85//
f 62// 61// 86//
f 86// 61// 87//
f 86// 87// 88//
f 88// 87// 46//
f 88// 46// 89//
f 89// 46// 48//
f 89// 48// 90//
f 91// 92// 93//
f 93// 92// 34//
f 93// 34// 94//
f 94// 34// 42//
f 94// 42// 6//
f 6// 42// 95//
f 6// 95// 7//
f 96// 97// 98//
f 98// 97// 99//
f 98// 99// 100//
f 100// 99// 101//
f 100// 101// 102//
f 102// 101// 103//
f 102// 103// 104//
f 104// 103// 105//
f 106// 107// 96//
f 96// 107// 108//
f 96// 108// 97//
f 97// 108// 109//
f 97// 109// 102//
f 102// 109// 110//
f 102// 110// 100//
f 111// 112// 97//
f 97// 112// 113//
f 97// 113// 114//
f 104// 115// 102//
f 102// 115// 116//
f 102// 116// 117//
f 117// 118// 102//
f 102// 118// 119//
f 102// 119// 120//
f 120// 121// 102//
f 102// 121// 122//
f 102// 122// 123//
f 114// 124// 97//
f 97// 124// 125//
f 97// 125// 126//
f 126// 125// 127//
f 126// 127// 116//
f 116// 127// 128//
f 116// 128// 117//
f 123// 129// 102//
f 102// 129// 130//
f 102// 130// 97//
f 97// 130// 131//
f 97// 131// 111//
f 132// 3// 126//
f 1// 3// 8//
f 8// 3// 132//
f 8// 132// 133//
f 115// 6// 116//
f 116// 6// 8//
f 116// 8// 134//
f 134// 8// 133//
f 134// 135// 116//
f 116// 135// 136//
f 116// 136// 126//
f 126// 136// 137//
f 126// 137// 132//
f 138// 139// 140//
f 140// 139// 136//
f 140// 136// 141//
f 141// 136// 135//
f 141// 135// 142//
f 142// 135// 143//
f 37// 34// 32//
f 32// 34// 144//
f 32// 144// 145//
f 146// 144// 147//
f 147// 144// 34//
f 147// 34// 148//
f 148// 34// 92//
f 148// 92// 149//
f 149// 92// 150//
f 5// 46// 3//
f 3// 46// 87//
f 3// 87// 126//
f 126// 87// 61//
f 126// 61// 97//
f 97// 61// 53//
f 97// 53// 99//
f 145// 149// 32//
f 32// 149// 150//
f 32// 150// 48//
f 48// 150// 66//
f 48// 66// 90//
f 90// 66// 64//
f 91// 151// 92//
f 92// 151// 152//
f 92// 152// 150//
f 150// 152// 153//
f 150// 153// 66//
f 66// 153// 70//
f 66// 70// 65//
f 65// 70// 76//
f 154// 155// 156//
f 157// 158// 159//
f 160// 161// 162//
f 162// 161// 163//
f 159// 164// 157//
f 157// 164// 162//
f 157// 162// 156//
f 156// 162// 163//
f 156// 163// 165//
f 166// 167// 168//
f 169// 170// 156//
f 168// 154// 166//
f 166// 154// 156//
f 166// 156// 171//
f 171// 156// 165//
f 171// 165// 172//
f 172// 165// 173//
f 174// 175// 176//
f 177// 178// 156//
f 179// 156// 180//
f 180// 156// 170//
f 180// 170// 181//
f 181// 170// 182//
f 183// 184// 185//
f 185// 184// 156//
f 185// 156// 186//
f 186// 156// 179//
f 186// 179// 187//
f 187// 179// 188//
f 189// 190// 156//
f 191// 192// 193//
f 176// 169// 174//
f 174// 169// 156//
f 174// 156// 194//
f 194// 156// 178//
f 194// 178// 195//
f 195// 178// 196//
f 197// 198// 199//
f 199// 189// 197//
f 197// 189// 156//
f 197// 156// 200//
f 200// 156// 155//
f 200// 155// 201//
f 201// 155// 202//
f 193// 177// 191//
f 191// 177// 156//
f 191// 156// 203//
f 203// 156// 190//
f 203// 190// 204//
f 204// 190// 205//
f 206// 207// 208//
f 208// 207// 209//
f 210// 211// 212//
f 212// 211// 213//
f 212// 213// 214//
f 215// 216// 214//
f 214// 216// 217//
f 214// 217// 212//
f 212// 217// 218//
f 219// 220// 218//
f 218// 220// 221//
f 218// 221// 212//
f 212// 221// 222//
f 223// 224// 222//
f 222// 224// 225//
f 222// 225// 212//
f 212// 225// 226//
f 227// 228// 226//
f 226// 228// 229//
f 226// 229// 212//
f 212// 229// 230//
f 231// 232// 230//
f 230// 232// 233//
f 230// 233// 212//
f 212// 233// 234//
f 235// 236// 234//
f 234// 236// 237//
f 234// 237// 212//
f 212// 237// 238//
f 239// 240// 238//
f 238// 240// 241//
f 238// 241// 212//
f 212// 241// 242//
f 243// 244// 245//
f 246// 247// 242//
f 242// 247// 248//
f 242// 248// 212//
f 212// 248// 249//
f 250// 251// 249//
f 249// 251// 252//
f 249// 252// 212//
f 212// 252// 243//
f 212// 243// 253//
f 253// 243// 245//
f 254// 255// 256//
f 256// 255// 257//
f 258// 259// 260//
f 260// 259// 261//
f 260// 261// 257//
f 257// 261// 212//
f 257// 212// 256//
f 256// 212// 253//
f 262// 263// 264//
f 264// 263// 265//
f 266// 267// 268//
f 269// 270// 271//
f 272// 273// 271//
f 268// 274// 266//
f 266// 274// 275//
f 266// 275// 271//
f 276// 277// 271//
f 278// 279// 280//
f 281// 282// 283//
f 284// 285// 271//
f 283// 276// 281//
f 281// 276// 271//
f 281// 271// 286//
f 286// 271// 275//
f 286// 275// 287//
f 287// 275// 288//
f 289// 290// 291//
f 292// 293// 294//
f 295// 296// 297//
f 297// 296// 271//
f 297// 271// 298//
f 298// 271// 273//
f 298// 273// 299//
f 299// 273// 300//
f 291// 269// 289//
f 289// 269// 271//
f 289// 271// 301//
f 301// 271// 277//
f 301// 277// 302//
f 302// 277// 303//
f 294// 284// 292//
f 292// 284// 271//
f 292// 271// 304//
f 304// 271// 270//
f 304// 270// 305//
f 305// 270// 306//
f 307// 308// 271//
f 309// 310// 311//
f 311// 307// 309//
f 309// 307// 271//
f 309// 271// 312//
f 312// 271// 285//
f 312// 285// 313//
f 313// 285// 314//
f 280// 272// 278//
f 278// 272// 271//
f 278// 271// 315//
f 315// 271// 308//
f 315// 308// 316//
f 316// 308// 317//
f 318// 319// 320//
f 320// 319// 321//
f 322// 323// 324//
f 325// 326// 324//
f 327// 328// 329//
f 330// 331// 332//
f 333// 334// 324//
f 335// 336// 337//
f 329// 338// 327//
f 327// 338// 339//
f 327// 339// 324//
f 340// 341// 342//
f 342// 341// 324//
f 342// 324// 343//
f 343// 324// 326//
f 343// 326// 344//
f 344// 326// 345//
f 332// 333// 330//
f 330// 333// 324//
f 330// 324// 346//
f 346// 324// 339//
f 346// 339// 347//
f 347// 339// 348//
f 349// 350// 351//
f 352// 353// 324//
f 354// 355// 323//
f 323// 355// 356//
f 323// 356// 324//
f 324// 356// 335//
f 324// 335// 325//
f 325// 335// 337//
f 351// 352// 349//
f 349// 352// 324//
f 349// 324// 357//
f 357// 324// 334//
f 357// 334// 358//
f 358// 334// 359//
f 360// 361// 362//
f 363// 364// 353//
f 353// 364// 365//
f 353// 365// 324//
f 324// 365// 366//
f 367// 368// 366//
f 366// 368// 369//
f 366// 369// 324//
f 324// 369// 370//
f 362// 322// 360//
f 360// 322// 324//
f 360// 324// 371//
f 371// 324// 370//
f 371// 370// 372//
f 372// 370// 373//
f 374// 375// 376//
f 376// 375// 377//
f 378// 161// 160//
f 379// 201// 202//
f 159// 158// 380//
f 380// 158// 381//
f 380// 381// 382//
f 382// 381// 383//
f 383// 384// 385//
f 168// 167// 385//
f 385// 167// 386//
f 385// 386// 383//
f 383// 386// 387//
f 172// 173// 387//
f 387// 173// 388//
f 387// 388// 383//
f 383// 388// 378//
f 383// 378// 382//
f 382// 378// 160//
f 184// 183// 383//
f 383// 183// 389//
f 383// 389// 390//
f 187// 188// 390//
f 390// 188// 391//
f 390// 391// 383//
f 383// 391// 392//
f 181// 182// 392//
f 392// 182// 393//
f 392// 393// 383//
f 383// 393// 394//
f 176// 175// 394//
f 394// 175// 395//
f 394// 395// 383//
f 383// 395// 396//
f 195// 196// 396//
f 396// 196// 397//
f 396// 397// 383//
f 383// 397// 398//
f 193// 192// 398//
f 398// 192// 399//
f 398// 399// 383//
f 383// 399// 400//
f 204// 205// 400//
f 400// 205// 401//
f 400// 401// 383//
f 383// 401// 402//
f 199// 198// 402//
f 402// 198// 403//
f 402// 403// 383//
f 383// 403// 379//
f 383// 379// 384//
f 384// 379// 202//
f 376// 377// 404//
f 404// 377// 405//
f 341// 340// 406//
f 406// 340// 407//
f 406// 407// 408//
f 409// 337// 336//
f 410// 347// 348//
f 406// 411// 412//
f 344// 345// 408//
f 408// 345// 413//
f 408// 413// 406//
f 406// 413// 409//
f 406// 409// 411//
f 411// 409// 336//
f 329// 328// 414//
f 414// 328// 415//
f 414// 415// 416//
f 417// 358// 359//
f 332// 331// 418//
f 418// 331// 419//
f 355// 354// 412//
f 412// 354// 420//
f 412// 420// 406//
f 406// 420// 421//
f 348// 416// 410//
f 410// 416// 415//
f 410// 415// 419//
f 419// 415// 406//
f 419// 406// 418//
f 418// 406// 422//
f 362// 361// 421//
f 421// 361// 423//
f 421// 423// 406//
f 406// 423// 424//
f 372// 373// 424//
f 424// 373// 425//
f 424// 425// 406//
f 406// 425// 426//
f 368// 367// 426//
f 426// 367// 427//
f 426// 427// 406//
f 406// 427// 428//
f 364// 363// 428//
f 428// 363// 429//
f 428// 429// 406//
f 406// 429// 430//
f 351// 350// 430//
f 430// 350// 431//
f 430// 431// 406//
f 406// 431// 417//
f 406// 417// 422//
f 422// 417// 359//
f 432// 433// 318//
f 318// 433// 319//
f 434// 283// 282//
f 287// 288// 435//
f 435// 288// 436//
f 268// 267// 437//
f 437// 267// 438//
f 437// 438// 436//
f 436// 438// 439//
f 436// 439// 435//
f 435// 439// 440//
f 296// 295// 439//
f 439// 295// 441//
f 439// 441// 442//
f 443// 305// 306//
f 299// 300// 442//
f 442// 300// 444//
f 442// 444// 439//
f 439// 444// 445//
f 280// 279// 445//
f 445// 279// 446//
f 445// 446// 439//
f 439// 446// 447//
f 439// 448// 449//
f 291// 290// 449//
f 449// 290// 450//
f 449// 450// 439//
f 439// 450// 451//
f 302// 303// 451//
f 451// 303// 452//
f 451// 452// 439//
f 439// 452// 434//
f 439// 434// 440//
f 440// 434// 282//
f 316// 317// 447//
f 447// 317// 453//
f 447// 453// 439//
f 439// 453// 454//
f 311// 310// 454//
f 454// 310// 455//
f 454// 455// 439//
f 439// 455// 456//
f 313// 314// 456//
f 456// 314// 457//
f 456// 457// 439//
f 439// 457// 458//
f 294// 293// 458//
f 458// 293// 459//
f 458// 459// 439//
f 439// 459// 443//
f 439// 443// 448//
f 448// 443// 306//
f 264// 265// 460//
f 460// 265// 461//
f 462// 463// 464//
f 465// 466// 464//
f 467// 228// 227//
f 468// 259// 258//
f 469// 470// 464//
f 471// 247// 246//
f 472// 473// 464//
f 474// 245// 244//
f 475// 476// 464//
f 477// 220// 219//
f 258// 478// 468//
f 468// 478// 479//
f 468// 479// 464//
f 246// 465// 471//
f 471// 465// 464//
f 471// 464// 480//
f 480// 464// 470//
f 480// 470// 250//
f 250// 470// 251//
f 481// 236// 235//
f 219// 472// 477//
f 477// 472// 464//
f 477// 464// 482//
f 482// 464// 463//
f 482// 463// 223//
f 223// 463// 224//
f 211// 210// 483//
f 483// 210// 464//
f 483// 464// 484//
f 484// 464// 473//
f 484// 473// 215//
f 215// 473// 216//
f 244// 469// 474//
f 474// 469// 464//
f 474// 464// 485//
f 485// 464// 479//
f 485// 479// 254//
f 254// 479// 255//
f 235// 475// 481//
f 481// 475// 464//
f 481// 464// 486//
f 486// 464// 466//
f 486// 466// 239//
f 239// 466// 240//
f 227// 462// 467//
f 467// 462// 464//
f 467// 464// 487//
f 487// 464// 476//
f 487// 476// 231//
f 231// 476// 232//
f 208// 209// 488//
f 488// 209// 489//
f 490// 491// 492//
f 493// 494// 495//
f 495// 494// 496//
f 495// 496// 492//
f 492// 496// 497//
f 492// 497// 490//
f 498// 499// 500//
f 500// 499// 501//
f 500// 501// 502//
f 502// 501// 503//
f 502// 503// 504//
f 505// 506// 507//
f 491// 508// 492//
f 492// 508// 509//
f 492// 509// 500//
f 500// 509// 510//
f 500// 510// 498//
f 507// 511// 505//
f 505// 511// 512//
f 505// 512// 495//
f 495// 512// 513//
f 495// 513// 493//
f 504// 514// 502//
f 502// 514// 515//
f 502// 515// 516//
f 515// 517// 516//
f 516// 517// 518//
f 516// 518// 519//
f 519// 518// 520//
f 519// 520// 506//
f 506// 520// 521//
f 506// 521// 507//
f 502// 516// 522//
f 460// 461// 523//
f 523// 461// 524//
f 523// 524// 525//
f 525// 524// 526//
f 525// 526// 527//
f 527// 526// 528//
f 527// 528// 529//
f 529// 528// 530//
f 529// 530// 531//
f 531// 530// 532//
f 531// 532// 533//
f 533// 532// 534//
f 533// 534// 535//
f 535// 534// 536//
f 535// 536// 537//
f 537// 536// 538//
f 537// 538// 539//
f 539// 538// 540//
f 539// 540// 522//
f 522// 540// 541//
f 522// 541// 502//
f 542// 543// 544//
f 544// 543// 545//
f 544// 545// 546//
f 546// 545// 547//
f 547// 545// 548//
f 547// 548// 549//
f 549// 548// 524//
f 549// 524// 461//
f 550// 502// 541//
f 551// 552// 553//
f 553// 552// 554//
f 541// 540// 550//
f 550// 540// 538//
f 550// 538// 555//
f 556// 557// 554//
f 554// 557// 558//
f 554// 558// 553//
f 538// 536// 555//
f 555// 536// 534//
f 555// 534// 559//
f 560// 561// 562//
f 562// 561// 563//
f 562// 563// 556//
f 556// 563// 564//
f 556// 564// 557//
f 552// 565// 554//
f 554// 565// 566//
f 554// 566// 556//
f 556// 566// 567//
f 556// 567// 562//
f 562// 567// 568//
f 569// 568// 559//
f 559// 568// 567//
f 559// 567// 555//
f 555// 567// 566//
f 555// 566// 550//
f 550// 566// 565//
f 550// 565// 502//
f 552// 502// 565//
f 551// 570// 552//
f 552// 570// 502//
f 542// 468// 543//
f 543// 468// 571//
f 543// 571// 560//
f 534// 532// 559//
f 559// 532// 530//
f 559// 530// 569//
f 569// 530// 528//
f 569// 528// 526//
f 560// 562// 543//
f 543// 562// 568//
f 543// 568// 545//
f 545// 568// 569//
f 545// 569// 548//
f 548// 569// 526//
f 548// 526// 524//
f 572// 573// 574//
f 574// 573// 575//
f 574// 575// 576//
f 576// 575// 577//
f 577// 575// 578//
f 577// 578// 579//
f 579// 578// 580//
f 579// 580// 438//
f 581// 516// 582//
f 539// 583// 537//
f 537// 583// 584//
f 582// 585// 581//
f 581// 585// 586//
f 581// 586// 587//
f 588// 533// 584//
f 584// 533// 535//
f 584// 535// 537//
f 586// 589// 587//
f 587// 589// 590//
f 587// 590// 591//
f 525// 527// 592//
f 592// 527// 529//
f 592// 529// 588//
f 588// 529// 531//
f 588// 531// 533//
f 583// 593// 584//
f 584// 593// 594//
f 584// 594// 588//
f 588// 594// 595//
f 588// 595// 592//
f 592// 595// 596//
f 597// 596// 591//
f 591// 596// 595//
f 591// 595// 587//
f 587// 595// 594//
f 587// 594// 581//
f 581// 594// 593//
f 581// 593// 516//
f 583// 516// 593//
f 539// 522// 583//
f 583// 522// 516//
f 572// 460// 573//
f 573// 460// 523//
f 573// 523// 525//
f 590// 598// 591//
f 591// 598// 599//
f 591// 599// 597//
f 597// 599// 600//
f 597// 600// 601//
f 525// 592// 573//
f 573// 592// 596//
f 573// 596// 575//
f 575// 596// 597//
f 575// 597// 578//
f 578// 597// 601//
f 578// 601// 580//
f 259// 468// 542//
f 259// 542// 602//
f 602// 542// 544//
f 602// 544// 603//
f 603// 544// 546//
f 603// 546// 604//
f 461// 265// 549//
f 549// 265// 604//
f 549// 604// 547//
f 547// 604// 546//
f 500// 502// 570//
f 468// 464// 571//
f 571// 464// 605//
f 571// 605// 560//
f 560// 605// 606//
f 560// 606// 561//
f 561// 606// 607//
f 561// 607// 563//
f 563// 607// 608//
f 563// 608// 564//
f 564// 608// 609//
f 564// 609// 557//
f 557// 609// 610//
f 557// 610// 558//
f 558// 610// 611//
f 558// 611// 553//
f 553// 611// 612//
f 553// 612// 551//
f 551// 612// 613//
f 551// 613// 570//
f 570// 613// 614//
f 570// 614// 500//
f 516// 519// 615//
f 439// 438// 616//
f 616// 438// 580//
f 616// 580// 617//
f 617// 580// 601//
f 617// 601// 618//
f 618// 601// 600//
f 618// 600// 619//
f 619// 600// 599//
f 619// 599// 620//
f 620// 599// 598//
f 620// 598// 621//
f 621// 598// 590//
f 621// 590// 622//
f 622// 590// 589//
f 622// 589// 623//
f 623// 589// 586//
f 623// 586// 624//
f 624// 586// 585//
f 624// 585// 615//
f 615// 585// 582//
f 615// 582// 516//
f 264// 460// 572//
f 264// 572// 625//
f 625// 572// 574//
f 625// 574// 626//
f 626// 574// 576//
f 626// 576// 627//
f 438// 267// 579//
f 579// 267// 627//
f 579// 627// 577//
f 577// 627// 576//
f 265// 263// 628//
f 265// 628// 604//
f 604// 628// 629//
f 604// 629// 603//
f 603// 629// 630//
f 603// 630// 602//
f 261// 259// 631//
f 631// 259// 602//
f 631// 602// 632//
f 632// 602// 630//
f 633// 634// 635//
f 635// 634// 636//
f 635// 636// 637//
f 637// 636// 638//
f 638// 636// 639//
f 638// 639// 640//
f 640// 639// 605//
f 640// 605// 464//
f 641// 500// 614//
f 642// 643// 644//
f 644// 643// 645//
f 614// 613// 641//
f 641// 613// 612//
f 641// 612// 646//
f 647// 648// 645//
f 645// 648// 649//
f 645// 649// 644//
f 612// 611// 646//
f 646// 611// 610//
f 646// 610// 650//
f 651// 652// 653//
f 653// 652// 654//
f 653// 654// 647//
f 647// 654// 655//
f 647// 655// 648//
f 643// 656// 645//
f 645// 656// 657//
f 645// 657// 647//
f 647// 657// 658//
f 647// 658// 653//
f 653// 658// 659//
f 660// 659// 650//
f 650// 659// 658//
f 650// 658// 646//
f 646// 658// 657//
f 646// 657// 641//
f 641// 657// 656//
f 641// 656// 500//
f 643// 500// 656//
f 642// 661// 643//
f 643// 661// 500//
f 633// 488// 634//
f 634// 488// 662//
f 634// 662// 651//
f 610// 609// 650//
f 650// 609// 608//
f 650// 608// 660//
f 660// 608// 607//
f 660// 607// 606//
f 651// 653// 634//
f 634// 653// 659//
f 634// 659// 636//
f 636// 659// 660//
f 636// 660// 639//
f 639// 660// 606//
f 639// 606// 605//
f 663// 664// 665//
f 665// 664// 666//
f 665// 666// 667//
f 667// 666// 668//
f 668// 666// 669//
f 668// 669// 670//
f 670// 669// 671//
f 670// 671// 432//
f 672// 519// 673//
f 624// 674// 623//
f 623// 674// 675//
f 673// 676// 672//
f 672// 676// 677//
f 672// 677// 678//
f 679// 621// 675//
f 675// 621// 622//
f 675// 622// 623//
f 677// 680// 678//
f 678// 680// 681//
f 678// 681// 682//
f 617// 618// 683//
f 683// 618// 619//
f 683// 619// 679//
f 679// 619// 620//
f 679// 620// 621//
f 674// 684// 675//
f 675// 684// 685//
f 675// 685// 679//
f 679// 685// 686//
f 679// 686// 683//
f 683// 686// 687//
f 688// 687// 682//
f 682// 687// 686//
f 682// 686// 678//
f 678// 686// 685//
f 678// 685// 672//
f 672// 685// 684//
f 672// 684// 519//
f 674// 519// 684//
f 624// 615// 674//
f 674// 615// 519//
f 663// 439// 664//
f 664// 439// 616//
f 664// 616// 617//
f 681// 689// 682//
f 682// 689// 690//
f 682// 690// 688//
f 688// 690// 691//
f 688// 691// 692//
f 617// 683// 664//
f 664// 683// 687//
f 664// 687// 666//
f 666// 687// 688//
f 666// 688// 669//
f 669// 688// 692//
f 669// 692// 671//
f 267// 266// 693//
f 267// 693// 627//
f 627// 693// 694//
f 627// 694// 626//
f 626// 694// 695//
f 626// 695// 625//
f 262// 264// 696//
f 696// 264// 625//
f 696// 625// 697//
f 697// 625// 695//
f 105// 103// 698//
f 263// 262// 699//
f 699// 262// 700//
f 699// 700// 701//
f 701// 700// 702//
f 701// 702// 703//
f 703// 702// 704//
f 703// 704// 705//
f 705// 704// 706//
f 705// 706// 707//
f 707// 706// 708//
f 707// 708// 709//
f 709// 708// 710//
f 709// 710// 711//
f 711// 710// 712//
f 711// 712// 713//
f 713// 712// 714//
f 713// 714// 715//
f 715// 714// 716//
f 715// 716// 698//
f 698// 716// 717//
f 698// 717// 105//
f 698// 103// 718//
f 632// 630// 719//
f 629// 628// 720//
f 720// 628// 263//
f 261// 631// 721//
f 721// 631// 722//
f 721// 722// 723//
f 723// 722// 724//
f 263// 699// 720//
f 720// 699// 701//
f 720// 701// 725//
f 726// 727// 724//
f 724// 727// 728//
f 724// 728// 723//
f 701// 703// 725//
f 725// 703// 705//
f 725// 705// 729//
f 730// 731// 726//
f 726// 731// 732//
f 726// 732// 727//
f 705// 707// 729//
f 729// 707// 709//
f 729// 709// 733//
f 734// 735// 730//
f 730// 735// 736//
f 730// 736// 731//
f 630// 629// 719//
f 719// 629// 720//
f 719// 720// 737//
f 737// 720// 725//
f 737// 725// 738//
f 738// 725// 729//
f 738// 729// 739//
f 739// 729// 733//
f 739// 733// 740//
f 740// 733// 718//
f 740// 718// 103//
f 103// 741// 734//
f 734// 741// 742//
f 734// 742// 735//
f 709// 711// 733//
f 733// 711// 713//
f 733// 713// 718//
f 718// 713// 715//
f 718// 715// 698//
f 631// 632// 722//
f 722// 632// 719//
f 722// 719// 724//
f 724// 719// 737//
f 724// 737// 726//
f 726// 737// 738//
f 726// 738// 730//
f 730// 738// 739//
f 730// 739// 734//
f 734// 739// 740//
f 734// 740// 103//
f 208// 488// 633//
f 208// 633// 743//
f 743// 633// 635//
f 743// 635// 744//
f 744// 635// 637//
f 744// 637// 745//
f 464// 210// 640//
f 640// 210// 745//
f 640// 745// 638//
f 638// 745// 637//
f 492// 500// 661//
f 488// 489// 662//
f 662// 489// 746//
f 662// 746// 651//
f 651// 746// 747//
f 651// 747// 652//
f 652// 747// 748//
f 652// 748// 654//
f 654// 748// 749//
f 654// 749// 655//
f 655// 749// 750//
f 655// 750// 648//
f 648// 750// 751//
f 648// 751// 649//
f 649// 751// 752//
f 649// 752// 644//
f 644// 752// 753//
f 644// 753// 642//
f 642// 753// 754//
f 642// 754// 661//
f 661// 754// 755//
f 661// 755// 492//
f 519// 506// 756//
f 433// 432// 757//
f 757// 432// 671//
f 757// 671// 758//
f 758// 671// 692//
f 758// 692// 759//
f 759// 692// 691//
f 759// 691// 760//
f 760// 691// 690//
f 760// 690// 761//
f 761// 690// 689//
f 761// 689// 762//
f 762// 689// 681//
f 762// 681// 763//
f 763// 681// 680//
f 763// 680// 764//
f 764// 680// 677//
f 764// 677// 765//
f 765// 677// 676//
f 765// 676// 756//
f 756// 676// 673//
f 756// 673// 519//
f 296// 439// 663//
f 296// 663// 766//
f 766// 663// 665//
f 766// 665// 767//
f 767// 665// 667//
f 767// 667// 768//
f 432// 318// 670//
f 670// 318// 768//
f 670// 768// 668//
f 668// 768// 667//
f 769// 105// 770//
f 697// 695// 771//
f 694// 693// 772//
f 772// 693// 266//
f 262// 696// 700//
f 700// 696// 773//
f 700// 773// 702//
f 702// 773// 774//
f 266// 775// 772//
f 772// 775// 776//
f 772// 776// 777//
f 778// 706// 774//
f 774// 706// 704//
f 774// 704// 702//
f 776// 779// 777//
f 777// 779// 780//
f 777// 780// 781//
f 782// 710// 778//
f 778// 710// 708//
f 778// 708// 706//
f 780// 783// 781//
f 781// 783// 784//
f 781// 784// 785//
f 786// 714// 782//
f 782// 714// 712//
f 782// 712// 710//
f 695// 694// 771//
f 771// 694// 772//
f 771// 772// 787//
f 787// 772// 777//
f 787// 777// 788//
f 788// 777// 781//
f 788// 781// 789//
f 789// 781// 785//
f 789// 785// 790//
f 790// 785// 770//
f 790// 770// 105//
f 105// 717// 786//
f 786// 717// 716//
f 786// 716// 714//
f 784// 791// 785//
f 785// 791// 792//
f 785// 792// 770//
f 770// 792// 793//
f 770// 793// 769//
f 696// 697// 773//
f 773// 697// 771//
f 773// 771// 774//
f 774// 771// 787//
f 774// 787// 778//
f 778// 787// 788//
f 778// 788// 782//
f 782// 788// 789//
f 782// 789// 786//
f 786// 789// 790//
f 786// 790// 105//
f 103// 101// 741//
f 741// 101// 99//
f 741// 99// 794//
f 794// 52// 741//
f 741// 52// 795//
f 741// 795// 742//
f 742// 795// 796//
f 742// 796// 735//
f 735// 796// 797//
f 735// 797// 736//
f 736// 797// 798//
f 736// 798// 731//
f 731// 798// 799//
f 731// 799// 732//
f 732// 799// 800//
f 732// 800// 727//
f 727// 800// 801//
f 727// 801// 728//
f 728// 801// 802//
f 728// 802// 723//
f 723// 802// 803//
f 723// 803// 721//
f 721// 803// 804//
f 721// 804// 261//
f 261// 804// 212//
f 210// 212// 805//
f 806// 743// 807//
f 807// 743// 744//
f 807// 744// 805//
f 805// 744// 745//
f 805// 745// 210//
f 806// 808// 743//
f 743// 808// 206//
f 743// 206// 208//
f 809// 810// 811//
f 811// 810// 812//
f 811// 812// 813//
f 813// 812// 814//
f 814// 812// 815//
f 814// 815// 816//
f 816// 815// 746//
f 816// 746// 489//
f 817// 492// 755//
f 818// 819// 820//
f 820// 819// 821//
f 755// 754// 817//
f 817// 754// 753//
f 817// 753// 822//
f 823// 824// 821//
f 821// 824// 825//
f 821// 825// 820//
f 753// 752// 822//
f 822// 752// 751//
f 822// 751// 826//
f 827// 828// 829//
f 829// 828// 830//
f 829// 830// 823//
f 823// 830// 831//
f 823// 831// 824//
f 819// 832// 821//
f 821// 832// 833//
f 821// 833// 823//
f 823// 833// 834//
f 823// 834// 829//
f 829// 834// 835//
f 836// 835// 826//
f 826// 835// 834//
f 826// 834// 822//
f 822// 834// 833//
f 822// 833// 817//
f 817// 833// 832//
f 817// 832// 492//
f 819// 492// 832//
f 818// 837// 819//
f 819// 837// 492//
f 809// 383// 810//
f 810// 383// 838//
f 810// 838// 827//
f 751// 750// 826//
f 826// 750// 749//
f 826// 749// 836//
f 836// 749// 748//
f 836// 748// 747//
f 827// 829// 810//
f 810// 829// 835//
f 810// 835// 812//
f 812// 835// 836//
f 812// 836// 815//
f 815// 836// 747//
f 815// 747// 746//
f 839// 840// 841//
f 841// 840// 842//
f 841// 842// 843//
f 843// 842// 844//
f 844// 842// 845//
f 844// 845// 846//
f 846// 845// 847//
f 846// 847// 415//
f 848// 506// 849//
f 765// 850// 764//
f 764// 850// 851//
f 849// 852// 848//
f 848// 852// 853//
f 848// 853// 854//
f 855// 762// 851//
f 851// 762// 763//
f 851// 763// 764//
f 853// 856// 854//
f 854// 856// 857//
f 854// 857// 858//
f 758// 759// 859//
f 859// 759// 760//
f 859// 760// 855//
f 855// 760// 761//
f 855// 761// 762//
f 850// 860// 851//
f 851// 860// 861//
f 851// 861// 855//
f 855// 861// 862//
f 855// 862// 859//
f 859// 862// 863//
f 864// 863// 858//
f 858// 863// 862//
f 858// 862// 854//
f 854// 862// 861//
f 854// 861// 848//
f 848// 861// 860//
f 848// 860// 506//
f 850// 506// 860//
f 765// 756// 850//
f 850// 756// 506//
f 839// 433// 840//
f 840// 433// 757//
f 840// 757// 758//
f 857// 865// 858//
f 858// 865// 866//
f 858// 866// 864//
f 864// 866// 867//
f 864// 867// 868//
f 758// 859// 840//
f 840// 859// 863//
f 840// 863// 842//
f 842// 863// 864//
f 842// 864// 845//
f 845// 864// 868//
f 845// 868// 847//
f 318// 320// 869//
f 318// 869// 768//
f 768// 869// 870//
f 768// 870// 767//
f 767// 870// 871//
f 767// 871// 766//
f 271// 296// 872//
f 872// 296// 766//
f 872// 766// 873//
f 873// 766// 871//
f 104// 105// 769//
f 91// 874// 875//
f 875// 874// 94//
f 875// 94// 6//
f 104// 769// 115//
f 266// 271// 775//
f 775// 271// 876//
f 775// 876// 776//
f 776// 876// 877//
f 776// 877// 779//
f 779// 877// 878//
f 779// 878// 780//
f 780// 878// 879//
f 780// 879// 783//
f 783// 879// 880//
f 783// 880// 784//
f 784// 880// 881//
f 784// 881// 791//
f 791// 881// 882//
f 791// 882// 792//
f 792// 882// 883//
f 792// 883// 793//
f 793// 883// 884//
f 793// 884// 769//
f 769// 884// 875//
f 769// 875// 115//
f 115// 875// 6//
f 797// 796// 885//
f 886// 887// 888//
f 799// 798// 889//
f 890// 891// 892//
f 801// 800// 893//
f 803// 802// 894//
f 895// 896// 897//
f 212// 804// 805//
f 805// 804// 897//
f 805// 897// 807//
f 807// 897// 896//
f 807// 896// 806//
f 806// 896// 808//
f 206// 808// 898//
f 898// 808// 896//
f 898// 896// 899//
f 899// 896// 895//
f 899// 895// 900//
f 900// 895// 901//
f 891// 901// 892//
f 892// 901// 895//
f 892// 895// 894//
f 894// 895// 897//
f 894// 897// 803//
f 803// 897// 804//
f 887// 890// 888//
f 888// 890// 892//
f 888// 892// 893//
f 893// 892// 894//
f 893// 894// 801//
f 801// 894// 802//
f 800// 799// 893//
f 893// 799// 889//
f 893// 889// 888//
f 888// 889// 902//
f 888// 902// 886//
f 52// 903// 902//
f 902// 903// 904//
f 902// 904// 886//
f 798// 797// 889//
f 889// 797// 885//
f 889// 885// 902//
f 902// 885// 52//
f 796// 795// 885//
f 885// 795// 52//
f 184// 383// 809//
f 184// 809// 905//
f 905// 809// 811//
f 905// 811// 906//
f 906// 811// 813//
f 906// 813// 907//
f 489// 209// 816//
f 816// 209// 907//
f 816// 907// 814//
f 814// 907// 813//
f 495// 492// 837//
f 383// 381// 838//
f 838// 381// 908//
f 838// 908// 827//
f 827// 908// 909//
f 827// 909// 828//
f 828// 909// 910//
f 828// 910// 830//
f 830// 910// 911//
f 830// 911// 831//
f 831// 911// 912//
f 831// 912// 824//
f 824// 912// 913//
f 824// 913// 825//
f 825// 913// 914//
f 825// 914// 820//
f 820// 914// 915//
f 820// 915// 818//
f 818// 915// 916//
f 818// 916// 837//
f 837// 916// 917//
f 837// 917// 495//
f 505// 495// 918//
f 404// 405// 919//
f 919// 405// 920//
f 919// 920// 921//
f 921// 920// 922//
f 921// 922// 923//
f 923// 922// 924//
f 923// 924// 925//
f 925// 924// 926//
f 925// 926// 927//
f 927// 926// 928//
f 927// 928// 929//
f 929// 928// 930//
f 929// 930// 931//
f 931// 930// 932//
f 931// 932// 933//
f 933// 932// 934//
f 933// 934// 935//
f 935// 934// 936//
f 935// 936// 918//
f 918// 936// 937//
f 918// 937// 505//
f 506// 505// 938//
f 406// 415// 939//
f 939// 415// 847//
f 939// 847// 940//
f 940// 847// 868//
f 940// 868// 941//
f 941// 868// 867//
f 941// 867// 942//
f 942// 867// 866//
f 942// 866// 943//
f 943// 866// 865//
f 943// 865// 944//
f 944// 865// 857//
f 944// 857// 945//
f 945// 857// 856//
f 945// 856// 946//
f 946// 856// 853//
f 946// 853// 947//
f 947// 853// 852//
f 947// 852// 938//
f 938// 852// 849//
f 938// 849// 506//
f 319// 433// 839//
f 319// 839// 948//
f 948// 839// 841//
f 948// 841// 949//
f 949// 841// 843//
f 949// 843// 950//
f 415// 328// 846//
f 846// 328// 950//
f 846// 950// 844//
f 844// 950// 843//
f 951// 91// 952//
f 873// 871// 953//
f 870// 869// 954//
f 954// 869// 320//
f 271// 872// 876//
f 876// 872// 955//
f 876// 955// 877//
f 877// 955// 956//
f 320// 957// 954//
f 954// 957// 958//
f 954// 958// 959//
f 960// 879// 956//
f 956// 879// 878//
f 956// 878// 877//
f 958// 961// 959//
f 959// 961// 962//
f 959// 962// 963//
f 964// 881// 960//
f 960// 881// 880//
f 960// 880// 879//
f 962// 965// 963//
f 963// 965// 966//
f 963// 966// 967//
f 968// 883// 964//
f 964// 883// 882//
f 964// 882// 881//
f 871// 870// 953//
f 953// 870// 954//
f 953// 954// 969//
f 969// 954// 959//
f 969// 959// 970//
f 970// 959// 963//
f 970// 963// 971//
f 971// 963// 967//
f 971// 967// 972//
f 972// 967// 952//
f 972// 952// 91//
f 91// 875// 968//
f 968// 875// 884//
f 968// 884// 883//
f 966// 973// 967//
f 967// 973// 974//
f 967// 974// 952//
f 952// 974// 975//
f 952// 975// 951//
f 872// 873// 955//
f 955// 873// 953//
f 955// 953// 956//
f 956// 953// 969//
f 956// 969// 960//
f 960// 969// 970//
f 960// 970// 964//
f 964// 970// 971//
f 964// 971// 968//
f 968// 971// 972//
f 968// 972// 91//
f 52// 57// 976//
f 207// 206// 977//
f 977// 206// 898//
f 977// 898// 978//
f 978// 898// 899//
f 978// 899// 979//
f 979// 899// 900//
f 979// 900// 980//
f 980// 900// 901//
f 980// 901// 981//
f 981// 901// 891//
f 981// 891// 982//
f 982// 891// 890//
f 982// 890// 983//
f 983// 890// 887//
f 983// 887// 984//
f 984// 887// 886//
f 984// 886// 985//
f 985// 886// 904//
f 985// 904// 976//
f 976// 904// 903//
f 976// 903// 52//
f 209// 207// 986//
f 987// 905// 988//
f 988// 905// 906//
f 988// 906// 986//
f 986// 906// 907//
f 986// 907// 209//
f 987// 989// 905//
f 905// 989// 156//
f 905// 156// 184//
f 990// 991// 992//
f 992// 991// 993//
f 992// 993// 994//
f 994// 993// 995//
f 995// 993// 996//
f 995// 996// 997//
f 997// 996// 908//
f 997// 908// 381//
f 998// 495// 917//
f 935// 999// 933//
f 933// 999// 1000//
f 917// 916// 998//
f 998// 916// 915//
f 998// 915// 1001//
f 1002// 929// 1000//
f 1000// 929// 931//
f 1000// 931// 933//
f 915// 914// 1001//
f 1001// 914// 913//
f 1001// 913// 1003//
f 921// 923// 1004//
f 1004// 923// 925//
f 1004// 925// 1002//
f 1002// 925// 927//
f 1002// 927// 929//
f 999// 1005// 1000//
f 1000// 1005// 1006//
f 1000// 1006// 1002//
f 1002// 1006// 1007//
f 1002// 1007// 1004//
f 1004// 1007// 1008//
f 1009// 1008// 1003//
f 1003// 1008// 1007//
f 1003// 1007// 1001//
f 1001// 1007// 1006//
f 1001// 1006// 998//
f 998// 1006// 1005//
f 998// 1005// 495//
f 999// 495// 1005//
f 935// 918// 999//
f 999// 918// 495//
f 990// 404// 991//
f 991// 404// 919//
f 991// 919// 921//
f 913// 912// 1003//
f 1003// 912// 911//
f 1003// 911// 1009//
f 1009// 911// 910//
f 1009// 910// 909//
f 921// 1004// 991//
f 991// 1004// 1008//
f 991// 1008// 993//
f 993// 1008// 1009//
f 993// 1009// 996//
f 996// 1009// 909//
f 996// 909// 908//
f 1010// 1011// 1012//
f 1012// 1011// 1013//
f 1012// 1013// 1014//
f 1014// 1013// 1015//
f 1015// 1013// 1016//
f 1015// 1016// 1017//
f 1017// 1016// 920//
f 1017// 920// 405//
f 1018// 505// 937//
f 947// 1019// 946//
f 946// 1019// 1020//
f 937// 936// 1018//
f 1018// 936// 934//
f 1018// 934// 1021//
f 1022// 944// 1020//
f 1020// 944// 945//
f 1020// 945// 946//
f 934// 932// 1021//
f 1021// 932// 930//
f 1021// 930// 1023//
f 940// 941// 1024//
f 1024// 941// 942//
f 1024// 942// 1022//
f 1022// 942// 943//
f 1022// 943// 944//
f 1019// 1025// 1020//
f 1020// 1025// 1026//
f 1020// 1026// 1022//
f 1022// 1026// 1027//
f 1022// 1027// 1024//
f 1024// 1027// 1028//
f 1029// 1028// 1023//
f 1023// 1028// 1027//
f 1023// 1027// 1021//
f 1021// 1027// 1026//
f 1021// 1026// 1018//
f 1018// 1026// 1025//
f 1018// 1025// 505//
f 1019// 505// 1025//
f 947// 938// 1019//
f 1019// 938// 505//
f 1010// 406// 1011//
f 1011// 406// 939//
f 1011// 939// 940//
f 930// 928// 1023//
f 1023// 928// 926//
f 1023// 926// 1029//
f 1029// 926// 924//
f 1029// 924// 922//
f 940// 1024// 1011//
f 1011// 1024// 1028//
f 1011// 1028// 1013//
f 1013// 1028// 1029//
f 1013// 1029// 1016//
f 1016// 1029// 922//
f 1016// 922// 920//
f 328// 327// 1030//
f 328// 1030// 950//
f 950// 1030// 1031//
f 950// 1031// 949//
f 949// 1031// 1032//
f 949// 1032// 948//
f 321// 319// 1033//
f 1033// 319// 948//
f 1033// 948// 1034//
f 1034// 948// 1032//
f 151// 91// 951//
f 320// 321// 957//
f 957// 321// 1035//
f 957// 1035// 958//
f 958// 1035// 1036//
f 958// 1036// 961//
f 961// 1036// 1037//
f 961// 1037// 962//
f 962// 1037// 1038//
f 962// 1038// 965//
f 965// 1038// 1039//
f 965// 1039// 966//
f 966// 1039// 1040//
f 966// 1040// 973//
f 973// 1040// 1041//
f 973// 1041// 974//
f 974// 1041// 1042//
f 974// 1042// 975//
f 975// 1042// 1043//
f 975// 1043// 951//
f 951// 1043// 1044//
f 951// 1044// 151//
f 984// 985// 1045//
f 1046// 1047// 1048//
f 982// 983// 1049//
f 1050// 1051// 1052//
f 980// 981// 1053//
f 978// 979// 1054//
f 1055// 1056// 1057//
f 207// 977// 986//
f 986// 977// 1057//
f 986// 1057// 988//
f 988// 1057// 1056//
f 988// 1056// 987//
f 987// 1056// 989//
f 156// 989// 1058//
f 1058// 989// 1056//
f 1058// 1056// 1059//
f 1059// 1056// 1055//
f 1059// 1055// 1060//
f 1060// 1055// 1061//
f 1051// 1061// 1052//
f 1052// 1061// 1055//
f 1052// 1055// 1054//
f 1054// 1055// 1057//
f 1054// 1057// 978//
f 978// 1057// 977//
f 1047// 1050// 1048//
f 1048// 1050// 1052//
f 1048// 1052// 1053//
f 1053// 1052// 1054//
f 1053// 1054// 980//
f 980// 1054// 979//
f 981// 982// 1053//
f 1053// 982// 1049//
f 1053// 1049// 1048//
f 1048// 1049// 1062//
f 1048// 1062// 1046//
f 57// 1063// 1062//
f 1062// 1063// 1064//
f 1062// 1064// 1046//
f 983// 984// 1049//
f 1049// 984// 1045//
f 1049// 1045// 1062//
f 1062// 1045// 57//
f 985// 976// 1045//
f 1045// 976// 57//
f 376// 404// 990//
f 376// 990// 1065//
f 1065// 990// 992//
f 1065// 992// 1066//
f 1066// 992// 994//
f 1066// 994// 1067//
f 381// 158// 997//
f 997// 158// 1067//
f 997// 1067// 995//
f 995// 1067// 994//
f 341// 406// 1010//
f 341// 1010// 1068//
f 1068// 1010// 1012//
f 1068// 1012// 1069//
f 1069// 1012// 1014//
f 1069// 1014// 1070//
f 405// 377// 1017//
f 1017// 377// 1070//
f 1017// 1070// 1015//
f 1015// 1070// 1014//
f 1071// 151// 1072//
f 1034// 1032// 1073//
f 1031// 1030// 1074//
f 1074// 1030// 327//
f 321// 1033// 1035//
f 1035// 1033// 1075//
f 1035// 1075// 1036//
f 1036// 1075// 1076//
f 327// 1077// 1074//
f 1074// 1077// 1078//
f 1074// 1078// 1079//
f 1080// 1038// 1076//
f 1076// 1038// 1037//
f 1076// 1037// 1036//
f 1078// 1081// 1079//
f 1079// 1081// 1082//
f 1079// 1082// 1083//
f 1084// 1040// 1080//
f 1080// 1040// 1039//
f 1080// 1039// 1038//
f 1082// 1085// 1083//
f 1083// 1085// 1086//
f 1083// 1086// 1087//
f 1088// 1042// 1084//
f 1084// 1042// 1041//
f 1084// 1041// 1040//
f 1032// 1031// 1073//
f 1073// 1031// 1074//
f 1073// 1074// 1089//
f 1089// 1074// 1079//
f 1089// 1079// 1090//
f 1090// 1079// 1083//
f 1090// 1083// 1091//
f 1091// 1083// 1087//
f 1091// 1087// 1092//
f 1092// 1087// 1072//
f 1092// 1072// 151//
f 151// 1044// 1088//
f 1088// 1044// 1043//
f 1088// 1043// 1042//
f 1086// 1093// 1087//
f 1087// 1093// 1094//
f 1087// 1094// 1072//
f 1072// 1094// 1095//
f 1072// 1095// 1071//
f 1033// 1034// 1075//
f 1075// 1034// 1073//
f 1075// 1073// 1076//
f 1076// 1073// 1089//
f 1076// 1089// 1080//
f 1080// 1089// 1090//
f 1080// 1090// 1084//
f 1084// 1090// 1091//
f 1084// 1091// 1088//
f 1088// 1091// 1092//
f 1088// 1092// 151//
f 1063// 57// 59//
f 1096// 82// 80//
f 80// 78// 1096//
f 1096// 78// 1097//
f 1096// 1097// 68//
f 157// 156// 1098//
f 1098// 156// 1058//
f 1098// 1058// 1099//
f 1099// 1058// 1059//
f 1099// 1059// 1100//
f 1100// 1059// 1060//
f 1100// 1060// 1101//
f 1101// 1060// 1061//
f 1101// 1061// 1102//
f 1102// 1061// 1051//
f 1102// 1051// 1103//
f 1103// 1051// 1050//
f 1103// 1050// 1104//
f 1104// 1050// 1047//
f 1104// 1047// 1105//
f 1105// 1047// 1046//
f 1105// 1046// 1106//
f 1106// 1046// 1064//
f 1106// 1064// 1096//
f 1096// 1064// 1063//
f 1096// 1063// 82//
f 82// 1063// 59//
f 158// 157// 1107//
f 158// 1107// 1067//
f 1067// 1107// 1108//
f 1067// 1108// 1066//
f 1066// 1108// 1109//
f 1066// 1109// 1065//
f 374// 376// 1110//
f 1110// 376// 1065//
f 1110// 1065// 1111//
f 1111// 1065// 1109//
f 377// 375// 1112//
f 377// 1112// 1070//
f 1070// 1112// 1113//
f 1070// 1113// 1069//
f 1069// 1113// 1114//
f 1069// 1114// 1068//
f 324// 341// 1115//
f 1115// 341// 1068//
f 1115// 1068// 1116//
f 1116// 1068// 1114//
f 1117// 153// 1071//
f 1071// 153// 152//
f 1071// 152// 151//
f 67// 1117// 1118//
f 1118// 1117// 1071//
f 1118// 1071// 1119//
f 1119// 1071// 1095//
f 1119// 1095// 1120//
f 1120// 1095// 1094//
f 1120// 1094// 1121//
f 1121// 1094// 1093//
f 1121// 1093// 1122//
f 1122// 1093// 1086//
f 1122// 1086// 1123//
f 1123// 1086// 1085//
f 1123// 1085// 1124//
f 1124// 1085// 1082//
f 1124// 1082// 1125//
f 1125// 1082// 1081//
f 1125// 1081// 1126//
f 1126// 1081// 1078//
f 1126// 1078// 1127//
f 1127// 1078// 1077//
f 1127// 1077// 324//
f 324// 1077// 327//
f 1096// 68// 1128//
f 1111// 1109// 1129//
f 1108// 1107// 1130//
f 1130// 1107// 157//
f 374// 1110// 1131//
f 1131// 1110// 1132//
f 1131// 1132// 1133//
f 1133// 1132// 1134//
f 157// 1098// 1130//
f 1130// 1098// 1099//
f 1130// 1099// 1135//
f 1136// 1137// 1134//
f 1134// 1137// 1138//
f 1134// 1138// 1133//
f 1099// 1100// 1135//
f 1135// 1100// 1101//
f 1135// 1101// 1139//
f 1140// 1141// 1136//
f 1136// 1141// 1142//
f 1136// 1142// 1137//
f 1101// 1102// 1139//
f 1139// 1102// 1103//
f 1139// 1103// 1143//
f 1144// 1145// 1140//
f 1140// 1145// 1146//
f 1140// 1146// 1141//
f 1109// 1108// 1129//
f 1129// 1108// 1130//
f 1129// 1130// 1147//
f 1147// 1130// 1135//
f 1147// 1135// 1148//
f 1148// 1135// 1139//
f 1148// 1139// 1149//
f 1149// 1139// 1143//
f 1149// 1143// 1150//
f 1150// 1143// 1128//
f 1150// 1128// 68//
f 68// 1151// 1144//
f 1144// 1151// 1152//
f 1144// 1152// 1145//
f 1103// 1104// 1143//
f 1143// 1104// 1105//
f 1143// 1105// 1128//
f 1128// 1105// 1106//
f 1128// 1106// 1096//
f 1110// 1111// 1132//
f 1132// 1111// 1129//
f 1132// 1129// 1134//
f 1134// 1129// 1147//
f 1134// 1147// 1136//
f 1136// 1147// 1148//
f 1136// 1148// 1140//
f 1140// 1148// 1149//
f 1140// 1149// 1144//
f 1144// 1149// 1150//
f 1144// 1150// 68//
f 1153// 67// 1154//
f 1116// 1114// 1155//
f 1113// 1112// 1156//
f 1156// 1112// 375//
f 324// 1115// 1127//
f 1127// 1115// 1157//
f 1127// 1157// 1126//
f 1126// 1157// 1158//
f 375// 1159// 1156//
f 1156// 1159// 1160//
f 1156// 1160// 1161//
f 1162// 1124// 1158//
f 1158// 1124// 1125//
f 1158// 1125// 1126//
f 1160// 1163// 1161//
f 1161// 1163// 1164//
f 1161// 1164// 1165//
f 1166// 1122// 1162//
f 1162// 1122// 1123//
f 1162// 1123// 1124//
f 1164// 1167// 1165//
f 1165// 1167// 1168//
f 1165// 1168// 1169//
f 1170// 1120// 1166//
f 1166// 1120// 1121//
f 1166// 1121// 1122//
f 1114// 1113// 1155//
f 1155// 1113// 1156//
f 1155// 1156// 1171//
f 1171// 1156// 1161//
f 1171// 1161// 1172//
f 1172// 1161// 1165//
f 1172// 1165// 1173//
f 1173// 1165// 1169//
f 1173// 1169// 1174//
f 1174// 1169// 1154//
f 1174// 1154// 67//
f 67// 1118// 1170//
f 1170// 1118// 1119//
f 1170// 1119// 1120//
f 1168// 1175// 1169//
f 1169// 1175// 1176//
f 1169// 1176// 1154//
f 1154// 1176// 1177//
f 1154// 1177// 1153//
f 1115// 1116// 1157//
f 1157// 1116// 1155//
f 1157// 1155// 1158//
f 1158// 1155// 1171//
f 1158// 1171// 1162//
f 1162// 1171// 1172//
f 1162// 1172// 1166//
f 1166// 1172// 1173//
f 1166// 1173// 1170//
f 1170// 1173// 1174//
f 1170// 1174// 67//
f 68// 67// 1153//
f 375// 374// 1159//
f 1159// 374// 1131//
f 1159// 1131// 1160//
f 1160// 1131// 1133//
f 1160// 1133// 1163//
f 1163// 1133// 1138//
f 1163// 1138// 1164//
f 1164// 1138// 1137//
f 1164// 1137// 1167//
f 1167// 1137// 1142//
f 1167// 1142// 1168//
f 1168// 1142// 1141//
f 1168// 1141// 1175//
f 1175// 1141// 1146//
f 1175// 1146// 1176//
f 1176// 1146// 1145//
f 1176// 1145// 1177//
f 1177// 1145// 1152//
f 1177// 1152// 1153//
f 1153// 1152// 1151//
f 1153// 1151// 68//
usemtl 2
f 1178// 512// 1179//
f 1179// 512// 511//
f 1179// 511// 1180//
f 1180// 511// 507//
f 1180// 507// 1181//
f 1181// 507// 521//
f 1181// 521// 1182//
f 1182// 521// 520//
f 1182// 520// 1183//
f 1183// 520// 518//
f 1183// 518// 1184//
f 1184// 518// 517//
f 1184// 517// 1185//
f 1185// 517// 515//
f 1185// 515// 1186//
f 1186// 515// 514//
f 1186// 514// 1187//
f 1187// 514// 504//
f 1187// 504// 1188//
f 1188// 504// 503//
f 1188// 503// 1189//
f 1189// 503// 501//
f 1189// 501// 1190//
f 1190// 501// 499//
f 1190// 499// 1191//
f 1191// 499// 498//
f 1191// 498// 1192//
f 1192// 498// 510//
f 1192// 510// 1193//
f 1193// 510// 509//
f 1193// 509// 1194//
f 1194// 509// 508//
f 1194// 508// 1195//
f 1195// 508// 491//
f 1195// 491// 1196//
f 1196// 491// 490//
f 1196// 490// 1197//
f 1197// 490// 497//
f 1197// 497// 1198//
f 1198// 497// 496//
f 1198// 496// 1199//
f 1199// 496// 494//
f 1199// 494// 1200//
f 1200// 494// 493//
f 1200// 493// 1201//
f 1201// 493// 513//
f 1201// 513// 1178//
f 1178// 513// 512//
f 1200// 1201// 1202//
f 1202// 1201// 1178//
f 1202// 1178// 1179//
f 1197// 1198// 1202//
f 1202// 1198// 1199//
f 1202// 1199// 1200//
f 1194// 1195// 1202//
f 1202// 1195// 1196//
f 1202// 1196// 1197//
f 1191// 1192// 1202//
f 1202// 1192// 1193//
f 1202// 1193// 1194//
f 1188// 1189// 1202//
f 1202// 1189// 1190//
f 1202// 1190// 1191//
f 1185// 1186// 1202//
f 1202// 1186// 1187//
f 1202// 1187// 1188//
f 1182// 1183// 1202//
f 1202// 1183// 1184//
f 1202// 1184// 1185//
f 1179// 1180// 1202//
f 1202// 1180// 1181//
f 1202// 1181// 1182//
usemtl 3
f 1203// 1204// 486//
f 486// 1204// 481//
f 1205// 1206// 1207//
f 1207// 1206// 1208//
f 1209// 1205// 1210//
f 1210// 1205// 1207//
f 1211// 1209// 1212//
f 1212// 1209// 1210//
f 1211// 1212// 1213//
f 1213// 1212// 1214//
f 1213// 1214// 1215//
f 1215// 1214// 1216//
f 1215// 1216// 1217//
f 1217// 1216// 1218//
f 1217// 1218// 1219//
f 1219// 1218// 1220//
f 1219// 1220// 1221//
f 1221// 1220// 1222//
f 1221// 1222// 1223//
f 1223// 1222// 1224//
f 1225// 1223// 1226//
f 1226// 1223// 1224//
f 1225// 1226// 1227//
f 1225// 1227// 1228//
f 1228// 1227// 1229//
f 1228// 1229// 1230//
f 1230// 1229// 1231//
f 1230// 1231// 1232//
f 1232// 1231// 1233//
f 1232// 1233// 1234//
f 1234// 1233// 1235//
f 1234// 1235// 1236//
f 1236// 1235// 1204//
f 1236// 1204// 1203//
f 1237// 1238// 237//
f 237// 1238// 238//
f 1238// 1237// 1239//
f 1239// 1237// 1240//
f 1239// 1240// 1241//
f 1241// 1240// 1242//
f 1241// 1242// 1243//
f 1243// 1242// 1244//
f 1243// 1244// 1245//
f 1245// 1244// 1246//
f 1245// 1246// 1247//
f 1247// 1246// 1248//
f 1247// 1248// 1249//
f 1249// 1248// 1250//
f 1251// 1249// 1252//
f 1252// 1249// 1250//
f 1251// 1252// 1253//
f 1251// 1253// 1254//
f 1254// 1253// 1255//
f 1254// 1255// 1256//
f 1256// 1255// 1257//
f 1256// 1257// 1258//
f 1258// 1257// 1259//
f 1258// 1259// 1260//
f 1260// 1259// 1261//
f 1260// 1261// 1262//
f 1262// 1261// 1208//
f 1262// 1208// 1206//
f 1203// 486// 239//
f 1236// 1203// 1234//
f 1234// 1203// 1232//
f 1238// 1239// 1232//
f 1203// 239// 1232//
f 1232// 239// 238//
f 1232// 238// 1238//
f 1205// 1209// 1206//
f 1206// 1209// 1211//
f 1206// 1211// 1262//
f 1262// 1211// 1213//
f 1262// 1213// 1260//
f 1260// 1213// 1215//
f 1260// 1215// 1258//
f 1258// 1215// 1217//
f 1258// 1217// 1256//
f 1256// 1217// 1219//
f 1256// 1219// 1254//
f 1254// 1219// 1221//
f 1254// 1221// 1251//
f 1251// 1221// 1223//
f 1251// 1223// 1249//
f 1249// 1223// 1225//
f 1249// 1225// 1247//
f 1247// 1225// 1228//
f 1247// 1228// 1245//
f 1245// 1228// 1230//
f 1245// 1230// 1243//
f 1243// 1230// 1232//
f 1243// 1232// 1241//
f 1241// 1232// 1239//
f 236// 481// 1231//
f 1231// 481// 1204//
f 1231// 1204// 1233//
f 1233// 1204// 1235//
f 237// 236// 1237//
f 1237// 236// 1231//
f 1237// 1231// 1240//
f 1240// 1231// 1242//
f 1210// 1207// 1212//
f 1212// 1207// 1208//
f 1212// 1208// 1214//
f 1214// 1208// 1261//
f 1214// 1261// 1216//
f 1216// 1261// 1259//
f 1216// 1259// 1218//
f 1218// 1259// 1257//
f 1218// 1257// 1220//
f 1220// 1257// 1255//
f 1220// 1255// 1222//
f 1222// 1255// 1253//
f 1222// 1253// 1224//
f 1224// 1253// 1252//
f 1224// 1252// 1226//
f 1226// 1252// 1250//
f 1226// 1250// 1227//
f 1227// 1250// 1248//
f 1227// 1248// 1229//
f 1229// 1248// 1246//
f 1229// 1246// 1231//
f 1231// 1246// 1244//
f 1231// 1244// 1242//
f 1263// 1264// 465//
f 465// 1264// 466//
f 1265// 1266// 1267//
f 1267// 1266// 1268//
f 1269// 1265// 1270//
f 1270// 1265// 1267//
f 1271// 1269// 1272//
f 1272// 1269// 1270//
f 1271// 1272// 1273//
f 1273// 1272// 1274//
f 1273// 1274// 1275//
f 1275// 1274// 1276//
f 1275// 1276// 1277//
f 1277// 1276// 1278//
f 1277// 1278// 1279//
f 1279// 1278// 1280//
f 1279// 1280// 1281//
f 1281// 1280// 1282//
f 1281// 1282// 1283//
f 1283// 1282// 1284//
f 1285// 1283// 1286//
f 1286// 1283// 1284//
f 1285// 1286// 1287//
f 1285// 1287// 1288//
f 1288// 1287// 1289//
f 1288// 1289// 1290//
f 1290// 1289// 1291//
f 1290// 1291// 1292//
f 1292// 1291// 1293//
f 1292// 1293// 1294//
f 1294// 1293// 1295//
f 1294// 1295// 1296//
f 1296// 1295// 1264//
f 1296// 1264// 1263//
f 1297// 1298// 241//
f 241// 1298// 242//
f 1298// 1297// 1299//
f 1299// 1297// 1300//
f 1299// 1300// 1301//
f 1301// 1300// 1302//
f 1301// 1302// 1303//
f 1303// 1302// 1304//
f 1303// 1304// 1305//
f 1305// 1304// 1306//
f 1305// 1306// 1307//
f 1307// 1306// 1308//
f 1307// 1308// 1309//
f 1309// 1308// 1310//
f 1311// 1309// 1312//
f 1312// 1309// 1310//
f 1311// 1312// 1313//
f 1311// 1313// 1314//
f 1314// 1313// 1315//
f 1314// 1315// 1316//
f 1316// 1315// 1317//
f 1316// 1317// 1318//
f 1318// 1317// 1319//
f 1318// 1319// 1320//
f 1320// 1319// 1321//
f 1320// 1321// 1322//
f 1322// 1321// 1268//
f 1322// 1268// 1266//
f 1263// 465// 246//
f 1296// 1263// 1294//
f 1294// 1263// 1292//
f 1298// 1299// 1292//
f 1263// 246// 1292//
f 1292// 246// 242//
f 1292// 242// 1298//
f 1265// 1269// 1266//
f 1266// 1269// 1271//
f 1266// 1271// 1322//
f 1322// 1271// 1273//
f 1322// 1273// 1320//
f 1320// 1273// 1275//
f 1320// 1275// 1318//
f 1318// 1275// 1277//
f 1318// 1277// 1316//
f 1316// 1277// 1279//
f 1316// 1279// 1314//
f 1314// 1279// 1281//
f 1314// 1281// 1311//
f 1311// 1281// 1283//
f 1311// 1283// 1309//
f 1309// 1283// 1285//
f 1309// 1285// 1307//
f 1307// 1285// 1288//
f 1307// 1288// 1305//
f 1305// 1288// 1290//
f 1305// 1290// 1303//
f 1303// 1290// 1292//
f 1303// 1292// 1301//
f 1301// 1292// 1299//
f 240// 466// 1291//
f 1291// 466// 1264//
f 1291// 1264// 1293//
f 1293// 1264// 1295//
f 241// 240// 1297//
f 1297// 240// 1291//
f 1297// 1291// 1300//
f 1300// 1291// 1302//
f 1270// 1267// 1272//
f 1272// 1267// 1268//
f 1272// 1268// 1274//
f 1274// 1268// 1321//
f 1274// 1321// 1276//
f 1276// 1321// 1319//
f 1276// 1319// 1278//
f 1278// 1319// 1317//
f 1278// 1317// 1280//
f 1280// 1317// 1315//
f 1280// 1315// 1282//
f 1282// 1315// 1313//
f 1282// 1313// 1284//
f 1284// 1313// 1312//
f 1284// 1312// 1286//
f 1286// 1312// 1310//
f 1286// 1310// 1287//
f 1287// 1310// 1308//
f 1287// 1308// 1289//
f 1289// 1308// 1306//
f 1289// 1306// 1291//
f 1291// 1306// 1304//
f 1291// 1304// 1302//
f 1323// 1324// 480//
f 480// 1324// 471//
f 1325// 1326// 1327//
f 1327// 1326// 1328//
f 1329// 1325// 1330//
f 1330// 1325// 1327//
f 1331// 1329// 1332//
f 1332// 1329// 1330//
f 1331// 1332// 1333//
f 1333// 1332// 1334//
f 1333// 1334// 1335//
f 1335// 1334// 1336//
f 1335// 1336// 1337//
f 1337// 1336// 1338//
f 1337// 1338// 1339//
f 1339// 1338// 1340//
f 1339// 1340// 1341//
f 1341// 1340// 1342//
f 1341// 1342// 1343//
f 1343// 1342// 1344//
f 1345// 1343// 1346//
f 1346// 1343// 1344//
f 1345// 1346// 1347//
f 1345// 1347// 1348//
f 1348// 1347// 1349//
f 1348// 1349// 1350//
f 1350// 1349// 1351//
f 1350// 1351// 1352//
f 1352// 1351// 1353//
f 1352// 1353// 1354//
f 1354// 1353// 1355//
f 1354// 1355// 1356//
f 1356// 1355// 1324//
f 1356// 1324// 1323//
f 1357// 1358// 248//
f 248// 1358// 249//
f 1358// 1357// 1359//
f 1359// 1357// 1360//
f 1359// 1360// 1361//
f 1361// 1360// 1362//
f 1361// 1362// 1363//
f 1363// 1362// 1364//
f 1363// 1364// 1365//
f 1365// 1364// 1366//
f 1365// 1366// 1367//
f 1367// 1366// 1368//
f 1367// 1368// 1369//
f 1369// 1368// 1370//
f 1371// 1369// 1372//
f 1372// 1369// 1370//
f 1371// 1372// 1373//
f 1371// 1373// 1374//
f 1374// 1373// 1375//
f 1374// 1375// 1376//
f 1376// 1375// 1377//
f 1376// 1377// 1378//
f 1378// 1377// 1379//
f 1378// 1379// 1380//
f 1380// 1379// 1381//
f 1380// 1381// 1382//
f 1382// 1381// 1328//
f 1382// 1328// 1326//
f 1323// 480// 250//
f 1356// 1323// 1354//
f 1354// 1323// 1352//
f 1358// 1359// 1352//
f 1323// 250// 1352//
f 1352// 250// 249//
f 1352// 249// 1358//
f 1325// 1329// 1326//
f 1326// 1329// 1331//
f 1326// 1331// 1382//
f 1382// 1331// 1333//
f 1382// 1333// 1380//
f 1380// 1333// 1335//
f 1380// 1335// 1378//
f 1378// 1335// 1337//
f 1378// 1337// 1376//
f 1376// 1337// 1339//
f 1376// 1339// 1374//
f 1374// 1339// 1341//
f 1374// 1341// 1371//
f 1371// 1341// 1343//
f 1371// 1343// 1369//
f 1369// 1343// 1345//
f 1369// 1345// 1367//
f 1367// 1345// 1348//
f 1367// 1348// 1365//
f 1365// 1348// 1350//
f 1365// 1350// 1363//
f 1363// 1350// 1352//
f 1363// 1352// 1361//
f 1361// 1352// 1359//
f 247// 471// 1351//
f 1351// 471// 1324//
f 1351// 1324// 1353//
f 1353// 1324// 1355//
f 248// 247// 1357//
f 1357// 247// 1351//
f 1357// 1351// 1360//
f 1360// 1351// 1362//
f 1330// 1327// 1332//
f 1332// 1327// 1328//
f 1332// 1328// 1334//
f 1334// 1328// 1381//
f 1334// 1381// 1336//
f 1336// 1381// 1379//
f 1336// 1379// 1338//
f 1338// 1379// 1377//
f 1338// 1377// 1340//
f 1340// 1377// 1375//
f 1340// 1375// 1342//
f 1342// 1375// 1373//
f 1342// 1373// 1344//
f 1344// 1373// 1372//
f 1344// 1372// 1346//
f 1346// 1372// 1370//
f 1346// 1370// 1347//
f 1347// 1370// 1368//
f 1347// 1368// 1349//
f 1349// 1368// 1366//
f 1349// 1366// 1351//
f 1351// 1366// 1364//
f 1351// 1364// 1362//
f 1383// 1384// 469//
f 469// 1384// 470//
f 1385// 1386// 1387//
f 1387// 1386// 1388//
f 1389// 1385// 1390//
f 1390// 1385// 1387//
f 1391// 1389// 1392//
f 1392// 1389// 1390//
f 1391// 1392// 1393//
f 1393// 1392// 1394//
f 1393// 1394// 1395//
f 1395// 1394// 1396//
f 1395// 1396// 1397//
f 1397// 1396// 1398//
f 1397// 1398// 1399//
f 1399// 1398// 1400//
f 1399// 1400// 1401//
f 1401// 1400// 1402//
f 1401// 1402// 1403//
f 1403// 1402// 1404//
f 1405// 1403// 1406//
f 1406// 1403// 1404//
f 1405// 1406// 1407//
f 1405// 1407// 1408//
f 1408// 1407// 1409//
f 1408// 1409// 1410//
f 1410// 1409// 1411//
f 1410// 1411// 1412//
f 1412// 1411// 1413//
f 1412// 1413// 1414//
f 1414// 1413// 1415//
f 1414// 1415// 1416//
f 1416// 1415// 1384//
f 1416// 1384// 1383//
f 1417// 1418// 252//
f 252// 1418// 243//
f 1418// 1417// 1419//
f 1419// 1417// 1420//
f 1419// 1420// 1421//
f 1421// 1420// 1422//
f 1421// 1422// 1423//
f 1423// 1422// 1424//
f 1423// 1424// 1425//
f 1425// 1424// 1426//
f 1425// 1426// 1427//
f 1427// 1426// 1428//
f 1427// 1428// 1429//
f 1429// 1428// 1430//
f 1431// 1429// 1432//
f 1432// 1429// 1430//
f 1431// 1432// 1433//
f 1431// 1433// 1434//
f 1434// 1433// 1435//
f 1434// 1435// 1436//
f 1436// 1435// 1437//
f 1436// 1437// 1438//
f 1438// 1437// 1439//
f 1438// 1439// 1440//
f 1440// 1439// 1441//
f 1440// 1441// 1442//
f 1442// 1441// 1388//
f 1442// 1388// 1386//
f 1383// 469// 244//
f 1416// 1383// 1414//
f 1414// 1383// 1412//
f 1418// 1419// 1412//
f 1383// 244// 1412//
f 1412// 244// 243//
f 1412// 243// 1418//
f 1385// 1389// 1386//
f 1386// 1389// 1391//
f 1386// 1391// 1442//
f 1442// 1391// 1393//
f 1442// 1393// 1440//
f 1440// 1393// 1395//
f 1440// 1395// 1438//
f 1438// 1395// 1397//
f 1438// 1397// 1436//
f 1436// 1397// 1399//
f 1436// 1399// 1434//
f 1434// 1399// 1401//
f 1434// 1401// 1431//
f 1431// 1401// 1403//
f 1431// 1403// 1429//
f 1429// 1403// 1405//
f 1429// 1405// 1427//
f 1427// 1405// 1408//
f 1427// 1408// 1425//
f 1425// 1408// 1410//
f 1425// 1410// 1423//
f 1423// 1410// 1412//
f 1423// 1412// 1421//
f 1421// 1412// 1419//
f 251// 470// 1411//
f 1411// 470// 1384//
f 1411// 1384// 1413//
f 1413// 1384// 1415//
f 252// 251// 1417//
f 1417// 251// 1411//
f 1417// 1411// 1420//
f 1420// 1411// 1422//
f 1390// 1387// 1392//
f 1392// 1387// 1388//
f 1392// 1388// 1394//
f 1394// 1388// 1441//
f 1394// 1441// 1396//
f 1396// 1441// 1439//
f 1396// 1439// 1398//
f 1398// 1439// 1437//
f 1398// 1437// 1400//
f 1400// 1437// 1435//
f 1400// 1435// 1402//
f 1402// 1435// 1433//
f 1402// 1433// 1404//
f 1404// 1433// 1432//
f 1404// 1432// 1406//
f 1406// 1432// 1430//
f 1406// 1430// 1407//
f 1407// 1430// 1428//
f 1407// 1428// 1409//
f 1409// 1428// 1426//
f 1409// 1426// 1411//
f 1411// 1426// 1424//
f 1411// 1424// 1422//
f 1443// 1444// 485//
f 485// 1444// 474//
f 1445// 1446// 1447//
f 1447// 1446// 1448//
f 1449// 1445// 1450//
f 1450// 1445// 1447//
f 1451// 1449// 1452//
f 1452// 1449// 1450//
f 1451// 1452// 1453//
f 1453// 1452// 1454//
f 1453// 1454// 1455//
f 1455// 1454// 1456//
f 1455// 1456// 1457//
f 1457// 1456// 1458//
f 1457// 1458// 1459//
f 1459// 1458// 1460//
f 1459// 1460// 1461//
f 1461// 1460// 1462//
f 1461// 1462// 1463//
f 1463// 1462// 1464//
f 1465// 1463// 1466//
f 1466// 1463// 1464//
f 1465// 1466// 1467//
f 1465// 1467// 1468//
f 1468// 1467// 1469//
f 1468// 1469// 1470//
f 1470// 1469// 1471//
f 1470// 1471// 1472//
f 1472// 1471// 1473//
f 1472// 1473// 1474//
f 1474// 1473// 1475//
f 1474// 1475// 1476//
f 1476// 1475// 1444//
f 1476// 1444// 1443//
f 1477// 1478// 253//
f 253// 1478// 256//
f 1478// 1477// 1479//
f 1479// 1477// 1480//
f 1479// 1480// 1481//
f 1481// 1480// 1482//
f 1481// 1482// 1483//
f 1483// 1482// 1484//
f 1483// 1484// 1485//
f 1485// 1484// 1486//
f 1485// 1486// 1487//
f 1487// 1486// 1488//
f 1487// 1488// 1489//
f 1489// 1488// 1490//
f 1491// 1489// 1492//
f 1492// 1489// 1490//
f 1491// 1492// 1493//
f 1491// 1493// 1494//
f 1494// 1493// 1495//
f 1494// 1495// 1496//
f 1496// 1495// 1497//
f 1496// 1497// 1498//
f 1498// 1497// 1499//
f 1498// 1499// 1500//
f 1500// 1499// 1501//
f 1500// 1501// 1502//
f 1502// 1501// 1448//
f 1502// 1448// 1446//
f 1443// 485// 254//
f 1476// 1443// 1474//
f 1474// 1443// 1472//
f 1478// 1479// 1472//
f 1443// 254// 1472//
f 1472// 254// 256//
f 1472// 256// 1478//
f 1445// 1449// 1446//
f 1446// 1449// 1451//
f 1446// 1451// 1502//
f 1502// 1451// 1453//
f 1502// 1453// 1500//
f 1500// 1453// 1455//
f 1500// 1455// 1498//
f 1498// 1455// 1457//
f 1498// 1457// 1496//
f 1496// 1457// 1459//
f 1496// 1459// 1494//
f 1494// 1459// 1461//
f 1494// 1461// 1491//
f 1491// 1461// 1463//
f 1491// 1463// 1489//
f 1489// 1463// 1465//
f 1489// 1465// 1487//
f 1487// 1465// 1468//
f 1487// 1468// 1485//
f 1485// 1468// 1470//
f 1485// 1470// 1483//
f 1483// 1470// 1472//
f 1483// 1472// 1481//
f 1481// 1472// 1479//
f 245// 474// 1471//
f 1471// 474// 1444//
f 1471// 1444// 1473//
f 1473// 1444// 1475//
f 253// 245// 1477//
f 1477// 245// 1471//
f 1477// 1471// 1480//
f 1480// 1471// 1482//
f 1450// 1447// 1452//
f 1452// 1447// 1448//
f 1452// 1448// 1454//
f 1454// 1448// 1501//
f 1454// 1501// 1456//
f 1456// 1501// 1499//
f 1456// 1499// 1458//
f 1458// 1499// 1497//
f 1458// 1497// 1460//
f 1460// 1497// 1495//
f 1460// 1495// 1462//
f 1462// 1495// 1493//
f 1462// 1493// 1464//
f 1464// 1493// 1492//
f 1464// 1492// 1466//
f 1466// 1492// 1490//
f 1466// 1490// 1467//
f 1467// 1490// 1488//
f 1467// 1488// 1469//
f 1469// 1488// 1486//
f 1469// 1486// 1471//
f 1471// 1486// 1484//
f 1471// 1484// 1482//
f 1503// 1504// 478//
f 478// 1504// 479//
f 1505// 1506// 1507//
f 1507// 1506// 1508//
f 1509// 1505// 1510//
f 1510// 1505// 1507//
f 1511// 1509// 1512//
f 1512// 1509// 1510//
f 1511// 1512// 1513//
f 1513// 1512// 1514//
f 1513// 1514// 1515//
f 1515// 1514// 1516//
f 1515// 1516// 1517//
f 1517// 1516// 1518//
f 1517// 1518// 1519//
f 1519// 1518// 1520//
f 1519// 1520// 1521//
f 1521// 1520// 1522//
f 1521// 1522// 1523//
f 1523// 1522// 1524//
f 1525// 1523// 1526//
f 1526// 1523// 1524//
f 1525// 1526// 1527//
f 1525// 1527// 1528//
f 1528// 1527// 1529//
f 1528// 1529// 1530//
f 1530// 1529// 1531//
f 1530// 1531// 1532//
f 1532// 1531// 1533//
f 1532// 1533// 1534//
f 1534// 1533// 1535//
f 1534// 1535// 1536//
f 1536// 1535// 1504//
f 1536// 1504// 1503//
f 1537// 1538// 257//
f 257// 1538// 260//
f 1538// 1537// 1539//
f 1539// 1537// 1540//
f 1539// 1540// 1541//
f 1541// 1540// 1542//
f 1541// 1542// 1543//
f 1543// 1542// 1544//
f 1543// 1544// 1545//
f 1545// 1544// 1546//
f 1545// 1546// 1547//
f 1547// 1546// 1548//
f 1547// 1548// 1549//
f 1549// 1548// 1550//
f 1551// 1549// 1552//
f 1552// 1549// 1550//
f 1551// 1552// 1553//
f 1551// 1553// 1554//
f 1554// 1553// 1555//
f 1554// 1555// 1556//
f 1556// 1555// 1557//
f 1556// 1557// 1558//
f 1558// 1557// 1559//
f 1558// 1559// 1560//
f 1560// 1559// 1561//
f 1560// 1561// 1562//
f 1562// 1561// 1508//
f 1562// 1508// 1506//
f 1503// 478// 258//
f 1536// 1503// 1534//
f 1534// 1503// 1532//
f 1538// 1539// 1532//
f 1503// 258// 1532//
f 1532// 258// 260//
f 1532// 260// 1538//
f 1505// 1509// 1506//
f 1506// 1509// 1511//
f 1506// 1511// 1562//
f 1562// 1511// 1513//
f 1562// 1513// 1560//
f 1560// 1513// 1515//
f 1560// 1515// 1558//
f 1558// 1515// 1517//
f 1558// 1517// 1556//
f 1556// 1517// 1519//
f 1556// 1519// 1554//
f 1554// 1519// 1521//
f 1554// 1521// 1551//
f 1551// 1521// 1523//
f 1551// 1523// 1549//
f 1549// 1523// 1525//
f 1549// 1525// 1547//
f 1547// 1525// 1528//
f 1547// 1528// 1545//
f 1545// 1528// 1530//
f 1545// 1530// 1543//
f 1543// 1530// 1532//
f 1543// 1532// 1541//
f 1541// 1532// 1539//
f 255// 479// 1531//
f 1531// 479// 1504//
f 1531// 1504// 1533//
f 1533// 1504// 1535//
f 257// 255// 1537//
f 1537// 255// 1531//
f 1537// 1531// 1540//
f 1540// 1531// 1542//
f 1510// 1507// 1512//
f 1512// 1507// 1508//
f 1512// 1508// 1514//
f 1514// 1508// 1561//
f 1514// 1561// 1516//
f 1516// 1561// 1559//
f 1516// 1559// 1518//
f 1518// 1559// 1557//
f 1518// 1557// 1520//
f 1520// 1557// 1555//
f 1520// 1555// 1522//
f 1522// 1555// 1553//
f 1522// 1553// 1524//
f 1524// 1553// 1552//
f 1524// 1552// 1526//
f 1526// 1552// 1550//
f 1526// 1550// 1527//
f 1527// 1550// 1548//
f 1527// 1548// 1529//
f 1529// 1548// 1546//
f 1529// 1546// 1531//
f 1531// 1546// 1544//
f 1531// 1544// 1542//
f 1563// 1564// 475//
f 475// 1564// 476//
f 1565// 1566// 1567//
f 1567// 1566// 1568//
f 1569// 1565// 1570//
f 1570// 1565// 1567//
f 1571// 1569// 1572//
f 1572// 1569// 1570//
f 1571// 1572// 1573//
f 1573// 1572// 1574//
f 1573// 1574// 1575//
f 1575// 1574// 1576//
f 1575// 1576// 1577//
f 1577// 1576// 1578//
f 1577// 1578// 1579//
f 1579// 1578// 1580//
f 1579// 1580// 1581//
f 1581// 1580// 1582//
f 1581// 1582// 1583//
f 1583// 1582// 1584//
f 1585// 1583// 1586//
f 1586// 1583// 1584//
f 1585// 1586// 1587//
f 1585// 1587// 1588//
f 1588// 1587// 1589//
f 1588// 1589// 1590//
f 1590// 1589// 1591//
f 1590// 1591// 1592//
f 1592// 1591// 1593//
f 1592// 1593// 1594//
f 1594// 1593// 1595//
f 1594// 1595// 1596//
f 1596// 1595// 1564//
f 1596// 1564// 1563//
f 1597// 1598// 233//
f 233// 1598// 234//
f 1598// 1597// 1599//
f 1599// 1597// 1600//
f 1599// 1600// 1601//
f 1601// 1600// 1602//
f 1601// 1602// 1603//
f 1603// 1602// 1604//
f 1603// 1604// 1605//
f 1605// 1604// 1606//
f 1605// 1606// 1607//
f 1607// 1606// 1608//
f 1607// 1608// 1609//
f 1609// 1608// 1610//
f 1611// 1609// 1612//
f 1612// 1609// 1610//
f 1611// 1612// 1613//
f 1611// 1613// 1614//
f 1614// 1613// 1615//
f 1614// 1615// 1616//
f 1616// 1615// 1617//
f 1616// 1617// 1618//
f 1618// 1617// 1619//
f 1618// 1619// 1620//
f 1620// 1619// 1621//
f 1620// 1621// 1622//
f 1622// 1621// 1568//
f 1622// 1568// 1566//
f 1563// 475// 235//
f 1596// 1563// 1594//
f 1594// 1563// 1592//
f 1598// 1599// 1592//
f 1563// 235// 1592//
f 1592// 235// 234//
f 1592// 234// 1598//
f 1565// 1569// 1566//
f 1566// 1569// 1571//
f 1566// 1571// 1622//
f 1622// 1571// 1573//
f 1622// 1573// 1620//
f 1620// 1573// 1575//
f 1620// 1575// 1618//
f 1618// 1575// 1577//
f 1618// 1577// 1616//
f 1616// 1577// 1579//
f 1616// 1579// 1614//
f 1614// 1579// 1581//
f 1614// 1581// 1611//
f 1611// 1581// 1583//
f 1611// 1583// 1609//
f 1609// 1583// 1585//
f 1609// 1585// 1607//
f 1607// 1585// 1588//
f 1607// 1588// 1605//
f 1605// 1588// 1590//
f 1605// 1590// 1603//
f 1603// 1590// 1592//
f 1603// 1592// 1601//
f 1601// 1592// 1599//
f 232// 476// 1591//
f 1591// 476// 1564//
f 1591// 1564// 1593//
f 1593// 1564// 1595//
f 233// 232// 1597//
f 1597// 232// 1591//
f 1597// 1591// 1600//
f 1600// 1591// 1602//
f 1570// 1567// 1572//
f 1572// 1567// 1568//
f 1572// 1568// 1574//
f 1574// 1568// 1621//
f 1574// 1621// 1576//
f 1576// 1621// 1619//
f 1576// 1619// 1578//
f 1578// 1619// 1617//
f 1578// 1617// 1580//
f 1580// 1617// 1615//
f 1580// 1615// 1582//
f 1582// 1615// 1613//
f 1582// 1613// 1584//
f 1584// 1613// 1612//
f 1584// 1612// 1586//
f 1586// 1612// 1610//
f 1586// 1610// 1587//
f 1587// 1610// 1608//
f 1587// 1608// 1589//
f 1589// 1608// 1606//
f 1589// 1606// 1591//
f 1591// 1606// 1604//
f 1591// 1604// 1602//
f 1623// 1624// 487//
f 487// 1624// 467//
f 1625// 1626// 1627//
f 1627// 1626// 1628//
f 1629// 1625// 1630//
f 1630// 1625// 1627//
f 1631// 1629// 1632//
f 1632// 1629// 1630//
f 1631// 1632// 1633//
f 1633// 1632// 1634//
f 1633// 1634// 1635//
f 1635// 1634// 1636//
f 1635// 1636// 1637//
f 1637// 1636// 1638//
f 1637// 1638// 1639//
f 1639// 1638// 1640//
f 1639// 1640// 1641//
f 1641// 1640// 1642//
f 1641// 1642// 1643//
f 1643// 1642// 1644//
f 1645// 1643// 1646//
f 1646// 1643// 1644//
f 1645// 1646// 1647//
f 1645// 1647// 1648//
f 1648// 1647// 1649//
f 1648// 1649// 1650//
f 1650// 1649// 1651//
f 1650// 1651// 1652//
f 1652// 1651// 1653//
f 1652// 1653// 1654//
f 1654// 1653// 1655//
f 1654// 1655// 1656//
f 1656// 1655// 1624//
f 1656// 1624// 1623//
f 1657// 1658// 229//
f 229// 1658// 230//
f 1658// 1657// 1659//
f 1659// 1657// 1660//
f 1659// 1660// 1661//
f 1661// 1660// 1662//
f 1661// 1662// 1663//
f 1663// 1662// 1664//
f 1663// 1664// 1665//
f 1665// 1664// 1666//
f 1665// 1666// 1667//
f 1667// 1666// 1668//
f 1667// 1668// 1669//
f 1669// 1668// 1670//
f 1671// 1669// 1672//
f 1672// 1669// 1670//
f 1671// 1672// 1673//
f 1671// 1673// 1674//
f 1674// 1673// 1675//
f 1674// 1675// 1676//
f 1676// 1675// 1677//
f 1676// 1677// 1678//
f 1678// 1677// 1679//
f 1678// 1679// 1680//
f 1680// 1679// 1681//
f 1680// 1681// 1682//
f 1682// 1681// 1628//
f 1682// 1628// 1626//
f 1623// 487// 231//
f 1656// 1623// 1654//
f 1654// 1623// 1652//
f 1658// 1659// 1652//
f 1623// 231// 1652//
f 1652// 231// 230//
f 1652// 230// 1658//
f 1625// 1629// 1626//
f 1626// 1629// 1631//
f 1626// 1631// 1682//
f 1682// 1631// 1633//
f 1682// 1633// 1680//
f 1680// 1633// 1635//
f 1680// 1635// 1678//
f 1678// 1635// 1637//
f 1678// 1637// 1676//
f 1676// 1637// 1639//
f 1676// 1639// 1674//
f 1674// 1639// 1641//
f 1674// 1641// 1671//
f 1671// 1641// 1643//
f 1671// 1643// 1669//
f 1669// 1643// 1645//
f 1669// 1645// 1667//
f 1667// 1645// 1648//
f 1667// 1648// 1665//
f 1665// 1648// 1650//
f 1665// 1650// 1663//
f 1663// 1650// 1652//
f 1663// 1652// 1661//
f 1661// 1652// 1659//
f 228// 467// 1651//
f 1651// 467// 1624//
f 1651// 1624// 1653//
f 1653// 1624// 1655//
f 229// 228// 1657//
f 1657// 228// 1651//
f 1657// 1651// 1660//
f 1660// 1651// 1662//
f 1630// 1627// 1632//
f 1632// 1627// 1628//
f 1632// 1628// 1634//
f 1634// 1628// 1681//
f 1634// 1681// 1636//
f 1636// 1681// 1679//
f 1636// 1679// 1638//
f 1638// 1679// 1677//
f 1638// 1677// 1640//
f 1640// 1677// 1675//
f 1640// 1675// 1642//
f 1642// 1675// 1673//
f 1642// 1673// 1644//
f 1644// 1673// 1672//
f 1644// 1672// 1646//
f 1646// 1672// 1670//
f 1646// 1670// 1647//
f 1647// 1670// 1668//
f 1647// 1668// 1649//
f 1649// 1668// 1666//
f 1649// 1666// 1651//
f 1651// 1666// 1664//
f 1651// 1664// 1662//
f 1683// 1684// 462//
f 462// 1684// 463//
f 1685// 1686// 1687//
f 1687// 1686// 1688//
f 1689// 1685// 1690//
f 1690// 1685// 1687//
f 1691// 1689// 1692//
f 1692// 1689// 1690//
f 1691// 1692// 1693//
f 1693// 1692// 1694//
f 1693// 1694// 1695//
f 1695// 1694// 1696//
f 1695// 1696// 1697//
f 1697// 1696// 1698//
f 1697// 1698// 1699//
f 1699// 1698// 1700//
f 1699// 1700// 1701//
f 1701// 1700// 1702//
f 1701// 1702// 1703//
f 1703// 1702// 1704//
f 1705// 1703// 1706//
f 1706// 1703// 1704//
f 1705// 1706// 1707//
f 1705// 1707// 1708//
f 1708// 1707// 1709//
f 1708// 1709// 1710//
f 1710// 1709// 1711//
f 1710// 1711// 1712//
f 1712// 1711// 1713//
f 1712// 1713// 1714//
f 1714// 1713// 1715//
f 1714// 1715// 1716//
f 1716// 1715// 1684//
f 1716// 1684// 1683//
f 1717// 1718// 225//
f 225// 1718// 226//
f 1718// 1717// 1719//
f 1719// 1717// 1720//
f 1719// 1720// 1721//
f 1721// 1720// 1722//
f 1721// 1722// 1723//
f 1723// 1722// 1724//
f 1723// 1724// 1725//
f 1725// 1724// 1726//
f 1725// 1726// 1727//
f 1727// 1726// 1728//
f 1727// 1728// 1729//
f 1729// 1728// 1730//
f 1731// 1729// 1732//
f 1732// 1729// 1730//
f 1731// 1732// 1733//
f 1731// 1733// 1734//
f 1734// 1733// 1735//
f 1734// 1735// 1736//
f 1736// 1735// 1737//
f 1736// 1737// 1738//
f 1738// 1737// 1739//
f 1738// 1739// 1740//
f 1740// 1739// 1741//
f 1740// 1741// 1742//
f 1742// 1741// 1688//
f 1742// 1688// 1686//
f 1683// 462// 227//
f 1716// 1683// 1714//
f 1714// 1683// 1712//
f 1718// 1719// 1712//
f 1683// 227// 1712//
f 1712// 227// 226//
f 1712// 226// 1718//
f 1685// 1689// 1686//
f 1686// 1689// 1691//
f 1686// 1691// 1742//
f 1742// 1691// 1693//
f 1742// 1693// 1740//
f 1740// 1693// 1695//
f 1740// 1695// 1738//
f 1738// 1695// 1697//
f 1738// 1697// 1736//
f 1736// 1697// 1699//
f 1736// 1699// 1734//
f 1734// 1699// 1701//
f 1734// 1701// 1731//
f 1731// 1701// 1703//
f 1731// 1703// 1729//
f 1729// 1703// 1705//
f 1729// 1705// 1727//
f 1727// 1705// 1708//
f 1727// 1708// 1725//
f 1725// 1708// 1710//
f 1725// 1710// 1723//
f 1723// 1710// 1712//
f 1723// 1712// 1721//
f 1721// 1712// 1719//
f 224// 463// 1711//
f 1711// 463// 1684//
f 1711// 1684// 1713//
f 1713// 1684// 1715//
f 225// 224// 1717//
f 1717// 224// 1711//
f 1717// 1711// 1720//
f 1720// 1711// 1722//
f 1690// 1687// 1692//
f 1692// 1687// 1688//
f 1692// 1688// 1694//
f 1694// 1688// 1741//
f 1694// 1741// 1696//
f 1696// 1741// 1739//
f 1696// 1739// 1698//
f 1698// 1739// 1737//
f 1698// 1737// 1700//
f 1700// 1737// 1735//
f 1700// 1735// 1702//
f 1702// 1735// 1733//
f 1702// 1733// 1704//
f 1704// 1733// 1732//
f 1704// 1732// 1706//
f 1706// 1732// 1730//
f 1706// 1730// 1707//
f 1707// 1730// 1728//
f 1707// 1728// 1709//
f 1709// 1728// 1726//
f 1709// 1726// 1711//
f 1711// 1726// 1724//
f 1711// 1724// 1722//
f 1743// 1744// 482//
f 482// 1744// 477//
f 1745// 1746// 1747//
f 1747// 1746// 1748//
f 1749// 1745// 1750//
f 1750// 1745// 1747//
f 1751// 1749// 1752//
f 1752// 1749// 1750//
f 1751// 1752// 1753//
f 1753// 1752// 1754//
f 1753// 1754// 1755//
f 1755// 1754// 1756//
f 1755// 1756// 1757//
f 1757// 1756// 1758//
f 1757// 1758// 1759//
f 1759// 1758// 1760//
f 1759// 1760// 1761//
f 1761// 1760// 1762//
f 1761// 1762// 1763//
f 1763// 1762// 1764//
f 1765// 1763// 1766//
f 1766// 1763// 1764//
f 1765// 1766// 1767//
f 1765// 1767// 1768//
f 1768// 1767// 1769//
f 1768// 1769// 1770//
f 1770// 1769// 1771//
f 1770// 1771// 1772//
f 1772// 1771// 1773//
f 1772// 1773// 1774//
f 1774// 1773// 1775//
f 1774// 1775// 1776//
f 1776// 1775// 1744//
f 1776// 1744// 1743//
f 1777// 1778// 221//
f 221// 1778// 222//
f 1778// 1777// 1779//
f 1779// 1777// 1780//
f 1779// 1780// 1781//
f 1781// 1780// 1782//
f 1781// 1782// 1783//
f 1783// 1782// 1784//
f 1783// 1784// 1785//
f 1785// 1784// 1786//
f 1785// 1786// 1787//
f 1787// 1786// 1788//
f 1787// 1788// 1789//
f 1789// 1788// 1790//
f 1791// 1789// 1792//
f 1792// 1789// 1790//
f 1791// 1792// 1793//
f 1791// 1793// 1794//
f 1794// 1793// 1795//
f 1794// 1795// 1796//
f 1796// 1795// 1797//
f 1796// 1797// 1798//
f 1798// 1797// 1799//
f 1798// 1799// 1800//
f 1800// 1799// 1801//
f 1800// 1801// 1802//
f 1802// 1801// 1748//
f 1802// 1748// 1746//
f 1743// 482// 223//
f 1776// 1743// 1774//
f 1774// 1743// 1772//
f 1778// 1779// 1772//
f 1743// 223// 1772//
f 1772// 223// 222//
f 1772// 222// 1778//
f 1745// 1749// 1746//
f 1746// 1749// 1751//
f 1746// 1751// 1802//
f 1802// 1751// 1753//
f 1802// 1753// 1800//
f 1800// 1753// 1755//
f 1800// 1755// 1798//
f 1798// 1755// 1757//
f 1798// 1757// 1796//
f 1796// 1757// 1759//
f 1796// 1759// 1794//
f 1794// 1759// 1761//
f 1794// 1761// 1791//
f 1791// 1761// 1763//
f 1791// 1763// 1789//
f 1789// 1763// 1765//
f 1789// 1765// 1787//
f 1787// 1765// 1768//
f 1787// 1768// 1785//
f 1785// 1768// 1770//
f 1785// 1770// 1783//
f 1783// 1770// 1772//
f 1783// 1772// 1781//
f 1781// 1772// 1779//
f 220// 477// 1771//
f 1771// 477// 1744//
f 1771// 1744// 1773//
f 1773// 1744// 1775//
f 221// 220// 1777//
f 1777// 220// 1771//
f 1777// 1771// 1780//
f 1780// 1771// 1782//
f 1750// 1747// 1752//
f 1752// 1747// 1748//
f 1752// 1748// 1754//
f 1754// 1748// 1801//
f 1754// 1801// 1756//
f 1756// 1801// 1799//
f 1756// 1799// 1758//
f 1758// 1799// 1797//
f 1758// 1797// 1760//
f 1760// 1797// 1795//
f 1760// 1795// 1762//
f 1762// 1795// 1793//
f 1762// 1793// 1764//
f 1764// 1793// 1792//
f 1764// 1792// 1766//
f 1766// 1792// 1790//
f 1766// 1790// 1767//
f 1767// 1790// 1788//
f 1767// 1788// 1769//
f 1769// 1788// 1786//
f 1769// 1786// 1771//
f 1771// 1786// 1784//
f 1771// 1784// 1782//
f 1803// 1804// 472//
f 472// 1804// 473//
f 1805// 1806// 1807//
f 1807// 1806// 1808//
f 1809// 1805// 1810//
f 1810// 1805// 1807//
f 1811// 1809// 1812//
f 1812// 1809// 1810//
f 1811// 1812// 1813//
f 1813// 1812// 1814//
f 1813// 1814// 1815//
f 1815// 1814// 1816//
f 1815// 1816// 1817//
f 1817// 1816// 1818//
f 1817// 1818// 1819//
f 1819// 1818// 1820//
f 1819// 1820// 1821//
f 1821// 1820// 1822//
f 1821// 1822// 1823//
f 1823// 1822// 1824//
f 1825// 1823// 1826//
f 1826// 1823// 1824//
f 1825// 1826// 1827//
f 1825// 1827// 1828//
f 1828// 1827// 1829//
f 1828// 1829// 1830//
f 1830// 1829// 1831//
f 1830// 1831// 1832//
f 1832// 1831// 1833//
f 1832// 1833// 1834//
f 1834// 1833// 1835//
f 1834// 1835// 1836//
f 1836// 1835// 1804//
f 1836// 1804// 1803//
f 1837// 1838// 217//
f 217// 1838// 218//
f 1838// 1837// 1839//
f 1839// 1837// 1840//
f 1839// 1840// 1841//
f 1841// 1840// 1842//
f 1841// 1842// 1843//
f 1843// 1842// 1844//
f 1843// 1844// 1845//
f 1845// 1844// 1846//
f 1845// 1846// 1847//
f 1847// 1846// 1848//
f 1847// 1848// 1849//
f 1849// 1848// 1850//
f 1851// 1849// 1852//
f 1852// 1849// 1850//
f 1851// 1852// 1853//
f 1851// 1853// 1854//
f 1854// 1853// 1855//
f 1854// 1855// 1856//
f 1856// 1855// 1857//
f 1856// 1857// 1858//
f 1858// 1857// 1859//
f 1858// 1859// 1860//
f 1860// 1859// 1861//
f 1860// 1861// 1862//
f 1862// 1861// 1808//
f 1862// 1808// 1806//
f 1803// 472// 219//
f 1836// 1803// 1834//
f 1834// 1803// 1832//
f 1838// 1839// 1832//
f 1803// 219// 1832//
f 1832// 219// 218//
f 1832// 218// 1838//
f 1805// 1809// 1806//
f 1806// 1809// 1811//
f 1806// 1811// 1862//
f 1862// 1811// 1813//
f 1862// 1813// 1860//
f 1860// 1813// 1815//
f 1860// 1815// 1858//
f 1858// 1815// 1817//
f 1858// 1817// 1856//
f 1856// 1817// 1819//
f 1856// 1819// 1854//
f 1854// 1819// 1821//
f 1854// 1821// 1851//
f 1851// 1821// 1823//
f 1851// 1823// 1849//
f 1849// 1823// 1825//
f 1849// 1825// 1847//
f 1847// 1825// 1828//
f 1847// 1828// 1845//
f 1845// 1828// 1830//
f 1845// 1830// 1843//
f 1843// 1830// 1832//
f 1843// 1832// 1841//
f 1841// 1832// 1839//
f 216// 473// 1831//
f 1831// 473// 1804//
f 1831// 1804// 1833//
f 1833// 1804// 1835//
f 217// 216// 1837//
f 1837// 216// 1831//
f 1837// 1831// 1840//
f 1840// 1831// 1842//
f 1810// 1807// 1812//
f 1812// 1807// 1808//
f 1812// 1808// 1814//
f 1814// 1808// 1861//
f 1814// 1861// 1816//
f 1816// 1861// 1859//
f 1816// 1859// 1818//
f 1818// 1859// 1857//
f 1818// 1857// 1820//
f 1820// 1857// 1855//
f 1820// 1855// 1822//
f 1822// 1855// 1853//
f 1822// 1853// 1824//
f 1824// 1853// 1852//
f 1824// 1852// 1826//
f 1826// 1852// 1850//
f 1826// 1850// 1827//
f 1827// 1850// 1848//
f 1827// 1848// 1829//
f 1829// 1848// 1846//
f 1829// 1846// 1831//
f 1831// 1846// 1844//
f 1831// 1844// 1842//
f 1863// 1864// 484//
f 484// 1864// 483//
f 1865// 1866// 1867//
f 1867// 1866// 1868//
f 1869// 1865// 1870//
f 1870// 1865// 1867//
f 1871// 1869// 1872//
f 1872// 1869// 1870//
f 1871// 1872// 1873//
f 1873// 1872// 1874//
f 1873// 1874// 1875//
f 1875// 1874// 1876//
f 1875// 1876// 1877//
f 1877// 1876// 1878//
f 1877// 1878// 1879//
f 1879// 1878// 1880//
f 1879// 1880// 1881//
f 1881// 1880// 1882//
f 1881// 1882// 1883//
f 1883// 1882// 1884//
f 1885// 1883// 1886//
f 1886// 1883// 1884//
f 1885// 1886// 1887//
f 1885// 1887// 1888//
f 1888// 1887// 1889//
f 1888// 1889// 1890//
f 1890// 1889// 1891//
f 1890// 1891// 1892//
f 1892// 1891// 1893//
f 1892// 1893// 1894//
f 1894// 1893// 1895//
f 1894// 1895// 1896//
f 1896// 1895// 1864//
f 1896// 1864// 1863//
f 1897// 1898// 213//
f 213// 1898// 214//
f 1898// 1897// 1899//
f 1899// 1897// 1900//
f 1899// 1900// 1901//
f 1901// 1900// 1902//
f 1901// 1902// 1903//
f 1903// 1902// 1904//
f 1903// 1904// 1905//
f 1905// 1904// 1906//
f 1905// 1906// 1907//
f 1907// 1906// 1908//
f 1907// 1908// 1909//
f 1909// 1908// 1910//
f 1911// 1909// 1912//
f 1912// 1909// 1910//
f 1911// 1912// 1913//
f 1911// 1913// 1914//
f 1914// 1913// 1915//
f 1914// 1915// 1916//
f 1916// 1915// 1917//
f 1916// 1917// 1918//
f 1918// 1917// 1919//
f 1918// 1919// 1920//
f 1920// 1919// 1921//
f 1920// 1921// 1922//
f 1922// 1921// 1868//
f 1922// 1868// 1866//
f 1863// 484// 215//
f 1896// 1863// 1894//
f 1894// 1863// 1892//
f 1898// 1899// 1892//
f 1863// 215// 1892//
f 1892// 215// 214//
f 1892// 214// 1898//
f 1865// 1869// 1866//
f 1866// 1869// 1871//
f 1866// 1871// 1922//
f 1922// 1871// 1873//
f 1922// 1873// 1920//
f 1920// 1873// 1875//
f 1920// 1875// 1918//
f 1918// 1875// 1877//
f 1918// 1877// 1916//
f 1916// 1877// 1879//
f 1916// 1879// 1914//
f 1914// 1879// 1881//
f 1914// 1881// 1911//
f 1911// 1881// 1883//
f 1911// 1883// 1909//
f 1909// 1883// 1885//
f 1909// 1885// 1907//
f 1907// 1885// 1888//
f 1907// 1888// 1905//
f 1905// 1888// 1890//
f 1905// 1890// 1903//
f 1903// 1890// 1892//
f 1903// 1892// 1901//
f 1901// 1892// 1899//
f 211// 483// 1891//
f 1891// 483// 1864//
f 1891// 1864// 1893//
f 1893// 1864// 1895//
f 213// 211// 1897//
f 1897// 211// 1891//
f 1897// 1891// 1900//
f 1900// 1891// 1902//
f 1870// 1867// 1872//
f 1872// 1867// 1868//
f 1872// 1868// 1874//
f 1874// 1868// 1921//
f 1874// 1921// 1876//
f 1876// 1921// 1919//
f 1876// 1919// 1878//
f 1878// 1919// 1917//
f 1878// 1917// 1880//
f 1880// 1917// 1915//
f 1880// 1915// 1882//
f 1882// 1915// 1913//
f 1882// 1913// 1884//
f 1884// 1913// 1912//
f 1884// 1912// 1886//
f 1886// 1912// 1910//
f 1886// 1910// 1887//
f 1887// 1910// 1908//
f 1887// 1908// 1889//
f 1889// 1908// 1906//
f 1889// 1906// 1891//
f 1891// 1906// 1904//
f 1891// 1904// 1902//
f 1923// 1924// 457//
f 457// 1924// 458//
f 1925// 1926// 1927//
f 1927// 1926// 1928//
f 1929// 1925// 1930//
f 1930// 1925// 1927//
f 1931// 1929// 1932//
f 1932// 1929// 1930//
f 1931// 1932// 1933//
f 1933// 1932// 1934//
f 1933// 1934// 1935//
f 1935// 1934// 1936//
f 1935// 1936// 1937//
f 1937// 1936// 1938//
f 1937// 1938// 1939//
f 1939// 1938// 1940//
f 1939// 1940// 1941//
f 1941// 1940// 1942//
f 1941// 1942// 1943//
f 1943// 1942// 1944//
f 1945// 1943// 1946//
f 1946// 1943// 1944//
f 1945// 1946// 1947//
f 1945// 1947// 1948//
f 1948// 1947// 1949//
f 1948// 1949// 1950//
f 1950// 1949// 1951//
f 1950// 1951// 1952//
f 1952// 1951// 1953//
f 1952// 1953// 1954//
f 1954// 1953// 1955//
f 1954// 1955// 1956//
f 1956// 1955// 1924//
f 1956// 1924// 1923//
f 1957// 1958// 284//
f 284// 1958// 285//
f 1958// 1957// 1959//
f 1959// 1957// 1960//
f 1959// 1960// 1961//
f 1961// 1960// 1962//
f 1961// 1962// 1963//
f 1963// 1962// 1964//
f 1963// 1964// 1965//
f 1965// 1964// 1966//
f 1965// 1966// 1967//
f 1967// 1966// 1968//
f 1967// 1968// 1969//
f 1969// 1968// 1970//
f 1971// 1969// 1972//
f 1972// 1969// 1970//
f 1971// 1972// 1973//
f 1971// 1973// 1974//
f 1974// 1973// 1975//
f 1974// 1975// 1976//
f 1976// 1975// 1977//
f 1976// 1977// 1978//
f 1978// 1977// 1979//
f 1978// 1979// 1980//
f 1980// 1979// 1981//
f 1980// 1981// 1982//
f 1982// 1981// 1928//
f 1982// 1928// 1926//
f 1923// 457// 314//
f 1956// 1923// 1954//
f 1954// 1923// 1952//
f 1958// 1959// 1952//
f 1923// 314// 1952//
f 1952// 314// 285//
f 1952// 285// 1958//
f 1925// 1929// 1926//
f 1926// 1929// 1931//
f 1926// 1931// 1982//
f 1982// 1931// 1933//
f 1982// 1933// 1980//
f 1980// 1933// 1935//
f 1980// 1935// 1978//
f 1978// 1935// 1937//
f 1978// 1937// 1976//
f 1976// 1937// 1939//
f 1976// 1939// 1974//
f 1974// 1939// 1941//
f 1974// 1941// 1971//
f 1971// 1941// 1943//
f 1971// 1943// 1969//
f 1969// 1943// 1945//
f 1969// 1945// 1967//
f 1967// 1945// 1948//
f 1967// 1948// 1965//
f 1965// 1948// 1950//
f 1965// 1950// 1963//
f 1963// 1950// 1952//
f 1963// 1952// 1961//
f 1961// 1952// 1959//
f 1951// 294// 458//
f 458// 1924// 1951//
f 1951// 1924// 1955//
f 1951// 1955// 1953//
f 284// 294// 1957//
f 1957// 294// 1951//
f 1957// 1951// 1960//
f 1960// 1951// 1962//
f 1930// 1927// 1932//
f 1932// 1927// 1928//
f 1932// 1928// 1934//
f 1934// 1928// 1981//
f 1934// 1981// 1936//
f 1936// 1981// 1979//
f 1936// 1979// 1938//
f 1938// 1979// 1977//
f 1938// 1977// 1940//
f 1940// 1977// 1975//
f 1940// 1975// 1942//
f 1942// 1975// 1973//
f 1942// 1973// 1944//
f 1944// 1973// 1972//
f 1944// 1972// 1946//
f 1946// 1972// 1970//
f 1946// 1970// 1947//
f 1947// 1970// 1968//
f 1947// 1968// 1949//
f 1949// 1968// 1966//
f 1949// 1966// 1951//
f 1951// 1966// 1964//
f 1951// 1964// 1962//
f 1983// 1984// 455//
f 455// 1984// 456//
f 1985// 1986// 1987//
f 1987// 1986// 1988//
f 1989// 1985// 1990//
f 1990// 1985// 1987//
f 1991// 1989// 1992//
f 1992// 1989// 1990//
f 1991// 1992// 1993//
f 1993// 1992// 1994//
f 1993// 1994// 1995//
f 1995// 1994// 1996//
f 1995// 1996// 1997//
f 1997// 1996// 1998//
f 1997// 1998// 1999//
f 1999// 1998// 2000//
f 1999// 2000// 2001//
f 2001// 2000// 2002//
f 2001// 2002// 2003//
f 2003// 2002// 2004//
f 2005// 2003// 2006//
f 2006// 2003// 2004//
f 2005// 2006// 2007//
f 2005// 2007// 2008//
f 2008// 2007// 2009//
f 2008// 2009// 2010//
f 2010// 2009// 2011//
f 2010// 2011// 2012//
f 2012// 2011// 2013//
f 2012// 2013// 2014//
f 2014// 2013// 2015//
f 2014// 2015// 2016//
f 2016// 2015// 1984//
f 2016// 1984// 1983//
f 2017// 2018// 312//
f 312// 2018// 309//
f 2018// 2017// 2019//
f 2019// 2017// 2020//
f 2019// 2020// 2021//
f 2021// 2020// 2022//
f 2021// 2022// 2023//
f 2023// 2022// 2024//
f 2023// 2024// 2025//
f 2025// 2024// 2026//
f 2025// 2026// 2027//
f 2027// 2026// 2028//
f 2027// 2028// 2029//
f 2029// 2028// 2030//
f 2031// 2029// 2032//
f 2032// 2029// 2030//
f 2031// 2032// 2033//
f 2031// 2033// 2034//
f 2034// 2033// 2035//
f 2034// 2035// 2036//
f 2036// 2035// 2037//
f 2036// 2037// 2038//
f 2038// 2037// 2039//
f 2038// 2039// 2040//
f 2040// 2039// 2041//
f 2040// 2041// 2042//
f 2042// 2041// 1988//
f 2042// 1988// 1986//
f 1983// 455// 310//
f 2016// 1983// 2014//
f 2014// 1983// 2012//
f 2018// 2019// 2012//
f 1983// 310// 2012//
f 2012// 310// 309//
f 2012// 309// 2018//
f 1985// 1989// 1986//
f 1986// 1989// 1991//
f 1986// 1991// 2042//
f 2042// 1991// 1993//
f 2042// 1993// 2040//
f 2040// 1993// 1995//
f 2040// 1995// 2038//
f 2038// 1995// 1997//
f 2038// 1997// 2036//
f 2036// 1997// 1999//
f 2036// 1999// 2034//
f 2034// 1999// 2001//
f 2034// 2001// 2031//
f 2031// 2001// 2003//
f 2031// 2003// 2029//
f 2029// 2003// 2005//
f 2029// 2005// 2027//
f 2027// 2005// 2008//
f 2027// 2008// 2025//
f 2025// 2008// 2010//
f 2025// 2010// 2023//
f 2023// 2010// 2012//
f 2023// 2012// 2021//
f 2021// 2012// 2019//
f 2011// 313// 456//
f 456// 1984// 2011//
f 2011// 1984// 2015//
f 2011// 2015// 2013//
f 312// 313// 2017//
f 2017// 313// 2011//
f 2017// 2011// 2020//
f 2020// 2011// 2022//
f 1990// 1987// 1992//
f 1992// 1987// 1988//
f 1992// 1988// 1994//
f 1994// 1988// 2041//
f 1994// 2041// 1996//
f 1996// 2041// 2039//
f 1996// 2039// 1998//
f 1998// 2039// 2037//
f 1998// 2037// 2000//
f 2000// 2037// 2035//
f 2000// 2035// 2002//
f 2002// 2035// 2033//
f 2002// 2033// 2004//
f 2004// 2033// 2032//
f 2004// 2032// 2006//
f 2006// 2032// 2030//
f 2006// 2030// 2007//
f 2007// 2030// 2028//
f 2007// 2028// 2009//
f 2009// 2028// 2026//
f 2009// 2026// 2011//
f 2011// 2026// 2024//
f 2011// 2024// 2022//
f 2043// 2044// 453//
f 453// 2044// 454//
f 2045// 2046// 2047//
f 2047// 2046// 2048//
f 2049// 2045// 2050//
f 2050// 2045// 2047//
f 2051// 2049// 2052//
f 2052// 2049// 2050//
f 2051// 2052// 2053//
f 2053// 2052// 2054//
f 2053// 2054// 2055//
f 2055// 2054// 2056//
f 2055// 2056// 2057//
f 2057// 2056// 2058//
f 2057// 2058// 2059//
f 2059// 2058// 2060//
f 2059// 2060// 2061//
f 2061// 2060// 2062//
f 2061// 2062// 2063//
f 2063// 2062// 2064//
f 2065// 2063// 2066//
f 2066// 2063// 2064//
f 2065// 2066// 2067//
f 2065// 2067// 2068//
f 2068// 2067// 2069//
f 2068// 2069// 2070//
f 2070// 2069// 2071//
f 2070// 2071// 2072//
f 2072// 2071// 2073//
f 2072// 2073// 2074//
f 2074// 2073// 2075//
f 2074// 2075// 2076//
f 2076// 2075// 2044//
f 2076// 2044// 2043//
f 2077// 2078// 307//
f 307// 2078// 308//
f 2078// 2077// 2079//
f 2079// 2077// 2080//
f 2079// 2080// 2081//
f 2081// 2080// 2082//
f 2081// 2082// 2083//
f 2083// 2082// 2084//
f 2083// 2084// 2085//
f 2085// 2084// 2086//
f 2085// 2086// 2087//
f 2087// 2086// 2088//
f 2087// 2088// 2089//
f 2089// 2088// 2090//
f 2091// 2089// 2092//
f 2092// 2089// 2090//
f 2091// 2092// 2093//
f 2091// 2093// 2094//
f 2094// 2093// 2095//
f 2094// 2095// 2096//
f 2096// 2095// 2097//
f 2096// 2097// 2098//
f 2098// 2097// 2099//
f 2098// 2099// 2100//
f 2100// 2099// 2101//
f 2100// 2101// 2102//
f 2102// 2101// 2048//
f 2102// 2048// 2046//
f 2043// 453// 317//
f 2076// 2043// 2074//
f 2074// 2043// 2072//
f 2078// 2079// 2072//
f 2043// 317// 2072//
f 2072// 317// 308//
f 2072// 308// 2078//
f 2045// 2049// 2046//
f 2046// 2049// 2051//
f 2046// 2051// 2102//
f 2102// 2051// 2053//
f 2102// 2053// 2100//
f 2100// 2053// 2055//
f 2100// 2055// 2098//
f 2098// 2055// 2057//
f 2098// 2057// 2096//
f 2096// 2057// 2059//
f 2096// 2059// 2094//
f 2094// 2059// 2061//
f 2094// 2061// 2091//
f 2091// 2061// 2063//
f 2091// 2063// 2089//
f 2089// 2063// 2065//
f 2089// 2065// 2087//
f 2087// 2065// 2068//
f 2087// 2068// 2085//
f 2085// 2068// 2070//
f 2085// 2070// 2083//
f 2083// 2070// 2072//
f 2083// 2072// 2081//
f 2081// 2072// 2079//
f 2071// 311// 454//
f 454// 2044// 2071//
f 2071// 2044// 2075//
f 2071// 2075// 2073//
f 307// 311// 2077//
f 2077// 311// 2071//
f 2077// 2071// 2080//
f 2080// 2071// 2082//
f 2050// 2047// 2052//
f 2052// 2047// 2048//
f 2052// 2048// 2054//
f 2054// 2048// 2101//
f 2054// 2101// 2056//
f 2056// 2101// 2099//
f 2056// 2099// 2058//
f 2058// 2099// 2097//
f 2058// 2097// 2060//
f 2060// 2097// 2095//
f 2060// 2095// 2062//
f 2062// 2095// 2093//
f 2062// 2093// 2064//
f 2064// 2093// 2092//
f 2064// 2092// 2066//
f 2066// 2092// 2090//
f 2066// 2090// 2067//
f 2067// 2090// 2088//
f 2067// 2088// 2069//
f 2069// 2088// 2086//
f 2069// 2086// 2071//
f 2071// 2086// 2084//
f 2071// 2084// 2082//
f 2103// 2104// 446//
f 446// 2104// 447//
f 2105// 2106// 2107//
f 2107// 2106// 2108//
f 2109// 2105// 2110//
f 2110// 2105// 2107//
f 2111// 2109// 2112//
f 2112// 2109// 2110//
f 2111// 2112// 2113//
f 2113// 2112// 2114//
f 2113// 2114// 2115//
f 2115// 2114// 2116//
f 2115// 2116// 2117//
f 2117// 2116// 2118//
f 2117// 2118// 2119//
f 2119// 2118// 2120//
f 2119// 2120// 2121//
f 2121// 2120// 2122//
f 2121// 2122// 2123//
f 2123// 2122// 2124//
f 2125// 2123// 2126//
f 2126// 2123// 2124//
f 2125// 2126// 2127//
f 2125// 2127// 2128//
f 2128// 2127// 2129//
f 2128// 2129// 2130//
f 2130// 2129// 2131//
f 2130// 2131// 2132//
f 2132// 2131// 2133//
f 2132// 2133// 2134//
f 2134// 2133// 2135//
f 2134// 2135// 2136//
f 2136// 2135// 2104//
f 2136// 2104// 2103//
f 2137// 2138// 315//
f 315// 2138// 278//
f 2138// 2137// 2139//
f 2139// 2137// 2140//
f 2139// 2140// 2141//
f 2141// 2140// 2142//
f 2141// 2142// 2143//
f 2143// 2142// 2144//
f 2143// 2144// 2145//
f 2145// 2144// 2146//
f 2145// 2146// 2147//
f 2147// 2146// 2148//
f 2147// 2148// 2149//
f 2149// 2148// 2150//
f 2151// 2149// 2152//
f 2152// 2149// 2150//
f 2151// 2152// 2153//
f 2151// 2153// 2154//
f 2154// 2153// 2155//
f 2154// 2155// 2156//
f 2156// 2155// 2157//
f 2156// 2157// 2158//
f 2158// 2157// 2159//
f 2158// 2159// 2160//
f 2160// 2159// 2161//
f 2160// 2161// 2162//
f 2162// 2161// 2108//
f 2162// 2108// 2106//
f 2103// 446// 279//
f 2136// 2103// 2134//
f 2134// 2103// 2132//
f 2138// 2139// 2132//
f 2103// 279// 2132//
f 2132// 279// 278//
f 2132// 278// 2138//
f 2105// 2109// 2106//
f 2106// 2109// 2111//
f 2106// 2111// 2162//
f 2162// 2111// 2113//
f 2162// 2113// 2160//
f 2160// 2113// 2115//
f 2160// 2115// 2158//
f 2158// 2115// 2117//
f 2158// 2117// 2156//
f 2156// 2117// 2119//
f 2156// 2119// 2154//
f 2154// 2119// 2121//
f 2154// 2121// 2151//
f 2151// 2121// 2123//
f 2151// 2123// 2149//
f 2149// 2123// 2125//
f 2149// 2125// 2147//
f 2147// 2125// 2128//
f 2147// 2128// 2145//
f 2145// 2128// 2130//
f 2145// 2130// 2143//
f 2143// 2130// 2132//
f 2143// 2132// 2141//
f 2141// 2132// 2139//
f 2131// 316// 447//
f 447// 2104// 2131//
f 2131// 2104// 2135//
f 2131// 2135// 2133//
f 315// 316// 2137//
f 2137// 316// 2131//
f 2137// 2131// 2140//
f 2140// 2131// 2142//
f 2110// 2107// 2112//
f 2112// 2107// 2108//
f 2112// 2108// 2114//
f 2114// 2108// 2161//
f 2114// 2161// 2116//
f 2116// 2161// 2159//
f 2116// 2159// 2118//
f 2118// 2159// 2157//
f 2118// 2157// 2120//
f 2120// 2157// 2155//
f 2120// 2155// 2122//
f 2122// 2155// 2153//
f 2122// 2153// 2124//
f 2124// 2153// 2152//
f 2124// 2152// 2126//
f 2126// 2152// 2150//
f 2126// 2150// 2127//
f 2127// 2150// 2148//
f 2127// 2148// 2129//
f 2129// 2148// 2146//
f 2129// 2146// 2131//
f 2131// 2146// 2144//
f 2131// 2144// 2142//
f 2163// 2164// 444//
f 444// 2164// 445//
f 2165// 2166// 2167//
f 2167// 2166// 2168//
f 2169// 2165// 2170//
f 2170// 2165// 2167//
f 2171// 2169// 2172//
f 2172// 2169// 2170//
f 2171// 2172// 2173//
f 2173// 2172// 2174//
f 2173// 2174// 2175//
f 2175// 2174// 2176//
f 2175// 2176// 2177//
f 2177// 2176// 2178//
f 2177// 2178// 2179//
f 2179// 2178// 2180//
f 2179// 2180// 2181//
f 2181// 2180// 2182//
f 2181// 2182// 2183//
f 2183// 2182// 2184//
f 2185// 2183// 2186//
f 2186// 2183// 2184//
f 2185// 2186// 2187//
f 2185// 2187// 2188//
f 2188// 2187// 2189//
f 2188// 2189// 2190//
f 2190// 2189// 2191//
f 2190// 2191// 2192//
f 2192// 2191// 2193//
f 2192// 2193// 2194//
f 2194// 2193// 2195//
f 2194// 2195// 2196//
f 2196// 2195// 2164//
f 2196// 2164// 2163//
f 2197// 2198// 272//
f 272// 2198// 273//
f 2198// 2197// 2199//
f 2199// 2197// 2200//
f 2199// 2200// 2201//
f 2201// 2200// 2202//
f 2201// 2202// 2203//
f 2203// 2202// 2204//
f 2203// 2204// 2205//
f 2205// 2204// 2206//
f 2205// 2206// 2207//
f 2207// 2206// 2208//
f 2207// 2208// 2209//
f 2209// 2208// 2210//
f 2211// 2209// 2212//
f 2212// 2209// 2210//
f 2211// 2212// 2213//
f 2211// 2213// 2214//
f 2214// 2213// 2215//
f 2214// 2215// 2216//
f 2216// 2215// 2217//
f 2216// 2217// 2218//
f 2218// 2217// 2219//
f 2218// 2219// 2220//
f 2220// 2219// 2221//
f 2220// 2221// 2222//
f 2222// 2221// 2168//
f 2222// 2168// 2166//
f 2163// 444// 300//
f 2196// 2163// 2194//
f 2194// 2163// 2192//
f 2198// 2199// 2192//
f 2163// 300// 2192//
f 2192// 300// 273//
f 2192// 273// 2198//
f 2165// 2169// 2166//
f 2166// 2169// 2171//
f 2166// 2171// 2222//
f 2222// 2171// 2173//
f 2222// 2173// 2220//
f 2220// 2173// 2175//
f 2220// 2175// 2218//
f 2218// 2175// 2177//
f 2218// 2177// 2216//
f 2216// 2177// 2179//
f 2216// 2179// 2214//
f 2214// 2179// 2181//
f 2214// 2181// 2211//
f 2211// 2181// 2183//
f 2211// 2183// 2209//
f 2209// 2183// 2185//
f 2209// 2185// 2207//
f 2207// 2185// 2188//
f 2207// 2188// 2205//
f 2205// 2188// 2190//
f 2205// 2190// 2203//
f 2203// 2190// 2192//
f 2203// 2192// 2201//
f 2201// 2192// 2199//
f 2191// 280// 445//
f 445// 2164// 2191//
f 2191// 2164// 2195//
f 2191// 2195// 2193//
f 272// 280// 2197//
f 2197// 280// 2191//
f 2197// 2191// 2200//
f 2200// 2191// 2202//
f 2170// 2167// 2172//
f 2172// 2167// 2168//
f 2172// 2168// 2174//
f 2174// 2168// 2221//
f 2174// 2221// 2176//
f 2176// 2221// 2219//
f 2176// 2219// 2178//
f 2178// 2219// 2217//
f 2178// 2217// 2180//
f 2180// 2217// 2215//
f 2180// 2215// 2182//
f 2182// 2215// 2213//
f 2182// 2213// 2184//
f 2184// 2213// 2212//
f 2184// 2212// 2186//
f 2186// 2212// 2210//
f 2186// 2210// 2187//
f 2187// 2210// 2208//
f 2187// 2208// 2189//
f 2189// 2208// 2206//
f 2189// 2206// 2191//
f 2191// 2206// 2204//
f 2191// 2204// 2202//
f 2223// 2224// 441//
f 441// 2224// 442//
f 2225// 2226// 2227//
f 2227// 2226// 2228//
f 2229// 2225// 2230//
f 2230// 2225// 2227//
f 2231// 2229// 2232//
f 2232// 2229// 2230//
f 2231// 2232// 2233//
f 2233// 2232// 2234//
f 2233// 2234// 2235//
f 2235// 2234// 2236//
f 2235// 2236// 2237//
f 2237// 2236// 2238//
f 2237// 2238// 2239//
f 2239// 2238// 2240//
f 2239// 2240// 2241//
f 2241// 2240// 2242//
f 2241// 2242// 2243//
f 2243// 2242// 2244//
f 2245// 2243// 2246//
f 2246// 2243// 2244//
f 2245// 2246// 2247//
f 2245// 2247// 2248//
f 2248// 2247// 2249//
f 2248// 2249// 2250//
f 2250// 2249// 2251//
f 2250// 2251// 2252//
f 2252// 2251// 2253//
f 2252// 2253// 2254//
f 2254// 2253// 2255//
f 2254// 2255// 2256//
f 2256// 2255// 2224//
f 2256// 2224// 2223//
f 2257// 2258// 298//
f 298// 2258// 297//
f 2258// 2257// 2259//
f 2259// 2257// 2260//
f 2259// 2260// 2261//
f 2261// 2260// 2262//
f 2261// 2262// 2263//
f 2263// 2262// 2264//
f 2263// 2264// 2265//
f 2265// 2264// 2266//
f 2265// 2266// 2267//
f 2267// 2266// 2268//
f 2267// 2268// 2269//
f 2269// 2268// 2270//
f 2271// 2269// 2272//
f 2272// 2269// 2270//
f 2271// 2272// 2273//
f 2271// 2273// 2274//
f 2274// 2273// 2275//
f 2274// 2275// 2276//
f 2276// 2275// 2277//
f 2276// 2277// 2278//
f 2278// 2277// 2279//
f 2278// 2279// 2280//
f 2280// 2279// 2281//
f 2280// 2281// 2282//
f 2282// 2281// 2228//
f 2282// 2228// 2226//
f 2223// 441// 295//
f 2256// 2223// 2254//
f 2254// 2223// 2252//
f 2258// 2259// 2252//
f 2223// 295// 2252//
f 2252// 295// 297//
f 2252// 297// 2258//
f 2225// 2229// 2226//
f 2226// 2229// 2231//
f 2226// 2231// 2282//
f 2282// 2231// 2233//
f 2282// 2233// 2280//
f 2280// 2233// 2235//
f 2280// 2235// 2278//
f 2278// 2235// 2237//
f 2278// 2237// 2276//
f 2276// 2237// 2239//
f 2276// 2239// 2274//
f 2274// 2239// 2241//
f 2274// 2241// 2271//
f 2271// 2241// 2243//
f 2271// 2243// 2269//
f 2269// 2243// 2245//
f 2269// 2245// 2267//
f 2267// 2245// 2248//
f 2267// 2248// 2265//
f 2265// 2248// 2250//
f 2265// 2250// 2263//
f 2263// 2250// 2252//
f 2263// 2252// 2261//
f 2261// 2252// 2259//
f 2251// 299// 442//
f 442// 2224// 2251//
f 2251// 2224// 2255//
f 2251// 2255// 2253//
f 298// 299// 2257//
f 2257// 299// 2251//
f 2257// 2251// 2260//
f 2260// 2251// 2262//
f 2230// 2227// 2232//
f 2232// 2227// 2228//
f 2232// 2228// 2234//
f 2234// 2228// 2281//
f 2234// 2281// 2236//
f 2236// 2281// 2279//
f 2236// 2279// 2238//
f 2238// 2279// 2277//
f 2238// 2277// 2240//
f 2240// 2277// 2275//
f 2240// 2275// 2242//
f 2242// 2275// 2273//
f 2242// 2273// 2244//
f 2244// 2273// 2272//
f 2244// 2272// 2246//
f 2246// 2272// 2270//
f 2246// 2270// 2247//
f 2247// 2270// 2268//
f 2247// 2268// 2249//
f 2249// 2268// 2266//
f 2249// 2266// 2251//
f 2251// 2266// 2264//
f 2251// 2264// 2262//
f 2283// 2284// 459//
f 459// 2284// 443//
f 2285// 2286// 2287//
f 2287// 2286// 2288//
f 2289// 2285// 2290//
f 2290// 2285// 2287//
f 2291// 2289// 2292//
f 2292// 2289// 2290//
f 2291// 2292// 2293//
f 2293// 2292// 2294//
f 2293// 2294// 2295//
f 2295// 2294// 2296//
f 2295// 2296// 2297//
f 2297// 2296// 2298//
f 2297// 2298// 2299//
f 2299// 2298// 2300//
f 2299// 2300// 2301//
f 2301// 2300// 2302//
f 2301// 2302// 2303//
f 2303// 2302// 2304//
f 2305// 2303// 2306//
f 2306// 2303// 2304//
f 2305// 2306// 2307//
f 2305// 2307// 2308//
f 2308// 2307// 2309//
f 2308// 2309// 2310//
f 2310// 2309// 2311//
f 2310// 2311// 2312//
f 2312// 2311// 2313//
f 2312// 2313// 2314//
f 2314// 2313// 2315//
f 2314// 2315// 2316//
f 2316// 2315// 2284//
f 2316// 2284// 2283//
f 2317// 2318// 304//
f 304// 2318// 292//
f 2318// 2317// 2319//
f 2319// 2317// 2320//
f 2319// 2320// 2321//
f 2321// 2320// 2322//
f 2321// 2322// 2323//
f 2323// 2322// 2324//
f 2323// 2324// 2325//
f 2325// 2324// 2326//
f 2325// 2326// 2327//
f 2327// 2326// 2328//
f 2327// 2328// 2329//
f 2329// 2328// 2330//
f 2331// 2329// 2332//
f 2332// 2329// 2330//
f 2331// 2332// 2333//
f 2331// 2333// 2334//
f 2334// 2333// 2335//
f 2334// 2335// 2336//
f 2336// 2335// 2337//
f 2336// 2337// 2338//
f 2338// 2337// 2339//
f 2338// 2339// 2340//
f 2340// 2339// 2341//
f 2340// 2341// 2342//
f 2342// 2341// 2288//
f 2342// 2288// 2286//
f 2283// 459// 293//
f 2316// 2283// 2314//
f 2314// 2283// 2312//
f 2318// 2319// 2312//
f 2283// 293// 2312//
f 2312// 293// 292//
f 2312// 292// 2318//
f 2285// 2289// 2286//
f 2286// 2289// 2291//
f 2286// 2291// 2342//
f 2342// 2291// 2293//
f 2342// 2293// 2340//
f 2340// 2293// 2295//
f 2340// 2295// 2338//
f 2338// 2295// 2297//
f 2338// 2297// 2336//
f 2336// 2297// 2299//
f 2336// 2299// 2334//
f 2334// 2299// 2301//
f 2334// 2301// 2331//
f 2331// 2301// 2303//
f 2331// 2303// 2329//
f 2329// 2303// 2305//
f 2329// 2305// 2327//
f 2327// 2305// 2308//
f 2327// 2308// 2325//
f 2325// 2308// 2310//
f 2325// 2310// 2323//
f 2323// 2310// 2312//
f 2323// 2312// 2321//
f 2321// 2312// 2319//
f 2311// 305// 443//
f 443// 2284// 2311//
f 2311// 2284// 2315//
f 2311// 2315// 2313//
f 304// 305// 2317//
f 2317// 305// 2311//
f 2317// 2311// 2320//
f 2320// 2311// 2322//
f 2290// 2287// 2292//
f 2292// 2287// 2288//
f 2292// 2288// 2294//
f 2294// 2288// 2341//
f 2294// 2341// 2296//
f 2296// 2341// 2339//
f 2296// 2339// 2298//
f 2298// 2339// 2337//
f 2298// 2337// 2300//
f 2300// 2337// 2335//
f 2300// 2335// 2302//
f 2302// 2335// 2333//
f 2302// 2333// 2304//
f 2304// 2333// 2332//
f 2304// 2332// 2306//
f 2306// 2332// 2330//
f 2306// 2330// 2307//
f 2307// 2330// 2328//
f 2307// 2328// 2309//
f 2309// 2328// 2326//
f 2309// 2326// 2311//
f 2311// 2326// 2324//
f 2311// 2324// 2322//
f 2343// 2344// 448//
f 448// 2344// 449//
f 2345// 2346// 2347//
f 2347// 2346// 2348//
f 2349// 2345// 2350//
f 2350// 2345// 2347//
f 2351// 2349// 2352//
f 2352// 2349// 2350//
f 2351// 2352// 2353//
f 2353// 2352// 2354//
f 2353// 2354// 2355//
f 2355// 2354// 2356//
f 2355// 2356// 2357//
f 2357// 2356// 2358//
f 2357// 2358// 2359//
f 2359// 2358// 2360//
f 2359// 2360// 2361//
f 2361// 2360// 2362//
f 2361// 2362// 2363//
f 2363// 2362// 2364//
f 2365// 2363// 2366//
f 2366// 2363// 2364//
f 2365// 2366// 2367//
f 2365// 2367// 2368//
f 2368// 2367// 2369//
f 2368// 2369// 2370//
f 2370// 2369// 2371//
f 2370// 2371// 2372//
f 2372// 2371// 2373//
f 2372// 2373// 2374//
f 2374// 2373// 2375//
f 2374// 2375// 2376//
f 2376// 2375// 2344//
f 2376// 2344// 2343//
f 2377// 2378// 269//
f 269// 2378// 270//
f 2378// 2377// 2379//
f 2379// 2377// 2380//
f 2379// 2380// 2381//
f 2381// 2380// 2382//
f 2381// 2382// 2383//
f 2383// 2382// 2384//
f 2383// 2384// 2385//
f 2385// 2384// 2386//
f 2385// 2386// 2387//
f 2387// 2386// 2388//
f 2387// 2388// 2389//
f 2389// 2388// 2390//
f 2391// 2389// 2392//
f 2392// 2389// 2390//
f 2391// 2392// 2393//
f 2391// 2393// 2394//
f 2394// 2393// 2395//
f 2394// 2395// 2396//
f 2396// 2395// 2397//
f 2396// 2397// 2398//
f 2398// 2397// 2399//
f 2398// 2399// 2400//
f 2400// 2399// 2401//
f 2400// 2401// 2402//
f 2402// 2401// 2348//
f 2402// 2348// 2346//
f 2343// 448// 306//
f 2376// 2343// 2374//
f 2374// 2343// 2372//
f 2378// 2379// 2372//
f 2343// 306// 2372//
f 2372// 306// 270//
f 2372// 270// 2378//
f 2345// 2349// 2346//
f 2346// 2349// 2351//
f 2346// 2351// 2402//
f 2402// 2351// 2353//
f 2402// 2353// 2400//
f 2400// 2353// 2355//
f 2400// 2355// 2398//
f 2398// 2355// 2357//
f 2398// 2357// 2396//
f 2396// 2357// 2359//
f 2396// 2359// 2394//
f 2394// 2359// 2361//
f 2394// 2361// 2391//
f 2391// 2361// 2363//
f 2391// 2363// 2389//
f 2389// 2363// 2365//
f 2389// 2365// 2387//
f 2387// 2365// 2368//
f 2387// 2368// 2385//
f 2385// 2368// 2370//
f 2385// 2370// 2383//
f 2383// 2370// 2372//
f 2383// 2372// 2381//
f 2381// 2372// 2379//
f 2371// 291// 449//
f 449// 2344// 2371//
f 2371// 2344// 2375//
f 2371// 2375// 2373//
f 269// 291// 2377//
f 2377// 291// 2371//
f 2377// 2371// 2380//
f 2380// 2371// 2382//
f 2350// 2347// 2352//
f 2352// 2347// 2348//
f 2352// 2348// 2354//
f 2354// 2348// 2401//
f 2354// 2401// 2356//
f 2356// 2401// 2399//
f 2356// 2399// 2358//
f 2358// 2399// 2397//
f 2358// 2397// 2360//
f 2360// 2397// 2395//
f 2360// 2395// 2362//
f 2362// 2395// 2393//
f 2362// 2393// 2364//
f 2364// 2393// 2392//
f 2364// 2392// 2366//
f 2366// 2392// 2390//
f 2366// 2390// 2367//
f 2367// 2390// 2388//
f 2367// 2388// 2369//
f 2369// 2388// 2386//
f 2369// 2386// 2371//
f 2371// 2386// 2384//
f 2371// 2384// 2382//
f 2403// 2404// 450//
f 450// 2404// 451//
f 2405// 2406// 2407//
f 2407// 2406// 2408//
f 2409// 2405// 2410//
f 2410// 2405// 2407//
f 2411// 2409// 2412//
f 2412// 2409// 2410//
f 2411// 2412// 2413//
f 2413// 2412// 2414//
f 2413// 2414// 2415//
f 2415// 2414// 2416//
f 2415// 2416// 2417//
f 2417// 2416// 2418//
f 2417// 2418// 2419//
f 2419// 2418// 2420//
f 2419// 2420// 2421//
f 2421// 2420// 2422//
f 2421// 2422// 2423//
f 2423// 2422// 2424//
f 2425// 2423// 2426//
f 2426// 2423// 2424//
f 2425// 2426// 2427//
f 2425// 2427// 2428//
f 2428// 2427// 2429//
f 2428// 2429// 2430//
f 2430// 2429// 2431//
f 2430// 2431// 2432//
f 2432// 2431// 2433//
f 2432// 2433// 2434//
f 2434// 2433// 2435//
f 2434// 2435// 2436//
f 2436// 2435// 2404//
f 2436// 2404// 2403//
f 2437// 2438// 301//
f 301// 2438// 289//
f 2438// 2437// 2439//
f 2439// 2437// 2440//
f 2439// 2440// 2441//
f 2441// 2440// 2442//
f 2441// 2442// 2443//
f 2443// 2442// 2444//
f 2443// 2444// 2445//
f 2445// 2444// 2446//
f 2445// 2446// 2447//
f 2447// 2446// 2448//
f 2447// 2448// 2449//
f 2449// 2448// 2450//
f 2451// 2449// 2452//
f 2452// 2449// 2450//
f 2451// 2452// 2453//
f 2451// 2453// 2454//
f 2454// 2453// 2455//
f 2454// 2455// 2456//
f 2456// 2455// 2457//
f 2456// 2457// 2458//
f 2458// 2457// 2459//
f 2458// 2459// 2460//
f 2460// 2459// 2461//
f 2460// 2461// 2462//
f 2462// 2461// 2408//
f 2462// 2408// 2406//
f 2403// 450// 290//
f 2436// 2403// 2434//
f 2434// 2403// 2432//
f 2438// 2439// 2432//
f 2403// 290// 2432//
f 2432// 290// 289//
f 2432// 289// 2438//
f 2405// 2409// 2406//
f 2406// 2409// 2411//
f 2406// 2411// 2462//
f 2462// 2411// 2413//
f 2462// 2413// 2460//
f 2460// 2413// 2415//
f 2460// 2415// 2458//
f 2458// 2415// 2417//
f 2458// 2417// 2456//
f 2456// 2417// 2419//
f 2456// 2419// 2454//
f 2454// 2419// 2421//
f 2454// 2421// 2451//
f 2451// 2421// 2423//
f 2451// 2423// 2449//
f 2449// 2423// 2425//
f 2449// 2425// 2447//
f 2447// 2425// 2428//
f 2447// 2428// 2445//
f 2445// 2428// 2430//
f 2445// 2430// 2443//
f 2443// 2430// 2432//
f 2443// 2432// 2441//
f 2441// 2432// 2439//
f 2431// 302// 451//
f 451// 2404// 2431//
f 2431// 2404// 2435//
f 2431// 2435// 2433//
f 301// 302// 2437//
f 2437// 302// 2431//
f 2437// 2431// 2440//
f 2440// 2431// 2442//
f 2410// 2407// 2412//
f 2412// 2407// 2408//
f 2412// 2408// 2414//
f 2414// 2408// 2461//
f 2414// 2461// 2416//
f 2416// 2461// 2459//
f 2416// 2459// 2418//
f 2418// 2459// 2457//
f 2418// 2457// 2420//
f 2420// 2457// 2455//
f 2420// 2455// 2422//
f 2422// 2455// 2453//
f 2422// 2453// 2424//
f 2424// 2453// 2452//
f 2424// 2452// 2426//
f 2426// 2452// 2450//
f 2426// 2450// 2427//
f 2427// 2450// 2448//
f 2427// 2448// 2429//
f 2429// 2448// 2446//
f 2429// 2446// 2431//
f 2431// 2446// 2444//
f 2431// 2444// 2442//
f 2463// 2464// 452//
f 452// 2464// 434//
f 2465// 2466// 2467//
f 2467// 2466// 2468//
f 2469// 2465// 2470//
f 2470// 2465// 2467//
f 2471// 2469// 2472//
f 2472// 2469// 2470//
f 2471// 2472// 2473//
f 2473// 2472// 2474//
f 2473// 2474// 2475//
f 2475// 2474// 2476//
f 2475// 2476// 2477//
f 2477// 2476// 2478//
f 2477// 2478// 2479//
f 2479// 2478// 2480//
f 2479// 2480// 2481//
f 2481// 2480// 2482//
f 2481// 2482// 2483//
f 2483// 2482// 2484//
f 2485// 2483// 2486//
f 2486// 2483// 2484//
f 2485// 2486// 2487//
f 2485// 2487// 2488//
f 2488// 2487// 2489//
f 2488// 2489// 2490//
f 2490// 2489// 2491//
f 2490// 2491// 2492//
f 2492// 2491// 2493//
f 2492// 2493// 2494//
f 2494// 2493// 2495//
f 2494// 2495// 2496//
f 2496// 2495// 2464//
f 2496// 2464// 2463//
f 2497// 2498// 276//
f 276// 2498// 277//
f 2498// 2497// 2499//
f 2499// 2497// 2500//
f 2499// 2500// 2501//
f 2501// 2500// 2502//
f 2501// 2502// 2503//
f 2503// 2502// 2504//
f 2503// 2504// 2505//
f 2505// 2504// 2506//
f 2505// 2506// 2507//
f 2507// 2506// 2508//
f 2507// 2508// 2509//
f 2509// 2508// 2510//
f 2511// 2509// 2512//
f 2512// 2509// 2510//
f 2511// 2512// 2513//
f 2511// 2513// 2514//
f 2514// 2513// 2515//
f 2514// 2515// 2516//
f 2516// 2515// 2517//
f 2516// 2517// 2518//
f 2518// 2517// 2519//
f 2518// 2519// 2520//
f 2520// 2519// 2521//
f 2520// 2521// 2522//
f 2522// 2521// 2468//
f 2522// 2468// 2466//
f 2463// 452// 303//
f 2496// 2463// 2494//
f 2494// 2463// 2492//
f 2498// 2499// 2492//
f 2463// 303// 2492//
f 2492// 303// 277//
f 2492// 277// 2498//
f 2465// 2469// 2466//
f 2466// 2469// 2471//
f 2466// 2471// 2522//
f 2522// 2471// 2473//
f 2522// 2473// 2520//
f 2520// 2473// 2475//
f 2520// 2475// 2518//
f 2518// 2475// 2477//
f 2518// 2477// 2516//
f 2516// 2477// 2479//
f 2516// 2479// 2514//
f 2514// 2479// 2481//
f 2514// 2481// 2511//
f 2511// 2481// 2483//
f 2511// 2483// 2509//
f 2509// 2483// 2485//
f 2509// 2485// 2507//
f 2507// 2485// 2488//
f 2507// 2488// 2505//
f 2505// 2488// 2490//
f 2505// 2490// 2503//
f 2503// 2490// 2492//
f 2503// 2492// 2501//
f 2501// 2492// 2499//
f 2491// 283// 434//
f 434// 2464// 2491//
f 2491// 2464// 2495//
f 2491// 2495// 2493//
f 276// 283// 2497//
f 2497// 283// 2491//
f 2497// 2491// 2500//
f 2500// 2491// 2502//
f 2470// 2467// 2472//
f 2472// 2467// 2468//
f 2472// 2468// 2474//
f 2474// 2468// 2521//
f 2474// 2521// 2476//
f 2476// 2521// 2519//
f 2476// 2519// 2478//
f 2478// 2519// 2517//
f 2478// 2517// 2480//
f 2480// 2517// 2515//
f 2480// 2515// 2482//
f 2482// 2515// 2513//
f 2482// 2513// 2484//
f 2484// 2513// 2512//
f 2484// 2512// 2486//
f 2486// 2512// 2510//
f 2486// 2510// 2487//
f 2487// 2510// 2508//
f 2487// 2508// 2489//
f 2489// 2508// 2506//
f 2489// 2506// 2491//
f 2491// 2506// 2504//
f 2491// 2504// 2502//
f 2523// 2524// 440//
f 440// 2524// 435//
f 2525// 2526// 2527//
f 2527// 2526// 2528//
f 2529// 2525// 2530//
f 2530// 2525// 2527//
f 2531// 2529// 2532//
f 2532// 2529// 2530//
f 2531// 2532// 2533//
f 2533// 2532// 2534//
f 2533// 2534// 2535//
f 2535// 2534// 2536//
f 2535// 2536// 2537//
f 2537// 2536// 2538//
f 2537// 2538// 2539//
f 2539// 2538// 2540//
f 2539// 2540// 2541//
f 2541// 2540// 2542//
f 2541// 2542// 2543//
f 2543// 2542// 2544//
f 2545// 2543// 2546//
f 2546// 2543// 2544//
f 2545// 2546// 2547//
f 2545// 2547// 2548//
f 2548// 2547// 2549//
f 2548// 2549// 2550//
f 2550// 2549// 2551//
f 2550// 2551// 2552//
f 2552// 2551// 2553//
f 2552// 2553// 2554//
f 2554// 2553// 2555//
f 2554// 2555// 2556//
f 2556// 2555// 2524//
f 2556// 2524// 2523//
f 2557// 2558// 286//
f 286// 2558// 281//
f 2558// 2557// 2559//
f 2559// 2557// 2560//
f 2559// 2560// 2561//
f 2561// 2560// 2562//
f 2561// 2562// 2563//
f 2563// 2562// 2564//
f 2563// 2564// 2565//
f 2565// 2564// 2566//
f 2565// 2566// 2567//
f 2567// 2566// 2568//
f 2567// 2568// 2569//
f 2569// 2568// 2570//
f 2571// 2569// 2572//
f 2572// 2569// 2570//
f 2571// 2572// 2573//
f 2571// 2573// 2574//
f 2574// 2573// 2575//
f 2574// 2575// 2576//
f 2576// 2575// 2577//
f 2576// 2577// 2578//
f 2578// 2577// 2579//
f 2578// 2579// 2580//
f 2580// 2579// 2581//
f 2580// 2581// 2582//
f 2582// 2581// 2528//
f 2582// 2528// 2526//
f 2523// 440// 282//
f 2556// 2523// 2554//
f 2554// 2523// 2552//
f 2558// 2559// 2552//
f 2523// 282// 2552//
f 2552// 282// 281//
f 2552// 281// 2558//
f 2525// 2529// 2526//
f 2526// 2529// 2531//
f 2526// 2531// 2582//
f 2582// 2531// 2533//
f 2582// 2533// 2580//
f 2580// 2533// 2535//
f 2580// 2535// 2578//
f 2578// 2535// 2537//
f 2578// 2537// 2576//
f 2576// 2537// 2539//
f 2576// 2539// 2574//
f 2574// 2539// 2541//
f 2574// 2541// 2571//
f 2571// 2541// 2543//
f 2571// 2543// 2569//
f 2569// 2543// 2545//
f 2569// 2545// 2567//
f 2567// 2545// 2548//
f 2567// 2548// 2565//
f 2565// 2548// 2550//
f 2565// 2550// 2563//
f 2563// 2550// 2552//
f 2563// 2552// 2561//
f 2561// 2552// 2559//
f 2551// 287// 435//
f 435// 2524// 2551//
f 2551// 2524// 2555//
f 2551// 2555// 2553//
f 286// 287// 2557//
f 2557// 287// 2551//
f 2557// 2551// 2560//
f 2560// 2551// 2562//
f 2530// 2527// 2532//
f 2532// 2527// 2528//
f 2532// 2528// 2534//
f 2534// 2528// 2581//
f 2534// 2581// 2536//
f 2536// 2581// 2579//
f 2536// 2579// 2538//
f 2538// 2579// 2577//
f 2538// 2577// 2540//
f 2540// 2577// 2575//
f 2540// 2575// 2542//
f 2542// 2575// 2573//
f 2542// 2573// 2544//
f 2544// 2573// 2572//
f 2544// 2572// 2546//
f 2546// 2572// 2570//
f 2546// 2570// 2547//
f 2547// 2570// 2568//
f 2547// 2568// 2549//
f 2549// 2568// 2566//
f 2549// 2566// 2551//
f 2551// 2566// 2564//
f 2551// 2564// 2562//
f 2583// 2584// 436//
f 436// 2584// 437//
f 2585// 2586// 2587//
f 2587// 2586// 2588//
f 2589// 2585// 2590//
f 2590// 2585// 2587//
f 2591// 2589// 2592//
f 2592// 2589// 2590//
f 2591// 2592// 2593//
f 2593// 2592// 2594//
f 2593// 2594// 2595//
f 2595// 2594// 2596//
f 2595// 2596// 2597//
f 2597// 2596// 2598//
f 2597// 2598// 2599//
f 2599// 2598// 2600//
f 2599// 2600// 2601//
f 2601// 2600// 2602//
f 2601// 2602// 2603//
f 2603// 2602// 2604//
f 2605// 2603// 2606//
f 2606// 2603// 2604//
f 2605// 2606// 2607//
f 2605// 2607// 2608//
f 2608// 2607// 2609//
f 2608// 2609// 2610//
f 2610// 2609// 2611//
f 2610// 2611// 2612//
f 2612// 2611// 2613//
f 2612// 2613// 2614//
f 2614// 2613// 2615//
f 2614// 2615// 2616//
f 2616// 2615// 2584//
f 2616// 2584// 2583//
f 2617// 2618// 274//
f 274// 2618// 275//
f 2618// 2617// 2619//
f 2619// 2617// 2620//
f 2619// 2620// 2621//
f 2621// 2620// 2622//
f 2621// 2622// 2623//
f 2623// 2622// 2624//
f 2623// 2624// 2625//
f 2625// 2624// 2626//
f 2625// 2626// 2627//
f 2627// 2626// 2628//
f 2627// 2628// 2629//
f 2629// 2628// 2630//
f 2631// 2629// 2632//
f 2632// 2629// 2630//
f 2631// 2632// 2633//
f 2631// 2633// 2634//
f 2634// 2633// 2635//
f 2634// 2635// 2636//
f 2636// 2635// 2637//
f 2636// 2637// 2638//
f 2638// 2637// 2639//
f 2638// 2639// 2640//
f 2640// 2639// 2641//
f 2640// 2641// 2642//
f 2642// 2641// 2588//
f 2642// 2588// 2586//
f 2583// 436// 288//
f 2616// 2583// 2614//
f 2614// 2583// 2612//
f 2618// 2619// 2612//
f 2583// 288// 2612//
f 2612// 288// 275//
f 2612// 275// 2618//
f 2585// 2589// 2586//
f 2586// 2589// 2591//
f 2586// 2591// 2642//
f 2642// 2591// 2593//
f 2642// 2593// 2640//
f 2640// 2593// 2595//
f 2640// 2595// 2638//
f 2638// 2595// 2597//
f 2638// 2597// 2636//
f 2636// 2597// 2599//
f 2636// 2599// 2634//
f 2634// 2599// 2601//
f 2634// 2601// 2631//
f 2631// 2601// 2603//
f 2631// 2603// 2629//
f 2629// 2603// 2605//
f 2629// 2605// 2627//
f 2627// 2605// 2608//
f 2627// 2608// 2625//
f 2625// 2608// 2610//
f 2625// 2610// 2623//
f 2623// 2610// 2612//
f 2623// 2612// 2621//
f 2621// 2612// 2619//
f 2611// 268// 437//
f 437// 2584// 2611//
f 2611// 2584// 2615//
f 2611// 2615// 2613//
f 274// 268// 2617//
f 2617// 268// 2611//
f 2617// 2611// 2620//
f 2620// 2611// 2622//
f 2590// 2587// 2592//
f 2592// 2587// 2588//
f 2592// 2588// 2594//
f 2594// 2588// 2641//
f 2594// 2641// 2596//
f 2596// 2641// 2639//
f 2596// 2639// 2598//
f 2598// 2639// 2637//
f 2598// 2637// 2600//
f 2600// 2637// 2635//
f 2600// 2635// 2602//
f 2602// 2635// 2633//
f 2602// 2633// 2604//
f 2604// 2633// 2632//
f 2604// 2632// 2606//
f 2606// 2632// 2630//
f 2606// 2630// 2607//
f 2607// 2630// 2628//
f 2607// 2628// 2609//
f 2609// 2628// 2626//
f 2609// 2626// 2611//
f 2611// 2626// 2624//
f 2611// 2624// 2622//
f 2643// 2644// 425//
f 425// 2644// 426//
f 2645// 2646// 2647//
f 2647// 2646// 2648//
f 2649// 2645// 2650//
f 2650// 2645// 2647//
f 2651// 2649// 2652//
f 2652// 2649// 2650//
f 2651// 2652// 2653//
f 2653// 2652// 2654//
f 2653// 2654// 2655//
f 2655// 2654// 2656//
f 2655// 2656// 2657//
f 2657// 2656// 2658//
f 2657// 2658// 2659//
f 2659// 2658// 2660//
f 2659// 2660// 2661//
f 2661// 2660// 2662//
f 2661// 2662// 2663//
f 2663// 2662// 2664//
f 2665// 2663// 2666//
f 2666// 2663// 2664//
f 2665// 2666// 2667//
f 2665// 2667// 2668//
f 2668// 2667// 2669//
f 2668// 2669// 2670//
f 2670// 2669// 2671//
f 2670// 2671// 2672//
f 2672// 2671// 2673//
f 2672// 2673// 2674//
f 2674// 2673// 2675//
f 2674// 2675// 2676//
f 2676// 2675// 2644//
f 2676// 2644// 2643//
f 2677// 2678// 369//
f 369// 2678// 370//
f 2678// 2677// 2679//
f 2679// 2677// 2680//
f 2679// 2680// 2681//
f 2681// 2680// 2682//
f 2681// 2682// 2683//
f 2683// 2682// 2684//
f 2683// 2684// 2685//
f 2685// 2684// 2686//
f 2685// 2686// 2687//
f 2687// 2686// 2688//
f 2687// 2688// 2689//
f 2689// 2688// 2690//
f 2691// 2689// 2692//
f 2692// 2689// 2690//
f 2691// 2692// 2693//
f 2691// 2693// 2694//
f 2694// 2693// 2695//
f 2694// 2695// 2696//
f 2696// 2695// 2697//
f 2696// 2697// 2698//
f 2698// 2697// 2699//
f 2698// 2699// 2700//
f 2700// 2699// 2701//
f 2700// 2701// 2702//
f 2702// 2701// 2648//
f 2702// 2648// 2646//
f 2643// 425// 373//
f 2676// 2643// 2674//
f 2674// 2643// 2672//
f 2678// 2679// 2672//
f 2643// 373// 2672//
f 2672// 373// 370//
f 2672// 370// 2678//
f 2645// 2649// 2646//
f 2646// 2649// 2651//
f 2646// 2651// 2702//
f 2702// 2651// 2653//
f 2702// 2653// 2700//
f 2700// 2653// 2655//
f 2700// 2655// 2698//
f 2698// 2655// 2657//
f 2698// 2657// 2696//
f 2696// 2657// 2659//
f 2696// 2659// 2694//
f 2694// 2659// 2661//
f 2694// 2661// 2691//
f 2691// 2661// 2663//
f 2691// 2663// 2689//
f 2689// 2663// 2665//
f 2689// 2665// 2687//
f 2687// 2665// 2668//
f 2687// 2668// 2685//
f 2685// 2668// 2670//
f 2685// 2670// 2683//
f 2683// 2670// 2672//
f 2683// 2672// 2681//
f 2681// 2672// 2679//
f 368// 426// 2671//
f 2671// 426// 2644//
f 2671// 2644// 2673//
f 2673// 2644// 2675//
f 369// 368// 2677//
f 2677// 368// 2671//
f 2677// 2671// 2680//
f 2680// 2671// 2682//
f 2650// 2647// 2652//
f 2652// 2647// 2648//
f 2652// 2648// 2654//
f 2654// 2648// 2701//
f 2654// 2701// 2656//
f 2656// 2701// 2699//
f 2656// 2699// 2658//
f 2658// 2699// 2697//
f 2658// 2697// 2660//
f 2660// 2697// 2695//
f 2660// 2695// 2662//
f 2662// 2695// 2693//
f 2662// 2693// 2664//
f 2664// 2693// 2692//
f 2664// 2692// 2666//
f 2666// 2692// 2690//
f 2666// 2690// 2667//
f 2667// 2690// 2688//
f 2667// 2688// 2669//
f 2669// 2688// 2686//
f 2669// 2686// 2671//
f 2671// 2686// 2684//
f 2671// 2684// 2682//
f 2703// 2704// 423//
f 423// 2704// 424//
f 2705// 2706// 2707//
f 2707// 2706// 2708//
f 2709// 2705// 2710//
f 2710// 2705// 2707//
f 2711// 2709// 2712//
f 2712// 2709// 2710//
f 2711// 2712// 2713//
f 2713// 2712// 2714//
f 2713// 2714// 2715//
f 2715// 2714// 2716//
f 2715// 2716// 2717//
f 2717// 2716// 2718//
f 2717// 2718// 2719//
f 2719// 2718// 2720//
f 2719// 2720// 2721//
f 2721// 2720// 2722//
f 2721// 2722// 2723//
f 2723// 2722// 2724//
f 2725// 2723// 2726//
f 2726// 2723// 2724//
f 2725// 2726// 2727//
f 2725// 2727// 2728//
f 2728// 2727// 2729//
f 2728// 2729// 2730//
f 2730// 2729// 2731//
f 2730// 2731// 2732//
f 2732// 2731// 2733//
f 2732// 2733// 2734//
f 2734// 2733// 2735//
f 2734// 2735// 2736//
f 2736// 2735// 2704//
f 2736// 2704// 2703//
f 2737// 2738// 371//
f 371// 2738// 360//
f 2738// 2737// 2739//
f 2739// 2737// 2740//
f 2739// 2740// 2741//
f 2741// 2740// 2742//
f 2741// 2742// 2743//
f 2743// 2742// 2744//
f 2743// 2744// 2745//
f 2745// 2744// 2746//
f 2745// 2746// 2747//
f 2747// 2746// 2748//
f 2747// 2748// 2749//
f 2749// 2748// 2750//
f 2751// 2749// 2752//
f 2752// 2749// 2750//
f 2751// 2752// 2753//
f 2751// 2753// 2754//
f 2754// 2753// 2755//
f 2754// 2755// 2756//
f 2756// 2755// 2757//
f 2756// 2757// 2758//
f 2758// 2757// 2759//
f 2758// 2759// 2760//
f 2760// 2759// 2761//
f 2760// 2761// 2762//
f 2762// 2761// 2708//
f 2762// 2708// 2706//
f 2703// 423// 361//
f 2736// 2703// 2734//
f 2734// 2703// 2732//
f 2738// 2739// 2732//
f 2703// 361// 2732//
f 2732// 361// 360//
f 2732// 360// 2738//
f 2705// 2709// 2706//
f 2706// 2709// 2711//
f 2706// 2711// 2762//
f 2762// 2711// 2713//
f 2762// 2713// 2760//
f 2760// 2713// 2715//
f 2760// 2715// 2758//
f 2758// 2715// 2717//
f 2758// 2717// 2756//
f 2756// 2717// 2719//
f 2756// 2719// 2754//
f 2754// 2719// 2721//
f 2754// 2721// 2751//
f 2751// 2721// 2723//
f 2751// 2723// 2749//
f 2749// 2723// 2725//
f 2749// 2725// 2747//
f 2747// 2725// 2728//
f 2747// 2728// 2745//
f 2745// 2728// 2730//
f 2745// 2730// 2743//
f 2743// 2730// 2732//
f 2743// 2732// 2741//
f 2741// 2732// 2739//
f 372// 424// 2731//
f 2731// 424// 2704//
f 2731// 2704// 2733//
f 2733// 2704// 2735//
f 371// 372// 2737//
f 2737// 372// 2731//
f 2737// 2731// 2740//
f 2740// 2731// 2742//
f 2710// 2707// 2712//
f 2712// 2707// 2708//
f 2712// 2708// 2714//
f 2714// 2708// 2761//
f 2714// 2761// 2716//
f 2716// 2761// 2759//
f 2716// 2759// 2718//
f 2718// 2759// 2757//
f 2718// 2757// 2720//
f 2720// 2757// 2755//
f 2720// 2755// 2722//
f 2722// 2755// 2753//
f 2722// 2753// 2724//
f 2724// 2753// 2752//
f 2724// 2752// 2726//
f 2726// 2752// 2750//
f 2726// 2750// 2727//
f 2727// 2750// 2748//
f 2727// 2748// 2729//
f 2729// 2748// 2746//
f 2729// 2746// 2731//
f 2731// 2746// 2744//
f 2731// 2744// 2742//
f 2763// 2764// 420//
f 420// 2764// 421//
f 2765// 2766// 2767//
f 2767// 2766// 2768//
f 2769// 2765// 2770//
f 2770// 2765// 2767//
f 2771// 2769// 2772//
f 2772// 2769// 2770//
f 2771// 2772// 2773//
f 2773// 2772// 2774//
f 2773// 2774// 2775//
f 2775// 2774// 2776//
f 2775// 2776// 2777//
f 2777// 2776// 2778//
f 2777// 2778// 2779//
f 2779// 2778// 2780//
f 2779// 2780// 2781//
f 2781// 2780// 2782//
f 2781// 2782// 2783//
f 2783// 2782// 2784//
f 2785// 2783// 2786//
f 2786// 2783// 2784//
f 2785// 2786// 2787//
f 2785// 2787// 2788//
f 2788// 2787// 2789//
f 2788// 2789// 2790//
f 2790// 2789// 2791//
f 2790// 2791// 2792//
f 2792// 2791// 2793//
f 2792// 2793// 2794//
f 2794// 2793// 2795//
f 2794// 2795// 2796//
f 2796// 2795// 2764//
f 2796// 2764// 2763//
f 2797// 2798// 322//
f 322// 2798// 323//
f 2798// 2797// 2799//
f 2799// 2797// 2800//
f 2799// 2800// 2801//
f 2801// 2800// 2802//
f 2801// 2802// 2803//
f 2803// 2802// 2804//
f 2803// 2804// 2805//
f 2805// 2804// 2806//
f 2805// 2806// 2807//
f 2807// 2806// 2808//
f 2807// 2808// 2809//
f 2809// 2808// 2810//
f 2811// 2809// 2812//
f 2812// 2809// 2810//
f 2811// 2812// 2813//
f 2811// 2813// 2814//
f 2814// 2813// 2815//
f 2814// 2815// 2816//
f 2816// 2815// 2817//
f 2816// 2817// 2818//
f 2818// 2817// 2819//
f 2818// 2819// 2820//
f 2820// 2819// 2821//
f 2820// 2821// 2822//
f 2822// 2821// 2768//
f 2822// 2768// 2766//
f 2763// 420// 354//
f 2796// 2763// 2794//
f 2794// 2763// 2792//
f 2798// 2799// 2792//
f 2763// 354// 2792//
f 2792// 354// 323//
f 2792// 323// 2798//
f 2765// 2769// 2766//
f 2766// 2769// 2771//
f 2766// 2771// 2822//
f 2822// 2771// 2773//
f 2822// 2773// 2820//
f 2820// 2773// 2775//
f 2820// 2775// 2818//
f 2818// 2775// 2777//
f 2818// 2777// 2816//
f 2816// 2777// 2779//
f 2816// 2779// 2814//
f 2814// 2779// 2781//
f 2814// 2781// 2811//
f 2811// 2781// 2783//
f 2811// 2783// 2809//
f 2809// 2783// 2785//
f 2809// 2785// 2807//
f 2807// 2785// 2788//
f 2807// 2788// 2805//
f 2805// 2788// 2790//
f 2805// 2790// 2803//
f 2803// 2790// 2792//
f 2803// 2792// 2801//
f 2801// 2792// 2799//
f 362// 421// 2791//
f 2791// 421// 2764//
f 2791// 2764// 2793//
f 2793// 2764// 2795//
f 322// 362// 2797//
f 2797// 362// 2791//
f 2797// 2791// 2800//
f 2800// 2791// 2802//
f 2770// 2767// 2772//
f 2772// 2767// 2768//
f 2772// 2768// 2774//
f 2774// 2768// 2821//
f 2774// 2821// 2776//
f 2776// 2821// 2819//
f 2776// 2819// 2778//
f 2778// 2819// 2817//
f 2778// 2817// 2780//
f 2780// 2817// 2815//
f 2780// 2815// 2782//
f 2782// 2815// 2813//
f 2782// 2813// 2784//
f 2784// 2813// 2812//
f 2784// 2812// 2786//
f 2786// 2812// 2810//
f 2786// 2810// 2787//
f 2787// 2810// 2808//
f 2787// 2808// 2789//
f 2789// 2808// 2806//
f 2789// 2806// 2791//
f 2791// 2806// 2804//
f 2791// 2804// 2802//
f 2823// 2824// 411//
f 411// 2824// 412//
f 2825// 2826// 2827//
f 2827// 2826// 2828//
f 2829// 2825// 2830//
f 2830// 2825// 2827//
f 2831// 2829// 2832//
f 2832// 2829// 2830//
f 2831// 2832// 2833//
f 2833// 2832// 2834//
f 2833// 2834// 2835//
f 2835// 2834// 2836//
f 2835// 2836// 2837//
f 2837// 2836// 2838//
f 2837// 2838// 2839//
f 2839// 2838// 2840//
f 2839// 2840// 2841//
f 2841// 2840// 2842//
f 2841// 2842// 2843//
f 2843// 2842// 2844//
f 2845// 2843// 2846//
f 2846// 2843// 2844//
f 2845// 2846// 2847//
f 2845// 2847// 2848//
f 2848// 2847// 2849//
f 2848// 2849// 2850//
f 2850// 2849// 2851//
f 2850// 2851// 2852//
f 2852// 2851// 2853//
f 2852// 2853// 2854//
f 2854// 2853// 2855//
f 2854// 2855// 2856//
f 2856// 2855// 2824//
f 2856// 2824// 2823//
f 2857// 2858// 356//
f 356// 2858// 335//
f 2858// 2857// 2859//
f 2859// 2857// 2860//
f 2859// 2860// 2861//
f 2861// 2860// 2862//
f 2861// 2862// 2863//
f 2863// 2862// 2864//
f 2863// 2864// 2865//
f 2865// 2864// 2866//
f 2865// 2866// 2867//
f 2867// 2866// 2868//
f 2867// 2868// 2869//
f 2869// 2868// 2870//
f 2871// 2869// 2872//
f 2872// 2869// 2870//
f 2871// 2872// 2873//
f 2871// 2873// 2874//
f 2874// 2873// 2875//
f 2874// 2875// 2876//
f 2876// 2875// 2877//
f 2876// 2877// 2878//
f 2878// 2877// 2879//
f 2878// 2879// 2880//
f 2880// 2879// 2881//
f 2880// 2881// 2882//
f 2882// 2881// 2828//
f 2882// 2828// 2826//
f 2823// 411// 336//
f 2856// 2823// 2854//
f 2854// 2823// 2852//
f 2858// 2859// 2852//
f 2823// 336// 2852//
f 2852// 336// 335//
f 2852// 335// 2858//
f 2825// 2829// 2826//
f 2826// 2829// 2831//
f 2826// 2831// 2882//
f 2882// 2831// 2833//
f 2882// 2833// 2880//
f 2880// 2833// 2835//
f 2880// 2835// 2878//
f 2878// 2835// 2837//
f 2878// 2837// 2876//
f 2876// 2837// 2839//
f 2876// 2839// 2874//
f 2874// 2839// 2841//
f 2874// 2841// 2871//
f 2871// 2841// 2843//
f 2871// 2843// 2869//
f 2869// 2843// 2845//
f 2869// 2845// 2867//
f 2867// 2845// 2848//
f 2867// 2848// 2865//
f 2865// 2848// 2850//
f 2865// 2850// 2863//
f 2863// 2850// 2852//
f 2863// 2852// 2861//
f 2861// 2852// 2859//
f 355// 412// 2851//
f 2851// 412// 2824//
f 2851// 2824// 2853//
f 2853// 2824// 2855//
f 356// 355// 2857//
f 2857// 355// 2851//
f 2857// 2851// 2860//
f 2860// 2851// 2862//
f 2830// 2827// 2832//
f 2832// 2827// 2828//
f 2832// 2828// 2834//
f 2834// 2828// 2881//
f 2834// 2881// 2836//
f 2836// 2881// 2879//
f 2836// 2879// 2838//
f 2838// 2879// 2877//
f 2838// 2877// 2840//
f 2840// 2877// 2875//
f 2840// 2875// 2842//
f 2842// 2875// 2873//
f 2842// 2873// 2844//
f 2844// 2873// 2872//
f 2844// 2872// 2846//
f 2846// 2872// 2870//
f 2846// 2870// 2847//
f 2847// 2870// 2868//
f 2847// 2868// 2849//
f 2849// 2868// 2866//
f 2849// 2866// 2851//
f 2851// 2866// 2864//
f 2851// 2864// 2862//
f 2883// 2884// 413//
f 413// 2884// 409//
f 2885// 2886// 2887//
f 2887// 2886// 2888//
f 2889// 2885// 2890//
f 2890// 2885// 2887//
f 2891// 2889// 2892//
f 2892// 2889// 2890//
f 2891// 2892// 2893//
f 2893// 2892// 2894//
f 2893// 2894// 2895//
f 2895// 2894// 2896//
f 2895// 2896// 2897//
f 2897// 2896// 2898//
f 2897// 2898// 2899//
f 2899// 2898// 2900//
f 2899// 2900// 2901//
f 2901// 2900// 2902//
f 2901// 2902// 2903//
f 2903// 2902// 2904//
f 2905// 2903// 2906//
f 2906// 2903// 2904//
f 2905// 2906// 2907//
f 2905// 2907// 2908//
f 2908// 2907// 2909//
f 2908// 2909// 2910//
f 2910// 2909// 2911//
f 2910// 2911// 2912//
f 2912// 2911// 2913//
f 2912// 2913// 2914//
f 2914// 2913// 2915//
f 2914// 2915// 2916//
f 2916// 2915// 2884//
f 2916// 2884// 2883//
f 2917// 2918// 325//
f 325// 2918// 326//
f 2918// 2917// 2919//
f 2919// 2917// 2920//
f 2919// 2920// 2921//
f 2921// 2920// 2922//
f 2921// 2922// 2923//
f 2923// 2922// 2924//
f 2923// 2924// 2925//
f 2925// 2924// 2926//
f 2925// 2926// 2927//
f 2927// 2926// 2928//
f 2927// 2928// 2929//
f 2929// 2928// 2930//
f 2931// 2929// 2932//
f 2932// 2929// 2930//
f 2931// 2932// 2933//
f 2931// 2933// 2934//
f 2934// 2933// 2935//
f 2934// 2935// 2936//
f 2936// 2935// 2937//
f 2936// 2937// 2938//
f 2938// 2937// 2939//
f 2938// 2939// 2940//
f 2940// 2939// 2941//
f 2940// 2941// 2942//
f 2942// 2941// 2888//
f 2942// 2888// 2886//
f 2883// 413// 345//
f 2916// 2883// 2914//
f 2914// 2883// 2912//
f 2918// 2919// 2912//
f 2883// 345// 2912//
f 2912// 345// 326//
f 2912// 326// 2918//
f 2885// 2889// 2886//
f 2886// 2889// 2891//
f 2886// 2891// 2942//
f 2942// 2891// 2893//
f 2942// 2893// 2940//
f 2940// 2893// 2895//
f 2940// 2895// 2938//
f 2938// 2895// 2897//
f 2938// 2897// 2936//
f 2936// 2897// 2899//
f 2936// 2899// 2934//
f 2934// 2899// 2901//
f 2934// 2901// 2931//
f 2931// 2901// 2903//
f 2931// 2903// 2929//
f 2929// 2903// 2905//
f 2929// 2905// 2927//
f 2927// 2905// 2908//
f 2927// 2908// 2925//
f 2925// 2908// 2910//
f 2925// 2910// 2923//
f 2923// 2910// 2912//
f 2923// 2912// 2921//
f 2921// 2912// 2919//
f 337// 409// 2911//
f 2911// 409// 2884//
f 2911// 2884// 2913//
f 2913// 2884// 2915//
f 325// 337// 2917//
f 2917// 337// 2911//
f 2917// 2911// 2920//
f 2920// 2911// 2922//
f 2890// 2887// 2892//
f 2892// 2887// 2888//
f 2892// 2888// 2894//
f 2894// 2888// 2941//
f 2894// 2941// 2896//
f 2896// 2941// 2939//
f 2896// 2939// 2898//
f 2898// 2939// 2937//
f 2898// 2937// 2900//
f 2900// 2937// 2935//
f 2900// 2935// 2902//
f 2902// 2935// 2933//
f 2902// 2933// 2904//
f 2904// 2933// 2932//
f 2904// 2932// 2906//
f 2906// 2932// 2930//
f 2906// 2930// 2907//
f 2907// 2930// 2928//
f 2907// 2928// 2909//
f 2909// 2928// 2926//
f 2909// 2926// 2911//
f 2911// 2926// 2924//
f 2911// 2924// 2922//
f 2943// 2944// 407//
f 407// 2944// 408//
f 2945// 2946// 2947//
f 2947// 2946// 2948//
f 2949// 2945// 2950//
f 2950// 2945// 2947//
f 2951// 2949// 2952//
f 2952// 2949// 2950//
f 2951// 2952// 2953//
f 2953// 2952// 2954//
f 2953// 2954// 2955//
f 2955// 2954// 2956//
f 2955// 2956// 2957//
f 2957// 2956// 2958//
f 2957// 2958// 2959//
f 2959// 2958// 2960//
f 2959// 2960// 2961//
f 2961// 2960// 2962//
f 2961// 2962// 2963//
f 2963// 2962// 2964//
f 2965// 2963// 2966//
f 2966// 2963// 2964//
f 2965// 2966// 2967//
f 2965// 2967// 2968//
f 2968// 2967// 2969//
f 2968// 2969// 2970//
f 2970// 2969// 2971//
f 2970// 2971// 2972//
f 2972// 2971// 2973//
f 2972// 2973// 2974//
f 2974// 2973// 2975//
f 2974// 2975// 2976//
f 2976// 2975// 2944//
f 2976// 2944// 2943//
f 2977// 2978// 343//
f 343// 2978// 342//
f 2978// 2977// 2979//
f 2979// 2977// 2980//
f 2979// 2980// 2981//
f 2981// 2980// 2982//
f 2981// 2982// 2983//
f 2983// 2982// 2984//
f 2983// 2984// 2985//
f 2985// 2984// 2986//
f 2985// 2986// 2987//
f 2987// 2986// 2988//
f 2987// 2988// 2989//
f 2989// 2988// 2990//
f 2991// 2989// 2992//
f 2992// 2989// 2990//
f 2991// 2992// 2993//
f 2991// 2993// 2994//
f 2994// 2993// 2995//
f 2994// 2995// 2996//
f 2996// 2995// 2997//
f 2996// 2997// 2998//
f 2998// 2997// 2999//
f 2998// 2999// 3000//
f 3000// 2999// 3001//
f 3000// 3001// 3002//
f 3002// 3001// 2948//
f 3002// 2948// 2946//
f 2943// 407// 340//
f 2976// 2943// 2974//
f 2974// 2943// 2972//
f 2978// 2979// 2972//
f 2943// 340// 2972//
f 2972// 340// 342//
f 2972// 342// 2978//
f 2945// 2949// 2946//
f 2946// 2949// 2951//
f 2946// 2951// 3002//
f 3002// 2951// 2953//
f 3002// 2953// 3000//
f 3000// 2953// 2955//
f 3000// 2955// 2998//
f 2998// 2955// 2957//
f 2998// 2957// 2996//
f 2996// 2957// 2959//
f 2996// 2959// 2994//
f 2994// 2959// 2961//
f 2994// 2961// 2991//
f 2991// 2961// 2963//
f 2991// 2963// 2989//
f 2989// 2963// 2965//
f 2989// 2965// 2987//
f 2987// 2965// 2968//
f 2987// 2968// 2985//
f 2985// 2968// 2970//
f 2985// 2970// 2983//
f 2983// 2970// 2972//
f 2983// 2972// 2981//
f 2981// 2972// 2979//
f 344// 408// 2971//
f 2971// 408// 2944//
f 2971// 2944// 2973//
f 2973// 2944// 2975//
f 343// 344// 2977//
f 2977// 344// 2971//
f 2977// 2971// 2980//
f 2980// 2971// 2982//
f 2950// 2947// 2952//
f 2952// 2947// 2948//
f 2952// 2948// 2954//
f 2954// 2948// 3001//
f 2954// 3001// 2956//
f 2956// 3001// 2999//
f 2956// 2999// 2958//
f 2958// 2999// 2997//
f 2958// 2997// 2960//
f 2960// 2997// 2995//
f 2960// 2995// 2962//
f 2962// 2995// 2993//
f 2962// 2993// 2964//
f 2964// 2993// 2992//
f 2964// 2992// 2966//
f 2966// 2992// 2990//
f 2966// 2990// 2967//
f 2967// 2990// 2988//
f 2967// 2988// 2969//
f 2969// 2988// 2986//
f 2969// 2986// 2971//
f 2971// 2986// 2984//
f 2971// 2984// 2982//
f 3003// 3004// 427//
f 427// 3004// 428//
f 3005// 3006// 3007//
f 3007// 3006// 3008//
f 3009// 3005// 3010//
f 3010// 3005// 3007//
f 3011// 3009// 3012//
f 3012// 3009// 3010//
f 3011// 3012// 3013//
f 3013// 3012// 3014//
f 3013// 3014// 3015//
f 3015// 3014// 3016//
f 3015// 3016// 3017//
f 3017// 3016// 3018//
f 3017// 3018// 3019//
f 3019// 3018// 3020//
f 3019// 3020// 3021//
f 3021// 3020// 3022//
f 3021// 3022// 3023//
f 3023// 3022// 3024//
f 3025// 3023// 3026//
f 3026// 3023// 3024//
f 3025// 3026// 3027//
f 3025// 3027// 3028//
f 3028// 3027// 3029//
f 3028// 3029// 3030//
f 3030// 3029// 3031//
f 3030// 3031// 3032//
f 3032// 3031// 3033//
f 3032// 3033// 3034//
f 3034// 3033// 3035//
f 3034// 3035// 3036//
f 3036// 3035// 3004//
f 3036// 3004// 3003//
f 3037// 3038// 365//
f 365// 3038// 366//
f 3038// 3037// 3039//
f 3039// 3037// 3040//
f 3039// 3040// 3041//
f 3041// 3040// 3042//
f 3041// 3042// 3043//
f 3043// 3042// 3044//
f 3043// 3044// 3045//
f 3045// 3044// 3046//
f 3045// 3046// 3047//
f 3047// 3046// 3048//
f 3047// 3048// 3049//
f 3049// 3048// 3050//
f 3051// 3049// 3052//
f 3052// 3049// 3050//
f 3051// 3052// 3053//
f 3051// 3053// 3054//
f 3054// 3053// 3055//
f 3054// 3055// 3056//
f 3056// 3055// 3057//
f 3056// 3057// 3058//
f 3058// 3057// 3059//
f 3058// 3059// 3060//
f 3060// 3059// 3061//
f 3060// 3061// 3062//
f 3062// 3061// 3008//
f 3062// 3008// 3006//
f 3003// 427// 367//
f 3036// 3003// 3034//
f 3034// 3003// 3032//
f 3038// 3039// 3032//
f 3003// 367// 3032//
f 3032// 367// 366//
f 3032// 366// 3038//
f 3005// 3009// 3006//
f 3006// 3009// 3011//
f 3006// 3011// 3062//
f 3062// 3011// 3013//
f 3062// 3013// 3060//
f 3060// 3013// 3015//
f 3060// 3015// 3058//
f 3058// 3015// 3017//
f 3058// 3017// 3056//
f 3056// 3017// 3019//
f 3056// 3019// 3054//
f 3054// 3019// 3021//
f 3054// 3021// 3051//
f 3051// 3021// 3023//
f 3051// 3023// 3049//
f 3049// 3023// 3025//
f 3049// 3025// 3047//
f 3047// 3025// 3028//
f 3047// 3028// 3045//
f 3045// 3028// 3030//
f 3045// 3030// 3043//
f 3043// 3030// 3032//
f 3043// 3032// 3041//
f 3041// 3032// 3039//
f 364// 428// 3031//
f 3031// 428// 3004//
f 3031// 3004// 3033//
f 3033// 3004// 3035//
f 365// 364// 3037//
f 3037// 364// 3031//
f 3037// 3031// 3040//
f 3040// 3031// 3042//
f 3010// 3007// 3012//
f 3012// 3007// 3008//
f 3012// 3008// 3014//
f 3014// 3008// 3061//
f 3014// 3061// 3016//
f 3016// 3061// 3059//
f 3016// 3059// 3018//
f 3018// 3059// 3057//
f 3018// 3057// 3020//
f 3020// 3057// 3055//
f 3020// 3055// 3022//
f 3022// 3055// 3053//
f 3022// 3053// 3024//
f 3024// 3053// 3052//
f 3024// 3052// 3026//
f 3026// 3052// 3050//
f 3026// 3050// 3027//
f 3027// 3050// 3048//
f 3027// 3048// 3029//
f 3029// 3048// 3046//
f 3029// 3046// 3031//
f 3031// 3046// 3044//
f 3031// 3044// 3042//
f 3063// 3064// 429//
f 429// 3064// 430//
f 3065// 3066// 3067//
f 3067// 3066// 3068//
f 3069// 3065// 3070//
f 3070// 3065// 3067//
f 3071// 3069// 3072//
f 3072// 3069// 3070//
f 3071// 3072// 3073//
f 3073// 3072// 3074//
f 3073// 3074// 3075//
f 3075// 3074// 3076//
f 3075// 3076// 3077//
f 3077// 3076// 3078//
f 3077// 3078// 3079//
f 3079// 3078// 3080//
f 3079// 3080// 3081//
f 3081// 3080// 3082//
f 3081// 3082// 3083//
f 3083// 3082// 3084//
f 3085// 3083// 3086//
f 3086// 3083// 3084//
f 3085// 3086// 3087//
f 3085// 3087// 3088//
f 3088// 3087// 3089//
f 3088// 3089// 3090//
f 3090// 3089// 3091//
f 3090// 3091// 3092//
f 3092// 3091// 3093//
f 3092// 3093// 3094//
f 3094// 3093// 3095//
f 3094// 3095// 3096//
f 3096// 3095// 3064//
f 3096// 3064// 3063//
f 3097// 3098// 352//
f 352// 3098// 353//
f 3098// 3097// 3099//
f 3099// 3097// 3100//
f 3099// 3100// 3101//
f 3101// 3100// 3102//
f 3101// 3102// 3103//
f 3103// 3102// 3104//
f 3103// 3104// 3105//
f 3105// 3104// 3106//
f 3105// 3106// 3107//
f 3107// 3106// 3108//
f 3107// 3108// 3109//
f 3109// 3108// 3110//
f 3111// 3109// 3112//
f 3112// 3109// 3110//
f 3111// 3112// 3113//
f 3111// 3113// 3114//
f 3114// 3113// 3115//
f 3114// 3115// 3116//
f 3116// 3115// 3117//
f 3116// 3117// 3118//
f 3118// 3117// 3119//
f 3118// 3119// 3120//
f 3120// 3119// 3121//
f 3120// 3121// 3122//
f 3122// 3121// 3068//
f 3122// 3068// 3066//
f 3063// 429// 363//
f 3096// 3063// 3094//
f 3094// 3063// 3092//
f 3098// 3099// 3092//
f 3063// 363// 3092//
f 3092// 363// 353//
f 3092// 353// 3098//
f 3065// 3069// 3066//
f 3066// 3069// 3071//
f 3066// 3071// 3122//
f 3122// 3071// 3073//
f 3122// 3073// 3120//
f 3120// 3073// 3075//
f 3120// 3075// 3118//
f 3118// 3075// 3077//
f 3118// 3077// 3116//
f 3116// 3077// 3079//
f 3116// 3079// 3114//
f 3114// 3079// 3081//
f 3114// 3081// 3111//
f 3111// 3081// 3083//
f 3111// 3083// 3109//
f 3109// 3083// 3085//
f 3109// 3085// 3107//
f 3107// 3085// 3088//
f 3107// 3088// 3105//
f 3105// 3088// 3090//
f 3105// 3090// 3103//
f 3103// 3090// 3092//
f 3103// 3092// 3101//
f 3101// 3092// 3099//
f 351// 430// 3091//
f 3091// 430// 3064//
f 3091// 3064// 3093//
f 3093// 3064// 3095//
f 352// 351// 3097//
f 3097// 351// 3091//
f 3097// 3091// 3100//
f 3100// 3091// 3102//
f 3070// 3067// 3072//
f 3072// 3067// 3068//
f 3072// 3068// 3074//
f 3074// 3068// 3121//
f 3074// 3121// 3076//
f 3076// 3121// 3119//
f 3076// 3119// 3078//
f 3078// 3119// 3117//
f 3078// 3117// 3080//
f 3080// 3117// 3115//
f 3080// 3115// 3082//
f 3082// 3115// 3113//
f 3082// 3113// 3084//
f 3084// 3113// 3112//
f 3084// 3112// 3086//
f 3086// 3112// 3110//
f 3086// 3110// 3087//
f 3087// 3110// 3108//
f 3087// 3108// 3089//
f 3089// 3108// 3106//
f 3089// 3106// 3091//
f 3091// 3106// 3104//
f 3091// 3104// 3102//
f 3123// 3124// 431//
f 431// 3124// 417//
f 3125// 3126// 3127//
f 3127// 3126// 3128//
f 3129// 3125// 3130//
f 3130// 3125// 3127//
f 3131// 3129// 3132//
f 3132// 3129// 3130//
f 3131// 3132// 3133//
f 3133// 3132// 3134//
f 3133// 3134// 3135//
f 3135// 3134// 3136//
f 3135// 3136// 3137//
f 3137// 3136// 3138//
f 3137// 3138// 3139//
f 3139// 3138// 3140//
f 3139// 3140// 3141//
f 3141// 3140// 3142//
f 3141// 3142// 3143//
f 3143// 3142// 3144//
f 3145// 3143// 3146//
f 3146// 3143// 3144//
f 3145// 3146// 3147//
f 3145// 3147// 3148//
f 3148// 3147// 3149//
f 3148// 3149// 3150//
f 3150// 3149// 3151//
f 3150// 3151// 3152//
f 3152// 3151// 3153//
f 3152// 3153// 3154//
f 3154// 3153// 3155//
f 3154// 3155// 3156//
f 3156// 3155// 3124//
f 3156// 3124// 3123//
f 3157// 3158// 357//
f 357// 3158// 349//
f 3158// 3157// 3159//
f 3159// 3157// 3160//
f 3159// 3160// 3161//
f 3161// 3160// 3162//
f 3161// 3162// 3163//
f 3163// 3162// 3164//
f 3163// 3164// 3165//
f 3165// 3164// 3166//
f 3165// 3166// 3167//
f 3167// 3166// 3168//
f 3167// 3168// 3169//
f 3169// 3168// 3170//
f 3171// 3169// 3172//
f 3172// 3169// 3170//
f 3171// 3172// 3173//
f 3171// 3173// 3174//
f 3174// 3173// 3175//
f 3174// 3175// 3176//
f 3176// 3175// 3177//
f 3176// 3177// 3178//
f 3178// 3177// 3179//
f 3178// 3179// 3180//
f 3180// 3179// 3181//
f 3180// 3181// 3182//
f 3182// 3181// 3128//
f 3182// 3128// 3126//
f 3123// 431// 350//
f 3156// 3123// 3154//
f 3154// 3123// 3152//
f 3158// 3159// 3152//
f 3123// 350// 3152//
f 3152// 350// 349//
f 3152// 349// 3158//
f 3125// 3129// 3126//
f 3126// 3129// 3131//
f 3126// 3131// 3182//
f 3182// 3131// 3133//
f 3182// 3133// 3180//
f 3180// 3133// 3135//
f 3180// 3135// 3178//
f 3178// 3135// 3137//
f 3178// 3137// 3176//
f 3176// 3137// 3139//
f 3176// 3139// 3174//
f 3174// 3139// 3141//
f 3174// 3141// 3171//
f 3171// 3141// 3143//
f 3171// 3143// 3169//
f 3169// 3143// 3145//
f 3169// 3145// 3167//
f 3167// 3145// 3148//
f 3167// 3148// 3165//
f 3165// 3148// 3150//
f 3165// 3150// 3163//
f 3163// 3150// 3152//
f 3163// 3152// 3161//
f 3161// 3152// 3159//
f 358// 417// 3151//
f 3151// 417// 3124//
f 3151// 3124// 3153//
f 3153// 3124// 3155//
f 357// 358// 3157//
f 3157// 358// 3151//
f 3157// 3151// 3160//
f 3160// 3151// 3162//
f 3130// 3127// 3132//
f 3132// 3127// 3128//
f 3132// 3128// 3134//
f 3134// 3128// 3181//
f 3134// 3181// 3136//
f 3136// 3181// 3179//
f 3136// 3179// 3138//
f 3138// 3179// 3177//
f 3138// 3177// 3140//
f 3140// 3177// 3175//
f 3140// 3175// 3142//
f 3142// 3175// 3173//
f 3142// 3173// 3144//
f 3144// 3173// 3172//
f 3144// 3172// 3146//
f 3146// 3172// 3170//
f 3146// 3170// 3147//
f 3147// 3170// 3168//
f 3147// 3168// 3149//
f 3149// 3168// 3166//
f 3149// 3166// 3151//
f 3151// 3166// 3164//
f 3151// 3164// 3162//
f 3183// 3184// 422//
f 422// 3184// 418//
f 3185// 3186// 3187//
f 3187// 3186// 3188//
f 3189// 3185// 3190//
f 3190// 3185// 3187//
f 3191// 3189// 3192//
f 3192// 3189// 3190//
f 3191// 3192// 3193//
f 3193// 3192// 3194//
f 3193// 3194// 3195//
f 3195// 3194// 3196//
f 3195// 3196// 3197//
f 3197// 3196// 3198//
f 3197// 3198// 3199//
f 3199// 3198// 3200//
f 3199// 3200// 3201//
f 3201// 3200// 3202//
f 3201// 3202// 3203//
f 3203// 3202// 3204//
f 3205// 3203// 3206//
f 3206// 3203// 3204//
f 3205// 3206// 3207//
f 3205// 3207// 3208//
f 3208// 3207// 3209//
f 3208// 3209// 3210//
f 3210// 3209// 3211//
f 3210// 3211// 3212//
f 3212// 3211// 3213//
f 3212// 3213// 3214//
f 3214// 3213// 3215//
f 3214// 3215// 3216//
f 3216// 3215// 3184//
f 3216// 3184// 3183//
f 3217// 3218// 333//
f 333// 3218// 334//
f 3218// 3217// 3219//
f 3219// 3217// 3220//
f 3219// 3220// 3221//
f 3221// 3220// 3222//
f 3221// 3222// 3223//
f 3223// 3222// 3224//
f 3223// 3224// 3225//
f 3225// 3224// 3226//
f 3225// 3226// 3227//
f 3227// 3226// 3228//
f 3227// 3228// 3229//
f 3229// 3228// 3230//
f 3231// 3229// 3232//
f 3232// 3229// 3230//
f 3231// 3232// 3233//
f 3231// 3233// 3234//
f 3234// 3233// 3235//
f 3234// 3235// 3236//
f 3236// 3235// 3237//
f 3236// 3237// 3238//
f 3238// 3237// 3239//
f 3238// 3239// 3240//
f 3240// 3239// 3241//
f 3240// 3241// 3242//
f 3242// 3241// 3188//
f 3242// 3188// 3186//
f 3183// 422// 359//
f 3216// 3183// 3214//
f 3214// 3183// 3212//
f 3218// 3219// 3212//
f 3183// 359// 3212//
f 3212// 359// 334//
f 3212// 334// 3218//
f 3185// 3189// 3186//
f 3186// 3189// 3191//
f 3186// 3191// 3242//
f 3242// 3191// 3193//
f 3242// 3193// 3240//
f 3240// 3193// 3195//
f 3240// 3195// 3238//
f 3238// 3195// 3197//
f 3238// 3197// 3236//
f 3236// 3197// 3199//
f 3236// 3199// 3234//
f 3234// 3199// 3201//
f 3234// 3201// 3231//
f 3231// 3201// 3203//
f 3231// 3203// 3229//
f 3229// 3203// 3205//
f 3229// 3205// 3227//
f 3227// 3205// 3208//
f 3227// 3208// 3225//
f 3225// 3208// 3210//
f 3225// 3210// 3223//
f 3223// 3210// 3212//
f 3223// 3212// 3221//
f 3221// 3212// 3219//
f 332// 418// 3211//
f 3211// 418// 3184//
f 3211// 3184// 3213//
f 3213// 3184// 3215//
f 333// 332// 3217//
f 3217// 332// 3211//
f 3217// 3211// 3220//
f 3220// 3211// 3222//
f 3190// 3187// 3192//
f 3192// 3187// 3188//
f 3192// 3188// 3194//
f 3194// 3188// 3241//
f 3194// 3241// 3196//
f 3196// 3241// 3239//
f 3196// 3239// 3198//
f 3198// 3239// 3237//
f 3198// 3237// 3200//
f 3200// 3237// 3235//
f 3200// 3235// 3202//
f 3202// 3235// 3233//
f 3202// 3233// 3204//
f 3204// 3233// 3232//
f 3204// 3232// 3206//
f 3206// 3232// 3230//
f 3206// 3230// 3207//
f 3207// 3230// 3228//
f 3207// 3228// 3209//
f 3209// 3228// 3226//
f 3209// 3226// 3211//
f 3211// 3226// 3224//
f 3211// 3224// 3222//
f 3243// 3244// 419//
f 419// 3244// 410//
f 3245// 3246// 3247//
f 3247// 3246// 3248//
f 3249// 3245// 3250//
f 3250// 3245// 3247//
f 3251// 3249// 3252//
f 3252// 3249// 3250//
f 3251// 3252// 3253//
f 3253// 3252// 3254//
f 3253// 3254// 3255//
f 3255// 3254// 3256//
f 3255// 3256// 3257//
f 3257// 3256// 3258//
f 3257// 3258// 3259//
f 3259// 3258// 3260//
f 3259// 3260// 3261//
f 3261// 3260// 3262//
f 3261// 3262// 3263//
f 3263// 3262// 3264//
f 3265// 3263// 3266//
f 3266// 3263// 3264//
f 3265// 3266// 3267//
f 3265// 3267// 3268//
f 3268// 3267// 3269//
f 3268// 3269// 3270//
f 3270// 3269// 3271//
f 3270// 3271// 3272//
f 3272// 3271// 3273//
f 3272// 3273// 3274//
f 3274// 3273// 3275//
f 3274// 3275// 3276//
f 3276// 3275// 3244//
f 3276// 3244// 3243//
f 3277// 3278// 346//
f 346// 3278// 330//
f 3278// 3277// 3279//
f 3279// 3277// 3280//
f 3279// 3280// 3281//
f 3281// 3280// 3282//
f 3281// 3282// 3283//
f 3283// 3282// 3284//
f 3283// 3284// 3285//
f 3285// 3284// 3286//
f 3285// 3286// 3287//
f 3287// 3286// 3288//
f 3287// 3288// 3289//
f 3289// 3288// 3290//
f 3291// 3289// 3292//
f 3292// 3289// 3290//
f 3291// 3292// 3293//
f 3291// 3293// 3294//
f 3294// 3293// 3295//
f 3294// 3295// 3296//
f 3296// 3295// 3297//
f 3296// 3297// 3298//
f 3298// 3297// 3299//
f 3298// 3299// 3300//
f 3300// 3299// 3301//
f 3300// 3301// 3302//
f 3302// 3301// 3248//
f 3302// 3248// 3246//
f 3243// 419// 331//
f 3276// 3243// 3274//
f 3274// 3243// 3272//
f 3278// 3279// 3272//
f 3243// 331// 3272//
f 3272// 331// 330//
f 3272// 330// 3278//
f 3245// 3249// 3246//
f 3246// 3249// 3251//
f 3246// 3251// 3302//
f 3302// 3251// 3253//
f 3302// 3253// 3300//
f 3300// 3253// 3255//
f 3300// 3255// 3298//
f 3298// 3255// 3257//
f 3298// 3257// 3296//
f 3296// 3257// 3259//
f 3296// 3259// 3294//
f 3294// 3259// 3261//
f 3294// 3261// 3291//
f 3291// 3261// 3263//
f 3291// 3263// 3289//
f 3289// 3263// 3265//
f 3289// 3265// 3287//
f 3287// 3265// 3268//
f 3287// 3268// 3285//
f 3285// 3268// 3270//
f 3285// 3270// 3283//
f 3283// 3270// 3272//
f 3283// 3272// 3281//
f 3281// 3272// 3279//
f 347// 410// 3271//
f 3271// 410// 3244//
f 3271// 3244// 3273//
f 3273// 3244// 3275//
f 346// 347// 3277//
f 3277// 347// 3271//
f 3277// 3271// 3280//
f 3280// 3271// 3282//
f 3250// 3247// 3252//
f 3252// 3247// 3248//
f 3252// 3248// 3254//
f 3254// 3248// 3301//
f 3254// 3301// 3256//
f 3256// 3301// 3299//
f 3256// 3299// 3258//
f 3258// 3299// 3297//
f 3258// 3297// 3260//
f 3260// 3297// 3295//
f 3260// 3295// 3262//
f 3262// 3295// 3293//
f 3262// 3293// 3264//
f 3264// 3293// 3292//
f 3264// 3292// 3266//
f 3266// 3292// 3290//
f 3266// 3290// 3267//
f 3267// 3290// 3288//
f 3267// 3288// 3269//
f 3269// 3288// 3286//
f 3269// 3286// 3271//
f 3271// 3286// 3284//
f 3271// 3284// 3282//
f 3303// 3304// 416//
f 416// 3304// 414//
f 3305// 3306// 3307//
f 3307// 3306// 3308//
f 3309// 3305// 3310//
f 3310// 3305// 3307//
f 3311// 3309// 3312//
f 3312// 3309// 3310//
f 3311// 3312// 3313//
f 3313// 3312// 3314//
f 3313// 3314// 3315//
f 3315// 3314// 3316//
f 3315// 3316// 3317//
f 3317// 3316// 3318//
f 3317// 3318// 3319//
f 3319// 3318// 3320//
f 3319// 3320// 3321//
f 3321// 3320// 3322//
f 3321// 3322// 3323//
f 3323// 3322// 3324//
f 3325// 3323// 3326//
f 3326// 3323// 3324//
f 3325// 3326// 3327//
f 3325// 3327// 3328//
f 3328// 3327// 3329//
f 3328// 3329// 3330//
f 3330// 3329// 3331//
f 3330// 3331// 3332//
f 3332// 3331// 3333//
f 3332// 3333// 3334//
f 3334// 3333// 3335//
f 3334// 3335// 3336//
f 3336// 3335// 3304//
f 3336// 3304// 3303//
f 3337// 3338// 338//
f 338// 3338// 339//
f 3338// 3337// 3339//
f 3339// 3337// 3340//
f 3339// 3340// 3341//
f 3341// 3340// 3342//
f 3341// 3342// 3343//
f 3343// 3342// 3344//
f 3343// 3344// 3345//
f 3345// 3344// 3346//
f 3345// 3346// 3347//
f 3347// 3346// 3348//
f 3347// 3348// 3349//
f 3349// 3348// 3350//
f 3351// 3349// 3352//
f 3352// 3349// 3350//
f 3351// 3352// 3353//
f 3351// 3353// 3354//
f 3354// 3353// 3355//
f 3354// 3355// 3356//
f 3356// 3355// 3357//
f 3356// 3357// 3358//
f 3358// 3357// 3359//
f 3358// 3359// 3360//
f 3360// 3359// 3361//
f 3360// 3361// 3362//
f 3362// 3361// 3308//
f 3362// 3308// 3306//
f 3303// 416// 348//
f 3336// 3303// 3334//
f 3334// 3303// 3332//
f 3338// 3339// 3332//
f 3303// 348// 3332//
f 3332// 348// 339//
f 3332// 339// 3338//
f 3305// 3309// 3306//
f 3306// 3309// 3311//
f 3306// 3311// 3362//
f 3362// 3311// 3313//
f 3362// 3313// 3360//
f 3360// 3313// 3315//
f 3360// 3315// 3358//
f 3358// 3315// 3317//
f 3358// 3317// 3356//
f 3356// 3317// 3319//
f 3356// 3319// 3354//
f 3354// 3319// 3321//
f 3354// 3321// 3351//
f 3351// 3321// 3323//
f 3351// 3323// 3349//
f 3349// 3323// 3325//
f 3349// 3325// 3347//
f 3347// 3325// 3328//
f 3347// 3328// 3345//
f 3345// 3328// 3330//
f 3345// 3330// 3343//
f 3343// 3330// 3332//
f 3343// 3332// 3341//
f 3341// 3332// 3339//
f 329// 414// 3331//
f 3331// 414// 3304//
f 3331// 3304// 3333//
f 3333// 3304// 3335//
f 338// 329// 3337//
f 3337// 329// 3331//
f 3337// 3331// 3340//
f 3340// 3331// 3342//
f 3310// 3307// 3312//
f 3312// 3307// 3308//
f 3312// 3308// 3314//
f 3314// 3308// 3361//
f 3314// 3361// 3316//
f 3316// 3361// 3359//
f 3316// 3359// 3318//
f 3318// 3359// 3357//
f 3318// 3357// 3320//
f 3320// 3357// 3355//
f 3320// 3355// 3322//
f 3322// 3355// 3353//
f 3322// 3353// 3324//
f 3324// 3353// 3352//
f 3324// 3352// 3326//
f 3326// 3352// 3350//
f 3326// 3350// 3327//
f 3327// 3350// 3348//
f 3327// 3348// 3329//
f 3329// 3348// 3346//
f 3329// 3346// 3331//
f 3331// 3346// 3344//
f 3331// 3344// 3342//
f 3363// 3364// 399//
f 399// 3364// 400//
f 3365// 3366// 3367//
f 3367// 3366// 3368//
f 3369// 3365// 3370//
f 3370// 3365// 3367//
f 3371// 3369// 3372//
f 3372// 3369// 3370//
f 3371// 3372// 3373//
f 3373// 3372// 3374//
f 3373// 3374// 3375//
f 3375// 3374// 3376//
f 3375// 3376// 3377//
f 3377// 3376// 3378//
f 3377// 3378// 3379//
f 3379// 3378// 3380//
f 3379// 3380// 3381//
f 3381// 3380// 3382//
f 3381// 3382// 3383//
f 3383// 3382// 3384//
f 3385// 3383// 3386//
f 3386// 3383// 3384//
f 3385// 3386// 3387//
f 3385// 3387// 3388//
f 3388// 3387// 3389//
f 3388// 3389// 3390//
f 3390// 3389// 3391//
f 3390// 3391// 3392//
f 3392// 3391// 3393//
f 3392// 3393// 3394//
f 3394// 3393// 3395//
f 3394// 3395// 3396//
f 3396// 3395// 3364//
f 3396// 3364// 3363//
f 3397// 3398// 203//
f 203// 3398// 191//
f 3398// 3397// 3399//
f 3399// 3397// 3400//
f 3399// 3400// 3401//
f 3401// 3400// 3402//
f 3401// 3402// 3403//
f 3403// 3402// 3404//
f 3403// 3404// 3405//
f 3405// 3404// 3406//
f 3405// 3406// 3407//
f 3407// 3406// 3408//
f 3407// 3408// 3409//
f 3409// 3408// 3410//
f 3411// 3409// 3412//
f 3412// 3409// 3410//
f 3411// 3412// 3413//
f 3411// 3413// 3414//
f 3414// 3413// 3415//
f 3414// 3415// 3416//
f 3416// 3415// 3417//
f 3416// 3417// 3418//
f 3418// 3417// 3419//
f 3418// 3419// 3420//
f 3420// 3419// 3421//
f 3420// 3421// 3422//
f 3422// 3421// 3368//
f 3422// 3368// 3366//
f 3363// 399// 192//
f 3396// 3363// 3394//
f 3394// 3363// 3392//
f 3398// 3399// 3392//
f 3363// 192// 3392//
f 3392// 192// 191//
f 3392// 191// 3398//
f 3365// 3369// 3366//
f 3366// 3369// 3371//
f 3366// 3371// 3422//
f 3422// 3371// 3373//
f 3422// 3373// 3420//
f 3420// 3373// 3375//
f 3420// 3375// 3418//
f 3418// 3375// 3377//
f 3418// 3377// 3416//
f 3416// 3377// 3379//
f 3416// 3379// 3414//
f 3414// 3379// 3381//
f 3414// 3381// 3411//
f 3411// 3381// 3383//
f 3411// 3383// 3409//
f 3409// 3383// 3385//
f 3409// 3385// 3407//
f 3407// 3385// 3388//
f 3407// 3388// 3405//
f 3405// 3388// 3390//
f 3405// 3390// 3403//
f 3403// 3390// 3392//
f 3403// 3392// 3401//
f 3401// 3392// 3399//
f 204// 400// 3391//
f 3391// 400// 3364//
f 3391// 3364// 3393//
f 3393// 3364// 3395//
f 203// 204// 3397//
f 3397// 204// 3391//
f 3397// 3391// 3400//
f 3400// 3391// 3402//
f 3370// 3367// 3372//
f 3372// 3367// 3368//
f 3372// 3368// 3374//
f 3374// 3368// 3421//
f 3374// 3421// 3376//
f 3376// 3421// 3419//
f 3376// 3419// 3378//
f 3378// 3419// 3417//
f 3378// 3417// 3380//
f 3380// 3417// 3415//
f 3380// 3415// 3382//
f 3382// 3415// 3413//
f 3382// 3413// 3384//
f 3384// 3413// 3412//
f 3384// 3412// 3386//
f 3386// 3412// 3410//
f 3386// 3410// 3387//
f 3387// 3410// 3408//
f 3387// 3408// 3389//
f 3389// 3408// 3406//
f 3389// 3406// 3391//
f 3391// 3406// 3404//
f 3391// 3404// 3402//
f 3423// 3424// 397//
f 397// 3424// 398//
f 3425// 3426// 3427//
f 3427// 3426// 3428//
f 3429// 3425// 3430//
f 3430// 3425// 3427//
f 3431// 3429// 3432//
f 3432// 3429// 3430//
f 3431// 3432// 3433//
f 3433// 3432// 3434//
f 3433// 3434// 3435//
f 3435// 3434// 3436//
f 3435// 3436// 3437//
f 3437// 3436// 3438//
f 3437// 3438// 3439//
f 3439// 3438// 3440//
f 3439// 3440// 3441//
f 3441// 3440// 3442//
f 3441// 3442// 3443//
f 3443// 3442// 3444//
f 3445// 3443// 3446//
f 3446// 3443// 3444//
f 3445// 3446// 3447//
f 3445// 3447// 3448//
f 3448// 3447// 3449//
f 3448// 3449// 3450//
f 3450// 3449// 3451//
f 3450// 3451// 3452//
f 3452// 3451// 3453//
f 3452// 3453// 3454//
f 3454// 3453// 3455//
f 3454// 3455// 3456//
f 3456// 3455// 3424//
f 3456// 3424// 3423//
f 3457// 3458// 177//
f 177// 3458// 178//
f 3458// 3457// 3459//
f 3459// 3457// 3460//
f 3459// 3460// 3461//
f 3461// 3460// 3462//
f 3461// 3462// 3463//
f 3463// 3462// 3464//
f 3463// 3464// 3465//
f 3465// 3464// 3466//
f 3465// 3466// 3467//
f 3467// 3466// 3468//
f 3467// 3468// 3469//
f 3469// 3468// 3470//
f 3471// 3469// 3472//
f 3472// 3469// 3470//
f 3471// 3472// 3473//
f 3471// 3473// 3474//
f 3474// 3473// 3475//
f 3474// 3475// 3476//
f 3476// 3475// 3477//
f 3476// 3477// 3478//
f 3478// 3477// 3479//
f 3478// 3479// 3480//
f 3480// 3479// 3481//
f 3480// 3481// 3482//
f 3482// 3481// 3428//
f 3482// 3428// 3426//
f 3423// 397// 196//
f 3456// 3423// 3454//
f 3454// 3423// 3452//
f 3458// 3459// 3452//
f 3423// 196// 3452//
f 3452// 196// 178//
f 3452// 178// 3458//
f 3425// 3429// 3426//
f 3426// 3429// 3431//
f 3426// 3431// 3482//
f 3482// 3431// 3433//
f 3482// 3433// 3480//
f 3480// 3433// 3435//
f 3480// 3435// 3478//
f 3478// 3435// 3437//
f 3478// 3437// 3476//
f 3476// 3437// 3439//
f 3476// 3439// 3474//
f 3474// 3439// 3441//
f 3474// 3441// 3471//
f 3471// 3441// 3443//
f 3471// 3443// 3469//
f 3469// 3443// 3445//
f 3469// 3445// 3467//
f 3467// 3445// 3448//
f 3467// 3448// 3465//
f 3465// 3448// 3450//
f 3465// 3450// 3463//
f 3463// 3450// 3452//
f 3463// 3452// 3461//
f 3461// 3452// 3459//
f 193// 398// 3451//
f 3451// 398// 3424//
f 3451// 3424// 3453//
f 3453// 3424// 3455//
f 177// 193// 3457//
f 3457// 193// 3451//
f 3457// 3451// 3460//
f 3460// 3451// 3462//
f 3430// 3427// 3432//
f 3432// 3427// 3428//
f 3432// 3428// 3434//
f 3434// 3428// 3481//
f 3434// 3481// 3436//
f 3436// 3481// 3479//
f 3436// 3479// 3438//
f 3438// 3479// 3477//
f 3438// 3477// 3440//
f 3440// 3477// 3475//
f 3440// 3475// 3442//
f 3442// 3475// 3473//
f 3442// 3473// 3444//
f 3444// 3473// 3472//
f 3444// 3472// 3446//
f 3446// 3472// 3470//
f 3446// 3470// 3447//
f 3447// 3470// 3468//
f 3447// 3468// 3449//
f 3449// 3468// 3466//
f 3449// 3466// 3451//
f 3451// 3466// 3464//
f 3451// 3464// 3462//
f 3483// 3484// 395//
f 395// 3484// 396//
f 3485// 3486// 3487//
f 3487// 3486// 3488//
f 3489// 3485// 3490//
f 3490// 3485// 3487//
f 3491// 3489// 3492//
f 3492// 3489// 3490//
f 3491// 3492// 3493//
f 3493// 3492// 3494//
f 3493// 3494// 3495//
f 3495// 3494// 3496//
f 3495// 3496// 3497//
f 3497// 3496// 3498//
f 3497// 3498// 3499//
f 3499// 3498// 3500//
f 3499// 3500// 3501//
f 3501// 3500// 3502//
f 3501// 3502// 3503//
f 3503// 3502// 3504//
f 3505// 3503// 3506//
f 3506// 3503// 3504//
f 3505// 3506// 3507//
f 3505// 3507// 3508//
f 3508// 3507// 3509//
f 3508// 3509// 3510//
f 3510// 3509// 3511//
f 3510// 3511// 3512//
f 3512// 3511// 3513//
f 3512// 3513// 3514//
f 3514// 3513// 3515//
f 3514// 3515// 3516//
f 3516// 3515// 3484//
f 3516// 3484// 3483//
f 3517// 3518// 194//
f 194// 3518// 174//
f 3518// 3517// 3519//
f 3519// 3517// 3520//
f 3519// 3520// 3521//
f 3521// 3520// 3522//
f 3521// 3522// 3523//
f 3523// 3522// 3524//
f 3523// 3524// 3525//
f 3525// 3524// 3526//
f 3525// 3526// 3527//
f 3527// 3526// 3528//
f 3527// 3528// 3529//
f 3529// 3528// 3530//
f 3531// 3529// 3532//
f 3532// 3529// 3530//
f 3531// 3532// 3533//
f 3531// 3533// 3534//
f 3534// 3533// 3535//
f 3534// 3535// 3536//
f 3536// 3535// 3537//
f 3536// 3537// 3538//
f 3538// 3537// 3539//
f 3538// 3539// 3540//
f 3540// 3539// 3541//
f 3540// 3541// 3542//
f 3542// 3541// 3488//
f 3542// 3488// 3486//
f 3483// 395// 175//
f 3516// 3483// 3514//
f 3514// 3483// 3512//
f 3518// 3519// 3512//
f 3483// 175// 3512//
f 3512// 175// 174//
f 3512// 174// 3518//
f 3485// 3489// 3486//
f 3486// 3489// 3491//
f 3486// 3491// 3542//
f 3542// 3491// 3493//
f 3542// 3493// 3540//
f 3540// 3493// 3495//
f 3540// 3495// 3538//
f 3538// 3495// 3497//
f 3538// 3497// 3536//
f 3536// 3497// 3499//
f 3536// 3499// 3534//
f 3534// 3499// 3501//
f 3534// 3501// 3531//
f 3531// 3501// 3503//
f 3531// 3503// 3529//
f 3529// 3503// 3505//
f 3529// 3505// 3527//
f 3527// 3505// 3508//
f 3527// 3508// 3525//
f 3525// 3508// 3510//
f 3525// 3510// 3523//
f 3523// 3510// 3512//
f 3523// 3512// 3521//
f 3521// 3512// 3519//
f 195// 396// 3511//
f 3511// 396// 3484//
f 3511// 3484// 3513//
f 3513// 3484// 3515//
f 194// 195// 3517//
f 3517// 195// 3511//
f 3517// 3511// 3520//
f 3520// 3511// 3522//
f 3490// 3487// 3492//
f 3492// 3487// 3488//
f 3492// 3488// 3494//
f 3494// 3488// 3541//
f 3494// 3541// 3496//
f 3496// 3541// 3539//
f 3496// 3539// 3498//
f 3498// 3539// 3537//
f 3498// 3537// 3500//
f 3500// 3537// 3535//
f 3500// 3535// 3502//
f 3502// 3535// 3533//
f 3502// 3533// 3504//
f 3504// 3533// 3532//
f 3504// 3532// 3506//
f 3506// 3532// 3530//
f 3506// 3530// 3507//
f 3507// 3530// 3528//
f 3507// 3528// 3509//
f 3509// 3528// 3526//
f 3509// 3526// 3511//
f 3511// 3526// 3524//
f 3511// 3524// 3522//
f 3543// 3544// 393//
f 393// 3544// 394//
f 3545// 3546// 3547//
f 3547// 3546// 3548//
f 3549// 3545// 3550//
f 3550// 3545// 3547//
f 3551// 3549// 3552//
f 3552// 3549// 3550//
f 3551// 3552// 3553//
f 3553// 3552// 3554//
f 3553// 3554// 3555//
f 3555// 3554// 3556//
f 3555// 3556// 3557//
f 3557// 3556// 3558//
f 3557// 3558// 3559//
f 3559// 3558// 3560//
f 3559// 3560// 3561//
f 3561// 3560// 3562//
f 3561// 3562// 3563//
f 3563// 3562// 3564//
f 3565// 3563// 3566//
f 3566// 3563// 3564//
f 3565// 3566// 3567//
f 3565// 3567// 3568//
f 3568// 3567// 3569//
f 3568// 3569// 3570//
f 3570// 3569// 3571//
f 3570// 3571// 3572//
f 3572// 3571// 3573//
f 3572// 3573// 3574//
f 3574// 3573// 3575//
f 3574// 3575// 3576//
f 3576// 3575// 3544//
f 3576// 3544// 3543//
f 3577// 3578// 169//
f 169// 3578// 170//
f 3578// 3577// 3579//
f 3579// 3577// 3580//
f 3579// 3580// 3581//
f 3581// 3580// 3582//
f 3581// 3582// 3583//
f 3583// 3582// 3584//
f 3583// 3584// 3585//
f 3585// 3584// 3586//
f 3585// 3586// 3587//
f 3587// 3586// 3588//
f 3587// 3588// 3589//
f 3589// 3588// 3590//
f 3591// 3589// 3592//
f 3592// 3589// 3590//
f 3591// 3592// 3593//
f 3591// 3593// 3594//
f 3594// 3593// 3595//
f 3594// 3595// 3596//
f 3596// 3595// 3597//
f 3596// 3597// 3598//
f 3598// 3597// 3599//
f 3598// 3599// 3600//
f 3600// 3599// 3601//
f 3600// 3601// 3602//
f 3602// 3601// 3548//
f 3602// 3548// 3546//
f 3543// 393// 182//
f 3576// 3543// 3574//
f 3574// 3543// 3572//
f 3578// 3579// 3572//
f 3543// 182// 3572//
f 3572// 182// 170//
f 3572// 170// 3578//
f 3545// 3549// 3546//
f 3546// 3549// 3551//
f 3546// 3551// 3602//
f 3602// 3551// 3553//
f 3602// 3553// 3600//
f 3600// 3553// 3555//
f 3600// 3555// 3598//
f 3598// 3555// 3557//
f 3598// 3557// 3596//
f 3596// 3557// 3559//
f 3596// 3559// 3594//
f 3594// 3559// 3561//
f 3594// 3561// 3591//
f 3591// 3561// 3563//
f 3591// 3563// 3589//
f 3589// 3563// 3565//
f 3589// 3565// 3587//
f 3587// 3565// 3568//
f 3587// 3568// 3585//
f 3585// 3568// 3570//
f 3585// 3570// 3583//
f 3583// 3570// 3572//
f 3583// 3572// 3581//
f 3581// 3572// 3579//
f 176// 394// 3571//
f 3571// 394// 3544//
f 3571// 3544// 3573//
f 3573// 3544// 3575//
f 169// 176// 3577//
f 3577// 176// 3571//
f 3577// 3571// 3580//
f 3580// 3571// 3582//
f 3550// 3547// 3552//
f 3552// 3547// 3548//
f 3552// 3548// 3554//
f 3554// 3548// 3601//
f 3554// 3601// 3556//
f 3556// 3601// 3599//
f 3556// 3599// 3558//
f 3558// 3599// 3597//
f 3558// 3597// 3560//
f 3560// 3597// 3595//
f 3560// 3595// 3562//
f 3562// 3595// 3593//
f 3562// 3593// 3564//
f 3564// 3593// 3592//
f 3564// 3592// 3566//
f 3566// 3592// 3590//
f 3566// 3590// 3567//
f 3567// 3590// 3588//
f 3567// 3588// 3569//
f 3569// 3588// 3586//
f 3569// 3586// 3571//
f 3571// 3586// 3584//
f 3571// 3584// 3582//
f 3603// 3604// 391//
f 391// 3604// 392//
f 3605// 3606// 3607//
f 3607// 3606// 3608//
f 3609// 3605// 3610//
f 3610// 3605// 3607//
f 3611// 3609// 3612//
f 3612// 3609// 3610//
f 3611// 3612// 3613//
f 3613// 3612// 3614//
f 3613// 3614// 3615//
f 3615// 3614// 3616//
f 3615// 3616// 3617//
f 3617// 3616// 3618//
f 3617// 3618// 3619//
f 3619// 3618// 3620//
f 3619// 3620// 3621//
f 3621// 3620// 3622//
f 3621// 3622// 3623//
f 3623// 3622// 3624//
f 3625// 3623// 3626//
f 3626// 3623// 3624//
f 3625// 3626// 3627//
f 3625// 3627// 3628//
f 3628// 3627// 3629//
f 3628// 3629// 3630//
f 3630// 3629// 3631//
f 3630// 3631// 3632//
f 3632// 3631// 3633//
f 3632// 3633// 3634//
f 3634// 3633// 3635//
f 3634// 3635// 3636//
f 3636// 3635// 3604//
f 3636// 3604// 3603//
f 3637// 3638// 180//
f 180// 3638// 179//
f 3638// 3637// 3639//
f 3639// 3637// 3640//
f 3639// 3640// 3641//
f 3641// 3640// 3642//
f 3641// 3642// 3643//
f 3643// 3642// 3644//
f 3643// 3644// 3645//
f 3645// 3644// 3646//
f 3645// 3646// 3647//
f 3647// 3646// 3648//
f 3647// 3648// 3649//
f 3649// 3648// 3650//
f 3651// 3649// 3652//
f 3652// 3649// 3650//
f 3651// 3652// 3653//
f 3651// 3653// 3654//
f 3654// 3653// 3655//
f 3654// 3655// 3656//
f 3656// 3655// 3657//
f 3656// 3657// 3658//
f 3658// 3657// 3659//
f 3658// 3659// 3660//
f 3660// 3659// 3661//
f 3660// 3661// 3662//
f 3662// 3661// 3608//
f 3662// 3608// 3606//
f 3603// 391// 188//
f 3636// 3603// 3634//
f 3634// 3603// 3632//
f 3638// 3639// 3632//
f 3603// 188// 3632//
f 3632// 188// 179//
f 3632// 179// 3638//
f 3605// 3609// 3606//
f 3606// 3609// 3611//
f 3606// 3611// 3662//
f 3662// 3611// 3613//
f 3662// 3613// 3660//
f 3660// 3613// 3615//
f 3660// 3615// 3658//
f 3658// 3615// 3617//
f 3658// 3617// 3656//
f 3656// 3617// 3619//
f 3656// 3619// 3654//
f 3654// 3619// 3621//
f 3654// 3621// 3651//
f 3651// 3621// 3623//
f 3651// 3623// 3649//
f 3649// 3623// 3625//
f 3649// 3625// 3647//
f 3647// 3625// 3628//
f 3647// 3628// 3645//
f 3645// 3628// 3630//
f 3645// 3630// 3643//
f 3643// 3630// 3632//
f 3643// 3632// 3641//
f 3641// 3632// 3639//
f 181// 392// 3631//
f 3631// 392// 3604//
f 3631// 3604// 3633//
f 3633// 3604// 3635//
f 180// 181// 3637//
f 3637// 181// 3631//
f 3637// 3631// 3640//
f 3640// 3631// 3642//
f 3610// 3607// 3612//
f 3612// 3607// 3608//
f 3612// 3608// 3614//
f 3614// 3608// 3661//
f 3614// 3661// 3616//
f 3616// 3661// 3659//
f 3616// 3659// 3618//
f 3618// 3659// 3657//
f 3618// 3657// 3620//
f 3620// 3657// 3655//
f 3620// 3655// 3622//
f 3622// 3655// 3653//
f 3622// 3653// 3624//
f 3624// 3653// 3652//
f 3624// 3652// 3626//
f 3626// 3652// 3650//
f 3626// 3650// 3627//
f 3627// 3650// 3648//
f 3627// 3648// 3629//
f 3629// 3648// 3646//
f 3629// 3646// 3631//
f 3631// 3646// 3644//
f 3631// 3644// 3642//
f 3663// 3664// 389//
f 389// 3664// 390//
f 3665// 3666// 3667//
f 3667// 3666// 3668//
f 3669// 3665// 3670//
f 3670// 3665// 3667//
f 3671// 3669// 3672//
f 3672// 3669// 3670//
f 3671// 3672// 3673//
f 3673// 3672// 3674//
f 3673// 3674// 3675//
f 3675// 3674// 3676//
f 3675// 3676// 3677//
f 3677// 3676// 3678//
f 3677// 3678// 3679//
f 3679// 3678// 3680//
f 3679// 3680// 3681//
f 3681// 3680// 3682//
f 3681// 3682// 3683//
f 3683// 3682// 3684//
f 3685// 3683// 3686//
f 3686// 3683// 3684//
f 3685// 3686// 3687//
f 3685// 3687// 3688//
f 3688// 3687// 3689//
f 3688// 3689// 3690//
f 3690// 3689// 3691//
f 3690// 3691// 3692//
f 3692// 3691// 3693//
f 3692// 3693// 3694//
f 3694// 3693// 3695//
f 3694// 3695// 3696//
f 3696// 3695// 3664//
f 3696// 3664// 3663//
f 3697// 3698// 186//
f 186// 3698// 185//
f 3698// 3697// 3699//
f 3699// 3697// 3700//
f 3699// 3700// 3701//
f 3701// 3700// 3702//
f 3701// 3702// 3703//
f 3703// 3702// 3704//
f 3703// 3704// 3705//
f 3705// 3704// 3706//
f 3705// 3706// 3707//
f 3707// 3706// 3708//
f 3707// 3708// 3709//
f 3709// 3708// 3710//
f 3711// 3709// 3712//
f 3712// 3709// 3710//
f 3711// 3712// 3713//
f 3711// 3713// 3714//
f 3714// 3713// 3715//
f 3714// 3715// 3716//
f 3716// 3715// 3717//
f 3716// 3717// 3718//
f 3718// 3717// 3719//
f 3718// 3719// 3720//
f 3720// 3719// 3721//
f 3720// 3721// 3722//
f 3722// 3721// 3668//
f 3722// 3668// 3666//
f 3663// 389// 183//
f 3696// 3663// 3694//
f 3694// 3663// 3692//
f 3698// 3699// 3692//
f 3663// 183// 3692//
f 3692// 183// 185//
f 3692// 185// 3698//
f 3665// 3669// 3666//
f 3666// 3669// 3671//
f 3666// 3671// 3722//
f 3722// 3671// 3673//
f 3722// 3673// 3720//
f 3720// 3673// 3675//
f 3720// 3675// 3718//
f 3718// 3675// 3677//
f 3718// 3677// 3716//
f 3716// 3677// 3679//
f 3716// 3679// 3714//
f 3714// 3679// 3681//
f 3714// 3681// 3711//
f 3711// 3681// 3683//
f 3711// 3683// 3709//
f 3709// 3683// 3685//
f 3709// 3685// 3707//
f 3707// 3685// 3688//
f 3707// 3688// 3705//
f 3705// 3688// 3690//
f 3705// 3690// 3703//
f 3703// 3690// 3692//
f 3703// 3692// 3701//
f 3701// 3692// 3699//
f 187// 390// 3691//
f 3691// 390// 3664//
f 3691// 3664// 3693//
f 3693// 3664// 3695//
f 186// 187// 3697//
f 3697// 187// 3691//
f 3697// 3691// 3700//
f 3700// 3691// 3702//
f 3670// 3667// 3672//
f 3672// 3667// 3668//
f 3672// 3668// 3674//
f 3674// 3668// 3721//
f 3674// 3721// 3676//
f 3676// 3721// 3719//
f 3676// 3719// 3678//
f 3678// 3719// 3717//
f 3678// 3717// 3680//
f 3680// 3717// 3715//
f 3680// 3715// 3682//
f 3682// 3715// 3713//
f 3682// 3713// 3684//
f 3684// 3713// 3712//
f 3684// 3712// 3686//
f 3686// 3712// 3710//
f 3686// 3710// 3687//
f 3687// 3710// 3708//
f 3687// 3708// 3689//
f 3689// 3708// 3706//
f 3689// 3706// 3691//
f 3691// 3706// 3704//
f 3691// 3704// 3702//
f 3723// 3724// 401//
f 401// 3724// 402//
f 3725// 3726// 3727//
f 3727// 3726// 3728//
f 3729// 3725// 3730//
f 3730// 3725// 3727//
f 3731// 3729// 3732//
f 3732// 3729// 3730//
f 3731// 3732// 3733//
f 3733// 3732// 3734//
f 3733// 3734// 3735//
f 3735// 3734// 3736//
f 3735// 3736// 3737//
f 3737// 3736// 3738//
f 3737// 3738// 3739//
f 3739// 3738// 3740//
f 3739// 3740// 3741//
f 3741// 3740// 3742//
f 3741// 3742// 3743//
f 3743// 3742// 3744//
f 3745// 3743// 3746//
f 3746// 3743// 3744//
f 3745// 3746// 3747//
f 3745// 3747// 3748//
f 3748// 3747// 3749//
f 3748// 3749// 3750//
f 3750// 3749// 3751//
f 3750// 3751// 3752//
f 3752// 3751// 3753//
f 3752// 3753// 3754//
f 3754// 3753// 3755//
f 3754// 3755// 3756//
f 3756// 3755// 3724//
f 3756// 3724// 3723//
f 3757// 3758// 189//
f 189// 3758// 190//
f 3758// 3757// 3759//
f 3759// 3757// 3760//
f 3759// 3760// 3761//
f 3761// 3760// 3762//
f 3761// 3762// 3763//
f 3763// 3762// 3764//
f 3763// 3764// 3765//
f 3765// 3764// 3766//
f 3765// 3766// 3767//
f 3767// 3766// 3768//
f 3767// 3768// 3769//
f 3769// 3768// 3770//
f 3771// 3769// 3772//
f 3772// 3769// 3770//
f 3771// 3772// 3773//
f 3771// 3773// 3774//
f 3774// 3773// 3775//
f 3774// 3775// 3776//
f 3776// 3775// 3777//
f 3776// 3777// 3778//
f 3778// 3777// 3779//
f 3778// 3779// 3780//
f 3780// 3779// 3781//
f 3780// 3781// 3782//
f 3782// 3781// 3728//
f 3782// 3728// 3726//
f 3723// 401// 205//
f 3756// 3723// 3754//
f 3754// 3723// 3752//
f 3758// 3759// 3752//
f 3723// 205// 3752//
f 3752// 205// 190//
f 3752// 190// 3758//
f 3725// 3729// 3726//
f 3726// 3729// 3731//
f 3726// 3731// 3782//
f 3782// 3731// 3733//
f 3782// 3733// 3780//
f 3780// 3733// 3735//
f 3780// 3735// 3778//
f 3778// 3735// 3737//
f 3778// 3737// 3776//
f 3776// 3737// 3739//
f 3776// 3739// 3774//
f 3774// 3739// 3741//
f 3774// 3741// 3771//
f 3771// 3741// 3743//
f 3771// 3743// 3769//
f 3769// 3743// 3745//
f 3769// 3745// 3767//
f 3767// 3745// 3748//
f 3767// 3748// 3765//
f 3765// 3748// 3750//
f 3765// 3750// 3763//
f 3763// 3750// 3752//
f 3763// 3752// 3761//
f 3761// 3752// 3759//
f 199// 402// 3751//
f 3751// 402// 3724//
f 3751// 3724// 3753//
f 3753// 3724// 3755//
f 189// 199// 3757//
f 3757// 199// 3751//
f 3757// 3751// 3760//
f 3760// 3751// 3762//
f 3730// 3727// 3732//
f 3732// 3727// 3728//
f 3732// 3728// 3734//
f 3734// 3728// 3781//
f 3734// 3781// 3736//
f 3736// 3781// 3779//
f 3736// 3779// 3738//
f 3738// 3779// 3777//
f 3738// 3777// 3740//
f 3740// 3777// 3775//
f 3740// 3775// 3742//
f 3742// 3775// 3773//
f 3742// 3773// 3744//
f 3744// 3773// 3772//
f 3744// 3772// 3746//
f 3746// 3772// 3770//
f 3746// 3770// 3747//
f 3747// 3770// 3768//
f 3747// 3768// 3749//
f 3749// 3768// 3766//
f 3749// 3766// 3751//
f 3751// 3766// 3764//
f 3751// 3764// 3762//
f 3783// 3784// 403//
f 403// 3784// 379//
f 3785// 3786// 3787//
f 3787// 3786// 3788//
f 3789// 3785// 3790//
f 3790// 3785// 3787//
f 3791// 3789// 3792//
f 3792// 3789// 3790//
f 3791// 3792// 3793//
f 3793// 3792// 3794//
f 3793// 3794// 3795//
f 3795// 3794// 3796//
f 3795// 3796// 3797//
f 3797// 3796// 3798//
f 3797// 3798// 3799//
f 3799// 3798// 3800//
f 3799// 3800// 3801//
f 3801// 3800// 3802//
f 3801// 3802// 3803//
f 3803// 3802// 3804//
f 3805// 3803// 3806//
f 3806// 3803// 3804//
f 3805// 3806// 3807//
f 3805// 3807// 3808//
f 3808// 3807// 3809//
f 3808// 3809// 3810//
f 3810// 3809// 3811//
f 3810// 3811// 3812//
f 3812// 3811// 3813//
f 3812// 3813// 3814//
f 3814// 3813// 3815//
f 3814// 3815// 3816//
f 3816// 3815// 3784//
f 3816// 3784// 3783//
f 3817// 3818// 200//
f 200// 3818// 197//
f 3818// 3817// 3819//
f 3819// 3817// 3820//
f 3819// 3820// 3821//
f 3821// 3820// 3822//
f 3821// 3822// 3823//
f 3823// 3822// 3824//
f 3823// 3824// 3825//
f 3825// 3824// 3826//
f 3825// 3826// 3827//
f 3827// 3826// 3828//
f 3827// 3828// 3829//
f 3829// 3828// 3830//
f 3831// 3829// 3832//
f 3832// 3829// 3830//
f 3831// 3832// 3833//
f 3831// 3833// 3834//
f 3834// 3833// 3835//
f 3834// 3835// 3836//
f 3836// 3835// 3837//
f 3836// 3837// 3838//
f 3838// 3837// 3839//
f 3838// 3839// 3840//
f 3840// 3839// 3841//
f 3840// 3841// 3842//
f 3842// 3841// 3788//
f 3842// 3788// 3786//
f 3783// 403// 198//
f 3816// 3783// 3814//
f 3814// 3783// 3812//
f 3818// 3819// 3812//
f 3783// 198// 3812//
f 3812// 198// 197//
f 3812// 197// 3818//
f 3785// 3789// 3786//
f 3786// 3789// 3791//
f 3786// 3791// 3842//
f 3842// 3791// 3793//
f 3842// 3793// 3840//
f 3840// 3793// 3795//
f 3840// 3795// 3838//
f 3838// 3795// 3797//
f 3838// 3797// 3836//
f 3836// 3797// 3799//
f 3836// 3799// 3834//
f 3834// 3799// 3801//
f 3834// 3801// 3831//
f 3831// 3801// 3803//
f 3831// 3803// 3829//
f 3829// 3803// 3805//
f 3829// 3805// 3827//
f 3827// 3805// 3808//
f 3827// 3808// 3825//
f 3825// 3808// 3810//
f 3825// 3810// 3823//
f 3823// 3810// 3812//
f 3823// 3812// 3821//
f 3821// 3812// 3819//
f 201// 379// 3811//
f 3811// 379// 3784//
f 3811// 3784// 3813//
f 3813// 3784// 3815//
f 200// 201// 3817//
f 3817// 201// 3811//
f 3817// 3811// 3820//
f 3820// 3811// 3822//
f 3790// 3787// 3792//
f 3792// 3787// 3788//
f 3792// 3788// 3794//
f 3794// 3788// 3841//
f 3794// 3841// 3796//
f 3796// 3841// 3839//
f 3796// 3839// 3798//
f 3798// 3839// 3837//
f 3798// 3837// 3800//
f 3800// 3837// 3835//
f 3800// 3835// 3802//
f 3802// 3835// 3833//
f 3802// 3833// 3804//
f 3804// 3833// 3832//
f 3804// 3832// 3806//
f 3806// 3832// 3830//
f 3806// 3830// 3807//
f 3807// 3830// 3828//
f 3807// 3828// 3809//
f 3809// 3828// 3826//
f 3809// 3826// 3811//
f 3811// 3826// 3824//
f 3811// 3824// 3822//
f 3843// 3844// 384//
f 384// 3844// 385//
f 3845// 3846// 3847//
f 3847// 3846// 3848//
f 3849// 3845// 3850//
f 3850// 3845// 3847//
f 3851// 3849// 3852//
f 3852// 3849// 3850//
f 3851// 3852// 3853//
f 3853// 3852// 3854//
f 3853// 3854// 3855//
f 3855// 3854// 3856//
f 3855// 3856// 3857//
f 3857// 3856// 3858//
f 3857// 3858// 3859//
f 3859// 3858// 3860//
f 3859// 3860// 3861//
f 3861// 3860// 3862//
f 3861// 3862// 3863//
f 3863// 3862// 3864//
f 3865// 3863// 3866//
f 3866// 3863// 3864//
f 3865// 3866// 3867//
f 3865// 3867// 3868//
f 3868// 3867// 3869//
f 3868// 3869// 3870//
f 3870// 3869// 3871//
f 3870// 3871// 3872//
f 3872// 3871// 3873//
f 3872// 3873// 3874//
f 3874// 3873// 3875//
f 3874// 3875// 3876//
f 3876// 3875// 3844//
f 3876// 3844// 3843//
f 3877// 3878// 154//
f 154// 3878// 155//
f 3878// 3877// 3879//
f 3879// 3877// 3880//
f 3879// 3880// 3881//
f 3881// 3880// 3882//
f 3881// 3882// 3883//
f 3883// 3882// 3884//
f 3883// 3884// 3885//
f 3885// 3884// 3886//
f 3885// 3886// 3887//
f 3887// 3886// 3888//
f 3887// 3888// 3889//
f 3889// 3888// 3890//
f 3891// 3889// 3892//
f 3892// 3889// 3890//
f 3891// 3892// 3893//
f 3891// 3893// 3894//
f 3894// 3893// 3895//
f 3894// 3895// 3896//
f 3896// 3895// 3897//
f 3896// 3897// 3898//
f 3898// 3897// 3899//
f 3898// 3899// 3900//
f 3900// 3899// 3901//
f 3900// 3901// 3902//
f 3902// 3901// 3848//
f 3902// 3848// 3846//
f 3843// 384// 202//
f 3876// 3843// 3874//
f 3874// 3843// 3872//
f 3878// 3879// 3872//
f 3843// 202// 3872//
f 3872// 202// 155//
f 3872// 155// 3878//
f 3845// 3849// 3846//
f 3846// 3849// 3851//
f 3846// 3851// 3902//
f 3902// 3851// 3853//
f 3902// 3853// 3900//
f 3900// 3853// 3855//
f 3900// 3855// 3898//
f 3898// 3855// 3857//
f 3898// 3857// 3896//
f 3896// 3857// 3859//
f 3896// 3859// 3894//
f 3894// 3859// 3861//
f 3894// 3861// 3891//
f 3891// 3861// 3863//
f 3891// 3863// 3889//
f 3889// 3863// 3865//
f 3889// 3865// 3887//
f 3887// 3865// 3868//
f 3887// 3868// 3885//
f 3885// 3868// 3870//
f 3885// 3870// 3883//
f 3883// 3870// 3872//
f 3883// 3872// 3881//
f 3881// 3872// 3879//
f 168// 385// 3871//
f 3871// 385// 3844//
f 3871// 3844// 3873//
f 3873// 3844// 3875//
f 154// 168// 3877//
f 3877// 168// 3871//
f 3877// 3871// 3880//
f 3880// 3871// 3882//
f 3850// 3847// 3852//
f 3852// 3847// 3848//
f 3852// 3848// 3854//
f 3854// 3848// 3901//
f 3854// 3901// 3856//
f 3856// 3901// 3899//
f 3856// 3899// 3858//
f 3858// 3899// 3897//
f 3858// 3897// 3860//
f 3860// 3897// 3895//
f 3860// 3895// 3862//
f 3862// 3895// 3893//
f 3862// 3893// 3864//
f 3864// 3893// 3892//
f 3864// 3892// 3866//
f 3866// 3892// 3890//
f 3866// 3890// 3867//
f 3867// 3890// 3888//
f 3867// 3888// 3869//
f 3869// 3888// 3886//
f 3869// 3886// 3871//
f 3871// 3886// 3884//
f 3871// 3884// 3882//
f 3903// 3904// 386//
f 386// 3904// 387//
f 3905// 3906// 3907//
f 3907// 3906// 3908//
f 3909// 3905// 3910//
f 3910// 3905// 3907//
f 3911// 3909// 3912//
f 3912// 3909// 3910//
f 3911// 3912// 3913//
f 3913// 3912// 3914//
f 3913// 3914// 3915//
f 3915// 3914// 3916//
f 3915// 3916// 3917//
f 3917// 3916// 3918//
f 3917// 3918// 3919//
f 3919// 3918// 3920//
f 3919// 3920// 3921//
f 3921// 3920// 3922//
f 3921// 3922// 3923//
f 3923// 3922// 3924//
f 3925// 3923// 3926//
f 3926// 3923// 3924//
f 3925// 3926// 3927//
f 3925// 3927// 3928//
f 3928// 3927// 3929//
f 3928// 3929// 3930//
f 3930// 3929// 3931//
f 3930// 3931// 3932//
f 3932// 3931// 3933//
f 3932// 3933// 3934//
f 3934// 3933// 3935//
f 3934// 3935// 3936//
f 3936// 3935// 3904//
f 3936// 3904// 3903//
f 3937// 3938// 171//
f 171// 3938// 166//
f 3938// 3937// 3939//
f 3939// 3937// 3940//
f 3939// 3940// 3941//
f 3941// 3940// 3942//
f 3941// 3942// 3943//
f 3943// 3942// 3944//
f 3943// 3944// 3945//
f 3945// 3944// 3946//
f 3945// 3946// 3947//
f 3947// 3946// 3948//
f 3947// 3948// 3949//
f 3949// 3948// 3950//
f 3951// 3949// 3952//
f 3952// 3949// 3950//
f 3951// 3952// 3953//
f 3951// 3953// 3954//
f 3954// 3953// 3955//
f 3954// 3955// 3956//
f 3956// 3955// 3957//
f 3956// 3957// 3958//
f 3958// 3957// 3959//
f 3958// 3959// 3960//
f 3960// 3959// 3961//
f 3960// 3961// 3962//
f 3962// 3961// 3908//
f 3962// 3908// 3906//
f 3903// 386// 167//
f 3936// 3903// 3934//
f 3934// 3903// 3932//
f 3938// 3939// 3932//
f 3903// 167// 3932//
f 3932// 167// 166//
f 3932// 166// 3938//
f 3905// 3909// 3906//
f 3906// 3909// 3911//
f 3906// 3911// 3962//
f 3962// 3911// 3913//
f 3962// 3913// 3960//
f 3960// 3913// 3915//
f 3960// 3915// 3958//
f 3958// 3915// 3917//
f 3958// 3917// 3956//
f 3956// 3917// 3919//
f 3956// 3919// 3954//
f 3954// 3919// 3921//
f 3954// 3921// 3951//
f 3951// 3921// 3923//
f 3951// 3923// 3949//
f 3949// 3923// 3925//
f 3949// 3925// 3947//
f 3947// 3925// 3928//
f 3947// 3928// 3945//
f 3945// 3928// 3930//
f 3945// 3930// 3943//
f 3943// 3930// 3932//
f 3943// 3932// 3941//
f 3941// 3932// 3939//
f 172// 387// 3931//
f 3931// 387// 3904//
f 3931// 3904// 3933//
f 3933// 3904// 3935//
f 171// 172// 3937//
f 3937// 172// 3931//
f 3937// 3931// 3940//
f 3940// 3931// 3942//
f 3910// 3907// 3912//
f 3912// 3907// 3908//
f 3912// 3908// 3914//
f 3914// 3908// 3961//
f 3914// 3961// 3916//
f 3916// 3961// 3959//
f 3916// 3959// 3918//
f 3918// 3959// 3957//
f 3918// 3957// 3920//
f 3920// 3957// 3955//
f 3920// 3955// 3922//
f 3922// 3955// 3953//
f 3922// 3953// 3924//
f 3924// 3953// 3952//
f 3924// 3952// 3926//
f 3926// 3952// 3950//
f 3926// 3950// 3927//
f 3927// 3950// 3948//
f 3927// 3948// 3929//
f 3929// 3948// 3946//
f 3929// 3946// 3931//
f 3931// 3946// 3944//
f 3931// 3944// 3942//
f 3963// 3964// 388//
f 388// 3964// 378//
f 3965// 3966// 3967//
f 3967// 3966// 3968//
f 3969// 3965// 3970//
f 3970// 3965// 3967//
f 3971// 3969// 3972//
f 3972// 3969// 3970//
f 3971// 3972// 3973//
f 3973// 3972// 3974//
f 3973// 3974// 3975//
f 3975// 3974// 3976//
f 3975// 3976// 3977//
f 3977// 3976// 3978//
f 3977// 3978// 3979//
f 3979// 3978// 3980//
f 3979// 3980// 3981//
f 3981// 3980// 3982//
f 3981// 3982// 3983//
f 3983// 3982// 3984//
f 3985// 3983// 3986//
f 3986// 3983// 3984//
f 3985// 3986// 3987//
f 3985// 3987// 3988//
f 3988// 3987// 3989//
f 3988// 3989// 3990//
f 3990// 3989// 3991//
f 3990// 3991// 3992//
f 3992// 3991// 3993//
f 3992// 3993// 3994//
f 3994// 3993// 3995//
f 3994// 3995// 3996//
f 3996// 3995// 3964//
f 3996// 3964// 3963//
f 3997// 3998// 163//
f 163// 3998// 165//
f 3998// 3997// 3999//
f 3999// 3997// 4000//
f 3999// 4000// 4001//
f 4001// 4000// 4002//
f 4001// 4002// 4003//
f 4003// 4002// 4004//
f 4003// 4004// 4005//
f 4005// 4004// 4006//
f 4005// 4006// 4007//
f 4007// 4006// 4008//
f 4007// 4008// 4009//
f 4009// 4008// 4010//
f 4011// 4009// 4012//
f 4012// 4009// 4010//
f 4011// 4012// 4013//
f 4011// 4013// 4014//
f 4014// 4013// 4015//
f 4014// 4015// 4016//
f 4016// 4015// 4017//
f 4016// 4017// 4018//
f 4018// 4017// 4019//
f 4018// 4019// 4020//
f 4020// 4019// 4021//
f 4020// 4021// 4022//
f 4022// 4021// 3968//
f 4022// 3968// 3966//
f 3963// 388// 173//
f 3996// 3963// 3994//
f 3994// 3963// 3992//
f 3998// 3999// 3992//
f 3963// 173// 3992//
f 3992// 173// 165//
f 3992// 165// 3998//
f 3965// 3969// 3966//
f 3966// 3969// 3971//
f 3966// 3971// 4022//
f 4022// 3971// 3973//
f 4022// 3973// 4020//
f 4020// 3973// 3975//
f 4020// 3975// 4018//
f 4018// 3975// 3977//
f 4018// 3977// 4016//
f 4016// 3977// 3979//
f 4016// 3979// 4014//
f 4014// 3979// 3981//
f 4014// 3981// 4011//
f 4011// 3981// 3983//
f 4011// 3983// 4009//
f 4009// 3983// 3985//
f 4009// 3985// 4007//
f 4007// 3985// 3988//
f 4007// 3988// 4005//
f 4005// 3988// 3990//
f 4005// 3990// 4003//
f 4003// 3990// 3992//
f 4003// 3992// 4001//
f 4001// 3992// 3999//
f 161// 378// 3991//
f 3991// 378// 3964//
f 3991// 3964// 3993//
f 3993// 3964// 3995//
f 163// 161// 3997//
f 3997// 161// 3991//
f 3997// 3991// 4000//
f 4000// 3991// 4002//
f 3970// 3967// 3972//
f 3972// 3967// 3968//
f 3972// 3968// 3974//
f 3974// 3968// 4021//
f 3974// 4021// 3976//
f 3976// 4021// 4019//
f 3976// 4019// 3978//
f 3978// 4019// 4017//
f 3978// 4017// 3980//
f 3980// 4017// 4015//
f 3980// 4015// 3982//
f 3982// 4015// 4013//
f 3982// 4013// 3984//
f 3984// 4013// 4012//
f 3984// 4012// 3986//
f 3986// 4012// 4010//
f 3986// 4010// 3987//
f 3987// 4010// 4008//
f 3987// 4008// 3989//
f 3989// 4008// 4006//
f 3989// 4006// 3991//
f 3991// 4006// 4004//
f 3991// 4004// 4002//
f 4023// 4024// 382//
f 382// 4024// 380//
f 4025// 4026// 4027//
f 4027// 4026// 4028//
f 4029// 4025// 4030//
f 4030// 4025// 4027//
f 4031// 4029// 4032//
f 4032// 4029// 4030//
f 4031// 4032// 4033//
f 4033// 4032// 4034//
f 4033// 4034// 4035//
f 4035// 4034// 4036//
f 4035// 4036// 4037//
f 4037// 4036// 4038//
f 4037// 4038// 4039//
f 4039// 4038// 4040//
f 4039// 4040// 4041//
f 4041// 4040// 4042//
f 4041// 4042// 4043//
f 4043// 4042// 4044//
f 4045// 4043// 4046//
f 4046// 4043// 4044//
f 4045// 4046// 4047//
f 4045// 4047// 4048//
f 4048// 4047// 4049//
f 4048// 4049// 4050//
f 4050// 4049// 4051//
f 4050// 4051// 4052//
f 4052// 4051// 4053//
f 4052// 4053// 4054//
f 4054// 4053// 4055//
f 4054// 4055// 4056//
f 4056// 4055// 4024//
f 4056// 4024// 4023//
f 4057// 4058// 164//
f 164// 4058// 162//
f 4058// 4057// 4059//
f 4059// 4057// 4060//
f 4059// 4060// 4061//
f 4061// 4060// 4062//
f 4061// 4062// 4063//
f 4063// 4062// 4064//
f 4063// 4064// 4065//
f 4065// 4064// 4066//
f 4065// 4066// 4067//
f 4067// 4066// 4068//
f 4067// 4068// 4069//
f 4069// 4068// 4070//
f 4071// 4069// 4072//
f 4072// 4069// 4070//
f 4071// 4072// 4073//
f 4071// 4073// 4074//
f 4074// 4073// 4075//
f 4074// 4075// 4076//
f 4076// 4075// 4077//
f 4076// 4077// 4078//
f 4078// 4077// 4079//
f 4078// 4079// 4080//
f 4080// 4079// 4081//
f 4080// 4081// 4082//
f 4082// 4081// 4028//
f 4082// 4028// 4026//
f 4023// 382// 160//
f 4056// 4023// 4054//
f 4054// 4023// 4052//
f 4058// 4059// 4052//
f 4023// 160// 4052//
f 4052// 160// 162//
f 4052// 162// 4058//
f 4025// 4029// 4026//
f 4026// 4029// 4031//
f 4026// 4031// 4082//
f 4082// 4031// 4033//
f 4082// 4033// 4080//
f 4080// 4033// 4035//
f 4080// 4035// 4078//
f 4078// 4035// 4037//
f 4078// 4037// 4076//
f 4076// 4037// 4039//
f 4076// 4039// 4074//
f 4074// 4039// 4041//
f 4074// 4041// 4071//
f 4071// 4041// 4043//
f 4071// 4043// 4069//
f 4069// 4043// 4045//
f 4069// 4045// 4067//
f 4067// 4045// 4048//
f 4067// 4048// 4065//
f 4065// 4048// 4050//
f 4065// 4050// 4063//
f 4063// 4050// 4052//
f 4063// 4052// 4061//
f 4061// 4052// 4059//
f 159// 380// 4051//
f 4051// 380// 4024//
f 4051// 4024// 4053//
f 4053// 4024// 4055//
f 164// 159// 4057//
f 4057// 159// 4051//
f 4057// 4051// 4060//
f 4060// 4051// 4062//
f 4030// 4027// 4032//
f 4032// 4027// 4028//
f 4032// 4028// 4034//
f 4034// 4028// 4081//
f 4034// 4081// 4036//
f 4036// 4081// 4079//
f 4036// 4079// 4038//
f 4038// 4079// 4077//
f 4038// 4077// 4040//
f 4040// 4077// 4075//
f 4040// 4075// 4042//
f 4042// 4075// 4073//
f 4042// 4073// 4044//
f 4044// 4073// 4072//
f 4044// 4072// 4046//
f 4046// 4072// 4070//
f 4046// 4070// 4047//
f 4047// 4070// 4068//
f 4047// 4068// 4049//
f 4049// 4068// 4066//
f 4049// 4066// 4051//
f 4051// 4066// 4064//
f 4051// 4064// 4062//
f 4083// 4084// 74//
f 74// 4084// 75//
f 73// 77// 4085//
f 4085// 77// 79//
f 79// 81// 4085//
f 4085// 81// 83//
f 4085// 83// 4086//
f 4086// 83// 84//
f 4086// 84// 85//
f 56// 55// 4087//
f 4087// 55// 4088//
f 62// 86// 4089//
f 4089// 86// 88//
f 4089// 88// 4090//
f 4090// 88// 89//
f 89// 90// 4090//
f 4090// 90// 64//
f 4090// 64// 63//
f 4091// 4092// 4088//
f 4088// 4092// 4089//
f 4088// 4089// 4087//
f 4086// 4093// 4094//
f 4090// 4095// 4096//
f 4097// 4098// 4083//
f 4083// 4098// 4085//
f 4083// 4085// 4086//
f 4094// 4087// 4086//
f 4086// 4087// 4089//
f 4086// 4089// 4083//
f 4083// 4089// 4090//
f 4083// 4090// 4084//
f 4084// 4090// 4096//
usemtl 2
f 4099// 4100// 100//
f 100// 4100// 98//
f 4100// 4101// 98//
f 98// 4101// 96//
f 4101// 4102// 96//
f 96// 4102// 106//
f 4102// 4103// 106//
f 106// 4103// 107//
f 4103// 4104// 107//
f 107// 4104// 108//
f 4104// 4105// 108//
f 108// 4105// 109//
f 4105// 4106// 109//
f 109// 4106// 110//
f 4106// 4099// 110//
f 110// 4099// 100//
f 4107// 4103// 4108//
f 4108// 4103// 4102//
f 4109// 4106// 4107//
f 4107// 4106// 4105//
f 4107// 4105// 4103//
f 4103// 4105// 4104//
f 4109// 4110// 4106//
f 4106// 4110// 4111//
f 4106// 4111// 4099//
f 4099// 4111// 4112//
f 4099// 4112// 4113//
f 4113// 4114// 4099//
f 4099// 4114// 4108//
f 4099// 4108// 4100//
f 4100// 4108// 4102//
f 4100// 4102// 4101//
f 4107// 4108// 4115//
f 4115// 4108// 4116//
f 4109// 4107// 4117//
f 4117// 4107// 4115//
f 4109// 4117// 4118//
f 4109// 4118// 4110//
f 4110// 4118// 4119//
f 4110// 4119// 4111//
f 4112// 4111// 4120//
f 4120// 4111// 4119//
f 4112// 4120// 4121//
f 4112// 4121// 4113//
f 4113// 4121// 4122//
f 4113// 4122// 4114//
f 4108// 4114// 4116//
f 4116// 4114// 4122//
f 4123// 4124// 125//
f 125// 4124// 127//
f 4124// 4125// 127//
f 127// 4125// 128//
f 4125// 4126// 128//
f 128// 4126// 117//
f 4127// 130// 129//
f 4127// 129// 4128//
f 4128// 129// 123//
f 4128// 123// 4129//
f 4129// 123// 122//
f 4129// 122// 4130//
f 4130// 122// 121//
f 4130// 121// 4131//
f 4131// 121// 120//
f 4131// 120// 4132//
f 4132// 120// 119//
f 4132// 119// 4133//
f 4133// 119// 118//
f 4133// 118// 4134//
f 4134// 118// 117//
f 4134// 117// 4126//
f 4123// 125// 124//
f 4123// 124// 4135//
f 4135// 124// 114//
f 4135// 114// 4136//
f 4136// 114// 113//
f 4136// 113// 4137//
f 4137// 113// 112//
f 4137// 112// 4138//
f 4138// 112// 111//
f 4138// 111// 4139//
f 4139// 111// 131//
f 4139// 131// 4140//
f 4140// 131// 130//
f 4140// 130// 4127//
f 4129// 4130// 4141//
f 4141// 4130// 4131//
f 4141// 4131// 4142//
f 4142// 4131// 4132//
f 4142// 4132// 4143//
f 4143// 4132// 4133//
f 4143// 4133// 4144//
f 4144// 4133// 4134//
f 4144// 4134// 4145//
f 4145// 4134// 4126//
f 4145// 4126// 4146//
f 4146// 4126// 4125//
f 4146// 4125// 4147//
f 4147// 4125// 4124//
f 4147// 4124// 4148//
f 4148// 4124// 4123//
f 4148// 4123// 4149//
f 4149// 4123// 4135//
f 4149// 4135// 4150//
f 4150// 4135// 4136//
f 4150// 4136// 4151//
f 4151// 4136// 4137//
f 4151// 4137// 4152//
f 4152// 4137// 4138//
f 4152// 4138// 4153//
f 4153// 4138// 4139//
f 4153// 4139// 4154//
f 4154// 4139// 4140//
f 4154// 4140// 4155//
f 4155// 4140// 4127//
f 4155// 4127// 4156//
f 4156// 4127// 4128//
f 4156// 4128// 4157//
f 4157// 4128// 4129//
f 4157// 4129// 4141//
f 4145// 4146// 4158//
f 4158// 4146// 4159//
f 4145// 4158// 4160//
f 4145// 4160// 4144//
f 4144// 4160// 4161//
f 4144// 4161// 4143//
f 4143// 4161// 4162//
f 4143// 4162// 4142//
f 4142// 4162// 4163//
f 4142// 4163// 4141//
f 4141// 4163// 4164//
f 4141// 4164// 4157//
f 4157// 4164// 4165//
f 4157// 4165// 4156//
f 4156// 4165// 4166//
f 4156// 4166// 4155//
f 4155// 4166// 4167//
f 4155// 4167// 4154//
f 4154// 4167// 4168//
f 4154// 4168// 4153//
f 4153// 4168// 4169//
f 4153// 4169// 4152//
f 4152// 4169// 4170//
f 4152// 4170// 4151//
f 4151// 4170// 4171//
f 4151// 4171// 4150//
f 4150// 4171// 4172//
f 4150// 4172// 4149//
f 4149// 4172// 4173//
f 4149// 4173// 4148//
f 4147// 4148// 4174//
f 4174// 4148// 4173//
f 4146// 4147// 4159//
f 4159// 4147// 4174//
f 4175// 4176// 136//
f 136// 4176// 137//
f 4176// 4177// 137//
f 137// 4177// 132//
f 4177// 4178// 132//
f 132// 4178// 133//
f 4178// 4179// 133//
f 133// 4179// 134//
f 4179// 4180// 134//
f 134// 4180// 135//
f 4180// 4181// 135//
f 135// 4181// 143//
f 4181// 4182// 143//
f 143// 4182// 142//
f 4182// 4183// 142//
f 142// 4183// 141//
f 4183// 4184// 141//
f 141// 4184// 140//
f 4184// 4185// 140//
f 140// 4185// 138//
f 4185// 4186// 138//
f 138// 4186// 139//
f 4186// 4175// 139//
f 139// 4175// 136//
f 4177// 4176// 4175//
f 4175// 4186// 4177//
f 4177// 4186// 4185//
f 4177// 4185// 4178//
f 4180// 4179// 4181//
f 4181// 4179// 4178//
f 4181// 4178// 4182//
f 4182// 4178// 4185//
f 4182// 4185// 4183//
f 4183// 4185// 4184//
f 4187// 4188// 1//
f 1// 4188// 2//
f 2// 4188// 4189//
f 4190// 47// 45//
f 4190// 45// 4191//
f 4191// 45// 5//
f 4191// 5// 4189//
f 4189// 5// 4//
f 4189// 4// 2//
f 47// 4190// 49//
f 49// 4190// 4192//
f 49// 4192// 50//
f 50// 4192// 4193//
f 50// 4193// 33//
f 33// 4193// 4194//
f 33// 4194// 30//
f 30// 4194// 4195//
f 30// 4195// 31//
f 31// 4195// 4196//
f 31// 4196// 43//
f 43// 4196// 4197//
f 43// 4197// 44//
f 44// 4197// 4198//
f 44// 4198// 37//
f 4199// 4200// 42//
f 42// 4200// 95//
f 42// 41// 4199//
f 4199// 41// 40//
f 4199// 40// 4201//
f 4201// 40// 36//
f 4201// 36// 4202//
f 4202// 36// 35//
f 4202// 35// 4203//
f 4203// 35// 39//
f 4203// 39// 4204//
f 4204// 39// 38//
f 4204// 38// 4205//
f 4205// 38// 37//
f 4205// 37// 4198//
f 95// 4200// 7//
f 7// 4200// 4206//
f 7// 4206// 9//
f 9// 4206// 4207//
f 9// 4207// 10//
f 4207// 4208// 10//
f 10// 4208// 11//
f 4209// 14// 12//
f 4209// 12// 4210//
f 4210// 12// 11//
f 4210// 11// 4208//
f 4211// 19// 29//
f 4211// 29// 4212//
f 4212// 29// 28//
f 4212// 28// 4213//
f 4213// 28// 18//
f 4213// 18// 4214//
f 4214// 18// 17//
f 4214// 17// 4215//
f 4215// 17// 16//
f 4215// 16// 4216//
f 4216// 16// 15//
f 4216// 15// 4217//
f 4217// 15// 14//
f 4217// 14// 4209//
f 4218// 23// 22//
f 4218// 22// 4219//
f 4219// 22// 24//
f 4219// 24// 4220//
f 4220// 24// 25//
f 4220// 25// 4221//
f 4221// 25// 26//
f 4221// 26// 4222//
f 4222// 26// 21//
f 4222// 21// 4223//
f 4223// 21// 20//
f 4223// 20// 4224//
f 4224// 20// 19//
f 4224// 19// 4211//
f 4187// 1// 13//
f 4187// 13// 4225//
f 4225// 13// 27//
f 4225// 27// 4226//
f 4226// 27// 23//
f 4226// 23// 4218//
f 4219// 4190// 4218//
f 4218// 4190// 4191//
f 4218// 4191// 4226//
f 4226// 4191// 4189//
f 4226// 4189// 4225//
f 4225// 4189// 4188//
f 4225// 4188// 4187//
f 4208// 4207// 4210//
f 4210// 4207// 4206//
f 4210// 4206// 4209//
f 4209// 4206// 4200//
f 4209// 4200// 4217//
f 4217// 4200// 4199//
f 4217// 4199// 4216//
f 4216// 4199// 4201//
f 4216// 4201// 4215//
f 4215// 4201// 4202//
f 4215// 4202// 4214//
f 4214// 4202// 4203//
f 4214// 4203// 4213//
f 4213// 4203// 4204//
f 4213// 4204// 4212//
f 4212// 4204// 4205//
f 4212// 4205// 4211//
f 4211// 4205// 4198//
f 4211// 4198// 4224//
f 4224// 4198// 4197//
f 4224// 4197// 4223//
f 4223// 4197// 4196//
f 4223// 4196// 4222//
f 4222// 4196// 4195//
f 4222// 4195// 4221//
f 4221// 4195// 4194//
f 4221// 4194// 4220//
f 4220// 4194// 4193//
f 4220// 4193// 4219//
f 4219// 4193// 4192//
f 4219// 4192// 4190//
f 4227// 4228// 144//
f 144// 4228// 145//
f 4228// 4229// 145//
f 145// 4229// 149//
f 4229// 4230// 149//
f 149// 4230// 148//
f 4230// 4231// 148//
f 148// 4231// 147//
f 4231// 4232// 147//
f 147// 4232// 146//
f 4232// 4227// 146//
f 146// 4227// 144//
f 4231// 4230// 4232//
f 4232// 4230// 4229//
f 4232// 4229// 4227//
f 4227// 4229// 4228//
usemtl 1
f 4115// 4116// 4117//
f 4117// 4116// 4122//
f 4117// 4122// 4118//
f 4118// 4122// 4121//
f 4118// 4121// 4119//
f 4119// 4121// 4120//
f 4159// 4174// 4158//
f 4158// 4174// 4173//
f 4158// 4173// 4172//
f 4166// 4165// 4158//
f 4158// 4165// 4164//
f 4158// 4164// 4160//
f 4172// 4171// 4158//
f 4158// 4171// 4170//
f 4158// 4170// 4169//
f 4169// 4168// 4158//
f 4158// 4168// 4167//
f 4158// 4167// 4166//
f 4163// 4162// 4164//
f 4164// 4162// 4161//
f 4164// 4161// 4160//
usemtl 4
f 4084// 4096// 75//
f 75// 4096// 76//
f 4096// 4095// 76//
f 76// 4095// 65//
f 4095// 4090// 65//
f 65// 4090// 63//
f 4089// 4092// 62//
f 62// 4092// 60//
f 4092// 4091// 60//
f 60// 4091// 54//
f 4091// 4088// 54//
f 54// 4088// 55//
f 4087// 4094// 56//
f 56// 4094// 51//
f 4094// 4093// 51//
f 51// 4093// 58//
f 4093// 4086// 58//
f 58// 4086// 85//
f 4085// 4098// 73//
f 73// 4098// 72//
f 4098// 4097// 72//
f 72// 4097// 71//
f 4097// 4083// 71//
f 71// 4083// 74//
