v -0.424477 4.0 0.41396
v -0.434042 4.0 0.436122
v -0.422405 4.0 0.466352
newmtl 1
Ka 0.4392156862745098 0.4392156862745098 0.4392156862745098
Kd 0.4392156862745098 0.4392156862745098 0.4392156862745098
Ks 0.2196078431372549 0.2196078431372549 0.2196078431372549
d 0.0
endmtl
v -0.258541 4.0 0.708278
v -0.237754 4.0 0.706439
v -0.272469 4.0 0.706439
v -0.162201 4.0 0.746137
v -0.158723 4.0 0.755305
v -0.158723 4.0 0.706439
v -0.21588 4.0 0.880074
v -0.218525 4.0 0.880374
v -0.158723 4.0 0.880374
v -0.272469 4.0 0.87812
v -0.272469 4.0 0.880374
v -0.264865 4.0 0.880374
v -1.53012 4.0 1.03563
v -1.340516 4.0 1.050396
v -1.340516 4.0 0.906944
v -0.07772 4.0 0.881138
v -0.077714 4.0 0.880374
v -0.148498 4.0 0.880374
v -0.677404 4.0 0.876885
v -0.740943 4.0 0.706439
v -0.795402 4.0 0.706439
v 0.106417 4.0 0.686427
v 0.095068 4.0 0.657494
v 0.01701 4.0 0.657494
v 0.57952 4.0 0.604738
v 0.430289 4.0 0.604738
v 0.423817 4.0 0.60806
v 0.551475 4.0 0.903013
v 0.540916 4.0 0.906944
v 1.727206 4.0 0.906944
v 0.01701 4.0 0.880374
v 0.291319 4.0 0.880374
v 0.270898 4.0 0.866252
v 0.230777 4.0 0.819101
v 0.205859 4.0 0.769639
v 0.199926 4.0 0.767598
v 0.322114 4.0 0.901671
v 0.01701 4.0 0.906944
v 0.336188 4.0 0.906944
v 1.68931 4.0 1.023291
v 1.727206 4.0 1.020281
v 0.873033 4.0 1.096054
v 1.168391 4.0 1.067108
v 0.162508 4.0 1.139268
v 0.445651 4.0 1.13015
v 0.382752 4.0 0.924389
v 0.435967 4.0 0.930712
v 0.489307 4.0 1.126667
v 0.495133 4.0 0.923988
v 0.577519 4.0 1.11963
v 0.822831 4.0 1.100059
v 1.243335 4.0 1.059763
v 1.299813 4.0 1.054228
v 1.530498 4.0 1.035905
v 1.727206 4.0 0.880374
v 0.586979 4.0 0.880374
v 0.582349 4.0 0.884283
v 0.712249 4.0 0.828161
v 0.664253 4.0 0.833746
v 0.611123 4.0 0.859993
v 0.650263 4.0 0.832886
v 0.636278 4.0 0.831113
v 0.804627 4.0 0.77632
v 0.796359 4.0 0.784036
v 0.757456 4.0 0.810975
v 1.727206 4.0 0.706439
v 1.727206 4.0 0.657494
v 0.860927 4.0 0.657494
v 0.853893 4.0 0.695328
v 0.848873 4.0 0.706439
v 0.834162 4.0 0.739006
v 1.727206 4.0 0.604738
v 0.85933 4.0 0.60806
v 1.727206 4.0 0.60806
v 0.862812 4.0 0.637983
v 0.862386 4.0 0.649645
v 0.330143 4.0 0.511637
v 0.321769 4.0 0.514876
v 0.306978 4.0 0.58414
v 0.774886 4.0 0.472308
v 0.812638 4.0 0.504963
v 1.727206 4.0 0.16
v 0.337665 4.0 0.506386
v 0.840138 4.0 0.544822
v 0.857258 4.0 0.590253
v 0.858943 4.0 0.604738
v 0.312329 4.0 0.51602
v 0.311145 4.0 0.515926
v 0.3075 4.0 0.515091
v 0.01701 4.0 0.60806
v 0.087129 4.0 0.604738
v 0.01701 4.0 0.604738
v 0.09239 4.0 0.565977
v 0.01701 4.0 0.16
v 0.107947 4.0 0.527553
v 0.132354 4.0 0.494053
v 0.703647 4.0 0.419619
v 0.685696 4.0 0.39716
v 0.662009 4.0 0.379056
v 0.486205 4.0 0.440376
v 0.500815 4.0 0.413367
v 0.715688 4.0 0.445854
v 0.731053 4.0 0.450571
v 0.187144 4.0 0.544457
v 0.173613 4.0 0.563341
v 0.165065 4.0 0.58497
v 0.31883 4.0 0.604738
v 0.165657 4.0 0.466262
v 0.202919 4.0 0.448351
v 0.243493 4.0 0.440071
v 0.350325 4.0 0.478559
v 0.349982 4.0 0.48336
v 0.478002 4.0 0.495287
v 0.347472 4.0 0.492606
v 0.342733 4.0 0.500876
v 0.519569 4.0 0.392647
v 0.543925 4.0 0.375943
v 0.571141 4.0 0.365702
v 0.315298 4.0 0.44058
v 0.322147 4.0 0.441734
v 0.330175 4.0 0.44496
v 0.338028 4.0 0.450628
v 0.340837 4.0 0.453527
v 0.346087 4.0 0.46121
v 0.349235 4.0 0.469486
v 0.478848 4.0 0.470363
v 0.478089 4.0 0.483117
v 0.600656 4.0 0.362275
v 0.605303 4.0 0.362394
v 0.634008 4.0 0.367068
v 0.305036 4.0 0.514751
v 0.250269 4.0 0.514363
v 0.228327 4.0 0.518413
v 0.20679 4.0 0.528226
v 0.188702 4.0 0.542807
v 0.162482 4.0 0.604738
v 0.162048 4.0 0.60806
v 0.320742 4.0 0.60806
v 0.161968 4.0 0.60867
v 0.781079 4.0 0.60806
v 0.784786 4.0 0.621015
v 0.344248 4.0 0.648911
v 0.786121 4.0 0.639873
v 0.783822 4.0 0.657494
v 0.162498 4.0 0.619431
v 0.168071 4.0 0.642841
v 0.175854 4.0 0.657494
v 0.554824 4.0 0.598427
v 0.529092 4.0 0.584408
v 0.507936 4.0 0.564874
v 0.654993 4.0 0.593417
v 0.62804 4.0 0.603518
v 0.780128 4.0 0.604738
v 0.617539 4.0 0.604738
v 0.598921 4.0 0.606901
v 0.584152 4.0 0.605922
v 0.776248 4.0 0.591177
v 0.700275 4.0 0.553429
v 0.679996 4.0 0.576298
v 0.761977 4.0 0.566507
v 0.740321 4.0 0.543929
v 0.713893 4.0 0.527388
v 0.265961 4.0 0.704342
v 0.77165 4.0 0.696405
v 0.782276 4.0 0.669338
v 0.256224 4.0 0.704273
v 0.179259 4.0 0.663906
v 0.19311 4.0 0.679585
v 0.211888 4.0 0.692907
v 0.233069 4.0 0.701246
v 0.291727 4.0 0.777722
v 0.318965 4.0 0.810695
v 0.59918 4.0 0.742001
v 0.321924 4.0 0.813429
v 0.355947 4.0 0.837407
v 0.580305 4.0 0.780382
v 0.764557 4.0 0.706439
v 0.607717 4.0 0.746754
v 0.266407 4.0 0.706439
v 0.273203 4.0 0.738387
v 0.634932 4.0 0.756949
v 0.663554 4.0 0.760715
v 0.676316 4.0 0.760136
v 0.552773 4.0 0.812796
v 0.394006 4.0 0.852308
v 0.520002 4.0 0.836386
v 0.435268 4.0 0.857681
v 0.480133 4.0 0.852222
v 0.706405 4.0 0.753206
v 0.733619 4.0 0.73898
v 0.754603 4.0 0.720522
v 0.091796 4.0 0.649153
v 0.086503 4.0 0.609352
v 0.086678 4.0 0.60806
v 0.163833 4.0 0.749373
v 0.131017 4.0 0.721223
v 0.01701 4.0 0.706439
v 0.120565 4.0 0.706439
v -0.74771 4.0 0.594386
v -0.795402 4.0 0.604738
v -0.727105 4.0 0.602079
v -0.704497 4.0 0.604738
v -0.634843 4.0 0.16
v -0.795402 4.0 0.16
v -0.726926 4.0 0.437271
v -0.78511 4.0 0.487581
v -0.775948 4.0 0.470278
v -0.765543 4.0 0.582026
v -0.771626 4.0 0.575981
v -0.782094 4.0 0.560956
v -0.76466 4.0 0.457494
v -0.74653 4.0 0.444718
v -0.788284 4.0 0.544559
v -0.790929 4.0 0.521109
v -0.789968 4.0 0.507112
v -0.698024 4.0 0.433987
v -0.650942 4.0 0.434321
v -0.634843 4.0 0.604738
v -0.65215 4.0 0.604738
v -0.634843 4.0 0.60806
v -0.652156 4.0 0.605497
v -0.700988 4.0 0.605151
v -0.795402 4.0 0.60806
v -0.615918 4.0 0.604738
v -0.615786 4.0 0.586064
v -0.610401 4.0 0.511712
v -0.61054 4.0 0.531315
v -0.582965 4.0 0.53151
v -0.582965 4.0 0.16
v -0.618606 4.0 0.434551
v -0.618744 4.0 0.454066
v -0.582965 4.0 0.45432
v -0.582965 4.0 0.511906
v -0.549186 4.0 0.512146
v -0.548777 4.0 0.454562
v -0.582965 4.0 0.586296
v -0.549713 4.0 0.586532
v -0.549325 4.0 0.531749
v -0.615925 4.0 0.605754
v -0.582965 4.0 0.60806
v -0.422405 4.0 0.60806
v -0.527756 4.0 0.606379
v -0.582965 4.0 0.605988
v -0.422405 4.0 0.5245
v -0.442219 4.0 0.46617
v -0.448038 4.0 0.465954
v -0.444773 4.0 0.456087
v -0.445342 4.0 0.456083
v -0.446356 4.0 0.460266
v -0.422405 4.0 0.604738
v -0.482077 4.0 0.557781
v -0.527744 4.0 0.604738
v -0.504305 4.0 0.557623
v -0.526542 4.0 0.435203
v -0.447824 4.0 0.417296
v -0.437984 4.0 0.398461
v -0.430071 4.0 0.389094
v -0.428599 4.0 0.387765
v -0.422405 4.0 0.383501
v -0.292387 4.0 0.441153
v -0.292544 4.0 0.463293
v -0.272469 4.0 0.604738
v -0.272469 4.0 0.16
v -0.303245 4.0 0.16
v -0.303245 4.0 0.437159
v -0.293121 4.0 0.526127
v -0.294021 4.0 0.533788
v -0.293983 4.0 0.517796
v -0.296301 4.0 0.511232
v -0.303245 4.0 0.457204
v -0.303245 4.0 0.502582
v -0.300207 4.0 0.458416
v -0.302547 4.0 0.50305
v -0.299066 4.0 0.506743
v -0.306448 4.0 0.435982
v -0.368128 4.0 0.4898
v -0.372088 4.0 0.483866
v -0.369762 4.0 0.535123
v -0.374331 4.0 0.477528
v -0.375161 4.0 0.469534
v -0.307045 4.0 0.552108
v -0.313198 4.0 0.555747
v -0.303245 4.0 0.604738
v -0.296623 4.0 0.540672
v -0.300648 4.0 0.546439
v -0.303245 4.0 0.548741
v -0.324931 4.0 0.559916
v -0.340982 4.0 0.561582
v -0.381069 4.0 0.604738
v -0.354982 4.0 0.560333
v -0.36991 4.0 0.555951
v -0.37408 4.0 0.460926
v -0.381069 4.0 0.16
v -0.371399 4.0 0.45415
v -0.367362 4.0 0.448524
v -0.36119 4.0 0.443203
v -0.354618 4.0 0.439392
v -0.342809 4.0 0.435411
v -0.325503 4.0 0.433741
v -0.338758 4.0 0.544182
v -0.332408 4.0 0.543751
v -0.315231 4.0 0.527896
v -0.326661 4.0 0.542274
v -0.321836 4.0 0.539751
v -0.315407 4.0 0.525042
v -0.316234 4.0 0.521705
v -0.317758 4.0 0.518802
v -0.319833 4.0 0.516486
v -0.327358 4.0 0.511706
v -0.353452 4.0 0.542325
v -0.340586 4.0 0.505836
v -0.365582 4.0 0.537597
v -0.348864 4.0 0.502418
v -0.363048 4.0 0.494398
v -0.31858 4.0 0.536915
v -0.316723 4.0 0.534199
v -0.315644 4.0 0.531312
v -0.31358 4.0 0.453078
v -0.325336 4.0 0.490366
v -0.312598 4.0 0.496315
v -0.327728 4.0 0.451229
v -0.328675 4.0 0.451228
v -0.339373 4.0 0.48437
v -0.339674 4.0 0.452382
v -0.353136 4.0 0.46759
v -0.352945 4.0 0.470258
v -0.345221 4.0 0.454368
v -0.347185 4.0 0.45554
v -0.349661 4.0 0.457706
v -0.351552 4.0 0.460461
v -0.352663 4.0 0.463502
v -0.351995 4.0 0.473613
v -0.350358 4.0 0.476467
v -0.347706 4.0 0.479268
v -0.795402 4.0 0.880374
v -0.634843 4.0 0.880374
v -0.653775 4.0 0.877053
v -0.582965 4.0 0.706439
v -0.587403 4.0 0.706439
v -0.634843 4.0 0.828386
v -0.587364 4.0 0.706339
v -0.582965 4.0 0.657494
v -0.61178 4.0 0.706166
v -0.634843 4.0 0.657494
v -0.611878 4.0 0.706439
v -0.634843 4.0 0.706439
v -0.634843 4.0 0.752825
v -0.628565 4.0 0.752869
v -0.699844 4.0 0.752364
v -0.716599 4.0 0.706439
v -0.716971 4.0 0.70542
v -0.741387 4.0 0.705247
v -0.795402 4.0 0.657494
v -0.403488 4.0 0.878828
v -0.422405 4.0 0.880374
v -0.381069 4.0 0.880374
v -0.381069 4.0 0.804509
v -0.398102 4.0 0.804389
v -0.403348 4.0 0.859137
v -0.397963 4.0 0.784786
v -0.422405 4.0 0.706439
v -0.381069 4.0 0.784905
v -0.336748 4.0 0.78522
v -0.381069 4.0 0.727319
v -0.33634 4.0 0.727636
v -0.381069 4.0 0.859295
v -0.337275 4.0 0.859606
v -0.336887 4.0 0.804823
v -0.314104 4.0 0.708277
v -0.303245 4.0 0.706439
v -0.381069 4.0 0.706439
v -0.303245 4.0 0.880374
v -0.315318 4.0 0.879453
v -0.381069 4.0 0.878987
v -0.406306 4.0 0.72714
v -0.406168 4.0 0.707624
v -0.381069 4.0 0.707802
v -0.076644 4.0 0.729478
v -0.144817 4.0 0.728994
v -0.148498 4.0 0.706439
v -0.144678 4.0 0.709479
v -0.054408 4.0 0.710119
v -0.148498 4.0 0.906944
v -0.055623 4.0 0.881295
v -0.055616 4.0 0.880374
v 0.01701 4.0 1.143954
v -0.148498 4.0 1.142269
v -0.158723 4.0 0.906944
v -0.158723 4.0 1.142165
v -0.162307 4.0 1.141975
v -0.272469 4.0 0.906944
v -0.272469 4.0 1.136138
v -0.303245 4.0 0.906944
v -0.303245 4.0 1.134508
v -0.381069 4.0 0.906944
v -0.381069 4.0 1.130384
v -0.422405 4.0 0.906944
v -0.422405 4.0 1.128194
v -0.489775 4.0 1.124625
v -0.582965 4.0 0.906944
v -0.582965 4.0 1.119687
v -0.594033 4.0 1.119101
v -0.634843 4.0 0.906944
v -0.634843 4.0 1.116939
v -0.795402 4.0 0.906944
v -0.795402 4.0 1.101798
v -1.226259 4.0 1.06117
v -1.170267 4.0 1.06645
v -0.824922 4.0 1.099015
v -1.689741 4.0 1.023198
v -1.727206 4.0 0.906944
v -1.727206 4.0 1.020281
v -0.281027 4.0 0.875583
v -0.280864 4.0 0.85248
v -0.272469 4.0 0.856047
v -0.235768 4.0 0.725636
v -0.246324 4.0 0.726088
v -0.192542 4.0 0.842882
v -0.184211 4.0 0.83102
v -0.17561 4.0 0.786511
v -0.178245 4.0 0.769385
v -0.265312 4.0 0.730032
v -0.272469 4.0 0.733314
v -0.278965 4.0 0.853522
v -0.280043 4.0 0.736787
v -0.240592 4.0 0.862917
v -0.233593 4.0 0.862671
v -0.193813 4.0 0.844258
v -0.218731 4.0 0.859838
v -0.205262 4.0 0.853626
v -0.178399 4.0 0.816234
v -0.175464 4.0 0.792928
v -0.183694 4.0 0.755557
v -0.19192 4.0 0.743976
v -0.196053 4.0 0.739906
v -0.261648 4.0 0.860252
v -0.207396 4.0 0.732107
v -0.219772 4.0 0.727525
v -0.262917 4.0 0.880952
v -0.197923 4.0 0.873283
v -0.166604 4.0 0.844688
v -0.177458 4.0 0.858114
v -0.18128 4.0 0.861735
v -0.157681 4.0 0.826191
v -0.158723 4.0 0.828351
v -0.15539 4.0 0.764091
v -0.152263 4.0 0.791779
v -0.152986 4.0 0.804592
v -0.201867 4.0 0.711081
v -0.186004 4.0 0.719194
v -0.220044 4.0 0.706767
v -0.17379 4.0 0.729752
v -0.172282 4.0 0.731426
v -0.232434 4.0 0.705969
v -0.272469 4.0 0.657494
v -0.225136 4.0 0.706439
v -0.158723 4.0 0.657494
v -0.279893 4.0 0.715609
v -0.276962 4.0 0.714175
v -0.272469 4.0 0.712736
v -0.144685 4.0 0.457428
v -0.144546 4.0 0.437913
v -0.148498 4.0 0.16
v -0.148498 4.0 0.604738
v -0.141726 4.0 0.589426
v -0.141835 4.0 0.604738
v -0.052483 4.0 0.438566
v -0.075126 4.0 0.515508
v -0.074718 4.0 0.457924
v -0.136342 4.0 0.515074
v -0.136481 4.0 0.534677
v -0.075265 4.0 0.535111
v -0.075654 4.0 0.589894
v -0.141866 4.0 0.609116
v -0.141859 4.0 0.60806
v -0.148498 4.0 0.60806
v -0.148498 4.0 0.657494
v -0.053697 4.0 0.609742
v -0.053685 4.0 0.60806
v -0.053661 4.0 0.604738
v -0.38695 4.0 0.558456
v -0.410929 4.0 0.558286
v -0.582965 4.0 0.434803
v -0.422405 4.0 0.16
v -0.421074 4.0 0.382584
v -0.390242 4.0 0.399413
v -0.394618 4.0 0.397944
v -0.41259 4.0 0.379421
v -0.403921 4.0 0.378487
v -0.390106 4.0 0.380335
v -0.399189 4.0 0.37869
v -0.412259 4.0 0.399149
v -0.4162 4.0 0.401845
v -0.407552 4.0 0.397419
v -0.402389 4.0 0.396876
v -0.420225 4.0 0.40629
v -0.422405 4.0 0.410223
v -1.727206 4.0 0.604738
v -1.340516 4.0 0.604738
v -1.727206 4.0 0.16
v -1.340516 4.0 0.16
v -0.824218 4.0 0.433092
v -0.799802 4.0 0.433265
v -0.866213 4.0 0.603979
v -0.889842 4.0 0.603811
v -0.953825 4.0 0.432173
v -0.929409 4.0 0.432346
v -0.912282 4.0 0.47929
v -0.841003 4.0 0.479795
v -1.340516 4.0 0.60806
v -1.727206 4.0 0.60806
v -1.340516 4.0 0.657494
v -1.340516 4.0 0.706439
v -1.727206 4.0 0.657494
v -1.727206 4.0 0.706439
v -1.340516 4.0 0.880374
v -1.727206 4.0 0.880374
v -0.514489 4.0 0.710344
v -0.485586 4.0 0.707061
v -0.48855 4.0 0.878225
v -0.582965 4.0 0.880374
v -0.514667 4.0 0.875153
v -0.535273 4.0 0.86746
v -0.438504 4.0 0.707395
v -0.439718 4.0 0.878571
v -0.569656 4.0 0.834029
v -0.575846 4.0 0.817633
v -0.578491 4.0 0.794182
v -0.57753 4.0 0.780186
v -0.572672 4.0 0.760655
v -0.56351 4.0 0.743352
v -0.553106 4.0 0.8551
v -0.559188 4.0 0.849055
v -0.552223 4.0 0.730568
v -0.534092 4.0 0.717792
v -0.303245 4.0 0.657494
v -0.381069 4.0 0.657494
v -0.422405 4.0 0.657494
v -0.169707 4.0 0.489688
v -0.173997 4.0 0.495826
v -0.177672 4.0 0.530534
v -0.241861 4.0 0.437223
v -0.158723 4.0 0.16
v -0.263302 4.0 0.43707
v -0.232439 4.0 0.561276
v -0.241573 4.0 0.558526
v -0.24873 4.0 0.554467
v -0.254461 4.0 0.549031
v -0.258844 4.0 0.54217
v -0.262187 4.0 0.532572
v -0.26386 4.0 0.515745
v -0.180548 4.0 0.501496
v -0.189613 4.0 0.506126
v -0.191322 4.0 0.539168
v -0.206146 4.0 0.510115
v -0.225116 4.0 0.544227
v -0.217858 4.0 0.545039
v -0.204748 4.0 0.543734
v -0.17782 4.0 0.551362
v -0.182378 4.0 0.553954
v -0.158723 4.0 0.604738
v -0.198386 4.0 0.559993
v -0.219995 4.0 0.56244
v -0.173237 4.0 0.446879
v -0.175618 4.0 0.444431
v -0.182802 4.0 0.439342
v -0.168829 4.0 0.453499
v -0.166287 4.0 0.460771
v -0.1653 4.0 0.470497
v -0.166754 4.0 0.482118
v -0.241995 4.0 0.456125
v -0.241426 4.0 0.456129
v -0.214909 4.0 0.435756
v -0.203816 4.0 0.434604
v -0.191001 4.0 0.436185
v -0.242412 4.0 0.514934
v -0.241734 4.0 0.52442
v -0.239571 4.0 0.53207
v -0.237083 4.0 0.536503
v -0.237995 4.0 0.450996
v -0.231165 4.0 0.443774
v -0.223619 4.0 0.438841
v -0.233866 4.0 0.539975
v -0.230077 4.0 0.542455
v -0.158723 4.0 0.60806
v -0.272469 4.0 0.60806
v -0.303245 4.0 0.60806
v -0.381069 4.0 0.60806
v -0.240515 4.0 0.882872
v -3.819833 2.378839 1.01
v -4.0 2.061553 1.01
v -3.860947 1.989887 1.022312
newmtl 2
Ka 0.2235294117647059 0.2235294117647059 0.2235294117647059
Kd 0.2235294117647059 0.2235294117647059 0.2235294117647059
Ks 0.11372549019607843 0.11372549019607843 0.11372549019607843
d 0.0
endmtl
v -3.614552 2.680487 1.01
v -3.687043 2.296144 1.022312
v 3.819833 2.378839 1.01
v 3.614552 2.680487 1.01
v 3.488899 2.587304 1.022312
v 4.0 2.061553 1.01
v 3.687043 2.296144 1.022312
v -3.003453 3.2 1.016213
v -3.106706 3.2 1.012213
v -3.025253 3.116795 1.022312
v -2.880324 2.386698 1.359297
v -2.964723 2.198585 1.422215
v -2.854442 2.413093 1.362704
v -2.776857 2.431547 1.422215
v -2.82856 2.447824 1.359297
v -2.817237 2.466925 1.354607
v -2.892107 2.377778 1.35534
v -2.904442 2.371033 1.349307
v -2.912827 2.368344 1.34389
v -2.920851 2.367637 1.33747
v -2.925153 2.368213 1.333415
v -3.04658 2.259289 1.302893
v -2.929929 2.369846 1.328292
v -2.934154 2.372391 1.323087
v -2.766306 2.595006 1.303233
v -2.77079 2.579034 1.311001
v -2.570735 2.648524 1.422215
v -2.783731 2.532941 1.333415
v -2.804442 2.48851 1.349307
v -2.724821 2.807272 1.200983
v -2.775886 2.756803 1.200997
v -2.77472 2.755328 1.202335
v -2.767839 2.74246 1.212704
v -2.757849 2.709014 1.236822
v -2.641714 2.721651 1.302893
v -2.754442 2.669115 1.262704
v -2.757849 2.625127 1.288586
v -2.83568 2.772818 1.16448
v -2.82856 2.776406 1.166112
v -2.818007 2.903279 1.118994
v -2.845546 2.765836 1.163101
v -2.938094 2.556971 1.214408
v -2.935164 2.570508 1.209333
v -2.943297 2.57729 1.200983
v -2.930574 2.591717 1.201383
v -3.043956 2.665432 1.118994
v -2.925153 2.616766 1.191994
v -2.904442 2.674241 1.176102
v -2.880324 2.722667 1.166112
v -2.868406 2.740779 1.163684
v -2.854442 2.757564 1.162704
v -2.798506 2.777013 1.179812
v -2.793059 2.774217 1.18376
v -2.783731 2.766735 1.191994
v -2.819402 2.779178 1.169044
v -2.810278 2.77977 1.172985
v -2.804442 2.778931 1.176102
v -2.941045 2.379702 1.312704
v -2.945816 2.389214 1.302913
v -3.142423 2.330364 1.200983
v -2.947185 2.391941 1.300105
v -2.951035 2.405913 1.288586
v -2.954442 2.445894 1.262704
v -2.951035 2.497175 1.236822
v 2.912797 2.36835 1.343912
v 2.904442 2.371033 1.349307
v 2.964723 2.198585 1.422215
v 2.920851 2.367637 1.33747
v 2.941045 2.379702 1.312704
v 2.936104 2.373999 1.320422
v 3.04658 2.259289 1.302893
v 2.929929 2.369846 1.328292
v 2.925153 2.368213 1.333415
v 2.892121 2.377769 1.355334
v 2.880324 2.386698 1.359297
v 2.776857 2.431547 1.422215
v 2.854442 2.413093 1.362704
v 2.82856 2.447824 1.359297
v 2.935164 2.570508 1.209333
v 2.938094 2.556971 1.214408
v 3.142423 2.330364 1.200983
v 2.951035 2.497175 1.236822
v 2.954442 2.445894 1.262704
v 2.951035 2.405913 1.288586
v 2.94717 2.391901 1.300142
v 2.945819 2.38921 1.302912
v 2.790549 2.772561 1.185778
v 2.798474 2.777 1.179834
v 2.818007 2.903279 1.118994
v 2.804442 2.778931 1.176102
v 2.813282 2.779824 1.171568
v 2.822475 2.778484 1.167951
v 2.82856 2.776406 1.166112
v 2.835652 2.772835 1.164485
v 2.842365 2.76834 1.163436
v 2.854442 2.757564 1.162704
v 3.043956 2.665432 1.118994
v 2.868474 2.740686 1.163694
v 2.880324 2.722667 1.166112
v 2.904442 2.674241 1.176102
v 2.925153 2.616766 1.191994
v 2.943297 2.57729 1.200983
v 2.930574 2.591717 1.201383
v 2.77079 2.579034 1.311001
v 2.766306 2.595006 1.303233
v 2.641714 2.721651 1.302893
v 2.757849 2.625127 1.288586
v 2.754442 2.669115 1.262704
v 2.757849 2.709014 1.236822
v 2.767839 2.74246 1.212704
v 2.724821 2.807272 1.200983
v 2.774723 2.755332 1.202331
v 2.775885 2.756803 1.200997
v 2.783731 2.766735 1.191994
v 2.783731 2.532941 1.333415
v 2.570735 2.648524 1.422215
v 2.804442 2.48851 1.349307
v 2.817237 2.466925 1.354607
v 1.880222 3.932686 1.020069
v 1.855763 3.953209 1.018868
v 1.87394 3.918534 1.022312
v 1.816499 3.97896 1.017971
v 1.798287 3.986943 1.018004
v 1.75261 3.99838 1.019069
v 2.15442 3.702606 1.033526
v 1.945411 3.877986 1.023268
v 2.108479 3.621968 1.058944
v 1.808111 3.780882 1.058944
v 2.697639 3.246791 1.049638
v 2.685063 3.257344 1.049526
v 2.665745 3.233905 1.058944
v 2.576259 3.348641 1.04856
v 2.394985 3.439242 1.058944
v 2.421624 3.478395 1.043565
v 2.238316 3.63221 1.037644
v 2.936697 3.2 1.023571
v 2.826197 3.2 1.036962
v 2.91898 3.007307 1.058944
v 2.779517 3.205524 1.04365
v 2.761012 3.210921 1.045817
v 2.719682 3.230723 1.049113
v 3.385509 2.964512 1.01
v 3.163858 3.2 1.01
v 3.267818 2.861456 1.022312
v 3.143575 3.2 1.010101
v 3.025253 3.116795 1.022312
v 3.106545 3.2 1.011874
v 2.985343 3.2 1.017676
v -2.665745 3.233905 1.058944
v -2.697639 3.246791 1.049638
v -2.735707 3.221642 1.048136
v -2.91898 3.007307 1.058944
v -2.753887 3.21353 1.046553
v -2.7993 3.201817 1.040993
v -2.817337 3.200197 1.038334
v -2.826197 3.2 1.036962
v -2.936536 3.2 1.024046
v -2.68506 3.257347 1.049381
v -2.394985 3.439242 1.058944
v -2.421791 3.478255 1.044011
v -2.108479 3.621968 1.058944
v -2.276719 3.599985 1.039351
v -2.362312 3.528164 1.042797
v -1.808111 3.780882 1.058944
v -1.947989 3.875823 1.023356
v -2.154112 3.702865 1.033385
v -1.87394 3.918534 1.022312
v -1.773782 3.994501 1.018405
v -1.792873 3.988912 1.018058
v -1.835251 3.968304 1.018208
v -1.855763 3.953209 1.018868
v -1.880186 3.932716 1.020056
v -1.495856 3.91494 1.058944
v -0.814767 3.963124 1.118994
v -0.474776 3.883299 1.200983
v -0.158606 3.908998 1.200983
v 0.158606 3.908998 1.200983
v 0.474776 3.883299 1.200983
v 0.787824 3.83207 1.200983
v 1.444112 3.779515 1.118994
v 1.133164 3.884087 1.118994
v 0.814767 3.963124 1.118994
v 1.495856 3.91494 1.058944
v 3.153024 2.760937 1.058944
v -3.163858 3.2 1.01
v -3.385509 2.964512 1.01
v -3.267818 2.861456 1.022312
v -3.153024 2.760937 1.058944
v 1.745566 3.650095 1.118994
v 2.035543 3.496678 1.118994
v 2.312138 3.320272 1.118994
v 2.573533 3.122038 1.118994
v -2.573533 3.122038 1.118994
v -2.312138 3.320272 1.118994
v -2.035543 3.496678 1.118994
v -1.745566 3.650095 1.118994
v -1.444112 3.779515 1.118994
v -1.133164 3.884087 1.118994
v 3.249892 2.410061 1.118994
v 3.36634 2.496417 1.058944
v 1.095692 3.755647 1.200983
v 1.396358 3.654533 1.200983
v 1.687843 3.529392 1.200983
v 1.968231 3.381049 1.200983
v 2.23568 3.210477 1.200983
v 2.48843 3.018798 1.200983
v -2.48843 3.018798 1.200983
v -2.23568 3.210477 1.200983
v -1.968231 3.381049 1.200983
v -1.687843 3.529392 1.200983
v -1.396358 3.654533 1.200983
v -1.095692 3.755647 1.200983
v -0.787824 3.83207 1.200983
v -3.249892 2.410061 1.118994
v -3.36634 2.496417 1.058944
v -3.488899 2.587304 1.022312
v -2.412534 2.926725 1.302893
v -2.167492 3.112558 1.302893
v -1.908201 3.277928 1.302893
v -1.636364 3.421747 1.302893
v -1.353769 3.543071 1.302893
v -1.062274 3.6411 1.302893
v -0.763795 3.715192 1.302893
v -0.460295 3.76486 1.302893
v -0.153769 3.789775 1.302893
v 0.153769 3.789775 1.302893
v 0.460295 3.76486 1.302893
v 0.763795 3.715192 1.302893
v 1.062274 3.6411 1.302893
v 1.353769 3.543071 1.302893
v 1.636364 3.421747 1.302893
v 1.908201 3.277928 1.302893
v 2.167492 3.112558 1.302893
v 2.412534 2.926725 1.302893
v 3.860947 1.989887 1.022312
v 3.557523 2.215483 1.058944
v 3.725318 1.919985 1.058944
v 3.434462 2.138846 1.118994
v 3.596453 1.853569 1.118994
v 3.32089 2.068118 1.200983
v 3.477524 1.792275 1.200983
v 3.219604 2.005041 1.302893
v 3.371461 1.737611 1.302893
v 3.133097 1.951168 1.422215
v 3.280874 1.690924 1.422215
v -2.347712 2.848088 1.422215
v -2.109254 3.028927 1.422215
v -1.85693 3.189854 1.422215
v -1.592397 3.329809 1.422215
v -1.317395 3.447873 1.422215
v -1.033732 3.543269 1.422215
v -0.743273 3.61537 1.422215
v -0.447928 3.663703 1.422215
v -0.149637 3.687948 1.422215
v 0.149637 3.687948 1.422215
v 0.447928 3.663703 1.422215
v 0.743273 3.61537 1.422215
v 1.033732 3.543269 1.422215
v 1.317395 3.447873 1.422215
v 1.592397 3.329809 1.422215
v 1.85693 3.189854 1.422215
v 2.109254 3.028927 1.422215
v 2.347712 2.848088 1.422215
v -3.557523 2.215483 1.058944
v -3.434462 2.138846 1.118994
v -3.32089 2.068118 1.200983
v -3.219604 2.005041 1.302893
v -3.133097 1.951168 1.422215
v -3.725318 1.919985 1.058944
v -3.596453 1.853569 1.118994
v -3.477524 1.792275 1.200983
v -3.371461 1.737611 1.302893
v -3.280874 1.690924 1.422215
v -3.207994 1.653362 1.55601
v -3.0635 1.907826 1.55601
v -2.898866 2.149746 1.55601
v -2.715173 2.377534 1.55601
v -2.51363 2.589691 1.55601
v -2.295561 2.784822 1.55601
v -2.062401 2.961644 1.55601
v -1.815681 3.118996 1.55601
v -1.557024 3.255842 1.55601
v -1.288131 3.371284 1.55601
v -1.010769 3.464561 1.55601
v -0.726762 3.53506 1.55601
v -0.437977 3.582319 1.55601
v -0.146313 3.606026 1.55601
v 0.146313 3.606026 1.55601
v 0.437977 3.582319 1.55601
v 0.726762 3.53506 1.55601
v 1.010769 3.464561 1.55601
v 1.288131 3.371284 1.55601
v 1.557024 3.255842 1.55601
v 1.815681 3.118996 1.55601
v 2.062401 2.961644 1.55601
v 2.295561 2.784822 1.55601
v 2.51363 2.589691 1.55601
v 2.715173 2.377534 1.55601
v 2.898866 2.149746 1.55601
v 3.0635 1.907826 1.55601
v 3.207994 1.653362 1.55601
v -3.154616 1.625852 1.700983
v -3.012527 1.876082 1.700983
v -2.850632 2.113977 1.700983
v -2.669995 2.337974 1.700983
v -2.471806 2.546601 1.700983
v -2.257365 2.738485 1.700983
v -2.028084 2.912366 1.700983
v -1.78547 3.067099 1.700983
v -1.531117 3.201669 1.700983
v -1.266698 3.315189 1.700983
v -0.993951 3.406914 1.700983
v -0.71467 3.47624 1.700983
v -0.43069 3.522713 1.700983
v -0.143879 3.546026 1.700983
v 0.143879 3.546026 1.700983
v 0.43069 3.522713 1.700983
v 0.71467 3.47624 1.700983
v 0.993951 3.406914 1.700983
v 1.266698 3.315189 1.700983
v 1.531117 3.201669 1.700983
v 1.78547 3.067099 1.700983
v 2.028084 2.912366 1.700983
v 2.257365 2.738485 1.700983
v 2.471806 2.546601 1.700983
v 2.669995 2.337974 1.700983
v 2.850632 2.113977 1.700983
v 3.012527 1.876082 1.700983
v 3.154616 1.625852 1.700983
v -3.122055 1.60907 1.853566
v -2.981432 1.856717 1.853566
v -2.821208 2.092157 1.853566
v -2.642436 2.313842 1.853566
v -2.446292 2.520315 1.853566
v -2.234065 2.710219 1.853566
v -2.007151 2.882305 1.853566
v -1.76704 3.035441 1.853566
v -1.515313 3.168621 1.853566
v -1.253623 3.28097 1.853566
v -0.983692 3.371748 1.853566
v -0.707293 3.440359 1.853566
v -0.426244 3.486352 1.853566
v -0.142394 3.509424 1.853566
v 0.142394 3.509424 1.853566
v 0.426244 3.486352 1.853566
v 0.707293 3.440359 1.853566
v 0.983692 3.371748 1.853566
v 1.253623 3.28097 1.853566
v 1.515313 3.168621 1.853566
v 1.76704 3.035441 1.853566
v 2.007151 2.882305 1.853566
v 2.234065 2.710219 1.853566
v 2.446292 2.520315 1.853566
v 2.642436 2.313842 1.853566
v 2.821208 2.092157 1.853566
v 2.981432 1.856717 1.853566
v 3.122055 1.60907 1.853566
v -3.111111 1.60343 2.01
v -2.970981 1.850209 2.01
v -2.811319 2.084823 2.01
v -2.633173 2.305731 2.01
v -2.437717 2.511481 2.01
v -2.226234 2.700719 2.01
v -2.000115 2.872201 2.01
v -1.760846 3.024801 2.01
v -1.510001 3.157514 2.01
v -1.249229 3.269469 2.01
v -0.980244 3.359929 2.01
v -0.704814 3.428299 2.01
v -0.42475 3.474131 2.01
v -0.141894 3.497123 2.01
v 0.141894 3.497123 2.01
v 0.42475 3.474131 2.01
v 0.704814 3.428299 2.01
v 0.980244 3.359929 2.01
v 1.249229 3.269469 2.01
v 1.510001 3.157514 2.01
v 1.760846 3.024801 2.01
v 2.000115 2.872201 2.01
v 2.226234 2.700719 2.01
v 2.437717 2.511481 2.01
v 2.633173 2.305731 2.01
v 2.811319 2.084823 2.01
v 2.970981 1.850209 2.01
v 3.111111 1.60343 2.01
v -2.82856 3.176922 0.17637
v -2.828544 3.176921 0.176373
v -2.828544 3.178224 0.101745
newmtl 3
Ka 0.8509803921568627 0.8509803921568627 0.8509803921568627
Kd 0.8509803921568627 0.8509803921568627 0.8509803921568627
Ks 0.4235294117647059 0.4235294117647059 0.4235294117647059
d 0.0
endmtl
v -3.8 3.178224 0.101745
v -3.512462 3.177598 0.137598
v -3.8 3.177598 0.137598
v -2.943612 3.176002 0.229028
v -2.940636 3.176082 0.224443
v -2.930458 3.176356 0.208761
v -2.922705 3.176501 0.200446
v -2.9538 3.17539 0.264115
v -2.950361 3.17565 0.249221
v -2.948185 3.175814 0.239798
v -2.872047 3.176954 0.174482
v -2.86183 3.176977 0.173165
v -2.828544 3.172903 0.406612
v -2.828544 3.173395 0.378408
v -2.828561 3.173395 0.37841
v -2.846685 3.173341 0.381484
v -2.849954 3.173331 0.382038
v -2.869998 3.172958 0.403432
v -2.854442 3.173331 0.382037
v -2.909726 3.173647 0.363978
v -2.915792 3.173729 0.35927
v -2.945933 3.173334 0.381904
v -2.94051 3.174273 0.328077
v -2.948784 3.174579 0.310541
v -2.951505 3.174747 0.300982
v -2.880143 3.176911 0.176982
v -2.854467 3.176972 0.173483
v -2.838669 3.17696 0.174165
v -2.858993 3.173331 0.382035
v -2.862204 3.173341 0.381484
v -2.880318 3.173396 0.378373
v -2.95439 3.175185 0.27586
v -2.954441 3.175193 0.275419
v -2.904399 3.176742 0.18665
v -2.903883 3.176749 0.186261
v -2.89425 3.176835 0.181337
v -2.880646 3.173396 0.378317
v -2.889131 3.173448 0.375349
v -2.9042 3.173594 0.36703
v -2.924618 3.173893 0.349862
v -2.933046 3.17405 0.340879
v -2.937691 3.174169 0.334051
v -2.726117 3.2025 0.101745
v -2.724181 3.198663 0.35904
v -2.721765 3.199716 0.357008
v -2.679558 3.228894 0.305497
v -2.681844 3.231618 0.101745
v -2.699528 3.213405 0.328796
v -2.711985 3.205295 0.34575
v -2.754866 3.187162 0.27985
v -2.755064 3.187312 0.268083
v -2.758543 3.186479 0.252514
v -2.760774 3.185946 0.242537
v -2.754732 3.187059 0.28786
v -2.756799 3.186108 0.302405
v -2.758213 3.185594 0.306699
v -2.763706 3.183596 0.323385
v -2.768335 3.182235 0.331122
v -2.755563 3.184988 0.385425
v -2.774944 3.180292 0.342169
v -2.760548 3.183351 0.38847
v -2.774841 3.179839 0.394834
v -2.785905 3.177757 0.354306
v -2.798697 3.175559 0.364484
v -2.788828 3.176403 0.401063
v -2.804603 3.174923 0.367811
v -2.800574 3.174628 0.404118
v -2.813072 3.174011 0.372582
v -2.826197 3.172914 0.406634
v -2.775912 3.184376 0.101745
v -2.812982 3.177347 0.182212
v -2.804502 3.178041 0.187017
v -2.802158 3.178233 0.188345
v -2.787613 3.180181 0.200016
v -2.783972 3.180866 0.204244
v -2.775459 3.182467 0.214127
v -2.766629 3.184481 0.228712
v 2.828544 3.173309 0.383299
v 2.826197 3.173321 0.383321
v 2.826197 3.2 0.41
v 2.947102 3.2 0.384558
v 2.936506 3.173707 0.360495
v 2.884128 3.173416 0.377208
v 2.887973 3.2 0.403571
v 2.882536 3.173644 0.37775
v 2.88028 3.173967 0.378517
v 2.872793 3.175039 0.381063
v 2.862125 3.174928 0.38257
v 2.851944 3.17333 0.382115
v 2.900321 3.173542 0.369971
v 3.8 3.177598 0.137598
v 3.8 3.178224 0.101745
v 3.452326 3.177598 0.137598
v 2.828544 3.178224 0.101745
v 2.925058 3.173886 0.350291
v 2.919553 3.173787 0.355961
v 2.913395 3.176639 0.192557
v 2.920743 3.176533 0.198617
v 2.904109 3.176733 0.187198
v 2.917988 3.173767 0.357101
v 2.904195 3.173591 0.367149
v 2.861062 3.176978 0.17311
v 2.880259 3.176915 0.176732
v 2.883876 3.176903 0.177414
v 2.893034 3.176844 0.180807
v 2.828544 3.176921 0.176373
v 2.828561 3.176922 0.176371
v 2.851448 3.176981 0.172932
v 2.94197 3.1743 0.326581
v 2.927592 3.173931 0.347681
v 2.924755 3.176452 0.203245
v 2.936489 3.176216 0.216778
v 2.941407 3.176076 0.224803
v 2.950696 3.175675 0.247753
v 2.950986 3.175653 0.24904
v 2.95277 3.175515 0.256966
v 2.953221 3.174901 0.292108
v 2.9503 3.174716 0.302725
v 2.946322 3.174464 0.317187
v 2.953864 3.175184 0.275929
v 2.954241 3.17507 0.282461
v 2.828544 3.173395 0.378408
v 2.828561 3.173395 0.37841
v 2.813071 3.174011 0.372582
v 2.811666 3.173933 0.382612
v 2.785555 3.177419 0.376976
v 2.804824 3.175027 0.367497
v 2.781429 3.178258 0.37556
v 2.792065 3.176599 0.359629
v 2.784268 3.178281 0.351677
v 2.774915 3.180105 0.372347
v 2.774944 3.180292 0.342169
v 2.752566 3.186443 0.361324
v 2.774337 3.180467 0.341209
v 2.728043 3.196873 0.342505
v 2.760031 3.184867 0.314128
v 2.72441 3.199053 0.338398
v 2.765855 3.182902 0.327803
v 2.768064 3.182267 0.331295
v 2.754999 3.187322 0.26871
v 2.757411 3.186794 0.254161
v 2.726117 3.2025 0.101745
v 2.758503 3.185497 0.306664
v 2.75478 3.187032 0.288481
v 2.754875 3.187159 0.279847
v 2.681844 3.231618 0.101745
v 2.679756 3.229129 0.287887
v 2.697639 3.215117 0.308139
v 2.786132 3.180428 0.201482
v 2.798615 3.178627 0.190786
v 2.775912 3.184376 0.101745
v 2.764502 3.185005 0.233169
v 2.768245 3.184138 0.226664
v 2.775459 3.182467 0.214127
v 2.812923 3.177351 0.182241
v 2.804601 3.178093 0.187211
v -1.727381 -3.85 0.01
v -1.727381 3.85 0.01
v -1.727206 -3.85 0.01
v -1.727206 3.85 0.01
v 1.727206 -3.85 0.01
v 1.727206 3.85 0.01
v 1.727381 -3.85 0.01
v 1.727381 3.85 0.01
v -3.8 3.2 1.01
v -3.851764 3.193185 1.01
v -3.9 3.173205 1.01
v -3.941422 3.141421 1.01
v -4.0 3.0 1.01
v -3.993185 3.051764 1.01
v -3.973205 3.1 1.01
v 4.0 3.0 1.01
v 3.851764 3.193185 1.01
v 3.8 3.2 1.01
v 3.993185 3.051764 1.01
v 3.973205 3.1 1.01
v 3.941422 3.141421 1.01
v 3.9 3.173205 1.01
v 3.385509 -2.964512 1.01
v 3.163858 -3.2 1.01
v 3.8 -3.2 1.01
v 3.614552 -2.680487 1.01
v 4.0 -3.0 1.01
v 3.819833 -2.378839 1.01
v 4.0 -2.061553 1.01
v 3.851764 -3.193185 1.01
v 3.9 -3.173205 1.01
v 3.941422 -3.141421 1.01
v 3.973205 -3.1 1.01
v 3.993185 -3.051764 1.01
v 3.24193 3.12088 3.21
v 3.163858 3.2 3.21
v 3.5 3.2 3.21
v 3.7 2.56125 3.21
v 3.482225 2.850282 3.21
v 3.7 3.0 3.21
v 3.693185 3.051764 3.21
v 3.551764 3.193185 3.21
v 3.6 3.173205 3.21
v 3.641422 3.141421 3.21
v 3.673205 3.1 3.21
v -3.482225 2.850282 3.21
v -3.7 2.56125 3.21
v -3.7 3.0 3.21
v -3.693185 3.051764 3.21
v -3.673205 3.1 3.21
v -3.641422 3.141421 3.21
v -3.6 3.173205 3.21
v -3.551764 3.193185 3.21
v -3.24193 3.12088 3.21
v -3.5 3.2 3.21
v -3.163858 3.2 3.21
v -3.24193 -3.12088 3.21
v -3.163858 -3.2 3.21
v -3.5 -3.2 3.21
v -3.7 -3.0 3.21
v -3.7 -2.56125 3.21
v -3.482225 -2.850282 3.21
v -3.6 -3.173205 3.21
v -3.641422 -3.141421 3.21
v -3.673205 -3.1 3.21
v -3.693185 -3.051764 3.21
v -3.551764 -3.193185 3.21
v 4.0 3.0 0.16
v 4.0 -0.304435 1.01
v 4.0 -0.498577 1.01
v 4.0 -3.0 0.16
v 4.0 -0.69326 1.01
v 4.0 1.941345 1.01
v 4.0 1.774227 1.01
v 4.0 1.600057 1.01
v 4.0 -0.888454 1.01
v 4.0 -1.083912 1.01
v 4.0 -1.123009 1.01
v 4.0 1.457787 1.01
v 4.0 1.261423 1.01
v 4.0 1.061367 1.01
v 4.0 -1.325107 1.01
v 4.0 -1.521378 1.01
v 4.0 -1.710132 1.01
v 4.0 0.858323 1.01
v 4.0 0.65296 1.01
v 4.0 0.447712 1.01
v 4.0 0.242674 1.01
v 4.0 0.082804 1.01
v 4.0 -0.110642 1.01
v 4.0 -1.890089 1.01
v -4.0 -3.0 0.16
v -4.0 -3.0 1.01
v -4.0 -2.061553 1.01
v -4.0 -1.941345 1.01
v -4.0 -1.774227 1.01
v -4.0 -1.600057 1.01
v -4.0 -1.457787 1.01
v -4.0 -1.261423 1.01
v -4.0 -1.061367 1.01
v -4.0 -0.858323 1.01
v -4.0 -0.65296 1.01
v -4.0 -0.447712 1.01
v -4.0 0.110642 1.01
v -4.0 3.0 0.16
v -4.0 -0.082804 1.01
v -4.0 -0.242674 1.01
v -4.0 0.304435 1.01
v -4.0 0.498577 1.01
v -4.0 0.69326 1.01
v -4.0 0.888454 1.01
v -4.0 1.083912 1.01
v -4.0 1.123009 1.01
v -4.0 1.325107 1.01
v -4.0 1.521378 1.01
v -4.0 1.710132 1.01
v -4.0 1.890089 1.01
v -1.69262 -4.0 1.022456
v -1.727206 -4.0 1.020281
v -1.727206 -4.0 0.16
v -1.244178 -4.0 1.059684
v -1.297673 -4.0 1.054432
v 1.727206 -4.0 1.020281
v 1.690045 -4.0 1.023131
v 1.727206 -4.0 0.16
v 1.529846 -4.0 1.035416
v -1.52956 -4.0 1.035006
v -1.639444 -4.0 1.025801
v 1.369857 -4.0 1.047685
v 1.241821 -4.0 1.060143
v 1.167911 -4.0 1.067334
v 1.042141 -4.0 1.079571
v 0.822862 -4.0 1.100299
v 0.732776 -4.0 1.108814
v -0.506736 -4.0 1.126287
v -0.588705 -4.0 1.119458
v -0.822947 -4.0 1.099941
v -0.897093 -4.0 1.093763
v -1.168257 -4.0 1.067139
v 0.59085 -4.0 1.119281
v 0.48925 -4.0 1.126774
v 0.434617 -4.0 1.130803
v -0.162301 -4.0 1.142049
v -0.196347 -4.0 1.141212
v -0.489122 -4.0 1.127134
v 0.162327 -4.0 1.141715
v 0.142231 -4.0 1.14252
v -0.148103 -4.0 1.142398
v 2.655645 3.282028 0.296688
v 2.238315 3.63221 1.037644
v 2.584694 3.341563 0.16
v 1.855763 3.953209 0.16
v 2.615918 3.315364 0.230905
v 2.623827 3.308728 0.24748
v 1.94541 3.877986 1.023268
v 2.576257 3.348643 1.04856
v 2.697639 3.246791 0.339813
v 2.651009 3.285919 0.289518
v 3.457041 3.2 0.16
v 3.8 3.2 0.16
v 2.985343 3.2 1.017677
v 3.143574 3.2 1.010101
v 1.855763 -3.953209 0.16
v 2.584694 -3.341563 0.16
v 1.855763 -3.953209 1.018868
v 2.615918 -3.315364 0.230905
v 2.421791 -3.478255 1.044011
v 2.682288 -3.259672 0.326009
v 2.68506 -3.257347 1.049381
v 2.697639 -3.246791 0.339813
v 2.697639 -3.246791 1.049638
v 2.362313 -3.528164 1.042797
v 2.276719 -3.599985 1.039351
v 2.651062 -3.285874 0.289272
v 2.154112 -3.702865 1.033385
v 2.643804 -3.291965 0.280733
v 1.947989 -3.875823 1.023356
v 1.880186 -3.932716 1.020056
v 2.826197 -3.2 1.036962
v 2.826197 -3.2 0.41
v 2.936536 -3.2 1.024046
v 2.887973 -3.2 0.403571
v 3.8 -3.2 0.16
v 3.457041 -3.2 0.16
v 2.947102 -3.2 0.384558
v 3.106706 -3.2 1.012213
v 3.003453 -3.2 1.016213
v -2.651941 -3.285136 0.323119
v -2.15442 -3.702606 1.033526
v -2.238315 -3.63221 1.037644
v -2.564603 -3.358422 0.16
v -1.855763 -3.953209 0.16
v -2.600565 -3.328246 0.241666
v -1.855763 -3.953209 1.018868
v -2.618884 -3.312874 0.277194
v -1.880222 -3.932686 1.020069
v -1.94541 -3.877986 1.023268
v -2.421624 -3.478395 1.043565
v -2.576257 -3.348643 1.04856
v -2.697639 -3.246791 0.366831
v -2.685063 -3.257344 1.049526
v -2.697639 -3.246791 1.049638
v -2.642069 -3.293421 0.309403
v -2.826197 -3.2 1.036962
v -2.936697 -3.2 1.023571
v -2.826197 -3.2 0.436702
v -2.893472 -3.2 0.429701
v -2.957864 -3.2 0.408996
v -3.163858 -3.2 1.01
v -3.523297 -3.2 0.16
v -3.8 -3.2 1.01
v -3.8 -3.2 0.16
v -2.985343 -3.2 1.017677
v -3.106545 -3.2 1.011874
v -3.143574 -3.2 1.010101
v -2.826197 3.2 0.436702
v -2.893472 3.2 0.429701
v -3.8 3.2 0.16
v -3.523297 3.2 0.16
v -2.957864 3.2 0.408996
v -1.855763 3.953209 0.16
v -2.564603 3.358422 0.16
v -2.600565 3.328246 0.241666
v -2.362313 3.528164 1.042797
v -2.667787 3.27184 0.340248
v -2.642117 3.29338 0.309214
v -2.629914 3.303619 0.294462
v -2.697639 3.246791 0.366831
v -3.344814 1.030639 1.96379
v -3.38523 0.887706 1.945674
v -3.385082 0.887678 2.452368
v -3.176302 1.470069 2.006481
v -3.150018 1.525578 2.273259
v -3.085191 1.652753 2.246213
v -3.047132 1.716101 2.01
v -3.04903 1.717183 2.235545
v -3.017913 1.772625 2.226365
v -2.948775 1.885398 2.214175
v -2.877778 1.992083 2.21
v -2.804623 2.093125 2.01
v -2.802716 2.091706 2.21
v -2.708397 2.216886 2.21
v -2.512254 2.433019 2.01
v -2.521501 2.427351 2.21
v -2.513942 2.434596 2.21
v -2.318296 2.622118 2.21
v -2.181103 2.734945 2.01
v -2.180549 2.734367 2.21
v -2.100098 2.799926 2.21
v -1.813314 2.991338 2.01
v -1.868318 2.959626 2.21
v -1.813387 2.991287 2.21
v -1.624455 3.100185 2.21
v -1.415693 3.198003 2.01
v -1.416024 3.19893 2.21
v -1.370086 3.220693 2.21
v -0.995648 3.354748 2.01
v -1.106856 3.320372 2.21
v -0.995084 3.3527 2.21
v -0.836467 3.398577 2.21
v -0.558136 3.452303 2.01
v -0.560668 3.454801 2.21
v -0.55859 3.455053 2.21
v -0.281244 3.488682 2.21
v -0.112181 3.497123 2.01
v -0.112071 3.49549 2.21
v -0.0 3.5 2.21
v 0.281244 3.488682 2.21
v 0.33588 3.481355 2.01
v 0.335866 3.482059 2.21
v 0.560668 3.454801 2.21
v 0.778448 3.410404 2.21
v 0.778281 3.410063 2.01
v 0.836467 3.398577 2.21
v 1.106856 3.320372 2.21
v 1.208304 3.283232 2.01
v 1.20783 3.282135 2.21
v 1.370086 3.220693 2.21
v 1.618778 3.102874 2.21
v 1.617566 3.100606 2.01
v 1.624455 3.100185 2.21
v 1.868318 2.959626 2.21
v 2.000835 2.86832 2.21
v 2.002341 2.870514 2.01
v 2.100098 2.799926 2.21
v 2.318296 2.622118 2.21
v 2.351198 2.5889 2.01
v 2.35197 2.589843 2.21
v 2.521501 2.427351 2.21
v 2.663516 2.267427 2.21
v 2.663786 2.267771 2.01
v 2.708397 2.216886 2.21
v 2.877778 1.992083 2.21
v 2.931538 1.908167 2.01
v 2.932968 1.909146 2.21325
v 2.948865 1.885256 2.214186
v 3.013194 1.780636 2.225273
v 3.359677 0.981107 1.957558
v 3.321128 1.102699 1.972498
v 3.321408 1.102788 2.388913
v 3.311256 1.133835 1.976324
v 3.027957 1.755414 2.228818
v 3.093481 1.637185 2.249226
v 3.153275 1.518535 2.00838
v 3.15331 1.518552 2.274977
v 3.157546 1.509935 2.008216
v 3.155453 1.514304 2.2759
v 3.216477 1.379955 2.000782
v 3.213541 1.386778 2.307981
v 3.271276 1.244489 1.988567
v 3.26739 1.254656 2.344512
v 3.316611 1.118074 2.384372
v 3.360785 0.977305 2.426197
v 3.399481 0.832784 2.468327
v 3.401255 0.825508 1.937814
v 3.432384 0.684648 2.508902
v 3.435424 0.669048 1.918907
v 3.435289 0.669024 2.512821
v 3.435743 0.667585 1.91873
v 3.449023 0.59518 2.531346
v 3.462958 0.507858 1.901828
v 3.470295 0.455033 2.562196
v 3.482635 0.34822 1.888538
v 3.485272 0.320742 2.58555
v 3.492179 0.224197 1.881721
v 3.49235 0.224212 2.597166
v 3.494907 0.188747 1.879773
v 3.494784 0.191006 2.601161
v 3.499407 0.064403 1.876465
v 3.499413 0.064085 2.608995
v 3.498942 -0.086055 1.876809
v 3.499452 -0.061932 2.609062
v 3.494914 -0.188608 2.60138
v 3.492561 -0.224234 1.881473
v 3.492647 -0.224235 2.597613
v 3.491982 -0.236783 1.881896
v 3.490621 -0.256063 2.594249
v 3.478451 -0.387782 1.891441
v 3.478902 -0.383721 2.57544
v 3.458217 -0.539202 1.904894
v 3.344814 -1.030639 1.96379
v 3.38926 -0.873451 1.943867
v 3.411944 -0.780155 2.483139
v 3.462103 -0.513654 2.550011
v 3.43989 -0.645876 2.518855
v 3.435042 -0.668981 1.919042
v 3.435082 -0.668977 2.51271
v 3.431107 -0.69102 1.921445
v 3.396951 -0.843043 1.94002
v 3.377979 -0.916113 2.444231
v 3.337737 -1.053332 2.403605
v 3.320821 -1.102587 1.972368
v 3.321035 -1.102655 2.389025
v 3.293906 -1.183294 1.98199
v 3.290981 -1.191404 2.362792
v 3.237411 -1.330102 1.996727
v 3.237354 -1.33024 2.323283
v 3.176302 -1.470069 2.006481
v 3.211742 -1.39094 2.306877
v 3.152738 -1.518274 2.007753
v 3.15325 -1.518528 2.275019
v 3.150018 -1.525578 2.273259
v 3.111111 -1.60343 2.01
v 3.085191 -1.652753 2.246213
v 2.970981 -1.850209 2.01
v 3.017913 -1.772625 2.226365
v 2.948775 -1.885398 2.214175
v 2.931538 -1.908167 2.01
v 2.932971 -1.909147 2.213245
v 2.877778 -1.992083 2.21
v 2.811319 -2.084823 2.01
v 2.708397 -2.216886 2.21
v 2.663786 -2.267771 2.01
v 2.663516 -2.267427 2.21
v 2.633173 -2.305731 2.01
v 2.437717 -2.511481 2.01
v 2.521501 -2.427351 2.21
v 2.351198 -2.5889 2.01
v 2.35197 -2.589843 2.21
v 2.318296 -2.622118 2.21
v 2.226234 -2.700719 2.01
v 2.002341 -2.870514 2.01
v 2.100098 -2.799926 2.21
v 2.000835 -2.86832 2.21
v 2.000115 -2.872201 2.01
v 1.760846 -3.024801 2.01
v 1.868318 -2.959626 2.21
v 1.617566 -3.100606 2.01
v 1.624455 -3.100185 2.21
v 1.618778 -3.102874 2.21
v 1.510001 -3.157514 2.01
v 1.249229 -3.269469 2.01
v 1.370086 -3.220693 2.21
v 1.208304 -3.283232 2.01
v 1.20783 -3.282135 2.21
v 1.106856 -3.320372 2.21
v 0.980244 -3.359929 2.01
v 0.778281 -3.410063 2.01
v 0.836467 -3.398577 2.21
v 0.778448 -3.410404 2.21
v 0.704814 -3.428299 2.01
v 0.42475 -3.474131 2.01
v 0.560668 -3.454801 2.21
v 0.33588 -3.481355 2.01
v 0.335866 -3.482059 2.21
v 0.281244 -3.488682 2.21
v 0.141894 -3.497123 2.01
v -0.112181 -3.497123 2.01
v -0.0 -3.5 2.21
v -0.112071 -3.49549 2.21
v -0.141894 -3.497123 2.01
v -0.281244 -3.488682 2.21
v -0.42475 -3.474131 2.01
v -0.55859 -3.455053 2.21
v -0.558136 -3.452303 2.01
v -0.560668 -3.454801 2.21
v -0.704814 -3.428299 2.01
v -0.836467 -3.398577 2.21
v -0.980244 -3.359929 2.01
v -0.995084 -3.3527 2.21
v -0.995648 -3.354748 2.01
v -1.106856 -3.320372 2.21
v -1.249229 -3.269469 2.01
v -1.370086 -3.220693 2.21
v -1.415693 -3.198003 2.01
v -1.416024 -3.19893 2.21
v -1.510001 -3.157514 2.01
v -1.624455 -3.100185 2.21
v -1.760846 -3.024801 2.01
v -1.813387 -2.991287 2.21
v -1.813314 -2.991338 2.01
v -1.868318 -2.959626 2.21
v -2.000115 -2.872201 2.01
v -2.100098 -2.799926 2.21
v -2.181103 -2.734945 2.01
v -2.180549 -2.734367 2.21
v -2.226234 -2.700719 2.01
v -2.318296 -2.622118 2.21
v -2.437717 -2.511481 2.01
v -2.513942 -2.434596 2.21
v -2.512254 -2.433019 2.01
v -2.521501 -2.427351 2.21
v -2.633173 -2.305731 2.01
v -2.708397 -2.216886 2.21
v -2.804623 -2.093125 2.01
v -2.802716 -2.091706 2.21
v -2.811319 -2.084823 2.01
v -2.877778 -1.992083 2.21
v -2.970981 -1.850209 2.01
v -2.948865 -1.885256 2.214186
v -3.047132 -1.716101 2.01
v -3.013194 -1.780636 2.225273
v -3.027957 -1.755414 2.228818
v -3.049116 -1.717235 2.235409
v -3.111111 -1.60343 2.01
v -3.093481 -1.637185 2.249226
v -3.157546 -1.509935 2.008216
v -3.155453 -1.514304 2.2759
v -3.216477 -1.379955 2.000782
v -3.213541 -1.386778 2.307981
v -3.243502 -1.313148 1.994758
v -3.243544 -1.313164 2.328335
v -3.271276 -1.244489 1.988567
v -3.26739 -1.254656 2.344512
v -3.311256 -1.133835 1.976324
v -3.435743 -0.667585 1.91873
v -3.470295 -0.455033 2.562196
v -3.462958 -0.507858 1.901828
v -3.471129 -0.447555 2.563497
v -3.470402 -0.447464 1.8968
v -3.316611 -1.118074 2.384372
v -3.360785 -0.977305 2.426197
v -3.359677 -0.981107 1.957558
v -3.384805 -0.887596 2.452348
v -3.384674 -0.887562 1.945688
v -3.399481 -0.832784 2.468327
v -3.401255 -0.825508 1.937814
v -3.432384 -0.684648 2.508902
v -3.449023 -0.59518 2.531346
v -3.482635 -0.34822 1.888538
v -3.485272 -0.320742 2.58555
v -3.494907 -0.188747 1.879773
v -3.494784 -0.191006 2.601161
v -3.499407 -0.064403 1.876465
v -3.499413 -0.064085 2.608995
v -3.499208 -2.0E-6 1.876612
v -3.499433 0.0 2.609029
v -3.498942 0.086055 1.876809
v -3.499452 0.061932 2.609062
v -3.491982 0.236783 1.881896
v -3.411944 0.780155 2.483139
v -3.38926 0.873451 1.943867
v -3.396951 0.843043 1.94002
v -3.43989 0.645876 2.518855
v -3.431107 0.69102 1.921445
v -3.462103 0.513654 2.550011
v -3.458217 0.539202 1.904894
v -3.470657 0.447491 2.56296
v -3.470476 0.447465 1.896743
v -3.478902 0.383721 2.57544
v -3.478451 0.387782 1.891441
v -3.490621 0.256063 2.594249
v -3.494914 0.188608 2.60138
v -3.377979 0.916113 2.444231
v -3.337737 1.053332 2.403605
v -3.293906 1.183294 1.98199
v -3.290981 1.191404 2.362792
v -3.243874 1.313306 1.995041
v -3.243893 1.313312 2.3281
v -3.237411 1.330102 1.996727
v -3.237354 1.33024 2.323283
v -3.211742 1.39094 2.306877
v -3.819833 -2.378839 1.01
v -3.614552 -2.680487 1.01
v -3.385509 -2.964512 1.01
v -3.973205 -3.1 1.01
v -3.941422 -3.141421 1.01
v -3.993185 -3.051764 1.01
v -3.9 -3.173205 1.01
v -3.851764 -3.193185 1.01
v 3.7 -2.56125 3.21
v 3.7 -3.0 3.21
v 3.482225 -2.850282 3.21
v 3.693185 -3.051764 3.21
v 3.673205 -3.1 3.21
v 3.551764 -3.193185 3.21
v 3.24193 -3.12088 3.21
v 3.5 -3.2 3.21
v 3.163858 -3.2 3.21
v 3.641422 -3.141421 3.21
v 3.6 -3.173205 3.21
v -2.601221 3.131884 4.21
v -2.669117 3.087229 4.21
v -2.669117 -3.087229 4.21
v -2.745481 3.059434 4.21
v -2.745481 -3.059434 4.21
v 1.759345 -3.838302 4.21
v 2.601221 -3.131884 4.21
v 1.727206 3.85 4.21
v 2.745481 -3.059434 4.21
v 2.745481 3.059434 4.21
v 2.669117 3.087229 4.21
v -2.826197 -3.05 4.21
v -2.826197 3.05 4.21
v -3.5 3.05 4.21
v -2.601221 -3.131884 4.21
v -1.759345 -3.838302 4.21
v 2.826197 3.05 4.21
v 2.826197 -3.05 4.21
v 3.5 -3.05 4.21
v -1.738737 3.848652 4.21
v -1.749646 3.844682 4.21
v -1.759345 3.838302 4.21
v -1.727206 -3.85 4.21
v 1.727206 -3.85 4.21
v 2.601221 3.131884 4.21
v 1.759345 3.838302 4.21
v 1.749646 3.844682 4.21
v -1.727206 3.85 4.21
v 2.669117 -3.087229 4.21
v 1.738737 3.848652 4.21
v -3.525 3.043301 4.21
v -3.535355 3.035355 4.21
v -3.543301 3.025 4.21
v -3.512941 -3.048296 4.21
v -3.5 -3.05 4.21
v -3.55 -3.0 4.21
v -3.55 3.0 4.21
v -3.548296 3.012941 4.21
v -3.543301 -3.025 4.21
v -3.535355 -3.035355 4.21
v -3.525 -3.043301 4.21
v 3.55 -3.0 4.21
v 3.55 3.0 4.21
v 3.5 3.05 4.21
v -1.749646 -3.844682 4.21
v -1.738737 -3.848652 4.21
v 1.738737 -3.848652 4.21
v 1.749646 -3.844682 4.21
v 3.525 -3.043301 4.21
v 3.535355 -3.035355 4.21
v 3.543301 -3.025 4.21
v 3.543301 3.025 4.21
v 3.535355 3.035355 4.21
v 3.525 3.043301 4.21
v -3.512941 3.048296 4.21
v -3.548296 -3.012941 4.21
v 3.512941 -3.048296 4.21
v 3.548296 -3.012941 4.21
v 3.548296 3.012941 4.21
v 3.512941 3.048296 4.21
v 2.826197 -3.2 3.183038
v 2.829272 -3.2 3.18341
v 2.826197 -3.2 4.06
v 2.936697 -3.2 3.196429
v 2.985343 -3.2 3.202324
v 3.5 -3.2 4.06
v 3.143574 -3.2 3.209899
v 1.855763 -3.953209 4.06
v 1.855763 -3.953209 3.201132
v 1.94541 -3.877986 3.196732
v 2.697639 -3.246791 3.170362
v 2.697639 -3.246791 4.06
v 2.576257 -3.348643 3.17144
v 2.536515 -3.381991 3.172724
v 2.004391 -3.828495 3.193837
v 2.238315 -3.63221 3.182356
v 2.273774 -3.602457 3.181211
v -3.5 -3.2 4.06
v -2.826197 -3.2 4.06
v -3.003453 -3.2 3.203787
v -2.936536 -3.2 3.195954
v -2.829278 -3.2 3.183399
v -2.826197 -3.2 3.183038
v -1.947989 -3.875823 3.196644
v -1.855763 -3.953209 3.201132
v -1.855763 -3.953209 4.06
v -2.697639 -3.246791 4.06
v -2.697639 -3.246791 3.170362
v -2.536378 -3.382105 3.173652
v -2.362313 -3.528164 3.177202
v -2.276719 -3.599985 3.180649
v -2.004201 -3.828655 3.193909
v 1.701686 -4.0 3.198114
v 1.727206 -4.0 3.199719
v 1.727206 -4.0 4.06
v 1.69262 -4.0 3.197544
v 1.244178 -4.0 3.160316
v 1.297673 -4.0 3.165568
v -1.727206 -4.0 3.199719
v -1.702041 -4.0 3.197789
v -1.727206 -4.0 4.06
v -1.690045 -4.0 3.19687
v -0.732776 -4.0 3.111186
v -0.649509 -4.0 3.105045
v 1.333871 -4.0 3.168601
v 1.639444 -4.0 3.194199
v -1.369857 -4.0 3.172315
v -1.333845 -4.0 3.168811
v -1.241821 -4.0 3.159857
v -1.042141 -4.0 3.140429
v -0.984933 -4.0 3.135021
v 0.196347 -4.0 3.078788
v 0.322699 -4.0 3.084863
v -0.59085 -4.0 3.100719
v -0.434617 -4.0 3.089197
v -0.322667 -4.0 3.084711
v 0.506736 -4.0 3.093713
v 0.588705 -4.0 3.100542
v 0.649872 -4.0 3.105639
v 0.897093 -4.0 3.126237
v 0.985351 -4.0 3.134902
v -0.142231 -4.0 3.07748
v 0.0 -4.0 3.07754
v 0.148103 -4.0 3.077602
v -1.855763 3.953209 4.06
v -1.855763 3.953209 3.201132
v -1.94541 3.877986 3.196732
v -2.697639 3.246791 3.170362
v -2.697639 3.246791 4.06
v -2.576257 3.348643 3.17144
v -2.536515 3.381991 3.172724
v -2.004391 3.828495 3.193837
v -2.238315 3.63221 3.182356
v -2.273774 3.602457 3.181211
v -2.826197 3.2 3.183038
v -2.829272 3.2 3.18341
v -2.826197 3.2 4.06
v -2.936697 3.2 3.196429
v -2.985343 3.2 3.202324
v -3.5 3.2 4.06
v -3.143574 3.2 3.209899
v -3.7 3.0 4.06
v -3.7 1.177859 3.21
v -3.7 1.003056 3.21
v -3.7 0.830412 3.21
v -3.7 2.424084 3.21
v -3.7 2.27909 3.21
v -3.7 2.124969 3.21
v -3.7 -1.437524 3.21
v -3.7 -1.61313 3.21
v -3.7 -3.0 4.06
v -3.7 -1.783001 3.21
v -3.7 -1.946963 3.21
v -3.7 0.660412 3.21
v -3.7 0.493356 3.21
v -3.7 0.329223 3.21
v -3.7 1.961457 3.21
v -3.7 1.788352 3.21
v -3.7 1.710309 3.21
v -3.7 -2.104953 3.21
v -3.7 -2.256961 3.21
v -3.7 -2.289389 3.21
v -3.7 1.531805 3.21
v -3.7 1.354284 3.21
v -3.7 -2.423901 3.21
v -3.7 0.242495 3.21
v -3.7 0.079627 3.21
v -3.7 -0.082395 3.21
v -3.7 -0.245579 3.21
v -3.7 -0.412383 3.21
v -3.7 -0.585042 3.21
v -3.7 -0.765231 3.21
v -3.7 -0.880261 3.21
v -3.7 -1.070722 3.21
v -3.7 -1.256535 3.21
v 3.5 3.2 4.06
v 2.826197 3.2 4.06
v 3.003453 3.2 3.203787
v 2.936536 3.2 3.195954
v 2.829278 3.2 3.183399
v 2.826197 3.2 3.183038
v 1.947989 3.875823 3.196644
v 1.855763 3.953209 3.201132
v 1.855763 3.953209 4.06
v 2.697639 3.246791 4.06
v 2.697639 3.246791 3.170362
v 2.536378 3.382105 3.173652
v 2.362313 3.528164 3.177202
v 2.276719 3.599985 3.180649
v 2.004201 3.828655 3.193909
v -1.701686 4.0 3.198114
v -1.727206 4.0 3.199719
v -1.727206 4.0 4.06
v -1.69262 4.0 3.197544
v -1.244178 4.0 3.160316
v -1.297673 4.0 3.165568
v 1.727206 4.0 3.199719
v 1.702041 4.0 3.197789
v 1.727206 4.0 4.06
v 1.690045 4.0 3.19687
v 0.732776 4.0 3.111186
v 0.649509 4.0 3.105045
v -1.333871 4.0 3.168601
v -1.639444 4.0 3.194199
v 1.369857 4.0 3.172315
v 1.333845 4.0 3.168811
v 1.241821 4.0 3.159857
v 1.042141 4.0 3.140429
v 0.984933 4.0 3.135021
v 0.59085 4.0 3.100719
v 0.434617 4.0 3.089197
v 0.322667 4.0 3.084711
v -0.196347 4.0 3.078788
v -0.322699 4.0 3.084863
v -0.506736 4.0 3.093713
v -0.588705 4.0 3.100542
v -0.649872 4.0 3.105639
v -0.897093 4.0 3.126237
v -0.985351 4.0 3.134902
v 0.142231 4.0 3.07748
v -0.0 4.0 3.07754
v -0.148103 4.0 3.077602
v 3.7 -3.0 4.06
v 3.7 -2.424084 3.21
v 3.7 -2.27909 3.21
v 3.7 -2.124969 3.21
v 3.7 -1.961457 3.21
v 3.7 -1.788352 3.21
v 3.7 -1.710309 3.21
v 3.7 -1.531805 3.21
v 3.7 -1.354284 3.21
v 3.7 -1.177859 3.21
v 3.7 -1.003056 3.21
v 3.7 -0.830412 3.21
v 3.7 -0.660412 3.21
v 3.7 -0.493356 3.21
v 3.7 -0.329223 3.21
v 3.7 -0.242495 3.21
v 3.7 -0.079627 3.21
v 3.7 3.0 4.06
v 3.7 0.082395 3.21
v 3.7 0.245579 3.21
v 3.7 0.412383 3.21
v 3.7 0.585042 3.21
v 3.7 0.765231 3.21
v 3.7 0.880261 3.21
v 3.7 1.070722 3.21
v 3.7 1.256535 3.21
v 3.7 1.437524 3.21
v 3.7 1.61313 3.21
v 3.7 1.783001 3.21
v 3.7 1.946963 3.21
v 3.7 2.104953 3.21
v 3.7 2.256961 3.21
v 3.7 2.289389 3.21
v 3.7 2.423901 3.21
v -3.122257 2.161319 2.912661
v -3.057161 2.116257 2.83349
v -3.099744 2.016894 2.810809
v -3.21847 2.22792 3.015611
v -3.187353 2.20638 2.991831
v -3.217507 2.101338 2.966915
v -3.447558 2.386502 3.155359
v -3.343251 2.314297 3.110969
v -3.3613 2.200425 3.088871
v -2.892215 -2.002077 2.365843
v -2.898392 -2.006353 2.432521
v -2.962343 -1.906283 2.425699
v -3.122257 -2.161319 2.912661
v -3.187353 -2.20638 2.991831
v -3.217548 -2.101196 2.966886
v -3.327708 -2.303538 3.099091
v -3.343251 -2.314297 3.110969
v -3.361325 -2.200272 3.088844
v -3.447558 -2.386502 3.155359
v -3.517038 -2.434598 3.184928
v -3.524612 -2.309491 3.171126
v -3.571862 -2.472549 3.192441
v -3.21847 -2.22792 3.015611
v -3.057161 -2.116257 2.83349
v -2.922705 -2.023183 2.517023
v -2.959203 -2.048448 2.643884
v -3.013427 -1.950791 2.627618
v -2.96897 -2.055209 2.662787
v -3.02167 -1.806615 2.425979
v -3.035467 -1.782371 2.42694
v -3.097463 -1.667739 2.435434
v -3.157162 -1.547092 2.450186
v -3.213979 -1.420532 2.470498
v -3.267331 -1.288204 2.49556
v -3.316629 -1.150337 2.524393
v -3.361275 -1.007308 2.555799
v -3.40068 -0.859659 2.588305
v -3.43439 -0.707636 2.620245
v -3.451508 -0.615551 2.638133
v -3.473455 -0.470981 2.662937
v -3.488951 -0.332168 2.681863
v -3.49881 -0.197878 2.694579
v -3.503613 -0.066402 2.700978
v -3.503654 0.064171 2.701032
v -3.498945 0.195395 2.694757
v -3.494493 0.265236 2.688942
v -3.482356 0.397297 2.673655
v -3.464994 0.531495 2.653112
v -3.442106 0.667753 2.62816
v -3.413427 0.80572 2.5999
v -3.378751 0.944881 2.56962
v -3.337935 1.084663 2.538711
v -3.290898 1.22448 2.508625
v -3.237494 1.364043 2.480799
v -3.212207 1.424682 2.469769
v -3.151888 1.558217 2.448617
v -3.089553 1.68292 2.433968
v -3.571862 2.472549 3.192441
v -3.533421 -2.185696 3.159715
v -3.53569 -2.155688 3.157264
v -3.546815 -2.014294 3.147244
v -3.55884 -1.866236 3.139213
v -3.571351 -1.711613 3.133158
v -3.583955 -1.550568 3.129004
v -3.596276 -1.383347 3.126614
v -3.607953 -1.210364 3.125782
v -3.618642 -1.032232 3.126229
v -3.628056 -0.849196 3.127607
v -3.632927 -0.738473 3.1287
v -3.63926 -0.564824 3.130533
v -3.643789 -0.398249 3.132149
v -3.646695 -0.237205 3.133327
v -3.648118 -0.079592 3.133946
v -3.64813 0.076919 3.133952
v -3.646735 0.234228 3.133344
v -3.64542 0.317972 3.132796
v -3.641856 0.476387 3.131427
v -3.636807 0.637486 3.129766
v -3.630244 0.801228 3.128065
v -3.622173 0.96725 3.126635
v -3.61265 1.135 3.125834
v -3.601789 1.303861 3.12605
v -3.589767 1.473211 3.127679
v -3.576809 1.642794 3.131136
v -3.570946 1.716673 3.133322
v -3.557729 1.879861 3.139855
v -3.545315 2.032977 3.148429
v -3.534136 2.176172 3.158924
v -3.524601 2.309659 3.171143
v -3.517038 2.434598 3.184928
v -3.38236 2.077443 3.069882
v -3.405875 1.944313 3.054215
v -3.431123 1.80086 3.042136
v -3.457345 1.646977 3.033774
v -3.468813 1.577031 3.031306
v -3.49388 1.415926 3.028255
v -3.516843 1.254409 3.028203
v -3.53739 1.09285 3.030388
v -3.555271 0.931955 3.034075
v -3.570339 0.772406 3.038556
v -3.582538 0.614811 3.04318
v -3.591891 0.459585 3.047382
v -3.598479 0.306823 3.050709
v -3.600906 0.226033 3.052016
v -3.603478 0.074234 3.053452
v -3.603456 -0.076814 3.053439
v -3.600832 -0.228906 3.051976
v -3.595466 -0.384248 3.049148
v -3.587085 -0.544817 3.045149
v -3.575331 -0.712032 3.040336
v -3.566261 -0.818531 3.037213
v -3.548654 -0.994323 3.032511
v -3.528525 -1.165011 3.029182
v -3.506344 -1.330289 3.027903
v -3.482681 -1.489504 3.029227
v -3.45814 -1.642192 3.033581
v -3.433349 -1.788049 3.041271
v -3.408966 -1.926865 3.052497
v -3.385688 -2.058469 3.067357
v -3.38082 -2.086257 3.07109
v -3.327708 2.303538 3.099091
v -3.250851 1.986924 2.946499
v -3.286725 1.862185 2.930767
v -3.32421 1.72697 2.919952
v -3.362341 1.581194 2.914112
v -3.378817 1.514727 2.913099
v -3.41448 1.361233 2.913949
v -3.446796 1.206877 2.918341
v -3.475465 1.052107 2.925241
v -3.500251 0.897676 2.933642
v -3.52103 0.744306 2.942587
v -3.537787 0.592636 2.951191
v -3.550597 0.443116 2.958691
v -3.559602 0.295877 2.964484
v -3.562915 0.217982 2.966732
v -3.566424 0.071594 2.969182
v -3.566394 -0.074083 2.969161
v -3.562814 -0.220752 2.966663
v -3.555485 -0.370512 2.96178
v -3.544019 -0.525228 2.954735
v -3.527895 -0.68622 2.945954
v -3.515416 -0.788665 2.939989
v -3.491096 -0.95757 2.930263
v -3.463122 -1.121277 2.921912
v -3.432059 -1.279445 2.915905
v -3.398602 -1.431399 2.913057
v -3.363487 -1.57665 2.914012
v -3.327475 -1.71486 2.919255
v -3.291364 -1.845781 2.929136
v -3.256 -1.969197 2.943879
v -3.248458 -1.995152 2.947761
v -3.144963 1.9083 2.793797
v -3.192177 1.789566 2.782551
v -3.240392 1.660541 2.777191
v -3.288563 1.521143 2.777646
v -3.309155 1.4575 2.779584
v -3.353346 1.310355 2.787319
v -3.392994 1.162181 2.798579
v -3.427901 1.013446 2.812132
v -3.457898 0.864903 2.826773
v -3.482931 0.717276 2.841351
v -3.503045 0.571204 2.854807
v -3.51838 0.427141 2.866228
v -3.52914 0.285234 2.874903
v -3.533096 0.210147 2.878238
v -3.537282 0.069023 2.88186
v -3.537247 -0.071422 2.881828
v -3.532975 -0.212817 2.878136
v -3.524224 -0.35717 2.870868
v -3.51051 -0.506263 2.860234
v -3.491178 -0.661342 2.846669
v -3.476177 -0.759984 2.837191
v -3.446836 -0.922527 2.821032
v -3.4129 -1.079936 2.80587
v -3.374955 -1.231864 2.792932
v -3.333731 -1.377646 2.783276
v -3.289999 -1.516794 2.777747
v -3.244548 -1.648972 2.777004
v -3.198199 -1.773928 2.781554
v -3.151818 -1.891446 2.791773
v -3.141766 -1.91612 2.794789
v -3.099801 -2.016759 2.810783
v -3.037609 -2.102723 2.795645
v -3.037609 2.102723 2.795645
v -2.96897 2.055209 2.662787
v -3.013355 1.950923 2.627635
v -3.069006 1.844771 2.617995
v -3.125651 1.729081 2.61493
v -3.182335 1.603687 2.618395
v -3.238053 1.468487 2.628152
v -3.261637 1.406833 2.634226
v -3.311842 1.264428 2.651197
v -3.356473 1.12118 2.671219
v -3.395484 0.977505 2.692934
v -3.428818 0.834104 2.714993
v -3.456513 0.691652 2.736105
v -3.478692 0.550748 2.755083
v -3.495559 0.411817 2.770904
v -3.507372 0.274989 2.782777
v -3.51171 0.202596 2.787314
v -3.5163 0.066542 2.792222
v -3.51626 -0.068854 2.79218
v -3.511578 -0.20517 2.787175
v -3.501976 -0.344348 2.777269
v -3.486906 -0.488117 2.762629
v -3.465615 -0.637693 2.743656
v -3.449051 -0.732857 2.730148
v -3.416545 -0.889725 2.706468
v -3.37875 -1.041721 2.683108
v -3.336212 -1.18853 2.661524
v -3.289622 -1.32953 2.642991
v -3.239701 -1.464272 2.628539
v -3.187175 -1.592457 2.618991
v -3.132788 -1.713868 2.61501
v -3.077313 -1.828328 2.61713
v -3.065122 -1.852403 2.61845
v -2.959203 2.048448 2.643884
v -2.96226 1.906418 2.425703
v -3.026073 1.798924 2.426249
v -2.922705 2.023183 2.517023
v -2.898392 2.006353 2.432521
v -2.892215 2.002077 2.365843
v 2.717925 2.224684 2.366435
v 2.892215 2.002077 2.365843
v 1.110749 3.332052 2.366435
v 0.56264 3.466954 2.366435
v -1.630169 3.11109 2.366435
v -0.626701 3.861692 3.019017
v -0.314367 3.899564 3.019017
v -0.304779 3.780628 2.917107
v -0.966958 3.928764 3.101007
v -0.648134 3.993759 3.101007
v -1.640573 3.856534 3.161057
v -1.325375 3.975893 3.161057
v -1.279528 3.838359 3.101007
v -3.361172 2.751197 3.197688
v -3.12923 3.012388 3.197688
v -3.019305 2.906568 3.161057
v 3.361172 2.751197 3.197688
v 0.648134 3.993759 3.101007
v 0.626701 3.861692 3.019017
v 1.700302 3.996941 3.197688
v -2.775983 3.139786 3.161057
v -2.514708 3.352698 3.161057
v -1.945161 3.712235 3.161057
v -1.700302 3.996941 3.197688
v -1.816966 3.978726 3.202027
v -1.773329 3.994609 3.201584
v -2.780074 3.205391 3.17642
v -2.736437 3.221273 3.171919
v 3.12923 3.012388 3.197688
v 3.019305 2.906568 3.161057
v 2.736437 3.221273 3.171919
v 2.775983 3.139786 3.161057
v 2.514708 3.352698 3.161057
v 2.780074 3.205391 3.17642
v 2.237169 3.543926 3.161057
v 1.945161 3.712235 3.161057
v 1.640573 3.856534 3.161057
v 1.325375 3.975893 3.161057
v 1.773329 3.994609 3.201584
v 1.816966 3.978726 3.202027
v 0.966958 3.928764 3.101007
v 1.279528 3.838359 3.101007
v 0.314367 3.899564 3.019017
v -0.0 3.912215 3.019017
v -3.130915 2.562726 3.101007
v 3.343251 2.314297 3.110969
v 3.130915 2.562726 3.101007
v 3.447558 2.386502 3.155359
v 3.243099 2.654552 3.161057
v 3.517038 2.434598 3.184928
v 3.571862 2.472549 3.192441
v -3.027381 2.477981 3.019017
v -0.0 3.690983 2.797785
v -0.0 3.792893 2.917107
v 0.290002 3.597323 2.66399
v 0.29659 3.679047 2.797785
v 0.304779 3.780628 2.917107
v 3.327708 2.303538 3.099091
v 3.21847 2.22792 3.015611
v 3.027381 2.477981 3.019017
v 3.187353 2.20638 2.991831
v 2.935046 2.402403 2.917107
v 3.122257 2.161319 2.912661
v 2.856185 2.337854 2.797785
v 3.057161 2.116257 2.83349
v -2.600023 2.502942 2.66399
v -2.79274 2.285922 2.66399
v -2.856185 2.337854 2.797785
v 0.568509 3.503113 2.519017
v 0.578128 3.562387 2.66399
v 0.591262 3.643318 2.797785
v 0.607587 3.743912 2.917107
v -2.746271 2.247886 2.519017
v -2.556761 2.461295 2.519017
v -2.350715 2.658785 2.519017
v 0.839409 3.410532 2.366435
v 0.848164 3.446102 2.519017
v 0.862515 3.504412 2.66399
v 0.88211 3.584025 2.797785
v 0.906466 3.682982 2.917107
v 0.934982 3.798846 3.019017
v -2.717925 2.224684 2.366435
v -2.53037 2.43589 2.366435
v -2.326451 2.631341 2.366435
v -2.107486 2.809775 2.366435
v -1.87489 2.970037 2.366435
v -2.129466 2.83908 2.519017
v -2.39049 2.703773 2.66399
v -2.65909 2.559804 2.797785
v -2.935046 2.402403 2.917107
v -1.110749 3.332052 2.366435
v -1.374905 3.232022 2.366435
v -1.389245 3.265731 2.519017
v -1.647171 3.143537 2.519017
v -1.675042 3.196728 2.66399
v -1.9265 3.051792 2.66399
v -1.970266 3.121123 2.797785
v -2.214694 2.952708 2.797785
v -2.275843 3.034235 2.917107
v -2.5123 2.841547 2.917107
v -2.591335 2.930939 3.019017
v -2.818472 2.713234 3.019017
v -2.914861 2.806025 3.101007
v -3.243099 2.654552 3.161057
v -2.679957 3.031175 3.101007
v -2.42772 3.236722 3.101007
v -2.347439 3.129689 3.019017
v -2.088361 3.308198 3.019017
v -2.024666 3.207299 2.917107
v -1.760396 3.35962 2.917107
v -1.713096 3.269351 2.797785
v -1.444847 3.396435 2.797785
v -1.412752 3.320989 2.66399
v -1.141324 3.423772 2.66399
v -1.122334 3.366804 2.519017
v -0.848164 3.446102 2.519017
v -0.839409 3.410532 2.366435
v -0.56264 3.466954 2.366435
v -2.237169 3.543926 3.161057
v -2.159781 3.421336 3.101007
v -1.877875 3.583822 3.101007
v -1.815776 3.465311 3.019017
v -1.531449 3.600013 3.019017
v -1.48474 3.490213 2.917107
v -1.199481 3.598233 2.917107
v -1.167253 3.501553 2.797785
v -0.88211 3.584025 2.797785
v -0.862515 3.504412 2.66399
v -0.578128 3.562387 2.66399
v -0.568509 3.503113 2.519017
v -0.285176 3.537467 2.519017
v -0.282233 3.500954 2.366435
v -0.0 3.512312 2.366435
v -1.583823 3.72313 3.101007
v -1.237216 3.711431 3.019017
v -0.906466 3.682982 2.917107
v -0.591262 3.643318 2.797785
v -0.290002 3.597323 2.66399
v -0.0 3.548944 2.519017
v 0.282233 3.500954 2.366435
v 2.914861 2.806025 3.101007
v 2.818472 2.713234 3.019017
v 2.732509 2.630481 2.917107
v 2.65909 2.559804 2.797785
v 2.79274 2.285922 2.66399
v 2.600023 2.502942 2.66399
v 2.746271 2.247886 2.519017
v 2.556761 2.461295 2.519017
v 2.53037 2.43589 2.366435
v 3.037609 2.102723 2.795645
v 2.96897 2.055209 2.662787
v 2.959203 2.048448 2.643884
v 2.922705 2.023183 2.517023
v 2.898392 2.006353 2.432521
v -1.894445 3.001013 2.519017
v -2.165498 2.887119 2.66399
v -2.444798 2.765198 2.797785
v -2.732509 2.630481 2.917107
v 0.285176 3.537467 2.519017
v -0.0 3.608994 2.66399
v -0.29659 3.679047 2.797785
v -0.607587 3.743912 2.917107
v -0.934982 3.798846 3.019017
v 1.237216 3.711431 3.019017
v 1.199481 3.598233 2.917107
v 1.167253 3.501553 2.797785
v 1.141324 3.423772 2.66399
v 1.122334 3.366804 2.519017
v 1.583823 3.72313 3.101007
v 1.531449 3.600013 3.019017
v 1.48474 3.490213 2.917107
v 1.444847 3.396435 2.797785
v 1.412752 3.320989 2.66399
v 1.389245 3.265731 2.519017
v 1.374905 3.232022 2.366435
v 1.630169 3.11109 2.366435
v 1.877875 3.583822 3.101007
v 1.815776 3.465311 3.019017
v 1.760396 3.35962 2.917107
v 1.713096 3.269351 2.797785
v 1.675042 3.196728 2.66399
v 1.647171 3.143537 2.519017
v 2.159781 3.421336 3.101007
v 2.088361 3.308198 3.019017
v 2.024666 3.207299 2.917107
v 1.970266 3.121123 2.797785
v 1.9265 3.051792 2.66399
v 1.894445 3.001013 2.519017
v 1.87489 2.970037 2.366435
v 2.107486 2.809775 2.366435
v 2.42772 3.236722 3.101007
v 2.347439 3.129689 3.019017
v 2.275843 3.034235 2.917107
v 2.214694 2.952708 2.797785
v 2.165498 2.887119 2.66399
v 2.129466 2.83908 2.519017
v 2.679957 3.031175 3.101007
v 2.591335 2.930939 3.019017
v 2.5123 2.841547 2.917107
v 2.444798 2.765198 2.797785
v 2.39049 2.703773 2.66399
v 2.350715 2.658785 2.519017
v 2.326451 2.631341 2.366435
v -2.107486 -2.809775 2.366435
v 0.56264 -3.466954 2.366435
v 2.898392 -2.006353 2.432521
v 2.922705 -2.023183 2.517023
v 2.746271 -2.247886 2.519017
v 0.626701 -3.861692 3.019017
v 0.314367 -3.899564 3.019017
v 0.304779 -3.780628 2.917107
v 0.966958 -3.928764 3.101007
v 0.648134 -3.993759 3.101007
v 1.640573 -3.856534 3.161057
v 1.325375 -3.975893 3.161057
v 1.279528 -3.838359 3.101007
v 3.361172 -2.751197 3.197688
v 3.12923 -3.012388 3.197688
v 3.019305 -2.906568 3.161057
v 3.517038 -2.434598 3.184928
v 3.571862 -2.472549 3.192441
v -3.361172 -2.751197 3.197688
v -0.648134 -3.993759 3.101007
v -0.626701 -3.861692 3.019017
v -1.700302 -3.996941 3.197688
v 2.775983 -3.139786 3.161057
v 2.514708 -3.352698 3.161057
v 1.945161 -3.712235 3.161057
v 1.700302 -3.996941 3.197688
v 1.816966 -3.978726 3.202027
v 1.773329 -3.994609 3.201584
v 2.780074 -3.205391 3.17642
v 2.736437 -3.221273 3.171919
v -3.12923 -3.012388 3.197688
v -3.019305 -2.906568 3.161057
v -2.736437 -3.221273 3.171919
v -2.775983 -3.139786 3.161057
v -2.514708 -3.352698 3.161057
v -2.780074 -3.205391 3.17642
v -2.237169 -3.543926 3.161057
v -1.945161 -3.712235 3.161057
v -1.640573 -3.856534 3.161057
v -1.325375 -3.975893 3.161057
v -1.773329 -3.994609 3.201584
v -1.816966 -3.978726 3.202027
v -1.279528 -3.838359 3.101007
v -0.966958 -3.928764 3.101007
v -0.314367 -3.899564 3.019017
v -0.0 -3.912215 3.019017
v 3.130915 -2.562726 3.101007
v 3.327708 -2.303538 3.099091
v 3.343251 -2.314297 3.110969
v -3.130915 -2.562726 3.101007
v -3.243099 -2.654552 3.161057
v 3.187353 -2.20638 2.991831
v 3.21847 -2.22792 3.015611
v 3.027381 -2.477981 3.019017
v -0.0 -3.690983 2.797785
v -0.0 -3.792893 2.917107
v -0.290002 -3.597323 2.66399
v -0.29659 -3.679047 2.797785
v -0.304779 -3.780628 2.917107
v -3.027381 -2.477981 3.019017
v -2.935046 -2.402403 2.917107
v -2.856185 -2.337854 2.797785
v -0.568509 -3.503113 2.519017
v -0.578128 -3.562387 2.66399
v -0.591262 -3.643318 2.797785
v -0.607587 -3.743912 2.917107
v 2.959203 -2.048448 2.643884
v 2.79274 -2.285922 2.66399
v 2.96897 -2.055209 2.662787
v 3.037609 -2.102723 2.795645
v 0.934982 -3.798846 3.019017
v 0.607587 -3.743912 2.917107
v 0.29659 -3.679047 2.797785
v -0.0 -3.608994 2.66399
v -0.285176 -3.537467 2.519017
v -0.56264 -3.466954 2.366435
v 2.892215 -2.002077 2.365843
v 2.717925 -2.224684 2.366435
v 2.53037 -2.43589 2.366435
v 2.107486 -2.809775 2.366435
v 2.326451 -2.631341 2.366435
v 2.350715 -2.658785 2.519017
v 2.556761 -2.461295 2.519017
v 2.600023 -2.502942 2.66399
v 2.856185 -2.337854 2.797785
v 3.057161 -2.116257 2.83349
v 1.630169 -3.11109 2.366435
v 1.87489 -2.970037 2.366435
v 1.894445 -3.001013 2.519017
v 2.129466 -2.83908 2.519017
v 2.165498 -2.887119 2.66399
v 2.39049 -2.703773 2.66399
v 2.444798 -2.765198 2.797785
v 2.65909 -2.559804 2.797785
v 2.732509 -2.630481 2.917107
v 2.935046 -2.402403 2.917107
v 3.122257 -2.161319 2.912661
v 1.110749 -3.332052 2.366435
v 1.374905 -3.232022 2.366435
v 1.389245 -3.265731 2.519017
v 1.647171 -3.143537 2.519017
v 1.675042 -3.196728 2.66399
v 1.9265 -3.051792 2.66399
v 1.970266 -3.121123 2.797785
v 2.214694 -2.952708 2.797785
v 2.275843 -3.034235 2.917107
v 2.5123 -2.841547 2.917107
v 2.591335 -2.930939 3.019017
v 2.818472 -2.713234 3.019017
v 2.914861 -2.806025 3.101007
v 3.243099 -2.654552 3.161057
v 3.447558 -2.386502 3.155359
v 0.839409 -3.410532 2.366435
v 1.122334 -3.366804 2.519017
v 1.412752 -3.320989 2.66399
v 1.713096 -3.269351 2.797785
v 2.024666 -3.207299 2.917107
v 2.347439 -3.129689 3.019017
v 2.679957 -3.031175 3.101007
v 2.237169 -3.543926 3.161057
v 2.159781 -3.421336 3.101007
v 1.877875 -3.583822 3.101007
v 1.815776 -3.465311 3.019017
v 1.531449 -3.600013 3.019017
v 1.48474 -3.490213 2.917107
v 1.199481 -3.598233 2.917107
v 1.167253 -3.501553 2.797785
v 0.88211 -3.584025 2.797785
v 0.862515 -3.504412 2.66399
v 0.578128 -3.562387 2.66399
v 0.568509 -3.503113 2.519017
v 0.285176 -3.537467 2.519017
v 0.282233 -3.500954 2.366435
v -0.0 -3.512312 2.366435
v -2.914861 -2.806025 3.101007
v -2.818472 -2.713234 3.019017
v -2.732509 -2.630481 2.917107
v -2.65909 -2.559804 2.797785
v -2.79274 -2.285922 2.66399
v -2.600023 -2.502942 2.66399
v -2.746271 -2.247886 2.519017
v -2.556761 -2.461295 2.519017
v -2.717925 -2.224684 2.366435
v -2.53037 -2.43589 2.366435
v 0.848164 -3.446102 2.519017
v 1.141324 -3.423772 2.66399
v 1.444847 -3.396435 2.797785
v 1.760396 -3.35962 2.917107
v 2.088361 -3.308198 3.019017
v 2.42772 -3.236722 3.101007
v -0.282233 -3.500954 2.366435
v -0.0 -3.548944 2.519017
v 0.290002 -3.597323 2.66399
v 0.591262 -3.643318 2.797785
v 0.906466 -3.682982 2.917107
v 1.237216 -3.711431 3.019017
v 1.583823 -3.72313 3.101007
v -0.934982 -3.798846 3.019017
v -0.906466 -3.682982 2.917107
v -0.88211 -3.584025 2.797785
v -0.862515 -3.504412 2.66399
v -0.848164 -3.446102 2.519017
v -0.839409 -3.410532 2.366435
v -1.110749 -3.332052 2.366435
v -1.237216 -3.711431 3.019017
v -1.199481 -3.598233 2.917107
v -1.167253 -3.501553 2.797785
v -1.141324 -3.423772 2.66399
v -1.122334 -3.366804 2.519017
v -1.583823 -3.72313 3.101007
v -1.531449 -3.600013 3.019017
v -1.48474 -3.490213 2.917107
v -1.444847 -3.396435 2.797785
v -1.412752 -3.320989 2.66399
v -1.389245 -3.265731 2.519017
v -1.374905 -3.232022 2.366435
v -1.630169 -3.11109 2.366435
v -1.877875 -3.583822 3.101007
v -1.815776 -3.465311 3.019017
v -1.760396 -3.35962 2.917107
v -1.713096 -3.269351 2.797785
v -1.675042 -3.196728 2.66399
v -1.647171 -3.143537 2.519017
v -1.87489 -2.970037 2.366435
v -2.159781 -3.421336 3.101007
v -2.088361 -3.308198 3.019017
v -2.024666 -3.207299 2.917107
v -1.970266 -3.121123 2.797785
v -1.9265 -3.051792 2.66399
v -1.894445 -3.001013 2.519017
v -2.42772 -3.236722 3.101007
v -2.347439 -3.129689 3.019017
v -2.275843 -3.034235 2.917107
v -2.214694 -2.952708 2.797785
v -2.165498 -2.887119 2.66399
v -2.129466 -2.83908 2.519017
v -2.679957 -3.031175 3.101007
v -2.591335 -2.930939 3.019017
v -2.5123 -2.841547 2.917107
v -2.444798 -2.765198 2.797785
v -2.39049 -2.703773 2.66399
v -2.350715 -2.658785 2.519017
v -2.326451 -2.631341 2.366435
v 2.96226 -1.906418 2.425703
v 3.212207 -1.424682 2.469769
v 3.337935 -1.084663 2.538711
v 3.442106 -0.667753 2.62816
v 3.498945 -0.195395 2.694757
v 3.488951 0.332168 2.681863
v 3.43439 0.707636 2.620245
v 3.316629 1.150337 2.524393
v 2.962343 1.906283 2.425699
v 3.013427 1.950791 2.627618
v 3.524612 2.309491 3.171126
v 3.361325 2.200272 3.088844
v 3.217548 2.101196 2.966886
v 3.099801 2.016759 2.810783
v 3.141766 1.91612 2.794789
v 3.065122 1.852403 2.61845
v 3.077313 1.828328 2.61713
v 3.02167 1.806615 2.425979
v 3.035467 1.782371 2.42694
v 3.097463 1.667739 2.435434
v 3.157162 1.547092 2.450186
v 3.132788 1.713868 2.61501
v 3.151818 1.891446 2.791773
v 3.248458 1.995152 2.947761
v 3.213979 1.420532 2.470498
v 3.187175 1.592457 2.618991
v 3.198199 1.773928 2.781554
v 3.256 1.969197 2.943879
v 3.38082 2.086257 3.07109
v 3.267331 1.288204 2.49556
v 3.239701 1.464272 2.628539
v 3.244548 1.648972 2.777004
v 3.291364 1.845781 2.929136
v 3.385688 2.058469 3.067357
v 3.533421 2.185696 3.159715
v 3.289622 1.32953 2.642991
v 3.289999 1.516794 2.777747
v 3.327475 1.71486 2.919255
v 3.408966 1.926865 3.052497
v 3.53569 2.155688 3.157264
v 3.361275 1.007308 2.555799
v 3.336212 1.18853 2.661524
v 3.333731 1.377646 2.783276
v 3.363487 1.57665 2.914012
v 3.433349 1.788049 3.041271
v 3.546815 2.014294 3.147244
v 3.40068 0.859659 2.588305
v 3.37875 1.041721 2.683108
v 3.374955 1.231864 2.792932
v 3.398602 1.431399 2.913057
v 3.45814 1.642192 3.033581
v 3.55884 1.866236 3.139213
v 3.416545 0.889725 2.706468
v 3.4129 1.079936 2.80587
v 3.432059 1.279445 2.915905
v 3.482681 1.489504 3.029227
v 3.571351 1.711613 3.133158
v 3.451508 0.615551 2.638133
v 3.449051 0.732857 2.730148
v 3.446836 0.922527 2.821032
v 3.463122 1.121277 2.921912
v 3.506344 1.330289 3.027903
v 3.583955 1.550568 3.129004
v 3.473455 0.470981 2.662937
v 3.465615 0.637693 2.743656
v 3.476177 0.759984 2.837191
v 3.491096 0.95757 2.930263
v 3.528525 1.165011 3.029182
v 3.596276 1.383347 3.126614
v 3.486906 0.488117 2.762629
v 3.491178 0.661342 2.846669
v 3.515416 0.788665 2.939989
v 3.548654 0.994323 3.032511
v 3.607953 1.210364 3.125782
v 3.49881 0.197878 2.694579
v 3.501976 0.344348 2.777269
v 3.51051 0.506263 2.860234
v 3.527895 0.68622 2.945954
v 3.566261 0.818531 3.037213
v 3.618642 1.032232 3.126229
v 3.503613 0.066402 2.700978
v 3.511578 0.20517 2.787175
v 3.524224 0.35717 2.870868
v 3.544019 0.525228 2.954735
v 3.575331 0.712032 3.040336
v 3.628056 0.849196 3.127607
v 3.503654 -0.064171 2.701032
v 3.51626 0.068854 2.79218
v 3.532975 0.212817 2.878136
v 3.555485 0.370512 2.96178
v 3.587085 0.544817 3.045149
v 3.632927 0.738473 3.1287
v 3.5163 -0.066542 2.792222
v 3.537247 0.071422 2.881828
v 3.562814 0.220752 2.966663
v 3.595466 0.384248 3.049148
v 3.63926 0.564824 3.130533
v 3.494493 -0.265236 2.688942
v 3.51171 -0.202596 2.787314
v 3.537282 -0.069023 2.88186
v 3.566394 0.074083 2.969161
v 3.600832 0.228906 3.051976
v 3.643789 0.398249 3.132149
v 3.482356 -0.397297 2.673655
v 3.507372 -0.274989 2.782777
v 3.533096 -0.210147 2.878238
v 3.566424 -0.071594 2.969182
v 3.603456 0.076814 3.053439
v 3.646695 0.237205 3.133327
v 3.464994 -0.531495 2.653112
v 3.495559 -0.411817 2.770904
v 3.52914 -0.285234 2.874903
v 3.562915 -0.217982 2.966732
v 3.603478 -0.074234 3.053452
v 3.648118 0.079592 3.133946
v 3.478692 -0.550748 2.755083
v 3.51838 -0.427141 2.866228
v 3.559602 -0.295877 2.964484
v 3.600906 -0.226033 3.052016
v 3.64813 -0.076919 3.133952
v 3.413427 -0.80572 2.5999
v 3.456513 -0.691652 2.736105
v 3.503045 -0.571204 2.854807
v 3.550597 -0.443116 2.958691
v 3.598479 -0.306823 3.050709
v 3.646735 -0.234228 3.133344
v 3.378751 -0.944881 2.56962
v 3.428818 -0.834104 2.714993
v 3.482931 -0.717276 2.841351
v 3.537787 -0.592636 2.951191
v 3.591891 -0.459585 3.047382
v 3.64542 -0.317972 3.132796
v 3.395484 -0.977505 2.692934
v 3.457898 -0.864903 2.826773
v 3.52103 -0.744306 2.942587
v 3.582538 -0.614811 3.04318
v 3.641856 -0.476387 3.131427
v 3.290898 -1.22448 2.508625
v 3.356473 -1.12118 2.671219
v 3.427901 -1.013446 2.812132
v 3.500251 -0.897676 2.933642
v 3.570339 -0.772406 3.038556
v 3.636807 -0.637486 3.129766
v 3.237494 -1.364043 2.480799
v 3.311842 -1.264428 2.651197
v 3.392994 -1.162181 2.798579
v 3.475465 -1.052107 2.925241
v 3.555271 -0.931955 3.034075
v 3.630244 -0.801228 3.128065
v 3.261637 -1.406833 2.634226
v 3.353346 -1.310355 2.787319
v 3.446796 -1.206877 2.918341
v 3.53739 -1.09285 3.030388
v 3.622173 -0.96725 3.126635
v 3.151888 -1.558217 2.448617
v 3.238053 -1.468487 2.628152
v 3.309155 -1.4575 2.779584
v 3.41448 -1.361233 2.913949
v 3.516843 -1.254409 3.028203
v 3.61265 -1.135 3.125834
v 3.089553 -1.68292 2.433968
v 3.182335 -1.603687 2.618395
v 3.288563 -1.521143 2.777646
v 3.378817 -1.514727 2.913099
v 3.49388 -1.415926 3.028255
v 3.601789 -1.303861 3.12605
v 3.026073 -1.798924 2.426249
v 3.125651 -1.729081 2.61493
v 3.240392 -1.660541 2.777191
v 3.362341 -1.581194 2.914112
v 3.468813 -1.577031 3.031306
v 3.589767 -1.473211 3.127679
v 3.534136 -2.176172 3.158924
v 3.069006 -1.844771 2.617995
v 3.192177 -1.789566 2.782551
v 3.32421 -1.72697 2.919952
v 3.457345 -1.646977 3.033774
v 3.576809 -1.642794 3.131136
v 3.524601 -2.309659 3.171143
v 3.3613 -2.200425 3.088871
v 3.545315 -2.032977 3.148429
v 3.38236 -2.077443 3.069882
v 3.217507 -2.101338 2.966915
v 3.557729 -1.879861 3.139855
v 3.405875 -1.944313 3.054215
v 3.250851 -1.986924 2.946499
v 3.099744 -2.016894 2.810809
v 3.570946 -1.716673 3.133322
v 3.431123 -1.80086 3.042136
v 3.286725 -1.862185 2.930767
v 3.144963 -1.9083 2.793797
v 3.013355 -1.950923 2.627635
v 3.375413 -1.739648 1.307339
v 3.445787 -1.775918 1.228168
v 3.476485 -1.638335 1.252978
v 3.283901 -1.692484 1.424355
v 3.305039 -1.703378 1.38651
v 3.347348 -1.572485 1.409203
v 3.861473 1.990157 1.027559
v 3.802204 1.959611 1.035072
v 3.807835 1.848453 1.044923
v 3.72709 1.920898 1.064641
v 3.614326 1.862781 1.109031
v 3.627451 1.759906 1.124905
v 3.479426 1.793255 1.204389
v 3.445787 1.775918 1.228168
v 3.467286 1.679846 1.246205
v 3.126719 1.611474 1.854157
v 3.176253 1.525028 1.793278
v 3.199139 1.648798 1.576116
v 3.159681 1.628462 1.702977
v 3.133397 1.614916 1.787479
v 3.375413 1.739648 1.307339
v 3.305039 1.703378 1.38651
v 3.334832 1.612018 1.403148
v 3.283901 1.692484 1.424355
v 3.597523 1.854121 1.120909
v 3.231661 1.398483 1.795977
v 3.284119 1.264979 1.793648
v 3.322913 1.154918 1.78888
v 3.370441 1.001791 1.779463
v 3.411697 0.844612 1.76801
v 3.44621 0.684142 1.755996
v 3.473622 0.521103 1.744806
v 3.493533 0.357618 1.735724
v 3.505991 0.193946 1.729619
v 3.510566 0.06619 1.727293
v 3.510093 -0.088441 1.727536
v 3.503019 -0.243274 1.731106
v 3.489294 -0.398173 1.737726
v 3.468835 -0.553145 1.746868
v 3.441556 -0.708006 1.75775
v 3.407409 -0.862376 1.769346
v 3.399755 -0.893152 1.771646
v 3.355791 -1.051591 1.782791
v 3.306025 -1.204214 1.791275
v 3.193769 -1.486398 1.79471
v 3.251661 -1.521061 1.592556
v 3.251599 -1.349527 1.795648
v 3.303139 -1.383741 1.602816
v 3.352477 -1.236854 1.607609
v 3.398245 -1.081657 1.607823
v 3.439137 -0.919785 1.604618
v 3.446297 -0.888269 1.603726
v 3.478379 -0.729899 1.598506
v 3.504162 -0.57063 1.592837
v 3.523584 -0.410959 1.587679
v 3.536652 -0.251165 1.583768
v 3.5434 -0.091325 1.581608
v 3.543852 0.068349 1.58146
v 3.539486 0.200251 1.582873
v 3.527617 0.369138 1.58651
v 3.5087 0.537636 1.591701
v 3.482769 0.705378 1.597635
v 3.450315 0.87007 1.603183
v 3.411826 1.030851 1.607114
v 3.367942 1.186818 1.608132
v 3.332524 1.298396 1.606248
v 3.285274 1.432988 1.59988
v 3.236284 1.559595 1.588395
v 3.209697 1.65424 1.557213
v 3.633206 -1.715619 1.130976
v 3.810394 -1.800827 1.048738
v 3.65366 -1.55842 1.149271
v 3.819805 -1.632688 1.060436
v 3.674743 -1.391158 1.163986
v 3.829885 -1.455042 1.070144
v 3.695394 -1.215208 1.175248
v 3.840026 -1.269227 1.077864
v 3.714618 -1.032351 1.183387
v 3.849649 -1.076986 1.083723
v 3.718053 -0.996814 1.184625
v 3.851385 -1.039708 1.084648
v 3.733677 -0.8185 1.189483
v 3.859332 -0.852995 1.088415
v 3.746496 -0.639538 1.19256
v 3.865912 -0.666055 1.090993
v 3.756298 -0.460395 1.194382
v 3.870977 -0.479256 1.092664
v 3.76296 -0.281302 1.195364
v 3.874435 -0.292735 1.093656
v 3.76642 -0.102269 1.195792
v 3.876235 -0.106408 1.094125
v 3.766652 0.076539 1.195819
v 3.876356 0.079636 1.094155
v 3.764411 0.224266 1.19555
v 3.87519 0.233364 1.093856
v 3.758348 0.413508 1.194706
v 3.87204 0.430406 1.092982
v 3.748776 0.602502 1.193025
v 3.867088 0.627412 1.091404
v 3.735844 0.790926 1.19006
v 3.86044 0.824166 1.088882
v 3.719989 0.976301 1.185295
v 3.852365 1.018201 1.085153
v 3.701702 1.157751 1.178152
v 3.843166 1.208737 1.079919
v 3.681611 1.334354 1.168046
v 3.833232 1.394948 1.07289
v 3.666059 1.461139 1.15836
v 3.825695 1.529232 1.066392
v 3.646369 1.614692 1.143269
v 3.816401 1.692727 1.056561
v 3.126719 -1.611474 1.854157
v 3.133397 -1.614916 1.787479
v 3.159681 -1.628462 1.702977
v 3.199139 -1.648798 1.576116
v 3.209697 -1.65424 1.557213
v 3.389919 -1.431341 1.426138
v 3.431545 -1.28001 1.437778
v 3.470761 -1.119834 1.444716
v 3.50622 -0.952547 1.447822
v 3.512466 -0.919956 1.448065
v 3.540575 -0.756104 1.448044
v 3.563306 -0.591215 1.446695
v 3.580505 -0.425835 1.444877
v 3.592112 -0.260277 1.443258
v 3.598117 -0.094642 1.442296
v 3.598519 0.070832 1.442228
v 3.594633 0.207519 1.442865
v 3.584084 0.382509 1.444412
v 3.567319 0.557047 1.446332
v 3.544437 0.730724 1.447899
v 3.515974 0.901133 1.448162
v 3.482496 1.06735 1.446071
v 3.444736 1.228397 1.440533
v 3.414623 1.343451 1.433597
v 3.375037 1.482002 1.420829
v 3.508379 -1.490374 1.272861
v 3.540307 -1.332086 1.288059
v 3.570923 -1.164851 1.298905
v 3.598979 -0.99045 1.305986
v 3.603954 -0.956499 1.306972
v 3.626453 -0.785908 1.310456
v 3.64477 -0.61438 1.312135
v 3.658698 -0.442446 1.312727
v 3.668128 -0.2704 1.312794
v 3.673016 -0.098317 1.312723
v 3.673344 0.073582 1.312715
v 3.67018 0.215585 1.312773
v 3.661603 0.397416 1.312777
v 3.648015 0.57885 1.312326
v 3.629558 0.759498 1.310813
v 3.606752 0.936893 1.307492
v 3.580172 1.11011 1.30153
v 3.550552 1.278168 1.292071
v 3.52725 1.398405 1.282356
v 3.497132 1.54344 1.266437
v 3.479426 -1.793255 1.204389
v 3.597523 -1.854121 1.120909
v 3.614326 -1.862781 1.109031
v 3.72709 -1.920898 1.064641
v 3.802204 -1.959611 1.035072
v 3.861473 -1.990157 1.027559
v 2.981432 -1.856717 1.853566
v 1.515313 -3.168621 1.853566
v -2.007151 -2.882305 1.853566
v -0.474776 -3.883299 1.200983
v -0.158606 -3.908998 1.200983
v -0.153769 -3.789775 1.302893
v -1.808111 -3.780882 1.058944
v -1.495856 -3.91494 1.058944
v -1.444112 -3.779515 1.118994
v 3.687043 -2.296144 1.022312
v 3.488899 -2.587304 1.022312
v -3.267818 -2.861456 1.022312
v -1.133164 -3.884087 1.118994
v 0.158606 -3.908998 1.200983
v 3.025253 -3.116795 1.022312
v -2.665745 -3.233905 1.058944
v -2.108479 -3.621968 1.058944
v -1.87394 -3.918534 1.022312
v -1.816966 -3.978726 1.017973
v -1.773329 -3.994609 1.018416
v -3.025253 -3.116795 1.022312
v -2.91898 -3.007307 1.058944
v -2.782341 -3.204867 1.04329
v -2.757768 -3.21207 1.04616
v -2.734364 -3.22233 1.048234
v 2.665745 -3.233905 1.058944
v 2.734364 -3.22233 1.048234
v 2.91898 -3.007307 1.058944
v 2.75787 -3.212033 1.046149
v 2.782341 -3.204867 1.04329
v 2.394985 -3.439242 1.058944
v 2.108479 -3.621968 1.058944
v 1.87394 -3.918534 1.022312
v 1.808111 -3.780882 1.058944
v 1.773329 -3.994609 1.018416
v 1.816966 -3.978726 1.017973
v 1.495856 -3.91494 1.058944
v 1.133164 -3.884087 1.118994
v 0.474776 -3.883299 1.200983
v -0.814767 -3.963124 1.118994
v -3.802204 -1.959611 1.035072
v -3.861473 -1.990157 1.027559
v -3.687043 -2.296144 1.022312
v -3.434462 -2.138846 1.118994
v -3.597523 -1.854121 1.120909
v -3.614326 -1.862781 1.109031
v 3.434462 -2.138846 1.118994
v 3.557523 -2.215483 1.058944
v -3.445787 -1.775918 1.228168
v -3.479426 -1.793255 1.204389
v -3.32089 -2.068118 1.200983
v 0.149637 -3.687948 1.422215
v 0.153769 -3.789775 1.302893
v 0.437977 -3.582319 1.55601
v 0.447928 -3.663703 1.422215
v 0.460295 -3.76486 1.302893
v 3.32089 -2.068118 1.200983
v 3.219604 -2.005041 1.302893
v 3.133097 -1.951168 1.422215
v -2.898866 -2.149746 1.55601
v -3.0635 -1.907826 1.55601
v -3.133097 -1.951168 1.422215
v -3.283901 -1.692484 1.424355
v -3.305039 -1.703378 1.38651
v 0.71467 -3.47624 1.700983
v 0.726762 -3.53506 1.55601
v 0.743273 -3.61537 1.422215
v 0.763795 -3.715192 1.302893
v 0.787824 -3.83207 1.200983
v 0.814767 -3.963124 1.118994
v -3.159681 -1.628462 1.702977
v -3.199139 -1.648798 1.576116
v -3.209697 -1.65424 1.557213
v -3.133397 -1.614916 1.787479
v -3.012527 -1.876082 1.700983
v -2.850632 -2.113977 1.700983
v -2.669995 -2.337974 1.700983
v 0.983692 -3.371748 1.853566
v 0.993951 -3.406914 1.700983
v 1.010769 -3.464561 1.55601
v 1.033732 -3.543269 1.422215
v 1.062274 -3.6411 1.302893
v 1.095692 -3.755647 1.200983
v -3.126719 -1.611474 1.854157
v -2.981432 -1.856717 1.853566
v -2.821208 -2.092157 1.853566
v -2.642436 -2.313842 1.853566
v -2.446292 -2.520315 1.853566
v -2.234065 -2.710219 1.853566
v -2.471806 -2.546601 1.700983
v -2.715173 -2.377534 1.55601
v -2.964723 -2.198585 1.422215
v -3.219604 -2.005041 1.302893
v -3.375413 -1.739648 1.307339
v -1.515313 -3.168621 1.853566
v -1.76704 -3.035441 1.853566
v -1.78547 -3.067099 1.700983
v -2.028084 -2.912366 1.700983
v -2.062401 -2.961644 1.55601
v -2.295561 -2.784822 1.55601
v -2.347712 -2.848088 1.422215
v -2.570735 -2.648524 1.422215
v -2.641714 -2.721651 1.302893
v -2.853528 -2.498683 1.302893
v -2.943297 -2.57729 1.200983
v -3.142423 -2.330364 1.200983
v -3.249892 -2.410061 1.118994
v -3.557523 -2.215483 1.058944
v -3.72709 -1.920898 1.064641
v -3.488899 -2.587304 1.022312
v -3.153024 -2.760937 1.058944
v -2.818007 -2.903279 1.118994
v -2.573533 -3.122038 1.118994
v -2.48843 -3.018798 1.200983
v -2.23568 -3.210477 1.200983
v -2.167492 -3.112558 1.302893
v -1.908201 -3.277928 1.302893
v -1.85693 -3.189854 1.422215
v -1.592397 -3.329809 1.422215
v -1.557024 -3.255842 1.55601
v -1.288131 -3.371284 1.55601
v -1.266698 -3.315189 1.700983
v -0.993951 -3.406914 1.700983
v -0.983692 -3.371748 1.853566
v -0.707293 -3.440359 1.853566
v -2.312138 -3.320272 1.118994
v -1.968231 -3.381049 1.200983
v -1.636364 -3.421747 1.302893
v -1.317395 -3.447873 1.422215
v -1.010769 -3.464561 1.55601
v -0.71467 -3.47624 1.700983
v -0.426244 -3.486352 1.853566
v -2.394985 -3.439242 1.058944
v -2.035543 -3.496678 1.118994
v -1.687843 -3.529392 1.200983
v -1.353769 -3.543071 1.302893
v -1.033732 -3.543269 1.422215
v -0.726762 -3.53506 1.55601
v -0.43069 -3.522713 1.700983
v -0.142394 -3.509424 1.853566
v -1.745566 -3.650095 1.118994
v -1.396358 -3.654533 1.200983
v -1.095692 -3.755647 1.200983
v -1.062274 -3.6411 1.302893
v -0.763795 -3.715192 1.302893
v -0.743273 -3.61537 1.422215
v -0.447928 -3.663703 1.422215
v -0.437977 -3.582319 1.55601
v -0.146313 -3.606026 1.55601
v -0.143879 -3.546026 1.700983
v 0.143879 -3.546026 1.700983
v 0.142394 -3.509424 1.853566
v 0.426244 -3.486352 1.853566
v -0.787824 -3.83207 1.200983
v -0.460295 -3.76486 1.302893
v -0.149637 -3.687948 1.422215
v 0.146313 -3.606026 1.55601
v 0.43069 -3.522713 1.700983
v 0.707293 -3.440359 1.853566
v 3.36634 -2.496417 1.058944
v 3.249892 -2.410061 1.118994
v 3.142423 -2.330364 1.200983
v 3.04658 -2.259289 1.302893
v 2.964723 -2.198585 1.422215
v 3.0635 -1.907826 1.55601
v 2.898866 -2.149746 1.55601
v 3.012527 -1.876082 1.700983
v 2.850632 -2.113977 1.700983
v 2.821208 -2.092157 1.853566
v -2.257365 -2.738485 1.700983
v -2.51363 -2.589691 1.55601
v -2.776857 -2.431547 1.422215
v -3.04658 -2.259289 1.302893
v -1.253623 -3.28097 1.853566
v -1.531117 -3.201669 1.700983
v -1.815681 -3.118996 1.55601
v -2.109254 -3.028927 1.422215
v -2.412534 -2.926725 1.302893
v -2.724821 -2.807272 1.200983
v -3.043956 -2.665432 1.118994
v -3.36634 -2.496417 1.058944
v 1.253623 -3.28097 1.853566
v 1.444112 -3.779515 1.118994
v 1.396358 -3.654533 1.200983
v 1.353769 -3.543071 1.302893
v 1.317395 -3.447873 1.422215
v 1.288131 -3.371284 1.55601
v 1.266698 -3.315189 1.700983
v 1.745566 -3.650095 1.118994
v 1.687843 -3.529392 1.200983
v 1.636364 -3.421747 1.302893
v 1.592397 -3.329809 1.422215
v 1.557024 -3.255842 1.55601
v 1.531117 -3.201669 1.700983
v 2.035543 -3.496678 1.118994
v 1.968231 -3.381049 1.200983
v 1.908201 -3.277928 1.302893
v 1.85693 -3.189854 1.422215
v 1.815681 -3.118996 1.55601
v 1.78547 -3.067099 1.700983
v 1.76704 -3.035441 1.853566
v 2.312138 -3.320272 1.118994
v 2.23568 -3.210477 1.200983
v 2.167492 -3.112558 1.302893
v 2.109254 -3.028927 1.422215
v 2.062401 -2.961644 1.55601
v 2.028084 -2.912366 1.700983
v 2.007151 -2.882305 1.853566
v 2.234065 -2.710219 1.853566
v 2.573533 -3.122038 1.118994
v 2.48843 -3.018798 1.200983
v 2.412534 -2.926725 1.302893
v 2.347712 -2.848088 1.422215
v 2.295561 -2.784822 1.55601
v 2.257365 -2.738485 1.700983
v 2.446292 -2.520315 1.853566
v 2.818007 -2.903279 1.118994
v 2.724821 -2.807272 1.200983
v 2.641714 -2.721651 1.302893
v 2.570735 -2.648524 1.422215
v 2.51363 -2.589691 1.55601
v 2.471806 -2.546601 1.700983
v 3.267818 -2.861456 1.022312
v 3.153024 -2.760937 1.058944
v 3.043956 -2.665432 1.118994
v 2.943297 -2.57729 1.200983
v 2.853528 -2.498683 1.302893
v 2.776857 -2.431547 1.422215
v 2.715173 -2.377534 1.55601
v 2.669995 -2.337974 1.700983
v 2.642436 -2.313842 1.853566
v -3.375413 1.739648 1.307339
v -3.445787 1.775918 1.228168
v -3.476485 1.638335 1.252978
v -3.283901 1.692484 1.424355
v -3.305039 1.703378 1.38651
v -3.347348 1.572485 1.409203
v -3.807835 -1.848453 1.044923
v -3.627451 -1.759906 1.124905
v -3.467286 -1.679846 1.246205
v -3.176253 -1.525028 1.793278
v -3.334832 -1.612018 1.403148
v -3.231661 -1.398483 1.795977
v -3.284119 -1.264979 1.793648
v -3.322913 -1.154918 1.78888
v -3.370441 -1.001791 1.779463
v -3.411697 -0.844612 1.76801
v -3.44621 -0.684142 1.755996
v -3.473622 -0.521103 1.744806
v -3.493533 -0.357618 1.735724
v -3.505991 -0.193946 1.729619
v -3.510566 -0.06619 1.727293
v -3.510093 0.088441 1.727536
v -3.503019 0.243274 1.731106
v -3.489294 0.398173 1.737726
v -3.468835 0.553145 1.746868
v -3.441556 0.708006 1.75775
v -3.407409 0.862376 1.769346
v -3.399755 0.893152 1.771646
v -3.355791 1.051591 1.782791
v -3.251599 1.349527 1.795648
v -3.303139 1.383741 1.602816
v -3.306025 1.204214 1.791275
v -3.352477 1.236854 1.607609
v -3.398245 1.081657 1.607823
v -3.439137 0.919785 1.604618
v -3.446297 0.888269 1.603726
v -3.478379 0.729899 1.598506
v -3.504162 0.57063 1.592837
v -3.523584 0.410959 1.587679
v -3.536652 0.251165 1.583768
v -3.5434 0.091325 1.581608
v -3.543852 -0.068349 1.58146
v -3.539486 -0.200251 1.582873
v -3.527617 -0.369138 1.58651
v -3.5087 -0.537636 1.591701
v -3.482769 -0.705378 1.597635
v -3.450315 -0.87007 1.603183
v -3.411826 -1.030851 1.607114
v -3.367942 -1.186818 1.608132
v -3.332524 -1.298396 1.606248
v -3.285274 -1.432988 1.59988
v -3.236284 -1.559595 1.588395
v -3.633206 1.715619 1.130976
v -3.810394 1.800827 1.048738
v -3.65366 1.55842 1.149271
v -3.819805 1.632688 1.060436
v -3.674743 1.391158 1.163986
v -3.829885 1.455042 1.070144
v -3.695394 1.215208 1.175248
v -3.840026 1.269227 1.077864
v -3.714618 1.032351 1.183387
v -3.849649 1.076986 1.083723
v -3.718053 0.996814 1.184625
v -3.851385 1.039708 1.084648
v -3.733677 0.8185 1.189483
v -3.859332 0.852995 1.088415
v -3.746496 0.639538 1.19256
v -3.865912 0.666055 1.090993
v -3.756298 0.460395 1.194382
v -3.870977 0.479256 1.092664
v -3.76296 0.281302 1.195364
v -3.874435 0.292735 1.093656
v -3.76642 0.102269 1.195792
v -3.876235 0.106408 1.094125
v -3.766652 -0.076539 1.195819
v -3.876356 -0.079636 1.094155
v -3.764411 -0.224266 1.19555
v -3.87519 -0.233364 1.093856
v -3.758348 -0.413508 1.194706
v -3.87204 -0.430406 1.092982
v -3.748776 -0.602502 1.193025
v -3.867088 -0.627412 1.091404
v -3.735844 -0.790926 1.19006
v -3.86044 -0.824166 1.088882
v -3.719989 -0.976301 1.185295
v -3.852365 -1.018201 1.085153
v -3.701702 -1.157751 1.178152
v -3.843166 -1.208737 1.079919
v -3.681611 -1.334354 1.168046
v -3.833232 -1.394948 1.07289
v -3.666059 -1.461139 1.15836
v -3.825695 -1.529232 1.066392
v -3.646369 -1.614692 1.143269
v -3.816401 -1.692727 1.056561
v -3.126719 1.611474 1.854157
v -3.193769 1.486398 1.79471
v -3.251661 1.521061 1.592556
v -3.133397 1.614916 1.787479
v -3.159681 1.628462 1.702977
v -3.199139 1.648798 1.576116
v -3.209697 1.65424 1.557213
v -3.389919 1.431341 1.426138
v -3.431545 1.28001 1.437778
v -3.470761 1.119834 1.444716
v -3.50622 0.952547 1.447822
v -3.512466 0.919956 1.448065
v -3.540575 0.756104 1.448044
v -3.563306 0.591215 1.446695
v -3.580505 0.425835 1.444877
v -3.592112 0.260277 1.443258
v -3.598117 0.094642 1.442296
v -3.598519 -0.070832 1.442228
v -3.594633 -0.207519 1.442865
v -3.584084 -0.382509 1.444412
v -3.567319 -0.557047 1.446332
v -3.544437 -0.730724 1.447899
v -3.515974 -0.901133 1.448162
v -3.482496 -1.06735 1.446071
v -3.444736 -1.228397 1.440533
v -3.414623 -1.343451 1.433597
v -3.375037 -1.482002 1.420829
v -3.508379 1.490374 1.272861
v -3.540307 1.332086 1.288059
v -3.570923 1.164851 1.298905
v -3.598979 0.99045 1.305986
v -3.603954 0.956499 1.306972
v -3.626453 0.785908 1.310456
v -3.64477 0.61438 1.312135
v -3.658698 0.442446 1.312727
v -3.668128 0.2704 1.312794
v -3.673016 0.098317 1.312723
v -3.673344 -0.073582 1.312715
v -3.67018 -0.215585 1.312773
v -3.661603 -0.397416 1.312777
v -3.648015 -0.57885 1.312326
v -3.629558 -0.759498 1.310813
v -3.606752 -0.936893 1.307492
v -3.580172 -1.11011 1.30153
v -3.550552 -1.278168 1.292071
v -3.52725 -1.398405 1.282356
v -3.497132 -1.54344 1.266437
v -3.479426 1.793255 1.204389
v -3.597523 1.854121 1.120909
v -3.614326 1.862781 1.109031
v -3.72709 1.920898 1.064641
v -3.802204 1.959611 1.035072
v -3.861473 1.990157 1.027559
v -1.773329 3.994609 0.16
v -1.773329 3.994609 1.018416
v -1.816966 3.978726 0.16
v -1.816966 3.978726 1.017973
v 1.816966 3.978726 0.16
v 1.816966 3.978726 1.017973
v 1.773329 3.994609 0.16
v 1.773329 3.994609 1.018416
v 2.700154 3.244716 0.342926
v 2.79875 3.201892 0.407156
v 2.782341 3.204867 1.04329
v 2.816453 3.200672 0.40899
v 2.796324 3.202416 0.40637
v 2.782459 3.205412 0.401878
v 2.757768 3.21207 1.04616
v 2.775291 3.20696 0.399555
v 2.734364 3.22233 1.048234
v 2.769412 3.208231 0.397651
v 2.753259 3.214599 0.388095
v 2.736825 3.221079 0.378372
v 2.734514 3.222569 0.376138
v 2.728925 3.226171 0.370736
v 3.993185 3.051764 0.16
v 3.973205 3.1 0.16
v 3.941422 3.141421 0.16
v 3.9 3.173205 0.16
v 3.851764 3.193185 0.16
v 3.851764 -3.193185 0.16
v 3.9 -3.173205 0.16
v 3.941422 -3.141421 0.16
v 3.973205 -3.1 0.16
v 3.993185 -3.051764 0.16
v 2.718594 -3.232837 0.360738
v 2.734407 -3.222307 0.376528
v 2.74146 -3.219469 0.380787
v 2.734367 -3.222334 0.376487
v 2.763745 -3.210499 0.394248
v 2.769286 -3.208268 0.397595
v 2.782463 -3.205435 0.401843
v 2.785013 -3.204887 0.402665
v 2.805432 -3.201403 0.407892
v 2.799293 -3.201818 0.407268
v 1.773329 -3.994609 0.16
v 1.816966 -3.978726 0.16
v -1.816966 -3.978726 0.16
v -1.773329 -3.994609 0.16
v -2.708293 -3.238449 0.379145
v -2.798749 -3.201892 0.433845
v -2.807785 -3.20127 0.434785
v -2.789869 -3.203743 0.431055
v -2.78243 -3.205293 0.428718
v -2.772231 -3.207418 0.425514
v -2.771979 -3.207509 0.425377
v -2.755531 -3.21345 0.416452
v -2.744652 -3.217379 0.410549
v -2.734798 -3.223089 0.402037
v -2.725393 -3.22854 0.393914
v -3.851764 3.193185 0.16
v -3.9 3.173205 0.16
v -3.941422 3.141421 0.16
v -3.973205 3.1 0.16
v -3.993185 3.051764 0.16
v -2.72524 3.228577 0.39387
v -2.735888 3.22155 0.404302
v -2.755563 3.213614 0.41621
v -2.734364 3.22233 1.048234
v -2.734465 3.222489 0.402909
v -2.767411 3.208835 0.423381
v -2.771908 3.20783 0.424895
v -2.75787 3.212033 1.046149
v -2.782476 3.20547 0.428453
v -2.782341 3.204867 1.04329
v -2.789621 3.203874 0.430858
v -2.807706 3.201307 0.434729
v -2.798062 3.201989 0.4337
v -3.993185 -3.051764 0.16
v -3.973205 -3.1 0.16
v -3.941422 -3.141421 0.16
v -3.9 -3.173205 0.16
v -3.851764 -3.193185 0.16
v -2.780074 3.205391 4.06
v -2.736437 3.221273 4.06
v -3.551764 3.193185 4.06
v -3.6 3.173205 4.06
v -3.641422 3.141421 4.06
v -3.673205 3.1 4.06
v -3.693185 3.051764 4.06
v -2.736437 -3.221273 4.06
v -2.780074 -3.205391 4.06
v -1.773329 -3.994609 4.06
v -1.816966 -3.978726 4.06
v 1.816966 -3.978726 4.06
v 1.773329 -3.994609 4.06
v 2.780074 -3.205391 4.06
v 2.736437 -3.221273 4.06
v 3.551764 -3.193185 4.06
v 3.6 -3.173205 4.06
v 3.641422 -3.141421 4.06
v 3.673205 -3.1 4.06
v 3.693185 -3.051764 4.06
v 3.693185 3.051764 4.06
v 3.673205 3.1 4.06
v 3.641422 3.141421 4.06
v 3.6 3.173205 4.06
v 3.551764 3.193185 4.06
v 2.736437 3.221273 4.06
v 2.780074 3.205391 4.06
v 1.773329 3.994609 4.06
v 1.816966 3.978726 4.06
v -1.816966 3.978726 4.06
v -1.773329 3.994609 4.06
v -3.693185 -3.051764 4.06
v -3.673205 -3.1 4.06
v -3.641422 -3.141421 4.06
v -3.6 -3.173205 4.06
v -3.551764 -3.193185 4.06
v 2.599307 -3.300059 0.137598
v 1.841364 -3.936048 0.137598
v 3.8 -3.177598 0.137598
v 3.452326 -3.177598 0.137598
v 1.807199 -3.958519 0.137598
v 1.806912 -3.958708 0.137598
v 1.768808 -3.972576 0.137598
v 1.768163 -3.972811 0.137598
v 1.729608 -3.977582 0.137598
v 3.977598 -3.0 0.137598
v 3.971547 -3.045966 0.137598
v 3.953805 -3.088799 0.137598
v 3.925581 -3.125581 0.137598
v 3.888799 -3.153805 0.137598
v 3.845966 -3.171547 0.137598
v 3.977598 3.0 0.137598
v -1.729608 -3.977582 0.137598
v -1.768163 -3.972811 0.137598
v -1.768808 -3.972576 0.137598
v -1.806912 -3.958708 0.137598
v -1.807199 -3.958519 0.137598
v -1.841364 -3.936048 0.137598
v 3.845966 3.171547 0.137598
v 3.888799 3.153805 0.137598
v 3.925581 3.125581 0.137598
v 3.953805 3.088799 0.137598
v 3.971547 3.045966 0.137598
v -2.591554 -3.306564 0.137598
v -3.512462 -3.177598 0.137598
v -3.8 -3.177598 0.137598
v 1.841364 3.936048 0.137598
v 2.599307 3.300059 0.137598
v -3.845966 -3.171547 0.137598
v -3.888799 -3.153805 0.137598
v -3.925581 -3.125581 0.137598
v -3.953805 -3.088799 0.137598
v -3.971547 -3.045966 0.137598
v -3.977598 -3.0 0.137598
v 1.729608 3.977582 0.137598
v 1.768163 3.972811 0.137598
v 1.768808 3.972576 0.137598
v 1.806912 3.958708 0.137598
v 1.807199 3.958519 0.137598
v -3.977598 3.0 0.137598
v -3.971547 3.045966 0.137598
v -3.953805 3.088799 0.137598
v -3.925581 3.125581 0.137598
v -3.888799 3.153805 0.137598
v -3.845966 3.171547 0.137598
v -1.841364 3.936048 0.137598
v -1.807199 3.958519 0.137598
v -1.806912 3.958708 0.137598
v -1.768808 3.972576 0.137598
v -1.768163 3.972811 0.137598
v -1.729608 3.977582 0.137598
v -2.591554 3.306564 0.137598
v 2.752555 3.186448 0.361315
v 2.775375 3.179975 0.372574
v 2.796393 3.175972 0.379315
v 2.816369 3.173735 0.382842
v 2.649039 3.255894 0.244445
v 2.63155 3.271405 0.207778
v 2.659212 3.24703 0.258832
v 2.936506 -3.173707 0.360495
v 2.882498 -3.17341 0.37755
v 2.828544 -3.173309 0.383299
v 2.826197 -3.173321 0.383321
v 2.752474 -3.186476 0.361266
v 2.757733 -3.184668 0.364461
v 2.763555 -3.183174 0.367037
v 2.774944 -3.180251 0.372078
v 2.784781 -3.177726 0.376433
v 2.787167 -3.177114 0.377489
v 2.799597 -3.175159 0.38071
v 2.805427 -3.174756 0.381282
v 2.717375 -3.202539 0.33204
v 2.724488 -3.199284 0.337962
v 2.74176 -3.191379 0.352344
v 2.717309 -3.202579 0.331964
v 2.706548 -3.209079 0.319739
v 2.697639 -3.215117 0.308139
v 2.679756 -3.229129 0.287887
v 2.65886 -3.247315 0.259241
v 2.653181 -3.252259 0.251454
v 2.63155 -3.271405 0.207778
v -2.626041 -3.27595 0.211124
v -2.642552 -3.261206 0.25021
v -2.655578 -3.24981 0.270662
v -2.671375 -3.23599 0.295464
v -2.679558 -3.228894 0.305497
v -2.699528 -3.213405 0.328796
v -2.724266 -3.198765 0.35871
v -2.725789 -3.197864 0.360551
v -2.728688 -3.196148 0.364057
v -2.752269 -3.186141 0.383265
v -2.756012 -3.185066 0.385243
v -2.790076 -3.176416 0.400998
v -2.785077 -3.177104 0.399828
v -2.780253 -3.178102 0.398049
v -2.774809 -3.179666 0.395173
v -2.772841 -3.180232 0.394133
v -2.826197 -3.172914 0.406634
v -2.807926 -3.173959 0.405178
v -2.810306 -3.173631 0.405735
v -2.945933 -3.173334 0.381904
v -2.887303 -3.173011 0.400382
v -2.828544 -3.172903 0.406612
v -2.887303 3.173011 0.400382
v -2.755657 3.184957 0.385482
v -2.772633 3.180382 0.393851
v -2.789655 3.176277 0.401278
v -2.807845 3.174141 0.404832
v -2.725668 3.198015 0.360289
v -2.654831 3.250417 0.271464
v -2.653262 3.251784 0.269304
v -2.629957 3.272418 0.22196
v -2.626041 3.27595 0.211124
v -1.841766 -3.936527 0.101745
v -1.807465 -3.959054 0.101745
v -1.728982 -3.978215 0.101745
v -1.767823 -3.973534 0.101745
v -1.768936 -3.973131 0.101745
v -1.80697 -3.959378 0.101745
v -1.727206 -3.878239 0.0
v -1.727206 3.878239 0.0
v -1.727253 3.900721 0.002678
v -1.727255 3.901729 0.002798
v -1.728568 3.975791 0.078028
v -1.728589 3.975913 0.079223
v -1.7284 3.973104 0.06838
v -1.728219 3.968232 0.058037
v -1.728589 -3.975933 0.079221
v -1.727304 3.911335 0.005635
v -1.727394 3.921767 0.010751
v -1.727486 3.932575 0.01605
v -1.728982 3.978215 0.101745
v -1.727877 3.957004 0.038468
v -1.727588 3.9407 0.021906
v -1.727883 3.957295 0.038764
v -1.728026 3.963024 0.046979
v -1.727596 -3.941135 0.02232
v -1.72759 -3.940841 0.022019
v -1.727488 -3.932724 0.016146
v -1.727394 -3.921766 0.01075
v -1.727305 -3.911503 0.005694
v -1.728571 -3.975831 0.078209
v -1.728403 -3.973162 0.068554
v -1.728219 -3.968231 0.058036
v -1.728029 -3.963121 0.047135
v -1.727885 -3.957406 0.038907
v -1.727256 -3.901899 0.002839
v -1.727253 -3.900718 0.002698
v -1.767823 3.973534 0.101745
v -1.768936 3.973131 0.101745
v -1.80697 3.959378 0.101745
v -1.807465 3.959054 0.101745
v -1.841766 3.936527 0.101745
v -3.846128 3.172151 0.101745
v -3.889112 3.154346 0.101745
v -3.926023 3.126023 0.101745
v -3.954347 3.089112 0.101745
v -3.972151 3.046128 0.101745
v -3.978224 3.0 0.101745
v -3.978224 -3.0 0.101745
v -3.972151 -3.046128 0.101745
v -3.954347 -3.089112 0.101745
v -3.926023 -3.126023 0.101745
v -3.889112 -3.154346 0.101745
v -3.846128 -3.172151 0.101745
v -3.8 -3.178224 0.101745
v -2.828544 -3.178224 0.101745
v -2.775912 -3.184376 0.101745
v -2.726117 -3.2025 0.101745
v -2.681844 -3.231618 0.101745
v -1.762222 -3.869966 0.0
v -1.777497 -3.859935 0.0
v -2.752854 3.087086 0.0
v -2.617575 -3.155026 0.0
v -2.681244 -3.11315 0.0
v -2.752854 -3.087086 0.0
v -2.828544 -3.078239 0.0
v -2.828544 3.078239 0.0
v -2.681244 3.11315 0.0
v -2.617575 3.155026 0.0
v -1.777497 3.859935 0.0
v -1.745036 -3.87618 0.0
v -3.878239 -3.0 0.0
v -3.878239 3.0 0.0
v -1.762222 3.869966 0.0
v -1.745036 3.87618 0.0
v -3.8 -3.078239 0.0
v -3.82025 -3.075573 0.0
v -3.875573 3.02025 0.0
v -3.867757 3.039119 0.0
v -3.855323 3.055324 0.0
v -3.83912 3.067757 0.0
v -3.82025 3.075573 0.0
v -3.8 3.078239 0.0
v -3.83912 -3.067757 0.0
v -3.855323 -3.055324 0.0
v -3.875573 -3.02025 0.0
v -3.867757 -3.039119 0.0
v 2.828544 -3.178224 0.101745
v 3.8 -3.178224 0.101745
v 1.841766 3.936527 0.101745
v 1.807465 3.959054 0.101745
v 1.728982 3.978215 0.101745
v 1.767823 3.973534 0.101745
v 1.768936 3.973131 0.101745
v 1.80697 3.959378 0.101745
v 1.727206 3.878239 0.0
v 1.727206 -3.878239 0.0
v 1.727253 -3.900721 0.002678
v 1.727255 -3.901729 0.002798
v 1.728568 -3.975791 0.078028
v 1.728589 -3.975913 0.079223
v 1.7284 -3.973104 0.06838
v 1.728219 -3.968232 0.058037
v 1.727883 -3.957295 0.038764
v 1.728026 -3.963024 0.046979
v 1.728982 -3.978215 0.101745
v 1.728589 3.975933 0.079221
v 1.727304 -3.911335 0.005635
v 1.727394 -3.921767 0.010751
v 1.727486 -3.932575 0.01605
v 1.727588 -3.9407 0.021906
v 1.727877 -3.957004 0.038468
v 1.727596 3.941135 0.02232
v 1.72759 3.940841 0.022019
v 1.727488 3.932724 0.016146
v 1.727394 3.921766 0.01075
v 1.727305 3.911503 0.005694
v 1.728571 3.975831 0.078209
v 1.728403 3.973162 0.068554
v 1.728219 3.968231 0.058036
v 1.728029 3.963121 0.047135
v 1.727885 3.957406 0.038907
v 1.727256 3.901899 0.002839
v 1.727253 3.900718 0.002698
v 1.767823 -3.973534 0.101745
v 1.768936 -3.973131 0.101745
v 1.80697 -3.959378 0.101745
v 1.807465 -3.959054 0.101745
v 1.841766 -3.936527 0.101745
v 2.681844 -3.231618 0.101745
v 2.726117 -3.2025 0.101745
v 2.775912 -3.184376 0.101745
v 3.846128 -3.172151 0.101745
v 3.889112 -3.154346 0.101745
v 3.926023 -3.126023 0.101745
v 3.954347 -3.089112 0.101745
v 3.972151 -3.046128 0.101745
v 3.978224 -3.0 0.101745
v 3.978224 3.0 0.101745
v 3.972151 3.046128 0.101745
v 3.954347 3.089112 0.101745
v 3.926023 3.126023 0.101745
v 3.889112 3.154346 0.101745
v 3.846128 3.172151 0.101745
v 3.8 -3.078239 0.0
v 2.828544 -3.078239 0.0
v 3.878239 -3.0 0.0
v 1.777497 3.859935 0.0
v 2.617575 3.155026 0.0
v 2.752854 -3.087086 0.0
v 2.681244 -3.11315 0.0
v 2.617575 -3.155026 0.0
v 1.777497 -3.859935 0.0
v 1.762222 3.869966 0.0
v 1.762222 -3.869966 0.0
v 1.745036 -3.87618 0.0
v 1.745036 3.87618 0.0
v 3.82025 3.075573 0.0
v 3.83912 3.067757 0.0
v 3.878239 3.0 0.0
v 2.681244 3.11315 0.0
v 2.752854 3.087086 0.0
v 2.828544 3.078239 0.0
v 3.8 3.078239 0.0
v 3.855323 3.055324 0.0
v 3.867757 3.039119 0.0
v 3.875573 3.02025 0.0
v 3.855323 -3.055324 0.0
v 3.867757 -3.039119 0.0
v 3.875573 -3.02025 0.0
v 3.83912 -3.067757 0.0
v 3.82025 -3.075573 0.0
v 1.767328 -3.971421 0.079209
v 1.805999 -3.957438 0.079209
v 1.750163 -3.898083 0.002563
v 1.755027 -3.918864 0.010121
v 1.762995 -3.952908 0.038434
v 1.759379 -3.937456 0.022285
v 1.765691 -3.964427 0.057738
v 1.840371 -3.934865 0.079209
v 1.835754 -3.929362 0.057738
v 1.802784 -3.951014 0.057738
v 1.82815 -3.9203 0.038434
v 1.79749 -3.940435 0.038434
v 1.817949 -3.908143 0.022285
v 1.790387 -3.926244 0.022285
v 1.805675 -3.893516 0.010121
v 1.781841 -3.909168 0.010121
v 1.791957 -3.877167 0.002563
v 1.77229 -3.890082 0.002563
v 2.632035 -3.172258 0.002563
v 2.645753 -3.188607 0.010121
v 2.658027 -3.203234 0.022285
v 2.668227 -3.215391 0.038434
v 2.675832 -3.224453 0.057738
v 2.680449 -3.229956 0.079209
v 2.69134 -3.133252 0.002563
v 2.700918 -3.152324 0.010121
v 2.709488 -3.169388 0.022285
v 2.71661 -3.183569 0.038434
v 2.721919 -3.19414 0.057738
v 2.725143 -3.20056 0.079209
v 2.758041 -3.108975 0.002563
v 2.762963 -3.129742 0.010121
v 2.767367 -3.148322 0.022285
v 2.771026 -3.163763 0.038434
v 2.773755 -3.175274 0.057738
v 2.775411 -3.182264 0.079209
v 2.828544 -3.100734 0.002563
v 2.828544 -3.122077 0.010121
v 2.828544 -3.141171 0.022285
v 2.828544 -3.15704 0.038434
v 2.828544 -3.16887 0.057738
v 2.828544 -3.176054 0.079209
v 3.8 -3.100734 0.002563
v 3.8 -3.122077 0.010121
v 3.8 -3.141171 0.022285
v 3.8 -3.15704 0.038434
v 3.8 -3.16887 0.057738
v 3.8 -3.176054 0.079209
v 3.976054 -3.0 0.079209
v 3.970055 -3.045566 0.079209
v 3.96887 -3.0 0.057738
v 3.963116 -3.043707 0.057738
v 3.95704 -3.0 0.038434
v 3.951689 -3.040645 0.038434
v 3.941171 -3.0 0.022285
v 3.936361 -3.036538 0.022285
v 3.922076 -3.0 0.010121
v 3.917917 -3.031596 0.010121
v 3.900734 -3.0 0.002563
v 3.897302 -3.026072 0.002563
v 3.952467 -3.088027 0.079209
v 3.946246 -3.084435 0.057738
v 3.936001 -3.07852 0.038434
v 3.922258 -3.070586 0.022285
v 3.905721 -3.061038 0.010121
v 3.887239 -3.050367 0.002563
v 3.924489 -3.124489 0.079209
v 3.919409 -3.119409 0.057738
v 3.911044 -3.111044 0.038434
v 3.899823 -3.099823 0.022285
v 3.886321 -3.086321 0.010121
v 3.87123 -3.07123 0.002563
v 3.888027 -3.152467 0.079209
v 3.884435 -3.146246 0.057738
v 3.87852 -3.136001 0.038434
v 3.870586 -3.122258 0.022285
v 3.861038 -3.105721 0.010121
v 3.850367 -3.087238 0.002563
v 3.845566 -3.170055 0.079209
v 3.843707 -3.163116 0.057738
v 3.840645 -3.15169 0.038434
v 3.836538 -3.136361 0.022285
v 3.831596 -3.117917 0.010121
v 3.826072 -3.097302 0.002563
v 3.900734 3.0 0.002563
v 3.922076 3.0 0.010121
v 3.941171 3.0 0.022285
v 3.95704 3.0 0.038434
v 3.96887 3.0 0.057738
v 3.976054 3.0 0.079209
v 3.8 3.176054 0.079209
v 3.845566 3.170055 0.079209
v 3.8 3.16887 0.057738
v 3.843707 3.163116 0.057738
v 3.8 3.15704 0.038434
v 3.840645 3.15169 0.038434
v 3.8 3.141171 0.022285
v 3.836538 3.136361 0.022285
v 3.8 3.122077 0.010121
v 3.831596 3.117917 0.010121
v 3.8 3.100734 0.002563
v 3.826072 3.097302 0.002563
v 3.888027 3.152467 0.079209
v 3.884435 3.146246 0.057738
v 3.87852 3.136001 0.038434
v 3.870586 3.122258 0.022285
v 3.861038 3.105721 0.010121
v 3.850367 3.087238 0.002563
v 3.924489 3.124489 0.079209
v 3.919409 3.119409 0.057738
v 3.911044 3.111044 0.038434
v 3.899823 3.099823 0.022285
v 3.886321 3.086321 0.010121
v 3.87123 3.07123 0.002563
v 3.952467 3.088027 0.079209
v 3.946246 3.084435 0.057738
v 3.936001 3.07852 0.038434
v 3.922258 3.070586 0.022285
v 3.905721 3.061038 0.010121
v 3.887239 3.050367 0.002563
v 3.970055 3.045566 0.079209
v 3.963116 3.043707 0.057738
v 3.951689 3.040645 0.038434
v 3.936361 3.036538 0.022285
v 3.917917 3.031596 0.010121
v 3.897302 3.026072 0.002563
v 2.828544 3.100734 0.002563
v 2.828544 3.122077 0.010121
v 2.828544 3.141171 0.022285
v 2.828544 3.15704 0.038434
v 2.828544 3.16887 0.057738
v 2.828544 3.176054 0.079209
v 2.758041 3.108975 0.002563
v 2.762963 3.129742 0.010121
v 2.767367 3.148322 0.022285
v 2.771026 3.163763 0.038434
v 2.773755 3.175274 0.057738
v 2.775411 3.182264 0.079209
v 2.69134 3.133252 0.002563
v 2.700918 3.152324 0.010121
v 2.709488 3.169388 0.022285
v 2.71661 3.183569 0.038434
v 2.721919 3.19414 0.057738
v 2.725143 3.20056 0.079209
v 2.632035 3.172258 0.002563
v 2.645753 3.188607 0.010121
v 2.658027 3.203234 0.022285
v 2.668227 3.215391 0.038434
v 2.675832 3.224453 0.057738
v 2.680449 3.229956 0.079209
v 1.791957 3.877167 0.002563
v 1.805675 3.893516 0.010121
v 1.817949 3.908143 0.022285
v 1.82815 3.9203 0.038434
v 1.835754 3.929362 0.057738
v 1.840371 3.934865 0.079209
v 1.805999 3.957438 0.079209
v 1.755027 3.918864 0.010121
v 1.767328 3.971421 0.079209
v 1.759379 3.937456 0.022285
v 1.762995 3.952908 0.038434
v 1.765691 3.964427 0.057738
v 1.750163 3.898083 0.002563
v 1.802784 3.951014 0.057738
v 1.79749 3.940435 0.038434
v 1.790387 3.926244 0.022285
v 1.781841 3.909168 0.010121
v 1.77229 3.890082 0.002563
v -1.767328 3.971421 0.079209
v -1.805999 3.957438 0.079209
v -1.750163 3.898083 0.002563
v -1.755027 3.918864 0.010121
v -1.762995 3.952908 0.038434
v -1.759379 3.937456 0.022285
v -1.765691 3.964427 0.057738
v -1.840371 3.934865 0.079209
v -1.835754 3.929362 0.057738
v -1.802784 3.951014 0.057738
v -1.82815 3.9203 0.038434
v -1.79749 3.940435 0.038434
v -1.817949 3.908143 0.022285
v -1.790387 3.926244 0.022285
v -1.805675 3.893516 0.010121
v -1.781841 3.909168 0.010121
v -1.791957 3.877167 0.002563
v -1.77229 3.890082 0.002563
v -2.632035 3.172258 0.002563
v -2.645753 3.188607 0.010121
v -2.658027 3.203234 0.022285
v -2.668227 3.215391 0.038434
v -2.675832 3.224453 0.057738
v -2.680449 3.229956 0.079209
v -2.69134 3.133252 0.002563
v -2.700918 3.152324 0.010121
v -2.709488 3.169388 0.022285
v -2.71661 3.183569 0.038434
v -2.721919 3.19414 0.057738
v -2.725143 3.20056 0.079209
v -2.758041 3.108975 0.002563
v -2.762963 3.129742 0.010121
v -2.767367 3.148322 0.022285
v -2.771026 3.163763 0.038434
v -2.773755 3.175274 0.057738
v -2.775411 3.182264 0.079209
v -2.828544 3.100734 0.002563
v -2.828544 3.122077 0.010121
v -2.828544 3.141171 0.022285
v -2.828544 3.15704 0.038434
v -2.828544 3.16887 0.057738
v -2.828544 3.176054 0.079209
v -3.8 3.100734 0.002563
v -3.8 3.122077 0.010121
v -3.8 3.141171 0.022285
v -3.8 3.15704 0.038434
v -3.8 3.16887 0.057738
v -3.8 3.176054 0.079209
v -3.976054 3.0 0.079209
v -3.970055 3.045566 0.079209
v -3.96887 3.0 0.057738
v -3.963116 3.043707 0.057738
v -3.95704 3.0 0.038434
v -3.951689 3.040645 0.038434
v -3.941171 3.0 0.022285
v -3.936361 3.036538 0.022285
v -3.922076 3.0 0.010121
v -3.917917 3.031596 0.010121
v -3.900734 3.0 0.002563
v -3.897302 3.026072 0.002563
v -3.952467 3.088027 0.079209
v -3.946246 3.084435 0.057738
v -3.936001 3.07852 0.038434
v -3.922258 3.070586 0.022285
v -3.905721 3.061038 0.010121
v -3.887239 3.050367 0.002563
v -3.924489 3.124489 0.079209
v -3.919409 3.119409 0.057738
v -3.911044 3.111044 0.038434
v -3.899823 3.099823 0.022285
v -3.886321 3.086321 0.010121
v -3.87123 3.07123 0.002563
v -3.888027 3.152467 0.079209
v -3.884435 3.146246 0.057738
v -3.87852 3.136001 0.038434
v -3.870586 3.122258 0.022285
v -3.861038 3.105721 0.010121
v -3.850367 3.087238 0.002563
v -3.845566 3.170055 0.079209
v -3.843707 3.163116 0.057738
v -3.840645 3.15169 0.038434
v -3.836538 3.136361 0.022285
v -3.831596 3.117917 0.010121
v -3.826072 3.097302 0.002563
v -3.900734 -3.0 0.002563
v -3.922076 -3.0 0.010121
v -3.941171 -3.0 0.022285
v -3.95704 -3.0 0.038434
v -3.96887 -3.0 0.057738
v -3.976054 -3.0 0.079209
v -3.8 -3.176054 0.079209
v -3.845566 -3.170055 0.079209
v -3.8 -3.16887 0.057738
v -3.843707 -3.163116 0.057738
v -3.8 -3.15704 0.038434
v -3.840645 -3.15169 0.038434
v -3.8 -3.141171 0.022285
v -3.836538 -3.136361 0.022285
v -3.8 -3.122077 0.010121
v -3.831596 -3.117917 0.010121
v -3.8 -3.100734 0.002563
v -3.826072 -3.097302 0.002563
v -3.888027 -3.152467 0.079209
v -3.884435 -3.146246 0.057738
v -3.87852 -3.136001 0.038434
v -3.870586 -3.122258 0.022285
v -3.861038 -3.105721 0.010121
v -3.850367 -3.087238 0.002563
v -3.924489 -3.124489 0.079209
v -3.919409 -3.119409 0.057738
v -3.911044 -3.111044 0.038434
v -3.899823 -3.099823 0.022285
v -3.886321 -3.086321 0.010121
v -3.87123 -3.07123 0.002563
v -3.952467 -3.088027 0.079209
v -3.946246 -3.084435 0.057738
v -3.936001 -3.07852 0.038434
v -3.922258 -3.070586 0.022285
v -3.905721 -3.061038 0.010121
v -3.887239 -3.050367 0.002563
v -3.970055 -3.045566 0.079209
v -3.963116 -3.043707 0.057738
v -3.951689 -3.040645 0.038434
v -3.936361 -3.036538 0.022285
v -3.917917 -3.031596 0.010121
v -3.897302 -3.026072 0.002563
v -2.828544 -3.100734 0.002563
v -2.828544 -3.122077 0.010121
v -2.828544 -3.141171 0.022285
v -2.828544 -3.15704 0.038434
v -2.828544 -3.16887 0.057738
v -2.828544 -3.176054 0.079209
v -2.758041 -3.108975 0.002563
v -2.762963 -3.129742 0.010121
v -2.767367 -3.148322 0.022285
v -2.771026 -3.163763 0.038434
v -2.773755 -3.175274 0.057738
v -2.775411 -3.182264 0.079209
v -2.69134 -3.133252 0.002563
v -2.700918 -3.152324 0.010121
v -2.709488 -3.169388 0.022285
v -2.71661 -3.183569 0.038434
v -2.721919 -3.19414 0.057738
v -2.725143 -3.20056 0.079209
v -2.632035 -3.172258 0.002563
v -2.645753 -3.188607 0.010121
v -2.658027 -3.203234 0.022285
v -2.668227 -3.215391 0.038434
v -2.675832 -3.224453 0.057738
v -2.680449 -3.229956 0.079209
v -1.791957 -3.877167 0.002563
v -1.805675 -3.893516 0.010121
v -1.817949 -3.908143 0.022285
v -1.82815 -3.9203 0.038434
v -1.835754 -3.929362 0.057738
v -1.840371 -3.934865 0.079209
v -1.805999 -3.957438 0.079209
v -1.755027 -3.918864 0.010121
v -1.767328 -3.971421 0.079209
v -1.759379 -3.937456 0.022285
v -1.762995 -3.952908 0.038434
v -1.765691 -3.964427 0.057738
v -1.750163 -3.898083 0.002563
v -1.802784 -3.951014 0.057738
v -1.79749 -3.940435 0.038434
v -1.790387 -3.926244 0.022285
v -1.781841 -3.909168 0.010121
v -1.77229 -3.890082 0.002563
v 2.925153 3.087307 1.333415
newmtl 4
Ka 0.5372549019607843 0.34901960784313724 0.33725490196078434
Kd 0.5372549019607843 0.34901960784313724 0.33725490196078434
Ks 0.3764705882352941 0.24313725490196078 0.23529411764705882
d 0.0
endmtl
v 2.904442 3.087307 1.349307
v 2.82856 3.087307 1.359297
v 2.854442 3.087307 1.362704
v 2.880324 3.087307 1.359297
v 2.767839 3.087307 1.312704
v 2.783731 3.087307 1.333415
v 2.804442 3.087307 1.349307
v 2.767839 3.087307 1.212704
v 2.757849 3.087307 1.236822
v 2.754442 3.087307 1.262704
v 2.757849 3.087307 1.288586
v 2.783731 3.087307 1.191994
v 2.804442 3.087307 1.176102
v 2.82856 3.087307 1.166112
v 2.854442 3.087307 1.162704
v 2.880324 3.087307 1.166112
v 2.904442 3.087307 1.176102
v 2.925153 3.087307 1.191994
v 2.941045 3.087307 1.212704
v 2.951035 3.087307 1.236822
v 2.954442 3.087307 1.262704
v 2.951035 3.087307 1.288586
v 2.941045 3.087307 1.312704
v 2.854442 3.287307 0.962704
v 2.854442 3.280493 1.014468
v 2.82856 3.290715 0.962704
v 2.82856 3.283784 1.01535
v 2.804442 3.300705 0.962704
v 2.804442 3.293433 1.017936
v 2.783731 3.316597 0.962704
v 2.783731 3.308784 1.022049
v 2.767839 3.337307 0.962704
v 2.767839 3.328789 1.027409
v 2.757849 3.361425 0.962704
v 2.757849 3.352085 1.033651
v 2.754442 3.387307 0.962704
v 2.754442 3.377085 1.04035
v 2.757849 3.413189 0.962704
v 2.757849 3.402085 1.047049
v 2.767839 3.437307 0.962704
v 2.767839 3.425381 1.053291
v 2.783731 3.458018 0.962704
v 2.783731 3.445386 1.058651
v 2.804442 3.47391 0.962704
v 2.804442 3.460737 1.062764
v 2.82856 3.4839 0.962704
v 2.82856 3.470386 1.06535
v 2.854442 3.487307 0.962704
v 2.854442 3.473678 1.066232
v 2.880324 3.4839 0.962704
v 2.880324 3.470386 1.06535
v 2.904442 3.47391 0.962704
v 2.904442 3.460737 1.062764
v 2.925153 3.458018 0.962704
v 2.925153 3.445386 1.058651
v 2.941045 3.437307 0.962704
v 2.941045 3.425381 1.053291
v 2.951035 3.413189 0.962704
v 2.951035 3.402085 1.047049
v 2.954442 3.387307 0.962704
v 2.954442 3.377085 1.04035
v 2.951035 3.361425 0.962704
v 2.951035 3.352085 1.033651
v 2.941045 3.337307 0.962704
v 2.941045 3.328789 1.027409
v 2.925153 3.316597 0.962704
v 2.925153 3.308784 1.022049
v 2.904442 3.300705 0.962704
v 2.904442 3.293433 1.017936
v 2.880324 3.290715 0.962704
v 2.880324 3.283784 1.01535
v 2.854442 3.260512 1.062704
v 2.82856 3.263463 1.064408
v 2.804442 3.272115 1.069403
v 2.783731 3.285878 1.077349
v 2.767839 3.303813 1.087704
v 2.757849 3.324701 1.099763
v 2.754442 3.347115 1.112704
v 2.757849 3.369529 1.125645
v 2.767839 3.390416 1.137704
v 2.783731 3.408352 1.14806
v 2.804442 3.422115 1.156006
v 2.82856 3.430767 1.161001
v 2.854442 3.433717 1.162704
v 2.880324 3.430767 1.161001
v 2.904442 3.422115 1.156006
v 2.925153 3.408352 1.14806
v 2.941045 3.390416 1.137704
v 2.951035 3.369529 1.125645
v 2.954442 3.347115 1.112704
v 2.951035 3.324701 1.099763
v 2.941045 3.303813 1.087704
v 2.925153 3.285878 1.077349
v 2.904442 3.272115 1.069403
v 2.880324 3.263463 1.064408
v 2.854442 3.228729 1.104126
v 2.82856 3.231138 1.106535
v 2.804442 3.238202 1.113599
v 2.783731 3.249439 1.124836
v 2.767839 3.264084 1.139481
v 2.757849 3.281138 1.156535
v 2.754442 3.299439 1.174836
v 2.757849 3.31774 1.193138
v 2.767839 3.334795 1.210192
v 2.783731 3.349439 1.224836
v 2.804442 3.360677 1.236074
v 2.82856 3.367741 1.243137
v 2.854442 3.37015 1.245547
v 2.880324 3.367741 1.243137
v 2.904442 3.360677 1.236074
v 2.925153 3.349439 1.224836
v 2.941045 3.334795 1.210192
v 2.951035 3.31774 1.193138
v 2.954442 3.299439 1.174836
v 2.951035 3.281138 1.156535
v 2.941045 3.264084 1.139481
v 2.925153 3.249439 1.124836
v 2.904442 3.238202 1.113599
v 2.880324 3.231138 1.106535
v 2.854442 3.187307 1.135909
v 2.82856 3.189011 1.13886
v 2.804442 3.194006 1.147512
v 2.783731 3.201952 1.161275
v 2.767839 3.212307 1.179211
v 2.757849 3.224366 1.200097
v 2.754442 3.237307 1.222512
v 2.757849 3.250248 1.244926
v 2.767839 3.262307 1.265813
v 2.783731 3.272663 1.283749
v 2.804442 3.280608 1.297512
v 2.82856 3.285604 1.306164
v 2.854442 3.287307 1.309114
v 2.880324 3.285604 1.306164
v 2.904442 3.280608 1.297512
v 2.925153 3.272663 1.283749
v 2.941045 3.262307 1.265813
v 2.951035 3.250248 1.244926
v 2.954442 3.237307 1.222512
v 2.951035 3.224366 1.200097
v 2.941045 3.212307 1.179211
v 2.925153 3.201952 1.161275
v 2.904442 3.194006 1.147512
v 2.880324 3.189011 1.13886
v 2.854442 3.139071 1.15589
v 2.82856 3.139953 1.159181
v 2.804442 3.142539 1.16883
v 2.783731 3.146652 1.184181
v 2.767839 3.152012 1.204186
v 2.757849 3.158254 1.227482
v 2.754442 3.164953 1.252482
v 2.757849 3.171652 1.277482
v 2.767839 3.177894 1.300778
v 2.783731 3.183254 1.320783
v 2.804442 3.187367 1.336134
v 2.82856 3.189953 1.345783
v 2.854442 3.190835 1.349074
v 2.880324 3.189953 1.345783
v 2.904442 3.187367 1.336134
v 2.925153 3.183254 1.320783
v 2.941045 3.177894 1.300778
v 2.951035 3.171652 1.277482
v 2.954442 3.164953 1.252482
v 2.951035 3.158254 1.227482
v 2.941045 3.152012 1.204186
v 2.925153 3.146652 1.184181
v 2.904442 3.142539 1.16883
v 2.880324 3.139953 1.159181
v 2.754442 3.387307 0.562704
v 2.757849 3.413189 0.562704
v 2.767839 3.437307 0.562704
v 2.783731 3.458018 0.562704
v 2.804442 3.47391 0.562704
v 2.82856 3.4839 0.562704
v 2.854442 3.487307 0.562704
v 2.880324 3.4839 0.562704
v 2.904442 3.47391 0.562704
v 2.925153 3.458018 0.562704
v 2.941045 3.437307 0.562704
v 2.951035 3.413189 0.562704
v 2.954442 3.387307 0.562704
v 2.951035 3.361425 0.562704
v 2.941045 3.337307 0.562704
v 2.925153 3.316597 0.562704
v 2.904442 3.300705 0.562704
v 2.880324 3.290715 0.562704
v 2.854442 3.287307 0.562704
v 2.82856 3.290715 0.562704
v 2.804442 3.300705 0.562704
v 2.783731 3.316597 0.562704
v 2.767839 3.337307 0.562704
v 2.757849 3.361425 0.562704
v 2.82856 3.241081 0.197137
v 2.854442 3.242403 0.193996
v 2.82856 3.287414 0.526208
v 2.804442 3.297242 0.524415
v 2.783731 3.312876 0.521564
v 2.767839 3.33325 0.517848
v 2.757849 3.356977 0.51352
v 2.754442 3.382439 0.508876
v 2.757849 3.407901 0.504233
v 2.767839 3.431627 0.499905
v 2.783731 3.452002 0.496189
v 2.804442 3.467636 0.493338
v 2.82856 3.477464 0.491545
v 2.854442 3.480816 0.490934
v 2.880324 3.477464 0.491545
v 2.904442 3.467636 0.493338
v 2.925153 3.452002 0.496189
v 2.941045 3.431627 0.499905
v 2.951035 3.407901 0.504233
v 2.954442 3.382439 0.508876
v 2.951035 3.356977 0.51352
v 2.941045 3.33325 0.517848
v 2.925153 3.312876 0.521564
v 2.904442 3.297242 0.524415
v 2.880324 3.287414 0.526208
v 2.854442 3.284062 0.526819
v 2.82856 3.209795 0.400312
v 2.804442 3.215811 0.392336
v 2.783731 3.225381 0.379649
v 2.767839 3.237853 0.363114
v 2.757849 3.193593 0.310031
v 2.767839 3.184242 0.332262
v 2.754442 3.203629 0.286173
v 2.757849 3.213664 0.262316
v 2.767839 3.223016 0.240085
v 2.783731 3.231046 0.220994
v 2.804442 3.237208 0.206346
v 2.880324 3.241081 0.197137
v 2.904442 3.237208 0.206346
v 2.925153 3.231046 0.220994
v 2.941045 3.223016 0.240085
v 2.951035 3.213664 0.262316
v 2.954442 3.203629 0.286173
v 2.951035 3.193593 0.310031
v 2.925153 3.176212 0.351352
v 2.941045 3.184242 0.332262
v 2.904442 3.215811 0.392336
v 2.880324 3.209795 0.400312
v 2.854442 3.207744 0.403032
v 2.757849 3.252376 0.34386
v 2.754442 3.267962 0.323197
v 2.757849 3.283547 0.302533
v 2.767839 3.298071 0.283279
v 2.783731 3.310542 0.266744
v 2.804442 3.320112 0.254057
v 2.82856 3.326128 0.246081
v 2.854442 3.32818 0.243361
v 2.880324 3.326128 0.246081
v 2.904442 3.320112 0.254057
v 2.925153 3.310542 0.266744
v 2.941045 3.298071 0.283279
v 2.951035 3.283547 0.302533
v 2.954442 3.267962 0.323197
v 2.951035 3.252376 0.34386
v 2.941045 3.237853 0.363114
v 2.925153 3.225381 0.379649
v 2.854442 3.24326 0.437489
v 2.82856 3.245916 0.435356
v 2.804442 3.253706 0.429101
v 2.783731 3.266098 0.419152
v 2.767839 3.282248 0.406185
v 2.757849 3.301054 0.391085
v 2.754442 3.321236 0.374881
v 2.757849 3.341418 0.358677
v 2.767839 3.360224 0.343577
v 2.783731 3.376373 0.330611
v 2.804442 3.388765 0.320661
v 2.82856 3.396555 0.314407
v 2.854442 3.399212 0.312274
v 2.880324 3.396555 0.314407
v 2.904442 3.388765 0.320661
v 2.925153 3.376373 0.330611
v 2.941045 3.360224 0.343577
v 2.951035 3.341418 0.358677
v 2.954442 3.321236 0.374881
v 2.951035 3.301054 0.391085
v 2.941045 3.282248 0.406185
v 2.925153 3.266098 0.419152
v 2.904442 3.253706 0.429101
v 2.880324 3.245916 0.435356
v 2.854442 3.269229 0.479611
v 2.82856 3.272328 0.478195
v 2.804442 3.281415 0.474044
v 2.783731 3.295871 0.467442
v 2.767839 3.314709 0.458837
v 2.757849 3.336647 0.448817
v 2.754442 3.360189 0.438064
v 2.757849 3.383732 0.427311
v 2.767839 3.40567 0.41729
v 2.783731 3.424509 0.408686
v 2.804442 3.438964 0.402083
v 2.82856 3.448051 0.397933
v 2.854442 3.45115 0.396517
v 2.880324 3.448051 0.397933
v 2.904442 3.438964 0.402083
v 2.925153 3.424509 0.408686
v 2.941045 3.40567 0.41729
v 2.951035 3.383732 0.427311
v 2.954442 3.360189 0.438064
v 2.951035 3.336647 0.448817
v 2.941045 3.314709 0.458837
v 2.925153 3.295871 0.467442
v 2.904442 3.281415 0.474044
v 2.880324 3.272328 0.478195
v -2.925153 3.087307 1.333415
v -2.904442 3.087307 1.349307
v -2.941045 3.087307 1.312704
v -2.941045 3.087307 1.212704
v -2.951035 3.087307 1.236822
v -2.954442 3.087307 1.262704
v -2.951035 3.087307 1.288586
v -2.925153 3.087307 1.191994
v -2.904442 3.087307 1.176102
v -2.880324 3.087307 1.166112
v -2.854442 3.087307 1.162704
v -2.82856 3.087307 1.166112
v -2.804442 3.087307 1.176102
v -2.783731 3.087307 1.191994
v -2.767839 3.087307 1.212704
v -2.757849 3.087307 1.288586
v -2.754442 3.087307 1.262704
v -2.757849 3.087307 1.236822
v -2.804442 3.087307 1.349307
v -2.783731 3.087307 1.333415
v -2.767839 3.087307 1.312704
v -2.880324 3.087307 1.359297
v -2.854442 3.087307 1.362704
v -2.82856 3.087307 1.359297
v -2.854442 3.287307 0.962704
v -2.854442 3.280493 1.014468
v -2.880324 3.290715 0.962704
v -2.880324 3.283784 1.01535
v -2.904442 3.300705 0.962704
v -2.904442 3.293433 1.017936
v -2.925153 3.316597 0.962704
v -2.925153 3.308784 1.022049
v -2.941045 3.337307 0.962704
v -2.941045 3.328789 1.027409
v -2.951035 3.361425 0.962704
v -2.951035 3.352085 1.033651
v -2.954442 3.387307 0.962704
v -2.954442 3.377085 1.04035
v -2.951035 3.413189 0.962704
v -2.951035 3.402085 1.047049
v -2.941045 3.437307 0.962704
v -2.941045 3.425381 1.053291
v -2.925153 3.458018 0.962704
v -2.925153 3.445386 1.058651
v -2.904442 3.47391 0.962704
v -2.904442 3.460737 1.062764
v -2.880324 3.4839 0.962704
v -2.880324 3.470386 1.06535
v -2.854442 3.487307 0.962704
v -2.854442 3.473678 1.066232
v -2.82856 3.4839 0.962704
v -2.82856 3.470386 1.06535
v -2.804442 3.47391 0.962704
v -2.804442 3.460737 1.062764
v -2.783731 3.458018 0.962704
v -2.783731 3.445386 1.058651
v -2.767839 3.437307 0.962704
v -2.767839 3.425381 1.053291
v -2.757849 3.413189 0.962704
v -2.757849 3.402085 1.047049
v -2.754442 3.387307 0.962704
v -2.754442 3.377085 1.04035
v -2.757849 3.361425 0.962704
v -2.757849 3.352085 1.033651
v -2.767839 3.337307 0.962704
v -2.767839 3.328789 1.027409
v -2.783731 3.316597 0.962704
v -2.783731 3.308784 1.022049
v -2.804442 3.300705 0.962704
v -2.804442 3.293433 1.017936
v -2.82856 3.290715 0.962704
v -2.82856 3.283784 1.01535
v -2.854442 3.260512 1.062704
v -2.880324 3.263463 1.064408
v -2.904442 3.272115 1.069403
v -2.925153 3.285878 1.077349
v -2.941045 3.303813 1.087704
v -2.951035 3.324701 1.099763
v -2.954442 3.347115 1.112704
v -2.951035 3.369529 1.125645
v -2.941045 3.390416 1.137704
v -2.925153 3.408352 1.14806
v -2.904442 3.422115 1.156006
v -2.880324 3.430767 1.161001
v -2.854442 3.433717 1.162704
v -2.82856 3.430767 1.161001
v -2.804442 3.422115 1.156006
v -2.783731 3.408352 1.14806
v -2.767839 3.390416 1.137704
v -2.757849 3.369529 1.125645
v -2.754442 3.347115 1.112704
v -2.757849 3.324701 1.099763
v -2.767839 3.303813 1.087704
v -2.783731 3.285878 1.077349
v -2.804442 3.272115 1.069403
v -2.82856 3.263463 1.064408
v -2.854442 3.228729 1.104126
v -2.880324 3.231138 1.106535
v -2.904442 3.238202 1.113599
v -2.925153 3.249439 1.124836
v -2.941045 3.264084 1.139481
v -2.951035 3.281138 1.156535
v -2.954442 3.299439 1.174836
v -2.951035 3.31774 1.193138
v -2.941045 3.334795 1.210192
v -2.925153 3.349439 1.224836
v -2.904442 3.360677 1.236074
v -2.880324 3.367741 1.243137
v -2.854442 3.37015 1.245547
v -2.82856 3.367741 1.243137
v -2.804442 3.360677 1.236074
v -2.783731 3.349439 1.224836
v -2.767839 3.334795 1.210192
v -2.757849 3.31774 1.193138
v -2.754442 3.299439 1.174836
v -2.757849 3.281138 1.156535
v -2.767839 3.264084 1.139481
v -2.783731 3.249439 1.124836
v -2.804442 3.238202 1.113599
v -2.82856 3.231138 1.106535
v -2.854442 3.187307 1.135909
v -2.880324 3.189011 1.13886
v -2.904442 3.194006 1.147512
v -2.925153 3.201952 1.161275
v -2.941045 3.212307 1.179211
v -2.951035 3.224366 1.200097
v -2.954442 3.237307 1.222512
v -2.951035 3.250248 1.244926
v -2.941045 3.262307 1.265813
v -2.925153 3.272663 1.283749
v -2.904442 3.280608 1.297512
v -2.880324 3.285604 1.306164
v -2.854442 3.287307 1.309114
v -2.82856 3.285604 1.306164
v -2.804442 3.280608 1.297512
v -2.783731 3.272663 1.283749
v -2.767839 3.262307 1.265813
v -2.757849 3.250248 1.244926
v -2.754442 3.237307 1.222512
v -2.757849 3.224366 1.200097
v -2.767839 3.212307 1.179211
v -2.783731 3.201952 1.161275
v -2.804442 3.194006 1.147512
v -2.82856 3.189011 1.13886
v -2.854442 3.139071 1.15589
v -2.880324 3.139953 1.159181
v -2.904442 3.142539 1.16883
v -2.925153 3.146652 1.184181
v -2.941045 3.152012 1.204186
v -2.951035 3.158254 1.227482
v -2.954442 3.164953 1.252482
v -2.951035 3.171652 1.277482
v -2.941045 3.177894 1.300778
v -2.925153 3.183254 1.320783
v -2.904442 3.187367 1.336134
v -2.880324 3.189953 1.345783
v -2.854442 3.190835 1.349074
v -2.82856 3.189953 1.345783
v -2.804442 3.187367 1.336134
v -2.783731 3.183254 1.320783
v -2.767839 3.177894 1.300778
v -2.757849 3.171652 1.277482
v -2.754442 3.164953 1.252482
v -2.757849 3.158254 1.227482
v -2.767839 3.152012 1.204186
v -2.783731 3.146652 1.184181
v -2.804442 3.142539 1.16883
v -2.82856 3.139953 1.159181
v -2.954442 3.387307 0.562704
v -2.951035 3.413189 0.562704
v -2.941045 3.437307 0.562704
v -2.925153 3.458018 0.562704
v -2.904442 3.47391 0.562704
v -2.880324 3.4839 0.562704
v -2.854442 3.487307 0.562704
v -2.82856 3.4839 0.562704
v -2.804442 3.47391 0.562704
v -2.783731 3.458018 0.562704
v -2.767839 3.437307 0.562704
v -2.757849 3.413189 0.562704
v -2.754442 3.387307 0.562704
v -2.757849 3.361425 0.562704
v -2.767839 3.337307 0.562704
v -2.783731 3.316597 0.562704
v -2.804442 3.300705 0.562704
v -2.82856 3.290715 0.562704
v -2.854442 3.287307 0.562704
v -2.880324 3.290715 0.562704
v -2.904442 3.300705 0.562704
v -2.925153 3.316597 0.562704
v -2.941045 3.337307 0.562704
v -2.951035 3.361425 0.562704
v -2.880324 3.174545 0.378954
v -2.767839 3.194528 0.336864
v -2.754442 3.215972 0.291696
v -2.82856 3.257399 0.204438
v -2.804442 3.253114 0.213463
v -2.783731 3.246299 0.227819
v -2.767839 3.237416 0.246528
v -2.757849 3.227072 0.268316
v -2.757849 3.204872 0.315077
v -2.783731 3.185645 0.355573
v -2.804442 3.17883 0.369929
v -2.82856 3.174545 0.378954
v -2.880324 3.213423 0.403113
v -2.854442 3.211311 0.405787
v -2.904442 3.17883 0.369929
v -2.925153 3.185645 0.355573
v -2.941045 3.194528 0.336864
v -2.954442 3.215972 0.291696
v -2.951035 3.204872 0.315077
v -2.951035 3.227072 0.268316
v -2.941045 3.237416 0.246528
v -2.904442 3.253114 0.213463
v -2.925153 3.246299 0.227819
v -2.880324 3.257399 0.204438
v -2.854442 3.25886 0.20136
v -2.904442 3.219617 0.395275
v -2.925153 3.22947 0.382806
v -2.941045 3.242311 0.366557
v -2.951035 3.257265 0.347634
v -2.954442 3.273312 0.327328
v -2.951035 3.289359 0.307021
v -2.941045 3.304313 0.288098
v -2.925153 3.317154 0.271849
v -2.904442 3.327007 0.25938
v -2.880324 3.333201 0.251542
v -2.854442 3.335314 0.248869
v -2.82856 3.333201 0.251542
v -2.804442 3.327007 0.25938
v -2.783731 3.317154 0.271849
v -2.767839 3.304313 0.288098
v -2.757849 3.289359 0.307021
v -2.754442 3.273312 0.327328
v -2.757849 3.257265 0.347634
v -2.767839 3.242311 0.366557
v -2.783731 3.22947 0.382806
v -2.804442 3.219617 0.395275
v -2.82856 3.213423 0.403113
v -2.854442 3.243258 0.437487
v -2.880324 3.245915 0.435354
v -2.904442 3.253705 0.429099
v -2.925153 3.266096 0.419149
v -2.941045 3.282246 0.406183
v -2.951035 3.301052 0.391083
v -2.954442 3.321233 0.374878
v -2.951035 3.341415 0.358674
v -2.941045 3.360221 0.343574
v -2.925153 3.37637 0.330607
v -2.904442 3.388762 0.320658
v -2.880324 3.396552 0.314403
v -2.854442 3.399209 0.31227
v -2.82856 3.396552 0.314403
v -2.804442 3.388762 0.320658
v -2.783731 3.37637 0.330607
v -2.767839 3.360221 0.343574
v -2.757849 3.341415 0.358674
v -2.754442 3.321233 0.374878
v -2.757849 3.301052 0.391083
v -2.767839 3.282246 0.406183
v -2.783731 3.266096 0.419149
v -2.804442 3.253705 0.429099
v -2.82856 3.245915 0.435354
v -2.854442 3.267308 0.475528
v -2.880324 3.270375 0.474043
v -2.904442 3.279366 0.469689
v -2.925153 3.293669 0.462762
v -2.941045 3.312308 0.453734
v -2.951035 3.334015 0.443222
v -2.954442 3.357309 0.43194
v -2.951035 3.380602 0.420659
v -2.941045 3.402309 0.410146
v -2.925153 3.420949 0.401119
v -2.904442 3.435251 0.394192
v -2.880324 3.444242 0.389837
v -2.854442 3.447309 0.388352
v -2.82856 3.444242 0.389837
v -2.804442 3.435251 0.394192
v -2.783731 3.420949 0.401119
v -2.767839 3.402309 0.410146
v -2.757849 3.380602 0.420659
v -2.754442 3.357309 0.43194
v -2.757849 3.334015 0.443222
v -2.767839 3.312308 0.453734
v -2.783731 3.293669 0.462762
v -2.804442 3.279366 0.469689
v -2.82856 3.270375 0.474043
v -2.854442 3.282243 0.517984
v -2.880324 3.285564 0.517222
v -2.904442 3.295302 0.514988
v -2.925153 3.310791 0.511435
v -2.941045 3.330977 0.506804
v -2.951035 3.354485 0.501411
v -2.954442 3.379711 0.495624
v -2.951035 3.404938 0.489837
v -2.941045 3.428445 0.484444
v -2.925153 3.448632 0.479813
v -2.904442 3.464121 0.476259
v -2.880324 3.473858 0.474025
v -2.854442 3.47718 0.473264
v -2.82856 3.473858 0.474025
v -2.804442 3.464121 0.476259
v -2.783731 3.448632 0.479813
v -2.767839 3.428445 0.484444
v -2.757849 3.404938 0.489837
v -2.754442 3.379711 0.495624
v -2.757849 3.354485 0.501411
v -2.767839 3.330977 0.506804
v -2.783731 3.310791 0.511435
v -2.804442 3.295302 0.514988
v -2.82856 3.285564 0.517222
v -0.144817 4.0001 0.728994
v -0.144678 4.0001 0.709479
newmtl 5
Ka 1.0 1.0 1.0
Kd 1.0 1.0 1.0
Ks 0.5019607843137255 0.5019607843137255 0.5019607843137255
d 0.0
endmtl
v -0.076644 4.0001 0.729478
v -0.07772 4.0001 0.881138
v -0.055623 4.0001 0.881295
v -0.054408 4.0001 0.710119
v -0.279893 4.0001 0.715609
v -0.276962 4.0001 0.714175
v -0.232434 4.0001 0.705969
v -0.258541 4.0001 0.708278
v -0.280043 4.0001 0.736787
v -0.265312 4.0001 0.730032
v -0.246324 4.0001 0.726088
v -0.235768 4.0001 0.725636
v -0.219772 4.0001 0.727525
v -0.207396 4.0001 0.732107
v -0.196053 4.0001 0.739906
v -0.19192 4.0001 0.743976
v -0.183694 4.0001 0.755557
v -0.178245 4.0001 0.769385
v -0.17561 4.0001 0.786511
v -0.175464 4.0001 0.792928
v -0.178399 4.0001 0.816234
v -0.184211 4.0001 0.83102
v -0.192542 4.0001 0.842882
v -0.193813 4.0001 0.844258
v -0.205262 4.0001 0.853626
v -0.218731 4.0001 0.859838
v -0.233593 4.0001 0.862671
v -0.240592 4.0001 0.862917
v -0.280864 4.0001 0.85248
v -0.278965 4.0001 0.853522
v -0.261648 4.0001 0.860252
v -0.281027 4.0001 0.875583
v -0.262917 4.0001 0.880952
v -0.240515 4.0001 0.882872
v -0.21588 4.0001 0.880074
v -0.197923 4.0001 0.873283
v -0.18128 4.0001 0.861735
v -0.177458 4.0001 0.858114
v -0.166604 4.0001 0.844688
v -0.157681 4.0001 0.826191
v -0.152986 4.0001 0.804592
v -0.152263 4.0001 0.791779
v -0.15539 4.0001 0.764091
v -0.162201 4.0001 0.746137
v -0.172282 4.0001 0.731426
v -0.17379 4.0001 0.729752
v -0.220044 4.0001 0.706767
v -0.201867 4.0001 0.711081
v -0.186004 4.0001 0.719194
v -0.406306 4.0001 0.72714
v -0.406168 4.0001 0.707624
v -0.33634 4.0001 0.727636
v -0.336748 4.0001 0.78522
v -0.397963 4.0001 0.784786
v -0.398102 4.0001 0.804389
v -0.336887 4.0001 0.804823
v -0.337275 4.0001 0.859606
v -0.403348 4.0001 0.859137
v -0.403488 4.0001 0.878828
v -0.315318 4.0001 0.879453
v -0.314104 4.0001 0.708277
v -0.545344 4.0001 0.754805
v -0.536609 4.0001 0.744069
v -0.552223 4.0001 0.730568
v -0.534468 4.0001 0.742108
v -0.534092 4.0001 0.717792
v -0.523342 4.0001 0.734542
v -0.514489 4.0001 0.710344
v -0.509113 4.0001 0.729187
v -0.485586 4.0001 0.707061
v -0.485593 4.0001 0.726578
v -0.438504 4.0001 0.707395
v -0.46074 4.0001 0.726754
v -0.439718 4.0001 0.878571
v -0.461676 4.0001 0.858724
v -0.48855 4.0001 0.878225
v -0.487536 4.0001 0.85854
v -0.514667 4.0001 0.875153
v -0.510055 4.0001 0.855827
v -0.535273 4.0001 0.86746
v -0.524778 4.0001 0.85028
v -0.553106 4.0001 0.8551
v -0.536823 4.0001 0.842088
v -0.559188 4.0001 0.849055
v -0.543049 4.0001 0.835559
v -0.569656 4.0001 0.834029
v -0.549242 4.0001 0.825449
v -0.575846 4.0001 0.817633
v -0.553583 4.0001 0.812069
v -0.578491 4.0001 0.794182
v -0.555252 4.0001 0.793735
v -0.57753 4.0001 0.780186
v -0.554652 4.0001 0.783269
v -0.572672 4.0001 0.760655
v -0.551274 4.0001 0.767525
v -0.56351 4.0001 0.743352
v -0.487536 4.0 0.85854
v -0.461676 4.0 0.858724
v -0.46074 4.0 0.726754
v -0.485593 4.0 0.726578
v -0.536609 4.0 0.744069
v -0.534468 4.0 0.742108
v -0.523342 4.0 0.734542
v -0.509113 4.0 0.729187
v -0.555252 4.0 0.793735
v -0.554652 4.0 0.783269
v -0.551274 4.0 0.767525
v -0.545344 4.0 0.754805
v -0.536823 4.0 0.842088
v -0.543049 4.0 0.835559
v -0.549242 4.0 0.825449
v -0.553583 4.0 0.812069
v -0.510055 4.0 0.855827
v -0.524778 4.0 0.85028
v -0.635703 4.0001 0.77216
v -0.661805 4.0001 0.843127
v -0.653775 4.0001 0.877053
v -0.587364 4.0001 0.706339
v -0.61178 4.0001 0.706166
v -0.628565 4.0001 0.752869
v -0.663324 4.0001 0.848225
v -0.664691 4.0001 0.855096
v -0.677404 4.0001 0.876885
v -0.665216 4.0001 0.855092
v -0.666548 4.0001 0.847841
v -0.6678 4.0001 0.843084
v -0.693155 4.0001 0.771752
v -0.741387 4.0001 0.705247
v -0.716971 4.0001 0.70542
v -0.699844 4.0001 0.752364
v -0.635703 4.0 0.77216
v -0.693155 4.0 0.771752
v -0.6678 4.0 0.843084
v -0.665216 4.0 0.855092
v -0.666548 4.0 0.847841
v -0.664691 4.0 0.855096
v -0.661805 4.0 0.843127
v -0.663324 4.0 0.848225
v -0.144685 4.0001 0.457428
v -0.144546 4.0001 0.437913
v -0.074718 4.0001 0.457924
v -0.075126 4.0001 0.515508
v -0.136342 4.0001 0.515074
v -0.136481 4.0001 0.534677
v -0.075265 4.0001 0.535111
v -0.075654 4.0001 0.589894
v -0.141726 4.0001 0.589426
v -0.141866 4.0001 0.609116
v -0.053697 4.0001 0.609742
v -0.052483 4.0001 0.438566
v -0.241861 4.0001 0.437223
v -0.263302 4.0001 0.43707
v -0.241995 4.0001 0.456125
v -0.26386 4.0001 0.515745
v -0.242412 4.0001 0.514934
v -0.195647 4.0001 0.489656
v -0.20073 4.0001 0.49203
v -0.241426 4.0001 0.456129
v -0.23014 4.0001 0.459358
v -0.237995 4.0001 0.450996
v -0.224052 4.0001 0.455312
v -0.213652 4.0001 0.494922
v -0.242296 4.0001 0.498569
v -0.242213 4.0001 0.486843
v -0.242182 4.0001 0.48542
v -0.240734 4.0001 0.475863
v -0.237535 4.0001 0.468236
v -0.232847 4.0001 0.461966
v -0.241734 4.0001 0.52442
v -0.262187 4.0001 0.532572
v -0.239571 4.0001 0.53207
v -0.258844 4.0001 0.54217
v -0.237083 4.0001 0.536503
v -0.254461 4.0001 0.549031
v -0.233866 4.0001 0.539975
v -0.24873 4.0001 0.554467
v -0.230077 4.0001 0.542455
v -0.241573 4.0001 0.558526
v -0.225116 4.0001 0.544227
v -0.232439 4.0001 0.561276
v -0.217858 4.0001 0.545039
v -0.219995 4.0001 0.56244
v -0.204748 4.0001 0.543734
v -0.198386 4.0001 0.559993
v -0.191322 4.0001 0.539168
v -0.182378 4.0001 0.553954
v -0.177672 4.0001 0.530534
v -0.17782 4.0001 0.551362
v -0.191362 4.0001 0.45963
v -0.175618 4.0001 0.444431
v -0.193172 4.0001 0.457784
v -0.182802 4.0001 0.439342
v -0.197424 4.0001 0.454836
v -0.191001 4.0001 0.436185
v -0.202262 4.0001 0.453022
v -0.203816 4.0001 0.434604
v -0.209498 4.0001 0.452155
v -0.214909 4.0001 0.435756
v -0.21753 4.0001 0.452996
v -0.223619 4.0001 0.438841
v -0.231165 4.0001 0.443774
v -0.206146 4.0001 0.510115
v -0.189613 4.0001 0.506126
v -0.192858 4.0001 0.487543
v -0.180548 4.0001 0.501496
v -0.190269 4.0001 0.484383
v -0.173997 4.0001 0.495826
v -0.188359 4.0001 0.480398
v -0.169707 4.0001 0.489688
v -0.187266 4.0001 0.475495
v -0.166754 4.0001 0.482118
v -0.18706 4.0001 0.472093
v -0.1653 4.0001 0.470497
v -0.18757 4.0001 0.467167
v -0.166287 4.0001 0.460771
v -0.188951 4.0001 0.463262
v -0.168829 4.0001 0.453499
v -0.173237 4.0001 0.446879
v -0.192858 4.0 0.487543
v -0.195647 4.0 0.489656
v -0.20073 4.0 0.49203
v -0.213652 4.0 0.494922
v -0.18706 4.0 0.472093
v -0.187266 4.0 0.475495
v -0.188359 4.0 0.480398
v -0.190269 4.0 0.484383
v -0.193172 4.0 0.457784
v -0.191362 4.0 0.45963
v -0.188951 4.0 0.463262
v -0.18757 4.0 0.467167
v -0.209498 4.0 0.452155
v -0.202262 4.0 0.453022
v -0.197424 4.0 0.454836
v -0.232847 4.0 0.461966
v -0.23014 4.0 0.459358
v -0.224052 4.0 0.455312
v -0.21753 4.0 0.452996
v -0.242213 4.0 0.486843
v -0.242182 4.0 0.48542
v -0.240734 4.0 0.475863
v -0.237535 4.0 0.468236
v -0.242296 4.0 0.498569
v -0.292544 4.0001 0.463293
v -0.300207 4.0001 0.458416
v -0.327728 4.0001 0.451229
v -0.31358 4.0001 0.453078
v -0.292387 4.0001 0.441153
v -0.325503 4.0001 0.433741
v -0.306448 4.0001 0.435982
v -0.342809 4.0001 0.435411
v -0.354618 4.0001 0.439392
v -0.36119 4.0001 0.443203
v -0.367362 4.0001 0.448524
v -0.371399 4.0001 0.45415
v -0.37408 4.0001 0.460926
v -0.375161 4.0001 0.469534
v -0.374331 4.0001 0.477528
v -0.372088 4.0001 0.483866
v -0.368128 4.0001 0.4898
v -0.363048 4.0001 0.494398
v -0.348864 4.0001 0.502418
v -0.340586 4.0001 0.505836
v -0.327358 4.0001 0.511706
v -0.319833 4.0001 0.516486
v -0.317758 4.0001 0.518802
v -0.316234 4.0001 0.521705
v -0.315407 4.0001 0.525042
v -0.315231 4.0001 0.527896
v -0.315644 4.0001 0.531312
v -0.316723 4.0001 0.534199
v -0.31858 4.0001 0.536915
v -0.321836 4.0001 0.539751
v -0.326661 4.0001 0.542274
v -0.332408 4.0001 0.543751
v -0.338758 4.0001 0.544182
v -0.353452 4.0001 0.542325
v -0.365582 4.0001 0.537597
v -0.369762 4.0001 0.535123
v -0.36991 4.0001 0.555951
v -0.354982 4.0001 0.560333
v -0.340982 4.0001 0.561582
v -0.324931 4.0001 0.559916
v -0.313198 4.0001 0.555747
v -0.307045 4.0001 0.552108
v -0.300648 4.0001 0.546439
v -0.296623 4.0001 0.540672
v -0.294021 4.0001 0.533788
v -0.293121 4.0001 0.526127
v -0.293983 4.0001 0.517796
v -0.296301 4.0001 0.511232
v -0.299066 4.0001 0.506743
v -0.325336 4.0001 0.490366
v -0.312598 4.0001 0.496315
v -0.302547 4.0001 0.50305
v -0.339373 4.0001 0.48437
v -0.347706 4.0001 0.479268
v -0.350358 4.0001 0.476467
v -0.351995 4.0001 0.473613
v -0.352945 4.0001 0.470258
v -0.353136 4.0001 0.46759
v -0.352663 4.0001 0.463502
v -0.351552 4.0001 0.460461
v -0.349661 4.0001 0.457706
v -0.347185 4.0001 0.45554
v -0.345221 4.0001 0.454368
v -0.339674 4.0001 0.452382
v -0.328675 4.0001 0.451228
v -0.482077 4.0001 0.557781
v -0.504305 4.0001 0.557623
v -0.448038 4.0001 0.465954
v -0.446356 4.0001 0.460266
v -0.445342 4.0001 0.456083
v -0.444773 4.0001 0.456087
v -0.442219 4.0001 0.46617
v -0.410929 4.0001 0.558286
v -0.38695 4.0001 0.558456
v -0.434042 4.0001 0.436122
v -0.424477 4.0001 0.41396
v -0.420225 4.0001 0.40629
v -0.4162 4.0001 0.401845
v -0.412259 4.0001 0.399149
v -0.407552 4.0001 0.397419
v -0.402389 4.0001 0.396876
v -0.394618 4.0001 0.397944
v -0.390242 4.0001 0.399413
v -0.390106 4.0001 0.380335
v -0.399189 4.0001 0.37869
v -0.403921 4.0001 0.378487
v -0.41259 4.0001 0.379421
v -0.421074 4.0001 0.382584
v -0.428599 4.0001 0.387765
v -0.430071 4.0001 0.389094
v -0.437984 4.0001 0.398461
v -0.447824 4.0001 0.417296
v -0.618744 4.0001 0.454066
v -0.618606 4.0001 0.434551
v -0.548777 4.0001 0.454562
v -0.549186 4.0001 0.512146
v -0.610401 4.0001 0.511712
v -0.61054 4.0001 0.531315
v -0.549325 4.0001 0.531749
v -0.549713 4.0001 0.586532
v -0.615786 4.0001 0.586064
v -0.615925 4.0001 0.605754
v -0.527756 4.0001 0.606379
v -0.526542 4.0001 0.435203
v -0.757781 4.0001 0.481731
v -0.749047 4.0001 0.470995
v -0.76466 4.0001 0.457494
v -0.746906 4.0001 0.469034
v -0.74653 4.0001 0.444718
v -0.735779 4.0001 0.461468
v -0.726926 4.0001 0.437271
v -0.721551 4.0001 0.456113
v -0.698024 4.0001 0.433987
v -0.698031 4.0001 0.453504
v -0.650942 4.0001 0.434321
v -0.673177 4.0001 0.45368
v -0.652156 4.0001 0.605497
v -0.674113 4.0001 0.58565
v -0.700988 4.0001 0.605151
v -0.699973 4.0001 0.585466
v -0.727105 4.0001 0.602079
v -0.722493 4.0001 0.582753
v -0.74771 4.0001 0.594386
v -0.737215 4.0001 0.577206
v -0.765543 4.0001 0.582026
v -0.74926 4.0001 0.569014
v -0.771626 4.0001 0.575981
v -0.755487 4.0001 0.562486
v -0.782094 4.0001 0.560956
v -0.76168 4.0001 0.552375
v -0.788284 4.0001 0.544559
v -0.76602 4.0001 0.538996
v -0.790929 4.0001 0.521109
v -0.76769 4.0001 0.520661
v -0.789968 4.0001 0.507112
v -0.767089 4.0001 0.510195
v -0.78511 4.0001 0.487581
v -0.763712 4.0001 0.494452
v -0.775948 4.0001 0.470278
v -0.699973 4.0 0.585466
v -0.674113 4.0 0.58565
v -0.673177 4.0 0.45368
v -0.698031 4.0 0.453504
v -0.749047 4.0 0.470995
v -0.746906 4.0 0.469034
v -0.735779 4.0 0.461468
v -0.721551 4.0 0.456113
v -0.76769 4.0 0.520661
v -0.767089 4.0 0.510195
v -0.763712 4.0 0.494452
v -0.757781 4.0 0.481731
v -0.74926 4.0 0.569014
v -0.755487 4.0 0.562486
v -0.76168 4.0 0.552375
v -0.76602 4.0 0.538996
v -0.722493 4.0 0.582753
v -0.737215 4.0 0.577206
v -0.848141 4.0001 0.499086
v -0.874243 4.0001 0.570053
v -0.866213 4.0001 0.603979
v -0.799802 4.0001 0.433265
v -0.824218 4.0001 0.433092
v -0.841003 4.0001 0.479795
v -0.875762 4.0001 0.575151
v -0.877128 4.0001 0.582022
v -0.889842 4.0001 0.603811
v -0.877654 4.0001 0.582018
v -0.878986 4.0001 0.574767
v -0.880238 4.0001 0.57001
v -0.905593 4.0001 0.498678
v -0.953825 4.0001 0.432173
v -0.929409 4.0001 0.432346
v -0.912282 4.0001 0.47929
v -0.848141 4.0 0.499086
v -0.905593 4.0 0.498678
v -0.880238 4.0 0.57001
v -0.877654 4.0 0.582018
v -0.878986 4.0 0.574767
v -0.877128 4.0 0.582022
v -0.874243 4.0 0.570053
v -0.875762 4.0 0.575151
v 0.703647 4.0001 0.419619
v 0.685696 4.0001 0.39716
v 0.713893 4.0001 0.527388
v 0.306978 4.0001 0.58414
v 0.344248 4.0001 0.648911
v 0.507936 4.0001 0.564874
v 0.590558 4.0001 0.529063
v 0.579284 4.0001 0.524937
v 0.733619 4.0001 0.73898
v 0.706405 4.0001 0.753206
v 0.712249 4.0001 0.828161
v 0.636278 4.0001 0.831113
v 0.59918 4.0001 0.742001
v 0.580305 4.0001 0.780382
v 0.740321 4.0001 0.543929
v 0.731053 4.0001 0.450571
v 0.715688 4.0001 0.445854
v 0.664253 4.0001 0.833746
v 0.56954 4.0001 0.518259
v 0.561762 4.0001 0.509452
v 0.478002 4.0001 0.495287
v 0.612595 4.0001 0.528794
v 0.62804 4.0001 0.603518
v 0.623253 4.0001 0.524674
v 0.654993 4.0001 0.593417
v 0.632817 4.0001 0.517975
v 0.679996 4.0001 0.576298
v 0.637664 4.0001 0.512922
v 0.700275 4.0001 0.553429
v 0.644026 4.0001 0.5029
v 0.647694 4.0001 0.491471
v 0.648383 4.0001 0.479614
v 0.554824 4.0001 0.598427
v 0.584152 4.0001 0.605922
v 0.598921 4.0001 0.606901
v 0.265961 4.0001 0.704342
v 0.256224 4.0001 0.704273
v 0.205859 4.0001 0.769639
v 0.233069 4.0001 0.701246
v 0.199926 4.0001 0.767598
v 0.211888 4.0001 0.692907
v 0.163833 4.0001 0.749373
v 0.131017 4.0001 0.721223
v 0.611123 4.0001 0.859993
v 0.552773 4.0001 0.812796
v 0.582349 4.0001 0.884283
v 0.520002 4.0001 0.836386
v 0.551475 4.0001 0.903013
v 0.676316 4.0001 0.760136
v 0.663554 4.0001 0.760715
v 0.650263 4.0001 0.832886
v 0.634932 4.0001 0.756949
v 0.607717 4.0001 0.746754
v 0.556546 4.0001 0.499422
v 0.553847 4.0001 0.488118
v 0.478089 4.0001 0.483117
v 0.553909 4.0001 0.476982
v 0.478848 4.0001 0.470363
v 0.132354 4.0001 0.494053
v 0.188702 4.0001 0.542807
v 0.165657 4.0001 0.466262
v 0.20679 4.0001 0.528226
v 0.202919 4.0001 0.448351
v 0.228327 4.0001 0.518413
v 0.243493 4.0001 0.440071
v 0.250269 4.0001 0.514363
v 0.315298 4.0001 0.44058
v 0.305036 4.0001 0.514751
v 0.322147 4.0001 0.441734
v 0.600682 4.0001 0.530236
v 0.529092 4.0001 0.584408
v 0.19311 4.0001 0.679585
v 0.179259 4.0001 0.663906
v 0.106417 4.0001 0.686427
v 0.168071 4.0001 0.642841
v 0.091796 4.0001 0.649153
v 0.162498 4.0001 0.619431
v 0.086503 4.0001 0.609352
v 0.161968 4.0001 0.60867
v 0.09239 4.0001 0.565977
v 0.165065 4.0001 0.58497
v 0.107947 4.0001 0.527553
v 0.173613 4.0001 0.563341
v 0.187144 4.0001 0.544457
v 0.270898 4.0001 0.866252
v 0.318965 4.0001 0.810695
v 0.230777 4.0001 0.819101
v 0.291727 4.0001 0.777722
v 0.273203 4.0001 0.738387
v 0.782276 4.0001 0.669338
v 0.862386 4.0001 0.649645
v 0.786121 4.0001 0.639873
v 0.862812 4.0001 0.637983
v 0.784786 4.0001 0.621015
v 0.857258 4.0001 0.590253
v 0.776248 4.0001 0.591177
v 0.840138 4.0001 0.544822
v 0.761977 4.0001 0.566507
v 0.812638 4.0001 0.504963
v 0.774886 4.0001 0.472308
v 0.64621 4.0001 0.468185
v 0.641466 4.0001 0.45792
v 0.495133 4.0001 0.923988
v 0.480133 4.0001 0.852222
v 0.435967 4.0001 0.930712
v 0.435268 4.0001 0.857681
v 0.382752 4.0001 0.924389
v 0.394006 4.0001 0.852308
v 0.322114 4.0001 0.901671
v 0.355947 4.0001 0.837407
v 0.321924 4.0001 0.813429
v 0.757456 4.0001 0.810975
v 0.796359 4.0001 0.784036
v 0.754603 4.0001 0.720522
v 0.804627 4.0001 0.77632
v 0.77165 4.0001 0.696405
v 0.834162 4.0001 0.739006
v 0.853893 4.0001 0.695328
v 0.486205 4.0001 0.440376
v 0.556898 4.0001 0.465322
v 0.500815 4.0001 0.413367
v 0.562631 4.0001 0.454909
v 0.519569 4.0001 0.392647
v 0.569291 4.0001 0.447492
v 0.543925 4.0001 0.375943
v 0.578582 4.0001 0.440929
v 0.571141 4.0001 0.365702
v 0.589154 4.0001 0.436792
v 0.600656 4.0001 0.362275
v 0.601355 4.0001 0.435307
v 0.605303 4.0001 0.362394
v 0.603429 4.0001 0.435367
v 0.634008 4.0001 0.367068
v 0.614342 4.0001 0.437226
v 0.662009 4.0001 0.379056
v 0.62531 4.0001 0.442028
v 0.634575 4.0001 0.449235
v 0.311145 4.0001 0.515926
v 0.340837 4.0001 0.453527
v 0.338028 4.0001 0.450628
v 0.3075 4.0001 0.515091
v 0.330175 4.0001 0.44496
v 0.350325 4.0001 0.478559
v 0.349235 4.0001 0.469486
v 0.346087 4.0001 0.46121
v 0.321769 4.0001 0.514876
v 0.330143 4.0001 0.511637
v 0.349982 4.0001 0.48336
v 0.337665 4.0001 0.506386
v 0.342733 4.0001 0.500876
v 0.347472 4.0001 0.492606
v 0.312329 4.0001 0.51602
v 0.600682 4.0 0.530236
v 0.590558 4.0 0.529063
v 0.579284 4.0 0.524937
v 0.56954 4.0 0.518259
v 0.561762 4.0 0.509452
v 0.556546 4.0 0.499422
v 0.553847 4.0 0.488118
v 0.553909 4.0 0.476982
v 0.556898 4.0 0.465322
v 0.562631 4.0 0.454909
v 0.569291 4.0 0.447492
v 0.578582 4.0 0.440929
v 0.589154 4.0 0.436792
v 0.601355 4.0 0.435307
v 0.603429 4.0 0.435367
v 0.614342 4.0 0.437226
v 0.62531 4.0 0.442028
v 0.634575 4.0 0.449235
v 0.641466 4.0 0.45792
v 0.64621 4.0 0.468185
v 0.648383 4.0 0.479614
v 0.647694 4.0 0.491471
v 0.644026 4.0 0.5029
v 0.637664 4.0 0.512922
v 0.632817 4.0 0.517975
v 0.623253 4.0 0.524674
v 0.612595 4.0 0.528794
usemtl 1
f 1// 2// 3//
f 4// 5// 6//
f 7// 8// 9//
f 10// 11// 12//
f 13// 14// 15//
f 16// 17// 18//
f 19// 20// 21//
f 22// 23// 24//
f 25// 26// 27//
f 28// 29// 30//
f 31// 32// 33//
f 34// 35// 36//
f 36// 37// 34//
f 34// 37// 38//
f 34// 38// 39//
f 35// 34// 40//
f 40// 34// 41//
f 40// 41// 42//
f 43// 44// 33//
f 45// 46// 32//
f 47// 48// 49//
f 49// 48// 50//
f 50// 48// 51//
f 50// 51// 52//
f 52// 51// 53//
f 52// 53// 32//
f 32// 53// 54//
f 32// 54// 45//
f 46// 55// 32//
f 32// 55// 56//
f 32// 56// 33//
f 33// 56// 57//
f 33// 57// 43//
f 58// 59// 33//
f 33// 59// 60//
f 33// 60// 31//
f 58// 61// 59//
f 59// 61// 62//
f 59// 62// 63//
f 63// 62// 64//
f 63// 64// 65//
f 66// 67// 58//
f 58// 67// 68//
f 58// 68// 61//
f 69// 70// 71//
f 71// 72// 69//
f 69// 72// 73//
f 69// 73// 58//
f 58// 73// 74//
f 58// 74// 66//
f 75// 76// 77//
f 77// 76// 78//
f 77// 78// 70//
f 70// 78// 79//
f 70// 79// 71//
f 80// 81// 82//
f 83// 84// 85//
f 80// 82// 86//
f 84// 87// 85//
f 85// 87// 88//
f 85// 88// 75//
f 75// 88// 89//
f 75// 89// 76//
f 81// 90// 82//
f 82// 90// 91//
f 82// 91// 92//
f 93// 94// 95//
f 95// 94// 96//
f 95// 96// 97//
f 97// 96// 98//
f 97// 98// 99//
f 100// 85// 101//
f 101// 85// 102//
f 97// 103// 104//
f 100// 105// 85//
f 85// 105// 106//
f 85// 106// 83//
f 107// 108// 82//
f 82// 108// 109//
f 82// 109// 110//
f 99// 111// 97//
f 97// 111// 112//
f 97// 112// 113//
f 114// 115// 116//
f 116// 115// 117//
f 116// 117// 82//
f 82// 117// 118//
f 82// 118// 86//
f 104// 119// 97//
f 97// 119// 120//
f 97// 120// 121//
f 113// 122// 97//
f 97// 122// 123//
f 97// 123// 103//
f 123// 124// 103//
f 103// 124// 125//
f 103// 125// 126//
f 126// 127// 103//
f 103// 127// 128//
f 103// 128// 129//
f 129// 128// 114//
f 129// 114// 130//
f 130// 114// 116//
f 121// 131// 97//
f 97// 131// 132//
f 97// 132// 85//
f 85// 132// 133//
f 85// 133// 102//
f 92// 134// 82//
f 82// 134// 135//
f 82// 135// 136//
f 136// 137// 82//
f 82// 137// 138//
f 82// 138// 107//
f 109// 139// 110//
f 110// 139// 140//
f 110// 140// 141//
f 141// 140// 142//
f 143// 30// 144//
f 144// 30// 145//
f 144// 145// 146//
f 146// 145// 147//
f 142// 148// 141//
f 141// 148// 149//
f 141// 149// 145//
f 145// 149// 150//
f 145// 150// 147//
f 28// 151// 29//
f 29// 151// 152//
f 29// 152// 153//
f 154// 155// 156//
f 156// 155// 157//
f 156// 157// 143//
f 143// 157// 158//
f 143// 158// 30//
f 30// 158// 159//
f 30// 159// 28//
f 160// 161// 156//
f 156// 161// 162//
f 156// 162// 154//
f 160// 163// 161//
f 161// 163// 164//
f 161// 164// 165//
f 166// 167// 168//
f 168// 147// 166//
f 166// 147// 150//
f 166// 150// 169//
f 169// 150// 170//
f 170// 171// 169//
f 169// 171// 172//
f 169// 172// 173//
f 174// 175// 176//
f 175// 177// 176//
f 176// 177// 178//
f 176// 178// 179//
f 180// 176// 181//
f 167// 166// 180//
f 180// 166// 182//
f 180// 182// 176//
f 176// 182// 183//
f 176// 183// 174//
f 181// 184// 180//
f 180// 184// 185//
f 180// 185// 186//
f 179// 178// 187//
f 187// 178// 188//
f 187// 188// 189//
f 189// 188// 190//
f 189// 190// 191//
f 192// 193// 186//
f 186// 193// 194//
f 186// 194// 180//
f 195// 196// 93//
f 93// 196// 197//
f 93// 197// 94//
f 39// 198// 34//
f 34// 198// 199//
f 34// 199// 200//
f 200// 199// 201//
f 200// 201// 25//
f 202// 203// 204//
f 204// 203// 205//
f 206// 207// 208//
f 207// 209// 210//
f 202// 211// 203//
f 203// 211// 212//
f 203// 212// 213//
f 210// 214// 207//
f 207// 214// 215//
f 207// 215// 208//
f 213// 216// 203//
f 203// 216// 217//
f 203// 217// 207//
f 207// 217// 218//
f 207// 218// 209//
f 208// 219// 206//
f 206// 219// 220//
f 206// 220// 221//
f 221// 220// 222//
f 221// 222// 223//
f 222// 224// 223//
f 223// 224// 225//
f 223// 225// 226//
f 226// 225// 205//
f 221// 227// 228//
f 229// 221// 230//
f 230// 221// 228//
f 230// 228// 231//
f 232// 206// 233//
f 233// 206// 221//
f 233// 221// 234//
f 234// 221// 229//
f 234// 229// 235//
f 229// 236// 235//
f 235// 236// 237//
f 235// 237// 238//
f 228// 239// 231//
f 231// 239// 240//
f 231// 240// 241//
f 227// 221// 242//
f 242// 221// 223//
f 242// 223// 243//
f 244// 245// 243//
f 243// 245// 246//
f 243// 246// 242//
f 247// 248// 249//
f 250// 251// 248//
f 248// 251// 252//
f 248// 252// 249//
f 253// 254// 255//
f 255// 254// 256//
f 255// 256// 257//
f 257// 256// 258//
f 257// 258// 259//
f 259// 260// 257//
f 257// 260// 261//
f 257// 261// 262//
f 263// 264// 265//
f 266// 267// 268//
f 269// 270// 265//
f 269// 265// 271//
f 271// 265// 264//
f 271// 264// 272//
f 273// 274// 275//
f 275// 274// 276//
f 275// 276// 264//
f 264// 276// 277//
f 264// 277// 272//
f 268// 267// 278//
f 279// 280// 281//
f 281// 280// 282//
f 281// 282// 283//
f 284// 285// 286//
f 270// 287// 265//
f 265// 287// 288//
f 265// 288// 286//
f 286// 288// 289//
f 286// 289// 284//
f 285// 290// 286//
f 286// 290// 291//
f 286// 291// 292//
f 292// 291// 293//
f 292// 293// 294//
f 295// 296// 283//
f 283// 296// 292//
f 283// 292// 281//
f 281// 292// 294//
f 295// 297// 296//
f 296// 297// 298//
f 296// 298// 299//
f 299// 300// 296//
f 296// 300// 301//
f 296// 301// 267//
f 267// 301// 302//
f 267// 302// 278//
f 303// 304// 305//
f 305// 304// 306//
f 305// 306// 307//
f 305// 308// 303//
f 303// 308// 309//
f 303// 309// 310//
f 310// 311// 303//
f 303// 311// 312//
f 303// 312// 313//
f 313// 312// 314//
f 313// 314// 315//
f 315// 314// 316//
f 315// 316// 281//
f 281// 316// 317//
f 281// 317// 279//
f 318// 319// 307//
f 307// 319// 320//
f 307// 320// 305//
f 321// 322// 273//
f 273// 322// 323//
f 273// 323// 274//
f 321// 324// 322//
f 322// 324// 325//
f 322// 325// 326//
f 326// 325// 327//
f 326// 328// 329//
f 327// 330// 326//
f 326// 330// 331//
f 326// 331// 332//
f 332// 333// 326//
f 326// 333// 334//
f 326// 334// 328//
f 329// 335// 326//
f 326// 335// 336//
f 326// 336// 337//
f 338// 339// 22//
f 22// 339// 340//
f 341// 342// 343//
f 344// 345// 346//
f 346// 345// 347//
f 346// 347// 348//
f 347// 349// 348//
f 348// 349// 350//
f 348// 350// 351//
f 352// 350// 353//
f 353// 350// 349//
f 353// 349// 354//
f 354// 349// 347//
f 354// 347// 355//
f 355// 347// 356//
f 355// 356// 23//
f 357// 358// 359//
f 360// 361// 362//
f 363// 364// 361//
f 361// 364// 358//
f 361// 358// 362//
f 362// 358// 357//
f 365// 366// 367//
f 367// 366// 368//
f 362// 369// 360//
f 360// 369// 370//
f 360// 370// 371//
f 372// 373// 374//
f 375// 376// 359//
f 359// 376// 377//
f 359// 377// 357//
f 365// 367// 363//
f 363// 367// 378//
f 363// 378// 364//
f 364// 378// 379//
f 364// 379// 374//
f 374// 379// 380//
f 374// 380// 372//
f 20// 381// 21//
f 21// 381// 382//
f 21// 382// 383//
f 383// 382// 384//
f 383// 384// 385//
f 19// 386// 387//
f 387// 386// 41//
f 387// 41// 388//
f 388// 41// 34//
f 388// 34// 385//
f 385// 34// 200//
f 385// 200// 383//
f 49// 42// 47//
f 47// 42// 41//
f 47// 41// 389//
f 389// 41// 386//
f 389// 386// 390//
f 390// 386// 391//
f 390// 391// 392//
f 392// 391// 393//
f 393// 391// 394//
f 393// 394// 395//
f 395// 394// 396//
f 395// 396// 397//
f 397// 396// 398//
f 397// 398// 399//
f 399// 398// 400//
f 399// 400// 401//
f 401// 400// 402//
f 402// 400// 403//
f 402// 403// 404//
f 404// 403// 405//
f 405// 403// 406//
f 405// 406// 407//
f 407// 406// 408//
f 407// 408// 409//
f 17// 410// 18//
f 18// 410// 411//
f 18// 411// 408//
f 408// 411// 412//
f 408// 412// 409//
f 16// 18// 413//
f 413// 18// 414//
f 413// 414// 415//
f 14// 13// 375//
f 375// 13// 416//
f 375// 416// 417//
f 418// 419// 420//
f 418// 421// 422//
f 418// 423// 424//
f 420// 425// 418//
f 418// 425// 426//
f 418// 426// 427//
f 427// 426// 428//
f 427// 428// 417//
f 417// 428// 373//
f 417// 373// 375//
f 375// 373// 372//
f 375// 372// 376//
f 429// 430// 431//
f 431// 430// 432//
f 431// 432// 433//
f 422// 434// 418//
f 418// 434// 435//
f 418// 435// 423//
f 424// 436// 418//
f 418// 436// 437//
f 418// 437// 438//
f 421// 418// 431//
f 431// 418// 439//
f 431// 439// 429//
f 438// 440// 418//
f 418// 440// 441//
f 418// 441// 419//
f 394// 442// 15//
f 10// 12// 443//
f 444// 445// 12//
f 12// 445// 446//
f 12// 446// 443//
f 9// 8// 383//
f 21// 447// 12//
f 12// 447// 448//
f 12// 448// 444//
f 8// 449// 383//
f 383// 449// 450//
f 383// 450// 21//
f 21// 450// 451//
f 21// 451// 447//
f 452// 453// 9//
f 452// 9// 454//
f 453// 455// 9//
f 9// 455// 456//
f 9// 456// 7//
f 5// 457// 458//
f 458// 457// 459//
f 458// 459// 460//
f 428// 461// 373//
f 373// 461// 462//
f 373// 462// 6//
f 6// 462// 463//
f 6// 463// 4//
f 464// 465// 466//
f 464// 467// 468//
f 468// 467// 469//
f 466// 465// 97//
f 97// 465// 470//
f 97// 470// 95//
f 471// 472// 473//
f 473// 472// 464//
f 473// 464// 474//
f 474// 464// 468//
f 474// 468// 475//
f 475// 468// 476//
f 477// 478// 479//
f 479// 478// 469//
f 477// 480// 481//
f 481// 480// 27//
f 481// 27// 482//
f 470// 483// 95//
f 95// 483// 482//
f 95// 482// 93//
f 93// 482// 27//
f 93// 27// 195//
f 195// 27// 26//
f 253// 292// 484//
f 249// 254// 247//
f 247// 254// 253//
f 247// 253// 485//
f 485// 253// 484//
f 233// 486// 232//
f 232// 486// 257//
f 232// 257// 487//
f 487// 257// 262//
f 487// 262// 488//
f 489// 490// 3//
f 488// 491// 487//
f 487// 491// 492//
f 487// 492// 296//
f 3// 484// 489//
f 489// 484// 292//
f 489// 292// 493//
f 493// 292// 296//
f 493// 296// 494//
f 494// 296// 492//
f 495// 496// 497//
f 497// 496// 498//
f 498// 496// 490//
f 490// 496// 499//
f 490// 499// 3//
f 3// 499// 500//
f 3// 500// 1//
f 501// 502// 503//
f 503// 502// 504//
f 505// 506// 207//
f 207// 506// 203//
f 203// 506// 507//
f 203// 507// 502//
f 502// 507// 508//
f 502// 508// 504//
f 504// 508// 509//
f 504// 509// 510//
f 511// 512// 510//
f 510// 512// 505//
f 510// 505// 504//
f 504// 505// 207//
f 205// 203// 226//
f 226// 203// 502//
f 226// 502// 513//
f 513// 502// 501//
f 513// 501// 514//
f 23// 356// 24//
f 24// 356// 515//
f 24// 515// 516//
f 516// 515// 517//
f 516// 517// 518//
f 22// 24// 338//
f 338// 24// 516//
f 338// 516// 519//
f 519// 516// 518//
f 519// 518// 520//
f 341// 521// 522//
f 358// 523// 524//
f 524// 523// 525//
f 524// 525// 526//
f 341// 522// 364//
f 364// 522// 527//
f 364// 527// 358//
f 358// 527// 528//
f 358// 528// 523//
f 529// 530// 524//
f 524// 530// 531//
f 532// 533// 341//
f 341// 533// 534//
f 526// 535// 524//
f 524// 535// 536//
f 524// 536// 529//
f 534// 537// 341//
f 341// 537// 538//
f 341// 538// 521//
f 340// 339// 343//
f 343// 339// 524//
f 343// 524// 341//
f 341// 524// 531//
f 341// 531// 532//
f 5// 458// 6//
f 6// 458// 539//
f 6// 539// 373//
f 373// 539// 540//
f 373// 540// 374//
f 374// 540// 541//
f 374// 541// 364//
f 364// 541// 345//
f 364// 345// 341//
f 341// 345// 344//
f 341// 344// 342//
f 15// 14// 394//
f 394// 14// 375//
f 394// 375// 396//
f 396// 375// 359//
f 396// 359// 398//
f 398// 359// 358//
f 398// 358// 400//
f 400// 358// 524//
f 400// 524// 403//
f 403// 524// 339//
f 403// 339// 406//
f 406// 339// 338//
f 406// 338// 408//
f 408// 338// 519//
f 408// 519// 18//
f 18// 519// 520//
f 18// 520// 414//
f 542// 543// 544//
f 545// 546// 547//
f 547// 546// 266//
f 548// 549// 265//
f 265// 549// 550//
f 265// 550// 551//
f 551// 552// 265//
f 265// 552// 553//
f 265// 553// 554//
f 543// 555// 544//
f 544// 555// 556//
f 544// 556// 557//
f 557// 556// 558//
f 559// 560// 558//
f 558// 560// 561//
f 558// 561// 557//
f 562// 563// 564//
f 564// 563// 565//
f 564// 565// 265//
f 265// 565// 566//
f 265// 566// 548//
f 268// 263// 266//
f 266// 263// 265//
f 266// 265// 547//
f 547// 265// 554//
f 567// 546// 568//
f 568// 546// 569//
f 567// 570// 546//
f 546// 570// 571//
f 546// 571// 572//
f 562// 564// 544//
f 544// 564// 573//
f 544// 573// 542//
f 545// 574// 575//
f 576// 577// 546//
f 546// 577// 578//
f 546// 578// 569//
f 579// 580// 558//
f 558// 580// 581//
f 558// 581// 582//
f 575// 583// 545//
f 545// 583// 584//
f 545// 584// 546//
f 546// 584// 585//
f 546// 585// 576//
f 582// 586// 558//
f 558// 586// 587//
f 558// 587// 559//
f 464// 466// 467//
f 467// 466// 546//
f 467// 546// 564//
f 564// 546// 572//
f 564// 572// 573//
f 469// 467// 479//
f 479// 467// 564//
f 479// 564// 588//
f 588// 564// 265//
f 588// 265// 589//
f 589// 265// 286//
f 589// 286// 590//
f 590// 286// 292//
f 590// 292// 591//
f 591// 292// 253//
f 591// 253// 244//
f 244// 253// 255//
f 244// 255// 245//
f 477// 479// 480//
f 480// 479// 588//
f 480// 588// 460//
f 460// 588// 589//
f 460// 589// 458//
f 458// 589// 590//
f 458// 590// 539//
f 539// 590// 591//
f 539// 591// 540//
f 540// 591// 244//
f 540// 244// 541//
f 541// 244// 243//
f 541// 243// 345//
f 345// 243// 223//
f 345// 223// 347//
f 347// 223// 226//
f 347// 226// 356//
f 356// 226// 513//
f 356// 513// 515//
f 515// 513// 514//
f 515// 514// 517//
f 19// 21// 386//
f 386// 21// 12//
f 386// 12// 391//
f 391// 12// 11//
f 391// 11// 394//
f 394// 11// 592//
f 394// 592// 442//
f 25// 27// 200//
f 200// 27// 480//
f 200// 480// 383//
f 383// 480// 460//
f 383// 460// 9//
f 9// 460// 459//
f 9// 459// 454//
usemtl 2
f 593// 594// 595//
f 596// 593// 597//
f 598// 599// 600//
f 601// 598// 602//
f 603// 604// 605//
f 606// 607// 608//
f 608// 607// 609//
f 608// 609// 610//
f 610// 609// 611//
f 606// 612// 607//
f 607// 612// 613//
f 607// 613// 614//
f 614// 615// 607//
f 607// 615// 616//
f 607// 616// 617//
f 617// 616// 618//
f 617// 618// 619//
f 620// 621// 622//
f 622// 621// 623//
f 622// 623// 609//
f 609// 623// 624//
f 609// 624// 611//
f 625// 626// 627//
f 628// 629// 630//
f 630// 629// 631//
f 630// 631// 632//
f 633// 634// 635//
f 633// 635// 636//
f 637// 638// 639//
f 639// 638// 640//
f 639// 640// 641//
f 641// 640// 642//
f 641// 642// 643//
f 643// 644// 641//
f 641// 644// 645//
f 641// 645// 635//
f 635// 645// 646//
f 635// 646// 636//
f 647// 648// 625//
f 625// 648// 649//
f 625// 649// 626//
f 634// 650// 635//
f 635// 650// 651//
f 635// 651// 652//
f 619// 653// 617//
f 617// 653// 654//
f 617// 654// 655//
f 655// 654// 656//
f 655// 656// 657//
f 657// 658// 655//
f 655// 658// 659//
f 655// 659// 637//
f 660// 661// 662//
f 660// 662// 663//
f 664// 665// 666//
f 666// 665// 667//
f 666// 667// 662//
f 662// 667// 668//
f 662// 668// 663//
f 661// 669// 662//
f 662// 669// 670//
f 662// 670// 671//
f 671// 670// 672//
f 671// 672// 673//
f 674// 675// 676//
f 676// 675// 677//
f 676// 677// 678//
f 678// 679// 676//
f 676// 679// 680//
f 676// 680// 666//
f 666// 680// 681//
f 666// 681// 664//
f 682// 683// 684//
f 684// 683// 685//
f 684// 685// 686//
f 686// 687// 684//
f 684// 687// 688//
f 684// 688// 689//
f 689// 690// 684//
f 684// 690// 691//
f 684// 691// 692//
f 692// 691// 693//
f 692// 693// 694//
f 694// 695// 692//
f 692// 695// 696//
f 692// 696// 697//
f 697// 696// 698//
f 697// 698// 674//
f 699// 700// 701//
f 701// 700// 702//
f 701// 702// 703//
f 704// 705// 706//
f 705// 707// 706//
f 706// 707// 708//
f 706// 708// 709//
f 710// 711// 712//
f 712// 711// 671//
f 712// 671// 713//
f 713// 671// 673//
f 714// 715// 716//
f 716// 715// 717//
f 716// 717// 718//
f 718// 719// 716//
f 716// 719// 44//
f 716// 44// 43//
f 720// 721// 722//
f 722// 721// 723//
f 724// 725// 726//
f 726// 725// 727//
f 726// 727// 728//
f 728// 727// 729//
f 728// 729// 722//
f 722// 729// 730//
f 722// 730// 720//
f 731// 732// 733//
f 732// 734// 733//
f 733// 734// 735//
f 733// 735// 726//
f 726// 735// 736//
f 726// 736// 724//
f 737// 738// 739//
f 739// 738// 740//
f 739// 740// 741//
f 741// 740// 742//
f 741// 742// 743//
f 744// 745// 746//
f 744// 746// 747//
f 747// 746// 748//
f 747// 748// 749//
f 749// 750// 747//
f 747// 750// 751//
f 747// 751// 605//
f 605// 751// 752//
f 605// 752// 603//
f 745// 744// 753//
f 753// 744// 754//
f 753// 754// 755//
f 756// 757// 754//
f 754// 757// 758//
f 754// 758// 755//
f 759// 760// 756//
f 756// 760// 761//
f 756// 761// 757//
f 413// 415// 762//
f 762// 415// 763//
f 762// 763// 764//
f 764// 765// 762//
f 762// 765// 766//
f 762// 766// 767//
f 767// 760// 762//
f 762// 760// 759//
f 762// 759// 413//
f 413// 759// 768//
f 410// 17// 768//
f 768// 17// 16//
f 768// 16// 413//
f 405// 407// 769//
f 769// 407// 409//
f 397// 770// 395//
f 395// 770// 771//
f 395// 771// 393//
f 393// 771// 392//
f 397// 399// 770//
f 770// 399// 401//
f 770// 401// 402//
f 772// 389// 771//
f 771// 389// 390//
f 771// 390// 392//
f 773// 48// 772//
f 772// 48// 47//
f 772// 47// 389//
f 774// 53// 773//
f 773// 53// 51//
f 773// 51// 48//
f 775// 55// 776//
f 776// 55// 46//
f 776// 46// 777//
f 777// 46// 45//
f 777// 45// 54//
f 778// 57// 56//
f 57// 778// 43//
f 43// 778// 723//
f 43// 723// 716//
f 716// 723// 721//
f 716// 721// 714//
f 743// 731// 741//
f 741// 731// 733//
f 741// 733// 739//
f 739// 733// 779//
f 780// 781// 604//
f 604// 781// 782//
f 604// 782// 605//
f 605// 782// 783//
f 605// 783// 747//
f 56// 55// 778//
f 778// 55// 775//
f 778// 775// 723//
f 723// 775// 784//
f 723// 784// 722//
f 722// 784// 785//
f 722// 785// 728//
f 728// 785// 786//
f 728// 786// 726//
f 726// 786// 787//
f 726// 787// 733//
f 733// 787// 684//
f 733// 684// 779//
f 779// 684// 692//
f 783// 641// 747//
f 747// 641// 635//
f 747// 635// 744//
f 744// 635// 788//
f 744// 788// 754//
f 754// 788// 789//
f 754// 789// 756//
f 756// 789// 790//
f 756// 790// 759//
f 759// 790// 791//
f 759// 791// 768//
f 768// 791// 792//
f 768// 792// 410//
f 410// 792// 793//
f 410// 793// 411//
f 411// 793// 769//
f 411// 769// 412//
f 412// 769// 409//
f 674// 676// 697//
f 697// 676// 794//
f 697// 794// 692//
f 692// 794// 795//
f 692// 795// 779//
f 779// 795// 600//
f 779// 600// 739//
f 739// 600// 599//
f 739// 599// 737//
f 54// 53// 777//
f 777// 53// 774//
f 777// 774// 776//
f 776// 774// 796//
f 776// 796// 775//
f 775// 796// 797//
f 775// 797// 784//
f 784// 797// 798//
f 784// 798// 785//
f 785// 798// 799//
f 785// 799// 786//
f 786// 799// 800//
f 786// 800// 787//
f 787// 800// 801//
f 787// 801// 684//
f 684// 801// 706//
f 684// 706// 682//
f 682// 706// 709//
f 652// 647// 635//
f 635// 647// 625//
f 635// 625// 788//
f 788// 625// 802//
f 788// 802// 789//
f 789// 802// 803//
f 789// 803// 790//
f 790// 803// 804//
f 790// 804// 791//
f 791// 804// 805//
f 791// 805// 792//
f 792// 805// 806//
f 792// 806// 793//
f 793// 806// 807//
f 793// 807// 769//
f 769// 807// 808//
f 769// 808// 405//
f 405// 808// 770//
f 405// 770// 404//
f 404// 770// 402//
f 637// 639// 655//
f 655// 639// 641//
f 655// 641// 809//
f 809// 641// 783//
f 809// 783// 810//
f 810// 783// 782//
f 810// 782// 811//
f 811// 782// 781//
f 811// 781// 596//
f 627// 628// 625//
f 625// 628// 630//
f 625// 630// 802//
f 802// 630// 812//
f 802// 812// 803//
f 803// 812// 813//
f 803// 813// 804//
f 804// 813// 814//
f 804// 814// 805//
f 805// 814// 815//
f 805// 815// 806//
f 806// 815// 816//
f 806// 816// 807//
f 807// 816// 817//
f 807// 817// 808//
f 808// 817// 818//
f 808// 818// 770//
f 770// 818// 819//
f 770// 819// 771//
f 771// 819// 820//
f 771// 820// 772//
f 772// 820// 821//
f 772// 821// 773//
f 773// 821// 822//
f 773// 822// 774//
f 774// 822// 823//
f 774// 823// 796//
f 796// 823// 824//
f 796// 824// 797//
f 797// 824// 825//
f 797// 825// 798//
f 798// 825// 826//
f 798// 826// 799//
f 799// 826// 827//
f 799// 827// 800//
f 800// 827// 828//
f 800// 828// 801//
f 801// 828// 829//
f 801// 829// 706//
f 706// 829// 701//
f 706// 701// 704//
f 704// 701// 703//
f 601// 602// 830//
f 830// 602// 831//
f 830// 831// 832//
f 832// 831// 833//
f 832// 833// 834//
f 834// 833// 835//
f 834// 835// 836//
f 836// 835// 837//
f 836// 837// 838//
f 838// 837// 839//
f 838// 839// 840//
f 598// 600// 602//
f 602// 600// 795//
f 602// 795// 831//
f 831// 795// 794//
f 831// 794// 833//
f 833// 794// 676//
f 833// 676// 835//
f 835// 676// 666//
f 835// 666// 837//
f 837// 666// 662//
f 837// 662// 839//
f 632// 620// 630//
f 630// 620// 622//
f 630// 622// 812//
f 812// 622// 841//
f 812// 841// 813//
f 813// 841// 842//
f 813// 842// 814//
f 814// 842// 843//
f 814// 843// 815//
f 815// 843// 844//
f 815// 844// 816//
f 816// 844// 845//
f 816// 845// 817//
f 817// 845// 846//
f 817// 846// 818//
f 818// 846// 847//
f 818// 847// 819//
f 819// 847// 848//
f 819// 848// 820//
f 820// 848// 849//
f 820// 849// 821//
f 821// 849// 850//
f 821// 850// 822//
f 822// 850// 851//
f 822// 851// 823//
f 823// 851// 852//
f 823// 852// 824//
f 824// 852// 853//
f 824// 853// 825//
f 825// 853// 854//
f 825// 854// 826//
f 826// 854// 855//
f 826// 855// 827//
f 827// 855// 856//
f 827// 856// 828//
f 828// 856// 857//
f 828// 857// 829//
f 829// 857// 858//
f 829// 858// 701//
f 701// 858// 711//
f 701// 711// 699//
f 699// 711// 710//
f 596// 597// 811//
f 811// 597// 859//
f 811// 859// 810//
f 810// 859// 860//
f 810// 860// 809//
f 809// 860// 861//
f 809// 861// 655//
f 655// 861// 862//
f 655// 862// 617//
f 617// 862// 863//
f 617// 863// 607//
f 593// 595// 597//
f 597// 595// 864//
f 597// 864// 859//
f 859// 864// 865//
f 859// 865// 860//
f 860// 865// 866//
f 860// 866// 861//
f 861// 866// 867//
f 861// 867// 862//
f 862// 867// 868//
f 862// 868// 863//
f 868// 869// 863//
f 863// 869// 870//
f 863// 870// 607//
f 607// 870// 871//
f 607// 871// 609//
f 609// 871// 872//
f 609// 872// 622//
f 622// 872// 873//
f 622// 873// 841//
f 841// 873// 874//
f 841// 874// 842//
f 842// 874// 875//
f 842// 875// 843//
f 843// 875// 876//
f 843// 876// 844//
f 844// 876// 877//
f 844// 877// 845//
f 845// 877// 878//
f 845// 878// 846//
f 846// 878// 879//
f 846// 879// 847//
f 847// 879// 880//
f 847// 880// 848//
f 848// 880// 881//
f 848// 881// 849//
f 849// 881// 882//
f 849// 882// 850//
f 850// 882// 883//
f 850// 883// 851//
f 851// 883// 884//
f 851// 884// 852//
f 852// 884// 885//
f 852// 885// 853//
f 853// 885// 886//
f 853// 886// 854//
f 854// 886// 887//
f 854// 887// 855//
f 855// 887// 888//
f 855// 888// 856//
f 856// 888// 889//
f 856// 889// 857//
f 857// 889// 890//
f 857// 890// 858//
f 858// 890// 891//
f 858// 891// 711//
f 711// 891// 892//
f 711// 892// 671//
f 671// 892// 893//
f 671// 893// 662//
f 662// 893// 894//
f 662// 894// 839//
f 839// 894// 895//
f 839// 895// 840//
f 840// 895// 896//
f 869// 897// 870//
f 870// 897// 898//
f 870// 898// 871//
f 871// 898// 899//
f 871// 899// 872//
f 872// 899// 900//
f 872// 900// 873//
f 873// 900// 901//
f 873// 901// 874//
f 874// 901// 902//
f 874// 902// 875//
f 875// 902// 903//
f 875// 903// 876//
f 876// 903// 904//
f 876// 904// 877//
f 877// 904// 905//
f 877// 905// 878//
f 878// 905// 906//
f 878// 906// 879//
f 879// 906// 907//
f 879// 907// 880//
f 880// 907// 908//
f 880// 908// 881//
f 881// 908// 909//
f 881// 909// 882//
f 882// 909// 910//
f 882// 910// 883//
f 883// 910// 911//
f 883// 911// 884//
f 884// 911// 912//
f 884// 912// 885//
f 885// 912// 913//
f 885// 913// 886//
f 886// 913// 914//
f 886// 914// 887//
f 887// 914// 915//
f 887// 915// 888//
f 888// 915// 916//
f 888// 916// 889//
f 889// 916// 917//
f 889// 917// 890//
f 890// 917// 918//
f 890// 918// 891//
f 891// 918// 919//
f 891// 919// 892//
f 892// 919// 920//
f 892// 920// 893//
f 893// 920// 921//
f 893// 921// 894//
f 894// 921// 922//
f 894// 922// 895//
f 895// 922// 923//
f 895// 923// 896//
f 896// 923// 924//
f 897// 925// 898//
f 898// 925// 926//
f 898// 926// 899//
f 899// 926// 927//
f 899// 927// 900//
f 900// 927// 928//
f 900// 928// 901//
f 901// 928// 929//
f 901// 929// 902//
f 902// 929// 930//
f 902// 930// 903//
f 903// 930// 931//
f 903// 931// 904//
f 904// 931// 932//
f 904// 932// 905//
f 905// 932// 933//
f 905// 933// 906//
f 906// 933// 934//
f 906// 934// 907//
f 907// 934// 935//
f 907// 935// 908//
f 908// 935// 936//
f 908// 936// 909//
f 909// 936// 937//
f 909// 937// 910//
f 910// 937// 938//
f 910// 938// 911//
f 911// 938// 939//
f 911// 939// 912//
f 912// 939// 940//
f 912// 940// 913//
f 913// 940// 941//
f 913// 941// 914//
f 914// 941// 942//
f 914// 942// 915//
f 915// 942// 943//
f 915// 943// 916//
f 916// 943// 944//
f 916// 944// 917//
f 917// 944// 945//
f 917// 945// 918//
f 918// 945// 946//
f 918// 946// 919//
f 919// 946// 947//
f 919// 947// 920//
f 920// 947// 948//
f 920// 948// 921//
f 921// 948// 949//
f 921// 949// 922//
f 922// 949// 950//
f 922// 950// 923//
f 923// 950// 951//
f 923// 951// 924//
f 924// 951// 952//
f 925// 953// 926//
f 926// 953// 954//
f 926// 954// 927//
f 927// 954// 955//
f 927// 955// 928//
f 928// 955// 956//
f 928// 956// 929//
f 929// 956// 957//
f 929// 957// 930//
f 930// 957// 958//
f 930// 958// 931//
f 931// 958// 959//
f 931// 959// 932//
f 932// 959// 960//
f 932// 960// 933//
f 933// 960// 961//
f 933// 961// 934//
f 934// 961// 962//
f 934// 962// 935//
f 935// 962// 963//
f 935// 963// 936//
f 936// 963// 964//
f 936// 964// 937//
f 937// 964// 965//
f 937// 965// 938//
f 938// 965// 966//
f 938// 966// 939//
f 939// 966// 967//
f 939// 967// 940//
f 940// 967// 968//
f 940// 968// 941//
f 941// 968// 969//
f 941// 969// 942//
f 942// 969// 970//
f 942// 970// 943//
f 943// 970// 971//
f 943// 971// 944//
f 944// 971// 972//
f 944// 972// 945//
f 945// 972// 973//
f 945// 973// 946//
f 946// 973// 974//
f 946// 974// 947//
f 947// 974// 975//
f 947// 975// 948//
f 948// 975// 976//
f 948// 976// 949//
f 949// 976// 977//
f 949// 977// 950//
f 950// 977// 978//
f 950// 978// 951//
f 951// 978// 979//
f 951// 979// 952//
f 952// 979// 980//
usemtl 3
f 981// 982// 983//
f 983// 984// 985//
f 985// 984// 986//
f 987// 988// 985//
f 985// 988// 989//
f 985// 989// 990//
f 991// 992// 985//
f 985// 992// 993//
f 985// 993// 987//
f 994// 995// 983//
f 996// 997// 998//
f 998// 999// 996//
f 996// 999// 1000//
f 996// 1000// 1001//
f 1001// 1000// 1002//
f 1003// 1004// 1005//
f 1006// 1007// 985//
f 985// 1007// 1008//
f 994// 983// 1009//
f 995// 1010// 983//
f 983// 1010// 1011//
f 983// 1011// 981//
f 1002// 1012// 1001//
f 1001// 1012// 1013//
f 1001// 1013// 1014//
f 1008// 1015// 985//
f 985// 1015// 1016//
f 985// 1016// 991//
f 990// 1017// 985//
f 985// 1017// 1018//
f 985// 1018// 983//
f 983// 1018// 1019//
f 983// 1019// 1009//
f 1014// 1020// 1001//
f 1001// 1020// 1021//
f 1001// 1021// 1005//
f 1005// 1021// 1022//
f 1005// 1022// 1003//
f 1004// 1023// 1005//
f 1005// 1023// 1024//
f 1005// 1024// 985//
f 985// 1024// 1025//
f 985// 1025// 1006//
f 1026// 1027// 1028//
f 1029// 1030// 1031//
f 1031// 1030// 1026//
f 1031// 1026// 1032//
f 1032// 1026// 1028//
f 1033// 1027// 1034//
f 1034// 1027// 1026//
f 1034// 1026// 1035//
f 1035// 1026// 1036//
f 1033// 1037// 1027//
f 1027// 1037// 1038//
f 1027// 1038// 1039//
f 1039// 1040// 1027//
f 1027// 1040// 1041//
f 1027// 1041// 1042//
f 1042// 1041// 1043//
f 1042// 1043// 1044//
f 1044// 1043// 1045//
f 1043// 1046// 1045//
f 1045// 1046// 1047//
f 1045// 1047// 1048//
f 1048// 1047// 1049//
f 1048// 1049// 1050//
f 1050// 1049// 1051//
f 1050// 1051// 1052//
f 1052// 1051// 997//
f 1052// 997// 996//
f 983// 982// 1053//
f 1053// 982// 1054//
f 1054// 1055// 1053//
f 1053// 1055// 1056//
f 1053// 1056// 1057//
f 1057// 1058// 1053//
f 1053// 1058// 1059//
f 1053// 1059// 1026//
f 1026// 1059// 1060//
f 1026// 1060// 1036//
usemtl 1
f 1061// 1062// 1063//
f 1064// 1065// 1066//
f 1064// 1066// 1067//
f 1067// 1066// 1068//
f 1067// 1068// 1069//
f 1069// 1070// 1067//
f 1067// 1070// 1071//
f 1067// 1071// 1063//
f 1063// 1071// 1072//
f 1063// 1072// 1061//
usemtl 3
f 1073// 1066// 1065//
f 1074// 1075// 1076//
f 1076// 1075// 1077//
f 1078// 1079// 1065//
f 1080// 1081// 1076//
f 1080// 1076// 1082//
f 1079// 1083// 1065//
f 1065// 1083// 1084//
f 1065// 1084// 1073//
f 1085// 1086// 1077//
f 1077// 1086// 1087//
f 1077// 1087// 1076//
f 1076// 1087// 1088//
f 1076// 1088// 1082//
f 1089// 1090// 1077//
f 1077// 1090// 1091//
f 1077// 1091// 1085//
f 1076// 1092// 1065//
f 1065// 1092// 1093//
f 1065// 1093// 1078//
f 1081// 1094// 1076//
f 1076// 1094// 1095//
f 1076// 1095// 1096//
f 1096// 1097// 1076//
f 1076// 1097// 1098//
f 1076// 1098// 1099//
f 1100// 1101// 1076//
f 1076// 1101// 1102//
f 1076// 1102// 1092//
f 1099// 1103// 1076//
f 1076// 1103// 1104//
f 1076// 1104// 1100//
f 1105// 1061// 1106//
f 1106// 1061// 1072//
f 1061// 1105// 1062//
f 1062// 1105// 1107//
f 1062// 1107// 1108//
f 1108// 1107// 1109//
f 1109// 1107// 1110//
f 1109// 1110// 1111//
f 1110// 1112// 1111//
f 1111// 1112// 1113//
f 1111// 1113// 1114//
f 1114// 1113// 1115//
f 1114// 1115// 1116//
f 1116// 1115// 1117//
f 1116// 1117// 1118//
f 1119// 1120// 1121//
f 1121// 1120// 1118//
f 1121// 1118// 1122//
f 1122// 1118// 1117//
f 1123// 1124// 1125//
f 1119// 1126// 1120//
f 1120// 1126// 1127//
f 1120// 1127// 1128//
f 1125// 1129// 1130//
f 1128// 1123// 1120//
f 1120// 1123// 1125//
f 1120// 1125// 1131//
f 1131// 1125// 1130//
f 1132// 1133// 1134//
f 1124// 1135// 1125//
f 1125// 1135// 1136//
f 1125// 1136// 1134//
f 1134// 1136// 1137//
f 1134// 1137// 1132//
f 1089// 1077// 1138//
f 1138// 1077// 1134//
f 1138// 1134// 1139//
f 1139// 1134// 1133//
usemtl 1
f 1140// 1141// 1142//
f 1142// 1141// 1143//
f 1142// 1143// 1144//
f 1144// 1143// 1145//
f 1144// 1145// 1146//
f 1146// 1145// 1147//
usemtl 2
f 781// 780// 1148//
f 1148// 1149// 781//
f 781// 1149// 1150//
f 781// 1150// 1151//
f 594// 593// 1152//
f 1152// 593// 596//
f 1152// 596// 1153//
f 1153// 596// 781//
f 1153// 781// 1154//
f 1154// 781// 1151//
f 598// 601// 1155//
f 599// 1156// 737//
f 737// 1156// 1157//
f 737// 1157// 738//
f 598// 1155// 599//
f 599// 1155// 1158//
f 599// 1158// 1159//
f 1159// 1160// 599//
f 599// 1160// 1161//
f 599// 1161// 1156//
f 1162// 1163// 1164//
f 1165// 1166// 1167//
f 1167// 1166// 1168//
f 1162// 1164// 1165//
f 1164// 1169// 1165//
f 1165// 1169// 1170//
f 1165// 1170// 1171//
f 1171// 1172// 1165//
f 1165// 1172// 1173//
f 1165// 1173// 1166//
f 1174// 1175// 1176//
f 1177// 1178// 1179//
f 1179// 1178// 1180//
f 1174// 1176// 1178//
f 1178// 1176// 1181//
f 1178// 1181// 1182//
f 1182// 1183// 1178//
f 1178// 1183// 1184//
f 1178// 1184// 1180//
f 1185// 1186// 1187//
f 1187// 1188// 1185//
f 1185// 1188// 1189//
f 1185// 1189// 1190//
f 1190// 1191// 1185//
f 1185// 1191// 1192//
f 1185// 1192// 1193//
f 1193// 1192// 1194//
f 1193// 1194// 1195//
f 1196// 1197// 1198//
f 1199// 1200// 1201//
f 1202// 1203// 1201//
f 1203// 1204// 1201//
f 1201// 1204// 1205//
f 1201// 1205// 1199//
f 1196// 1198// 1201//
f 1201// 1198// 1206//
f 1201// 1206// 1202//
usemtl 1
f 1207// 1155// 601//
f 1208// 1209// 1210//
f 1210// 1209// 1211//
f 601// 1212// 1207//
f 1207// 1212// 1213//
f 1207// 1213// 1214//
f 1211// 1215// 1210//
f 1210// 1215// 1216//
f 1210// 1216// 1217//
f 1214// 1218// 1207//
f 1207// 1218// 1219//
f 1207// 1219// 1220//
f 1217// 1221// 1210//
f 1210// 1221// 1222//
f 1210// 1222// 1223//
f 1220// 1224// 1207//
f 1207// 1224// 1225//
f 1207// 1225// 1226//
f 1226// 1227// 1207//
f 1207// 1227// 1228//
f 1207// 1228// 1210//
f 1210// 1228// 1229//
f 1210// 1229// 1208//
f 1223// 1230// 1210//
f 1210// 1230// 1168//
f 1210// 1168// 1166//
f 1231// 1232// 1233//
f 1233// 1234// 1231//
f 1231// 1234// 1235//
f 1231// 1235// 1236//
f 1236// 1237// 1231//
f 1231// 1237// 1238//
f 1231// 1238// 1239//
f 1239// 1240// 1231//
f 1231// 1240// 1241//
f 1231// 1241// 1242//
f 1243// 1244// 1245//
f 1245// 1244// 1231//
f 1245// 1231// 1246//
f 1246// 1231// 1242//
f 1243// 1247// 1244//
f 1244// 1247// 1248//
f 1244// 1248// 1249//
f 1249// 1250// 1244//
f 1244// 1250// 1251//
f 1244// 1251// 1252//
f 1252// 1253// 1244//
f 1244// 1253// 1254//
f 1244// 1254// 1255//
f 1255// 1256// 1244//
f 1244// 1256// 594//
f 1244// 594// 1152//
f 1257// 1258// 1259//
f 1260// 1261// 1259//
f 1262// 1263// 1264//
f 1264// 1263// 1265//
f 1261// 1266// 1259//
f 1259// 1266// 1267//
f 1259// 1267// 1257//
f 1265// 1268// 1264//
f 1264// 1268// 1269//
f 1264// 1269// 1270//
f 1270// 1271// 1264//
f 1264// 1271// 1272//
f 1264// 1272// 1273//
f 1274// 1275// 1259//
f 1259// 1275// 1276//
f 1276// 1277// 1259//
f 1259// 1277// 1278//
f 1259// 1278// 1260//
f 1273// 1279// 1264//
f 1264// 1279// 1280//
f 1264// 1280// 1281//
f 1282// 1283// 1259//
f 1259// 1283// 1284//
f 1259// 1284// 1274//
f 1281// 1285// 1264//
f 1264// 1285// 1286//
f 1264// 1286// 1259//
f 1259// 1286// 1287//
f 1259// 1287// 1282//
f 1288// 720// 1289//
f 1290// 1291// 1292//
f 1292// 1291// 715//
f 1292// 715// 1293//
f 1293// 715// 714//
f 1293// 714// 1294//
f 1289// 729// 1288//
f 1288// 729// 1295//
f 1288// 1295// 1296//
f 1296// 1295// 725//
f 1296// 725// 724//
f 720// 1288// 1294//
f 1294// 1288// 1297//
f 1294// 1297// 1293//
f 732// 731// 1063//
f 1063// 731// 1067//
f 1064// 738// 1298//
f 1298// 738// 1157//
f 1298// 1157// 1299//
f 731// 1300// 1067//
f 1067// 1300// 742//
f 1067// 742// 1064//
f 1064// 742// 1301//
f 1064// 1301// 738//
f 1302// 1303// 1304//
f 1304// 1303// 1305//
f 1306// 1307// 1308//
f 1308// 1307// 1309//
f 1308// 1309// 1310//
f 1306// 1311// 1307//
f 1307// 1311// 1312//
f 1307// 1312// 1313//
f 1313// 1312// 1314//
f 1313// 1314// 1315//
f 1315// 1314// 1316//
f 1315// 1316// 1305//
f 1305// 1316// 1317//
f 1305// 1317// 1304//
f 1318// 1319// 1320//
f 1320// 1319// 1321//
f 1322// 1164// 1323//
f 1323// 1164// 1163//
f 1323// 1163// 1324//
f 1324// 1163// 1325//
f 1324// 1325// 1321//
f 1321// 1325// 1326//
f 1321// 1326// 1320//
f 1327// 1328// 1329//
f 1330// 1331// 1332//
f 1332// 1331// 1333//
f 1332// 1333// 1334//
f 1334// 1333// 1335//
f 1334// 1335// 1336//
f 1329// 1337// 1327//
f 1327// 1337// 1338//
f 1327// 1338// 1339//
f 1339// 1338// 1340//
f 1339// 1340// 1341//
f 1328// 1327// 1336//
f 1336// 1327// 1342//
f 1336// 1342// 1334//
f 1343// 1344// 1345//
f 1345// 1344// 1346//
f 1347// 1348// 1349//
f 1349// 1348// 1350//
f 1349// 1350// 1351//
f 1344// 1352// 1346//
f 1346// 1352// 1353//
f 1346// 1353// 1347//
f 1347// 1353// 1354//
f 1347// 1354// 1348//
f 751// 1355// 752//
f 752// 1355// 1356//
f 1357// 1148// 1358//
f 1358// 1148// 780//
f 1358// 780// 1359//
f 1359// 780// 604//
f 1359// 604// 1356//
f 1356// 604// 603//
f 1356// 603// 752//
f 1360// 1361// 766//
f 766// 1361// 1362//
f 755// 1363// 1364//
f 1364// 1363// 757//
f 1364// 757// 1365//
f 1365// 757// 761//
f 1365// 761// 1366//
f 1366// 761// 760//
f 1366// 760// 1362//
f 1362// 760// 767//
f 1362// 767// 766//
f 755// 1364// 753//
f 753// 1364// 1367//
f 753// 1367// 745//
usemtl 2
f 1368// 1369// 1370//
f 1371// 1372// 953//
f 953// 1372// 1373//
f 953// 1373// 1374//
f 1373// 1375// 1374//
f 1374// 1375// 1376//
f 1374// 1376// 954//
f 954// 1376// 1377//
f 954// 1377// 955//
f 955// 1377// 1378//
f 955// 1378// 1379//
f 1379// 1378// 1380//
f 1379// 1380// 956//
f 956// 1380// 1381//
f 956// 1381// 1382//
f 1381// 1383// 1382//
f 1382// 1383// 1384//
f 1382// 1384// 957//
f 957// 1384// 958//
f 958// 1384// 1385//
f 958// 1385// 1386//
f 1385// 1387// 1386//
f 1386// 1387// 1388//
f 1386// 1388// 959//
f 959// 1388// 1389//
f 1388// 1390// 1389//
f 1389// 1390// 1391//
f 1389// 1391// 960//
f 960// 1391// 961//
f 961// 1391// 1392//
f 961// 1392// 1393//
f 1392// 1394// 1393//
f 1393// 1394// 1395//
f 1393// 1395// 962//
f 962// 1395// 1396//
f 1395// 1397// 1396//
f 1396// 1397// 1398//
f 1396// 1398// 963//
f 963// 1398// 964//
f 964// 1398// 1399//
f 964// 1399// 1400//
f 1399// 1401// 1400//
f 1400// 1401// 1402//
f 1400// 1402// 965//
f 965// 1402// 966//
f 966// 1402// 1403//
f 966// 1403// 1404//
f 1403// 1405// 1404//
f 1404// 1405// 1406//
f 1404// 1406// 967//
f 967// 1406// 1407//
f 967// 1407// 1408//
f 1408// 1407// 1409//
f 1408// 1409// 968//
f 968// 1409// 1410//
f 968// 1410// 969//
f 969// 1410// 1411//
f 969// 1411// 1412//
f 1412// 1411// 1413//
f 1412// 1413// 970//
f 970// 1413// 1414//
f 970// 1414// 1415//
f 1415// 1414// 1416//
f 1415// 1416// 971//
f 971// 1416// 1417//
f 971// 1417// 972//
f 972// 1417// 1418//
f 972// 1418// 1419//
f 1419// 1418// 1420//
f 1419// 1420// 973//
f 973// 1420// 1421//
f 973// 1421// 974//
f 974// 1421// 1422//
f 974// 1422// 1423//
f 1423// 1422// 1424//
f 1423// 1424// 975//
f 975// 1424// 1425//
f 975// 1425// 1426//
f 1426// 1425// 1427//
f 1426// 1427// 976//
f 976// 1427// 1428//
f 976// 1428// 977//
f 977// 1428// 1429//
f 977// 1429// 1430//
f 1430// 1429// 1431//
f 1430// 1431// 978//
f 978// 1431// 1432//
f 978// 1432// 1433//
f 1433// 1432// 1434//
f 1433// 1434// 979//
f 1434// 1435// 979//
f 979// 1435// 1436//
f 979// 1436// 980//
f 1437// 1438// 1439//
f 1439// 1438// 1440//
f 1436// 1441// 980//
f 980// 1441// 1442//
f 980// 1442// 1443//
f 1443// 1442// 1444//
f 1443// 1444// 1445//
f 1445// 1444// 1446//
f 1445// 1446// 1447//
f 1447// 1446// 1448//
f 1447// 1448// 1449//
f 1449// 1448// 1450//
f 1449// 1450// 1440//
f 1440// 1450// 1451//
f 1440// 1451// 1439//
f 1439// 1452// 1437//
f 1437// 1452// 1453//
f 1437// 1453// 1454//
f 1454// 1453// 1455//
f 1454// 1455// 1456//
f 1456// 1455// 1457//
f 1456// 1457// 1458//
f 1458// 1457// 1459//
f 1458// 1459// 1460//
f 1460// 1459// 1461//
f 1460// 1461// 1462//
f 1462// 1461// 1463//
f 1462// 1463// 1464//
f 1464// 1463// 1465//
f 1464// 1465// 1466//
f 1466// 1465// 1467//
f 1466// 1467// 1468//
f 1468// 1467// 1469//
f 1468// 1469// 1470//
f 1469// 1471// 1470//
f 1470// 1471// 1472//
f 1470// 1472// 1473//
f 1473// 1472// 1474//
f 1473// 1474// 1475//
f 1475// 1474// 1476//
f 1475// 1476// 1477//
f 1477// 1476// 1478//
f 1477// 1478// 1479//
f 1480// 1481// 1482//
f 1478// 1483// 1479//
f 1479// 1483// 1484//
f 1479// 1484// 1485//
f 1485// 1484// 1486//
f 1485// 1486// 1487//
f 1487// 1486// 1482//
f 1487// 1482// 1488//
f 1488// 1482// 1481//
f 1482// 1489// 1480//
f 1480// 1489// 1490//
f 1480// 1490// 1491//
f 1491// 1490// 1492//
f 1491// 1492// 1493//
f 1493// 1492// 1494//
f 1493// 1494// 1495//
f 1495// 1494// 1496//
f 1495// 1496// 1497//
f 1497// 1496// 1498//
f 1497// 1498// 1499//
f 1498// 1500// 1499//
f 1499// 1500// 1501//
f 1499// 1501// 1502//
f 1502// 1501// 1503//
f 1502// 1503// 1504//
f 1503// 1505// 1504//
f 1504// 1505// 1506//
f 1504// 1506// 1507//
f 1506// 1508// 1507//
f 1507// 1508// 1509//
f 1507// 1509// 1510//
f 1510// 1509// 1511//
f 1510// 1511// 1512//
f 1512// 1511// 1513//
f 1512// 1513// 1514//
f 1514// 1513// 1515//
f 1515// 1513// 1516//
f 1515// 1516// 1517//
f 1516// 1518// 1517//
f 1517// 1518// 1519//
f 1517// 1519// 1520//
f 1520// 1519// 1521//
f 1519// 1522// 1521//
f 1521// 1522// 1523//
f 1521// 1523// 1524//
f 1524// 1523// 1525//
f 1525// 1523// 1526//
f 1525// 1526// 1527//
f 1526// 1528// 1527//
f 1527// 1528// 1529//
f 1527// 1529// 1530//
f 1530// 1529// 1531//
f 1531// 1529// 1532//
f 1531// 1532// 1533//
f 1532// 1534// 1533//
f 1533// 1534// 1535//
f 1533// 1535// 1536//
f 1536// 1535// 1537//
f 1535// 1538// 1537//
f 1537// 1538// 1539//
f 1537// 1539// 1540//
f 1540// 1539// 1541//
f 1541// 1539// 1542//
f 1541// 1542// 1543//
f 1542// 1544// 1543//
f 1543// 1544// 1545//
f 1543// 1545// 1546//
f 1546// 1545// 1547//
f 1545// 1548// 1547//
f 1547// 1548// 1549//
f 1547// 1549// 1550//
f 1550// 1549// 1551//
f 1550// 1551// 1552//
f 1552// 1551// 1553//
f 1552// 1553// 1554//
f 1554// 1553// 1555//
f 1554// 1555// 1556//
f 1556// 1555// 1557//
f 1556// 1557// 1558//
f 1558// 1557// 1559//
f 1558// 1559// 1560//
f 1560// 1559// 1561//
f 1560// 1561// 1562//
f 1562// 1561// 1563//
f 1562// 1563// 1564//
f 1564// 1563// 1565//
f 1564// 1565// 1566//
f 1566// 1565// 1567//
f 1566// 1567// 1568//
f 1568// 1567// 1569//
f 1568// 1569// 1570//
f 1570// 1569// 1571//
f 1570// 1571// 1572//
f 1572// 1571// 1573//
f 1572// 1573// 1574//
f 1574// 1573// 1575//
f 1574// 1575// 1576//
f 1576// 1575// 1577//
f 1576// 1577// 1578//
f 1578// 1577// 1579//
f 1578// 1579// 1580//
f 1580// 1579// 1581//
f 1580// 1581// 1582//
f 1582// 1581// 1583//
f 1582// 1583// 1584//
f 1584// 1583// 1585//
f 1584// 1585// 1586//
f 1586// 1585// 1587//
f 1586// 1587// 1588//
f 1588// 1587// 1589//
f 1588// 1589// 1590//
f 1590// 1589// 1591//
f 1591// 1592// 1590//
f 1590// 1592// 1593//
f 1590// 1593// 1594//
f 1594// 1593// 1595//
f 1594// 1595// 1596//
f 1596// 1595// 1597//
f 1596// 1597// 1598//
f 1598// 1597// 1599//
f 1598// 1599// 1600//
f 1600// 1599// 1601//
f 1600// 1601// 1602//
f 1602// 1601// 1603//
f 1602// 1603// 1604//
f 1605// 1606// 1607//
f 1607// 1606// 1608//
f 1607// 1608// 1609//
f 1603// 1610// 1604//
f 1604// 1610// 1611//
f 1604// 1611// 1612//
f 1612// 1611// 1613//
f 1612// 1613// 1614//
f 1614// 1613// 1615//
f 1614// 1615// 1616//
f 1616// 1615// 1617//
f 1616// 1617// 1605//
f 1605// 1617// 1618//
f 1605// 1618// 1606//
f 1609// 1608// 1619//
f 1619// 1608// 1620//
f 1619// 1620// 1621//
f 1621// 1620// 1622//
f 1621// 1622// 1623//
f 1623// 1622// 1624//
f 1623// 1624// 1625//
f 1625// 1624// 1626//
f 1625// 1626// 1627//
f 1627// 1626// 1628//
f 1627// 1628// 1629//
f 1370// 1369// 1630//
f 1369// 1631// 1630//
f 1630// 1631// 1632//
f 1630// 1632// 1633//
f 1633// 1632// 1634//
f 1633// 1634// 1635//
f 1635// 1634// 1636//
f 1635// 1636// 1637//
f 1637// 1636// 1638//
f 1637// 1638// 1639//
f 1639// 1638// 1640//
f 1639// 1640// 1641//
f 1641// 1640// 1629//
f 1641// 1629// 1642//
f 1642// 1629// 1628//
f 1370// 1643// 1368//
f 1368// 1643// 1644//
f 1368// 1644// 1645//
f 1645// 1644// 1646//
f 1645// 1646// 1647//
f 1647// 1646// 1648//
f 1647// 1648// 1649//
f 1649// 1648// 1650//
f 1649// 1650// 1371//
f 1371// 1650// 1651//
f 1371// 1651// 1372//
f 1652// 1233// 1232//
f 1652// 1232// 1653//
f 1350// 1348// 1654//
f 1655// 1656// 1654//
f 1653// 1232// 1654//
f 1654// 1232// 1657//
f 1654// 1657// 1655//
f 1656// 1658// 1654//
f 1654// 1658// 1659//
f 1654// 1659// 1350//
f 1660// 1661// 1662//
f 1662// 1661// 1663//
f 1662// 1663// 1664//
f 1662// 1665// 1666//
f 1666// 1665// 1667//
f 1666// 1667// 1668//
f 1664// 1669// 1662//
f 1662// 1669// 1670//
f 1662// 1670// 1665//
usemtl 1
f 1671// 1672// 1673//
f 1673// 1672// 1674//
f 1673// 1674// 1675//
f 1676// 1677// 1678//
f 1679// 1680// 1681//
f 1675// 1674// 1682//
f 1682// 1674// 1683//
f 1682// 1683// 1684//
f 1678// 1685// 1686//
f 1680// 1679// 1687//
f 1687// 1679// 1688//
f 1687// 1688// 1689//
f 1690// 1691// 1673//
f 1673// 1691// 1692//
f 1673// 1692// 1671//
f 1693// 1694// 1678//
f 1681// 1695// 1679//
f 1679// 1695// 1696//
f 1679// 1696// 1697//
f 1685// 1678// 1673//
f 1673// 1678// 1698//
f 1673// 1698// 1690//
f 1677// 1699// 1678//
f 1678// 1699// 1679//
f 1678// 1679// 1700//
f 1700// 1679// 1697//
f 1701// 1702// 1703//
f 1704// 1705// 1706//
f 1706// 1705// 1682//
f 1706// 1682// 1707//
f 1707// 1682// 1684//
f 1707// 1684// 1708//
f 1709// 1710// 1711//
f 1689// 1712// 1687//
f 1687// 1712// 1713//
f 1687// 1713// 1714//
f 1686// 1715// 1678//
f 1678// 1715// 1716//
f 1678// 1716// 1693//
f 1694// 1717// 1678//
f 1678// 1717// 1718//
f 1678// 1718// 1676//
f 1719// 1720// 1721//
f 1722// 1723// 1724//
f 1708// 1684// 1703//
f 1703// 1684// 1725//
f 1703// 1725// 1701//
f 1704// 1706// 1711//
f 1711// 1706// 1726//
f 1711// 1726// 1709//
f 1689// 1727// 1712//
f 1712// 1727// 1719//
f 1712// 1719// 1728//
f 1728// 1719// 1721//
f 1713// 1729// 1714//
f 1714// 1729// 1722//
f 1714// 1722// 1730//
f 1730// 1722// 1724//
f 1731// 1732// 1733//
f 1733// 1732// 1734//
f 1733// 1734// 1735//
f 1667// 1736// 1668//
f 1668// 1736// 1733//
f 1668// 1733// 1737//
f 1737// 1733// 1735//
f 1738// 1739// 1740//
f 1741// 1742// 1743//
f 1743// 1742// 1744//
f 1740// 1745// 1738//
f 1738// 1745// 1746//
f 1738// 1746// 1742//
f 1742// 1746// 1747//
f 1742// 1747// 1744//
f 1748// 1198// 1749//
f 1749// 1198// 1197//
f 1749// 1197// 1750//
f 1750// 1751// 1749//
f 1749// 1751// 1752//
f 1749// 1752// 1753//
f 1754// 1755// 1756//
f 1757// 1758// 1759//
f 1759// 1760// 1757//
f 1757// 1760// 1761//
f 1757// 1761// 1756//
f 1756// 1761// 1762//
f 1756// 1762// 1754//
f 1763// 1764// 1765//
f 1763// 1765// 1766//
f 1767// 1768// 1765//
f 1769// 1770// 1771//
f 1771// 1770// 1772//
f 1773// 1774// 1771//
f 1768// 1775// 1765//
f 1765// 1775// 1776//
f 1765// 1776// 1766//
f 1772// 1777// 1771//
f 1771// 1777// 1778//
f 1771// 1778// 1779//
f 1779// 1780// 1771//
f 1771// 1780// 1781//
f 1771// 1781// 1773//
f 1782// 1783// 1765//
f 1774// 1784// 1771//
f 1771// 1784// 1785//
f 1771// 1785// 1786//
f 1783// 1787// 1765//
f 1765// 1787// 1788//
f 1765// 1788// 1789//
f 1789// 1790// 1765//
f 1765// 1790// 1791//
f 1765// 1791// 1767//
f 1786// 1792// 1771//
f 1771// 1792// 1793//
f 1771// 1793// 1765//
f 1765// 1793// 1794//
f 1765// 1794// 1782//
f 1795// 1796// 1797//
f 1798// 1799// 1800//
f 1800// 1799// 1801//
f 1797// 1802// 1795//
f 1795// 1802// 1803//
f 1795// 1803// 1799//
f 1799// 1803// 1804//
f 1799// 1804// 1801//
f 1805// 1806// 1807//
f 1807// 1806// 1808//
f 1807// 1808// 1809//
f 1194// 1810// 1195//
f 1195// 1810// 1807//
f 1195// 1807// 1811//
f 1811// 1807// 1809//
f 1812// 1187// 1186//
f 1813// 1814// 1812//
f 1812// 1814// 1815//
f 1186// 1816// 1812//
f 1812// 1816// 1817//
f 1812// 1817// 1818//
f 1819// 1820// 1821//
f 1821// 1820// 1822//
f 1821// 1822// 1823//
f 1815// 1824// 1812//
f 1812// 1824// 1825//
f 1812// 1825// 1826//
f 1818// 1827// 1812//
f 1812// 1827// 1828//
f 1812// 1828// 1829//
f 1823// 1830// 1821//
f 1821// 1830// 1831//
f 1821// 1831// 1832//
f 1829// 1833// 1812//
f 1812// 1833// 1834//
f 1812// 1834// 1813//
f 1832// 1835// 1821//
f 1821// 1835// 1200//
f 1821// 1200// 1199//
f 1826// 1836// 1812//
f 1812// 1836// 1837//
f 1812// 1837// 1821//
f 1837// 1838// 1821//
f 1821// 1838// 1839//
f 1821// 1839// 1840//
f 1840// 1841// 1821//
f 1821// 1841// 1842//
f 1821// 1842// 1843//
f 1843// 1844// 1821//
f 1821// 1844// 1845//
f 1821// 1845// 1819//
f 1846// 1176// 1847//
f 1847// 1176// 1175//
f 1847// 1175// 1848//
f 1848// 1849// 1847//
f 1847// 1849// 1850//
f 1847// 1850// 1851//
f 1852// 1853// 1854//
f 1855// 1856// 1857//
f 1857// 1858// 1855//
f 1855// 1858// 1859//
f 1855// 1859// 1854//
f 1854// 1859// 1860//
f 1854// 1860// 1852//
f 1861// 1862// 1863//
f 1861// 1863// 1864//
f 1865// 1866// 1863//
f 1867// 1868// 1869//
f 1869// 1868// 1870//
f 1871// 1872// 1869//
f 1866// 1873// 1863//
f 1863// 1873// 1874//
f 1863// 1874// 1864//
f 1870// 1875// 1869//
f 1869// 1875// 1876//
f 1869// 1876// 1877//
f 1877// 1878// 1869//
f 1869// 1878// 1879//
f 1869// 1879// 1871//
f 1872// 1880// 1869//
f 1869// 1880// 1881//
f 1869// 1881// 1882//
f 1883// 1884// 1863//
f 1884// 1885// 1863//
f 1863// 1885// 1886//
f 1863// 1886// 1887//
f 1887// 1888// 1863//
f 1863// 1888// 1889//
f 1863// 1889// 1865//
f 1882// 1890// 1869//
f 1869// 1890// 1891//
f 1869// 1891// 1863//
f 1863// 1891// 1892//
f 1863// 1892// 1883//
f 1661// 1660// 1893//
f 1893// 1660// 1894//
f 1893// 1894// 1895//
f 1895// 1896// 1893//
f 1893// 1896// 1897//
f 1893// 1897// 1898//
f 1898// 1899// 1893//
f 1893// 1899// 1900//
f 1893// 1900// 1901//
f 1901// 1902// 1893//
f 1893// 1902// 1903//
f 1893// 1903// 1904//
f 1904// 1905// 1893//
f 1893// 1905// 1906//
f 1893// 1906// 1907//
f 1907// 1908// 1893//
f 1893// 1908// 1909//
f 1893// 1909// 1910//
f 1909// 1911// 1910//
f 1910// 1911// 1912//
f 1910// 1912// 1913//
f 1913// 1914// 1910//
f 1910// 1914// 1915//
f 1910// 1915// 1916//
f 1916// 1917// 1910//
f 1910// 1917// 1918//
f 1910// 1918// 1919//
f 1919// 1920// 1910//
f 1910// 1920// 1921//
f 1910// 1921// 1922//
f 1922// 1923// 1910//
f 1910// 1923// 1924//
f 1910// 1924// 1925//
f 1925// 1926// 1910//
f 1910// 1926// 1177//
f 1910// 1177// 1179//
usemtl 2
f 1927// 1928// 1929//
f 1930// 1931// 1932//
f 1933// 1934// 1935//
f 1936// 1937// 1938//
f 1939// 1940// 1941//
f 1942// 1943// 1944//
f 1945// 1946// 1947//
f 1948// 1200// 1835//
f 1948// 1835// 1946//
f 1942// 1944// 1949//
f 1939// 1941// 1950//
f 1951// 1952// 1953//
f 1953// 1952// 1954//
f 1589// 1587// 1936//
f 1936// 1938// 1589//
f 1589// 1938// 1955//
f 1589// 1955// 1591//
f 1591// 1955// 1956//
f 1591// 1956// 1592//
f 1592// 1956// 1593//
f 1593// 1956// 1957//
f 1593// 1957// 1595//
f 1595// 1957// 1958//
f 1595// 1958// 1597//
f 1597// 1958// 1959//
f 1597// 1959// 1599//
f 1599// 1959// 1601//
f 1601// 1959// 1960//
f 1601// 1960// 1603//
f 1603// 1960// 1961//
f 1603// 1961// 1610//
f 1610// 1961// 1962//
f 1610// 1962// 1611//
f 1611// 1962// 1613//
f 1613// 1962// 1963//
f 1613// 1963// 1615//
f 1615// 1963// 1964//
f 1615// 1964// 1617//
f 1617// 1964// 1965//
f 1617// 1965// 1618//
f 1618// 1965// 1966//
f 1618// 1966// 1606//
f 1606// 1966// 1608//
f 1608// 1966// 1967//
f 1608// 1967// 1620//
f 1620// 1967// 1968//
f 1620// 1968// 1622//
f 1622// 1968// 1969//
f 1622// 1969// 1624//
f 1624// 1969// 1626//
f 1626// 1969// 1970//
f 1626// 1970// 1628//
f 1628// 1970// 1971//
f 1628// 1971// 1642//
f 1642// 1971// 1972//
f 1642// 1972// 1641//
f 1641// 1972// 1973//
f 1641// 1973// 1639//
f 1639// 1973// 1637//
f 1637// 1973// 1974//
f 1637// 1974// 1635//
f 1635// 1974// 1975//
f 1635// 1975// 1633//
f 1633// 1975// 1976//
f 1633// 1976// 1630//
f 1630// 1976// 1370//
f 1370// 1976// 1977//
f 1370// 1977// 1643//
f 1643// 1977// 1978//
f 1643// 1978// 1644//
f 1644// 1978// 1979//
f 1644// 1979// 1646//
f 1646// 1979// 1648//
f 1648// 1979// 1980//
f 1648// 1980// 1650//
f 1650// 1980// 1981//
f 1650// 1981// 1651//
f 1651// 1981// 1982//
f 1651// 1982// 1372//
f 1372// 1982// 1983//
f 1372// 1983// 1373//
f 1816// 1186// 1984//
f 1946// 1835// 1947//
f 1947// 1835// 1832//
f 1947// 1832// 1985//
f 1985// 1832// 1831//
f 1985// 1831// 1986//
f 1986// 1831// 1830//
f 1986// 1830// 1987//
f 1987// 1830// 1823//
f 1987// 1823// 1988//
f 1988// 1823// 1822//
f 1988// 1822// 1989//
f 1989// 1822// 1820//
f 1989// 1820// 1990//
f 1990// 1820// 1819//
f 1990// 1819// 1991//
f 1991// 1819// 1845//
f 1991// 1845// 1992//
f 1992// 1845// 1844//
f 1992// 1844// 1993//
f 1993// 1844// 1843//
f 1993// 1843// 1994//
f 1994// 1843// 1842//
f 1994// 1842// 1995//
f 1995// 1842// 1841//
f 1995// 1841// 1996//
f 1996// 1841// 1840//
f 1996// 1840// 1997//
f 1997// 1840// 1839//
f 1997// 1839// 1998//
f 1998// 1839// 1838//
f 1998// 1838// 1999//
f 1999// 1838// 1837//
f 1999// 1837// 2000//
f 2000// 1837// 1836//
f 2000// 1836// 2001//
f 2001// 1836// 1826//
f 2001// 1826// 2002//
f 2002// 1826// 1825//
f 2002// 1825// 2003//
f 2003// 1825// 1824//
f 2003// 1824// 2004//
f 2004// 1824// 1815//
f 2004// 1815// 2005//
f 2005// 1815// 1814//
f 2005// 1814// 2006//
f 2006// 1814// 1813//
f 2006// 1813// 2007//
f 2007// 1813// 1834//
f 2007// 1834// 2008//
f 2008// 1834// 1833//
f 2008// 1833// 2009//
f 2009// 1833// 1829//
f 2009// 1829// 2010//
f 2010// 1829// 1828//
f 2010// 1828// 2011//
f 2011// 1828// 1827//
f 2011// 1827// 2012//
f 2012// 1827// 1818//
f 2012// 1818// 2013//
f 2013// 1818// 1817//
f 2013// 1817// 2014//
f 2014// 1817// 1816//
f 2014// 1816// 2015//
f 2015// 1816// 1984//
f 2015// 1984// 2016//
f 2016// 1933// 2015//
f 2015// 1933// 1935//
f 2015// 1935// 2014//
f 2014// 1935// 2017//
f 2014// 2017// 2013//
f 2013// 2017// 2018//
f 2013// 2018// 2012//
f 2012// 2018// 2019//
f 2012// 2019// 2011//
f 2011// 2019// 2020//
f 2011// 2020// 2010//
f 2010// 2020// 2021//
f 2010// 2021// 2009//
f 2009// 2021// 2022//
f 2009// 2022// 2008//
f 2008// 2022// 2023//
f 2008// 2023// 2007//
f 2007// 2023// 2024//
f 2007// 2024// 2006//
f 2006// 2024// 2025//
f 2006// 2025// 2005//
f 2005// 2025// 2026//
f 2005// 2026// 2004//
f 2004// 2026// 2027//
f 2004// 2027// 2003//
f 2003// 2027// 2028//
f 2003// 2028// 2002//
f 2002// 2028// 2029//
f 2002// 2029// 2001//
f 2001// 2029// 2030//
f 2001// 2030// 2000//
f 2000// 2030// 2031//
f 2000// 2031// 1999//
f 1999// 2031// 2032//
f 1999// 2032// 1998//
f 1998// 2032// 2033//
f 1998// 2033// 1997//
f 1997// 2033// 2034//
f 1997// 2034// 1996//
f 1996// 2034// 2035//
f 1996// 2035// 1995//
f 1995// 2035// 2036//
f 1995// 2036// 1994//
f 1994// 2036// 2037//
f 1994// 2037// 1993//
f 1993// 2037// 2038//
f 1993// 2038// 1992//
f 1992// 2038// 2039//
f 1992// 2039// 1991//
f 1991// 2039// 2040//
f 1991// 2040// 1990//
f 1990// 2040// 2041//
f 1990// 2041// 1989//
f 1989// 2041// 2042//
f 1989// 2042// 1988//
f 1988// 2042// 2043//
f 1988// 2043// 1987//
f 1987// 2043// 2044//
f 1987// 2044// 1986//
f 1986// 2044// 2045//
f 1986// 2045// 1985//
f 1985// 2045// 2046//
f 1985// 2046// 1947//
f 1947// 2046// 1944//
f 1947// 1944// 1945//
f 1945// 1944// 1943//
f 1930// 1932// 2047//
f 1934// 2047// 1935//
f 1935// 2047// 1932//
f 1935// 1932// 2017//
f 2017// 1932// 2048//
f 2017// 2048// 2018//
f 2018// 2048// 2049//
f 2018// 2049// 2019//
f 2019// 2049// 2050//
f 2019// 2050// 2020//
f 2020// 2050// 2051//
f 2020// 2051// 2021//
f 2021// 2051// 2052//
f 2021// 2052// 2022//
f 2022// 2052// 2053//
f 2022// 2053// 2023//
f 2023// 2053// 2054//
f 2023// 2054// 2024//
f 2024// 2054// 2055//
f 2024// 2055// 2025//
f 2025// 2055// 2056//
f 2025// 2056// 2026//
f 2026// 2056// 2057//
f 2026// 2057// 2027//
f 2027// 2057// 2058//
f 2027// 2058// 2028//
f 2028// 2058// 2059//
f 2028// 2059// 2029//
f 2029// 2059// 2060//
f 2029// 2060// 2030//
f 2030// 2060// 2061//
f 2030// 2061// 2031//
f 2031// 2061// 2062//
f 2031// 2062// 2032//
f 2032// 2062// 2063//
f 2032// 2063// 2033//
f 2033// 2063// 2064//
f 2033// 2064// 2034//
f 2034// 2064// 2065//
f 2034// 2065// 2035//
f 2035// 2065// 2066//
f 2035// 2066// 2036//
f 2036// 2066// 2067//
f 2036// 2067// 2037//
f 2037// 2067// 2068//
f 2037// 2068// 2038//
f 2038// 2068// 2069//
f 2038// 2069// 2039//
f 2039// 2069// 2070//
f 2039// 2070// 2040//
f 2040// 2070// 2071//
f 2040// 2071// 2041//
f 2041// 2071// 2072//
f 2041// 2072// 2042//
f 2042// 2072// 2073//
f 2042// 2073// 2043//
f 2043// 2073// 2074//
f 2043// 2074// 2044//
f 2044// 2074// 2075//
f 2044// 2075// 2045//
f 2045// 2075// 2076//
f 2045// 2076// 2046//
f 2046// 2076// 2077//
f 2046// 2077// 1944//
f 1944// 2077// 1941//
f 1944// 1941// 1949//
f 1949// 1941// 1940//
f 1931// 1927// 1932//
f 1932// 1927// 1929//
f 1932// 1929// 2048//
f 2048// 1929// 2078//
f 2048// 2078// 2049//
f 2049// 2078// 2079//
f 2049// 2079// 2050//
f 2050// 2079// 2080//
f 2050// 2080// 2051//
f 2051// 2080// 2081//
f 2051// 2081// 2052//
f 2052// 2081// 2082//
f 2052// 2082// 2053//
f 2053// 2082// 2083//
f 2053// 2083// 2054//
f 2054// 2083// 2084//
f 2054// 2084// 2055//
f 2055// 2084// 2085//
f 2055// 2085// 2056//
f 2056// 2085// 2086//
f 2056// 2086// 2057//
f 2057// 2086// 2087//
f 2057// 2087// 2058//
f 2058// 2087// 2088//
f 2058// 2088// 2059//
f 2059// 2088// 2089//
f 2059// 2089// 2060//
f 2060// 2089// 2090//
f 2060// 2090// 2061//
f 2061// 2090// 2091//
f 2061// 2091// 2062//
f 2062// 2091// 2092//
f 2062// 2092// 2063//
f 2063// 2092// 2093//
f 2063// 2093// 2064//
f 2064// 2093// 2094//
f 2064// 2094// 2065//
f 2065// 2094// 2095//
f 2065// 2095// 2066//
f 2066// 2095// 2096//
f 2066// 2096// 2067//
f 2067// 2096// 2097//
f 2067// 2097// 2068//
f 2068// 2097// 2098//
f 2068// 2098// 2069//
f 2069// 2098// 2099//
f 2069// 2099// 2070//
f 2070// 2099// 2100//
f 2070// 2100// 2071//
f 2071// 2100// 2101//
f 2071// 2101// 2072//
f 2072// 2101// 2102//
f 2072// 2102// 2073//
f 2073// 2102// 2103//
f 2073// 2103// 2074//
f 2074// 2103// 2104//
f 2074// 2104// 2075//
f 2075// 2104// 2105//
f 2075// 2105// 2076//
f 2076// 2105// 2106//
f 2076// 2106// 2077//
f 2077// 2106// 2107//
f 2077// 2107// 1941//
f 1941// 2107// 2108//
f 1941// 2108// 1950//
f 1950// 2108// 2109//
f 2110// 2111// 2112//
f 1928// 2110// 1929//
f 1929// 2110// 2112//
f 1929// 2112// 2078//
f 2078// 2112// 2113//
f 2078// 2113// 2079//
f 2079// 2113// 2114//
f 2079// 2114// 2080//
f 2080// 2114// 2115//
f 2080// 2115// 2081//
f 2081// 2115// 2116//
f 2081// 2116// 2082//
f 2082// 2116// 2117//
f 2082// 2117// 2083//
f 2083// 2117// 2118//
f 2083// 2118// 2084//
f 2084// 2118// 2119//
f 2084// 2119// 2085//
f 2085// 2119// 2120//
f 2085// 2120// 2086//
f 2086// 2120// 2121//
f 2086// 2121// 2087//
f 2087// 2121// 2122//
f 2087// 2122// 2088//
f 2088// 2122// 2123//
f 2088// 2123// 2089//
f 2089// 2123// 2124//
f 2089// 2124// 2090//
f 2090// 2124// 2125//
f 2090// 2125// 2091//
f 2091// 2125// 2126//
f 2091// 2126// 2092//
f 2092// 2126// 2127//
f 2092// 2127// 2093//
f 2093// 2127// 2128//
f 2093// 2128// 2094//
f 2094// 2128// 2129//
f 2094// 2129// 2095//
f 2095// 2129// 2130//
f 2095// 2130// 2096//
f 2096// 2130// 2131//
f 2096// 2131// 2097//
f 2097// 2131// 2132//
f 2097// 2132// 2098//
f 2098// 2132// 2133//
f 2098// 2133// 2099//
f 2099// 2133// 2134//
f 2099// 2134// 2100//
f 2100// 2134// 2135//
f 2100// 2135// 2101//
f 2101// 2135// 2136//
f 2101// 2136// 2102//
f 2102// 2136// 2137//
f 2102// 2137// 2103//
f 2103// 2137// 2138//
f 2103// 2138// 2104//
f 2104// 2138// 2139//
f 2104// 2139// 2105//
f 2105// 2139// 2140//
f 2105// 2140// 2106//
f 2106// 2140// 2141//
f 2106// 2141// 2107//
f 2107// 2141// 2142//
f 2107// 2142// 2108//
f 2108// 2142// 1953//
f 2108// 1953// 2109//
f 2109// 1953// 1954//
f 2111// 2143// 2112//
f 2112// 2143// 2144//
f 2112// 2144// 2113//
f 2113// 2144// 2145//
f 2113// 2145// 2114//
f 2114// 2145// 1983//
f 2114// 1983// 2115//
f 2115// 1983// 1982//
f 2115// 1982// 2116//
f 2116// 1982// 1981//
f 2116// 1981// 2117//
f 2117// 1981// 1980//
f 2117// 1980// 2118//
f 2118// 1980// 1979//
f 2118// 1979// 2119//
f 2119// 1979// 1978//
f 2119// 1978// 2120//
f 2120// 1978// 1977//
f 2120// 1977// 2121//
f 2121// 1977// 1976//
f 2121// 1976// 2122//
f 2122// 1976// 1975//
f 2122// 1975// 2123//
f 2123// 1975// 1974//
f 2123// 1974// 2124//
f 2124// 1974// 1973//
f 2124// 1973// 2125//
f 2125// 1973// 1972//
f 2125// 1972// 2126//
f 2126// 1972// 1971//
f 2126// 1971// 2127//
f 2127// 1971// 1970//
f 2127// 1970// 2128//
f 2128// 1970// 1969//
f 2128// 1969// 2129//
f 2129// 1969// 1968//
f 2129// 1968// 2130//
f 2130// 1968// 1967//
f 2130// 1967// 2131//
f 2131// 1967// 1966//
f 2131// 1966// 2132//
f 2132// 1966// 1965//
f 2132// 1965// 2133//
f 2133// 1965// 1964//
f 2133// 1964// 2134//
f 2134// 1964// 1963//
f 2134// 1963// 2135//
f 2135// 1963// 1962//
f 2135// 1962// 2136//
f 2136// 1962// 1961//
f 2136// 1961// 2137//
f 2137// 1961// 1960//
f 2137// 1960// 2138//
f 2138// 1960// 1959//
f 2138// 1959// 2139//
f 2139// 1959// 1958//
f 2139// 1958// 2140//
f 2140// 1958// 1957//
f 2140// 1957// 2141//
f 2141// 1957// 1956//
f 2141// 1956// 2142//
f 2142// 1956// 1955//
f 2142// 1955// 1953//
f 1953// 1955// 1938//
f 1953// 1938// 1951//
f 1951// 1938// 1937//
f 2143// 2146// 2144//
f 2144// 2146// 2147//
f 2144// 2147// 2148//
f 1373// 1983// 1375//
f 1375// 1983// 2145//
f 1375// 2145// 1376//
f 1376// 2145// 2144//
f 1376// 2144// 1377//
f 1377// 2144// 2148//
f 1377// 2148// 1378//
f 2149// 2150// 1432//
f 1416// 1414// 2151//
f 1411// 1410// 2152//
f 1394// 1392// 2153//
f 2154// 2155// 2156//
f 2157// 2158// 2154//
f 2159// 2160// 2161//
f 2162// 2163// 2164//
f 2016// 1984// 2162//
f 1174// 1178// 2165//
f 1880// 2166// 2167//
f 2166// 1880// 1872//
f 1853// 1852// 2168//
f 1808// 1806// 2169//
f 1800// 1801// 2170//
f 1803// 1802// 2171//
f 2159// 1797// 2172//
f 2172// 1797// 1796//
f 2172// 1796// 1862//
f 1862// 1796// 2173//
f 1862// 2173// 2174//
f 1806// 1805// 2169//
f 2169// 1805// 2175//
f 2169// 2175// 2176//
f 1800// 2170// 1798//
f 1195// 1811// 2163//
f 1175// 1174// 1848//
f 1848// 1174// 2177//
f 1848// 2177// 1849//
f 1849// 2177// 2178//
f 1849// 2178// 1850//
f 1856// 2179// 2180//
f 1858// 1857// 2181//
f 2181// 1857// 1856//
f 2179// 2182// 2180//
f 2180// 2182// 1851//
f 2180// 1851// 1850//
f 2183// 1859// 1858//
f 1852// 1860// 2184//
f 2184// 1860// 1859//
f 2168// 1852// 2185//
f 2186// 1876// 1875//
f 2187// 2188// 1867//
f 1867// 2188// 1853//
f 1867// 1853// 1868//
f 1868// 1853// 2168//
f 1868// 2168// 1870//
f 1870// 2168// 2185//
f 1870// 2185// 1875//
f 1871// 1879// 2189//
f 2189// 1879// 1878//
f 1876// 2186// 1877//
f 1877// 2186// 2190//
f 1877// 2190// 1878//
f 2191// 1882// 1881//
f 2192// 1891// 1890//
f 1883// 1892// 2155//
f 2158// 1886// 2154//
f 2154// 1886// 1885//
f 2154// 1885// 2155//
f 2155// 1885// 1884//
f 2155// 1884// 1883//
f 1865// 1889// 2157//
f 2157// 1889// 1888//
f 2157// 1888// 2158//
f 2158// 1888// 1887//
f 2158// 1887// 1886//
f 1873// 2160// 1874//
f 1874// 2160// 2159//
f 1874// 2159// 1864//
f 1864// 2159// 2172//
f 1864// 2172// 1861//
f 1861// 2172// 1862//
f 1984// 1186// 2162//
f 2162// 1186// 1185//
f 2162// 1185// 2163//
f 2163// 1185// 1193//
f 2163// 1193// 1195//
f 2193// 2047// 1934//
f 2194// 2195// 2196//
f 2196// 2195// 2197//
f 2196// 2197// 2198//
f 2198// 2197// 2165//
f 2198// 2165// 2199//
f 2199// 2165// 1178//
f 2199// 1178// 1177//
f 1931// 1930// 2200//
f 2200// 1930// 2047//
f 2201// 2156// 2202//
f 2202// 2156// 2155//
f 2202// 2155// 2192//
f 2192// 2155// 1892//
f 2192// 1892// 1891//
f 2203// 2201// 2204//
f 2204// 2201// 2202//
f 2204// 2202// 2205//
f 2205// 2202// 2192//
f 2205// 2192// 2191//
f 2191// 2192// 1890//
f 2191// 1890// 1882//
f 2194// 2206// 2195//
f 2195// 2206// 2207//
f 2195// 2207// 2208//
f 2208// 2207// 2209//
f 2208// 2209// 2210//
f 2210// 2209// 2211//
f 2210// 2211// 2212//
f 2212// 2211// 2213//
f 2214// 2215// 2216//
f 2216// 2215// 2110//
f 2216// 2110// 1928//
f 2217// 2203// 2218//
f 2218// 2203// 2204//
f 2218// 2204// 2219//
f 2219// 2204// 2205//
f 2219// 2205// 2220//
f 2220// 2205// 2191//
f 2220// 2191// 2167//
f 2167// 2191// 1881//
f 2167// 1881// 1880//
f 2146// 2143// 2215//
f 2215// 2143// 2111//
f 2215// 2111// 2110//
f 2147// 2146// 2221//
f 2221// 2146// 2215//
f 2221// 2215// 2222//
f 2222// 2215// 2214//
f 2222// 2214// 2223//
f 2224// 2217// 2225//
f 2225// 2217// 2218//
f 2225// 2218// 2226//
f 2226// 2218// 2219//
f 2226// 2219// 2227//
f 2227// 2219// 2220//
f 2227// 2220// 2228//
f 2228// 2220// 2167//
f 2228// 2167// 2229//
f 2229// 2167// 2166//
f 2229// 2166// 2189//
f 2189// 2166// 1872//
f 2189// 1872// 1871//
f 2148// 2147// 2230//
f 2230// 2147// 2221//
f 2230// 2221// 2231//
f 2231// 2221// 2222//
f 2231// 2222// 2232//
f 2232// 2222// 2223//
f 2232// 2223// 2233//
f 1391// 1390// 2234//
f 2234// 1390// 2233//
f 2234// 2233// 2235//
f 2235// 2233// 2223//
f 2235// 2223// 2236//
f 2236// 2223// 2214//
f 2236// 2214// 2237//
f 2237// 2214// 2216//
f 2237// 2216// 2238//
f 2238// 2216// 1928//
f 2238// 1928// 1927//
f 2239// 2240// 2241//
f 2241// 2240// 2242//
f 2241// 2242// 2243//
f 2243// 2242// 2244//
f 2243// 2244// 2245//
f 2245// 2244// 2246//
f 2245// 2246// 2247//
f 2247// 2246// 2248//
f 2247// 2248// 2249//
f 2249// 2248// 2250//
f 2249// 2250// 2251//
f 2251// 2250// 2193//
f 2251// 2193// 2252//
f 2252// 2193// 1934//
f 2252// 1934// 1933//
f 1811// 1809// 2163//
f 2163// 1809// 1808//
f 2163// 1808// 2164//
f 2164// 1808// 2169//
f 2164// 2169// 2253//
f 2253// 2169// 2254//
f 2253// 2254// 2255//
f 2255// 2254// 2256//
f 2255// 2256// 2257//
f 2257// 2256// 2258//
f 2257// 2258// 2259//
f 2259// 2258// 2260//
f 2259// 2260// 2261//
f 2261// 2260// 2262//
f 2261// 2262// 2263//
f 2263// 2262// 2264//
f 2263// 2264// 2265//
f 2265// 2264// 2266//
f 2265// 2266// 1401//
f 1401// 2266// 1402//
f 1801// 1804// 2170//
f 2170// 1804// 2267//
f 2170// 2267// 2268//
f 2268// 2267// 2269//
f 2268// 2269// 2270//
f 2270// 2269// 2271//
f 2270// 2271// 2272//
f 2272// 2271// 2273//
f 2272// 2273// 2274//
f 2274// 2273// 2275//
f 2274// 2275// 2276//
f 2276// 2275// 2277//
f 2276// 2277// 2278//
f 2278// 2277// 2279//
f 2278// 2279// 2280//
f 2280// 2279// 2281//
f 1804// 1803// 2267//
f 2267// 1803// 2171//
f 2267// 2171// 2269//
f 2269// 2171// 2282//
f 2269// 2282// 2271//
f 2271// 2282// 2283//
f 2271// 2283// 2273//
f 2273// 2283// 2284//
f 2273// 2284// 2275//
f 2275// 2284// 2285//
f 2275// 2285// 2277//
f 2277// 2285// 2286//
f 2277// 2286// 2279//
f 2279// 2286// 2287//
f 2279// 2287// 2281//
f 2281// 2287// 2288//
f 2281// 2288// 1407//
f 1407// 2288// 1409//
f 1174// 2165// 2177//
f 2177// 2165// 2197//
f 2177// 2197// 2178//
f 2178// 2197// 2195//
f 2178// 2195// 2289//
f 2289// 2195// 2208//
f 2289// 2208// 2290//
f 2290// 2208// 2210//
f 2290// 2210// 2291//
f 2291// 2210// 2212//
f 2291// 2212// 2292//
f 2292// 2212// 2293//
f 2292// 2293// 2294//
f 2294// 2293// 2295//
f 2294// 2295// 2296//
f 2296// 2295// 2149//
f 2296// 2149// 2297//
f 2213// 2298// 2212//
f 2212// 2298// 2299//
f 2212// 2299// 2293//
f 2293// 2299// 2300//
f 2293// 2300// 2295//
f 2295// 2300// 2301//
f 2295// 2301// 2149//
f 2149// 2301// 2302//
f 2149// 2302// 2150//
f 2232// 1384// 2231//
f 2231// 1384// 1383//
f 2231// 1383// 2230//
f 2230// 1383// 1381//
f 2230// 1381// 2148//
f 2148// 1381// 1380//
f 2148// 1380// 1378//
f 1390// 1388// 2233//
f 2233// 1388// 1387//
f 2233// 1387// 2232//
f 2232// 1387// 1385//
f 2232// 1385// 1384//
f 1392// 1391// 2153//
f 2153// 1391// 2234//
f 2153// 2234// 2303//
f 2303// 2234// 2235//
f 2303// 2235// 2304//
f 2304// 2235// 2236//
f 2304// 2236// 2305//
f 2305// 2236// 2237//
f 2305// 2237// 2306//
f 2306// 2237// 2238//
f 2306// 2238// 2200//
f 2200// 2238// 1927//
f 2200// 1927// 1931//
f 2047// 2193// 2200//
f 2200// 2193// 2250//
f 2200// 2250// 2306//
f 2306// 2250// 2248//
f 2306// 2248// 2305//
f 2305// 2248// 2246//
f 2305// 2246// 2304//
f 2304// 2246// 2244//
f 2304// 2244// 2303//
f 2303// 2244// 2242//
f 2303// 2242// 2153//
f 2153// 2242// 2240//
f 2153// 2240// 1394//
f 1399// 1398// 2239//
f 2239// 1398// 1397//
f 2239// 1397// 2240//
f 2240// 1397// 1395//
f 2240// 1395// 1394//
f 1401// 1399// 2265//
f 2265// 1399// 2239//
f 2265// 2239// 2263//
f 2263// 2239// 2241//
f 2263// 2241// 2261//
f 2261// 2241// 2243//
f 2261// 2243// 2259//
f 2259// 2243// 2245//
f 2259// 2245// 2257//
f 2257// 2245// 2247//
f 2257// 2247// 2255//
f 2255// 2247// 2249//
f 2255// 2249// 2253//
f 2253// 2249// 2251//
f 2253// 2251// 2164//
f 2164// 2251// 2252//
f 2164// 2252// 2162//
f 2162// 2252// 1933//
f 2162// 1933// 2016//
f 2176// 1798// 2169//
f 2169// 1798// 2170//
f 2169// 2170// 2254//
f 2254// 2170// 2268//
f 2254// 2268// 2256//
f 2256// 2268// 2270//
f 2256// 2270// 2258//
f 2258// 2270// 2272//
f 2258// 2272// 2260//
f 2260// 2272// 2274//
f 2260// 2274// 2262//
f 2262// 2274// 2276//
f 2262// 2276// 2264//
f 2264// 2276// 2278//
f 2264// 2278// 2266//
f 2266// 2278// 2280//
f 2266// 2280// 1402//
f 1407// 1406// 2281//
f 2281// 1406// 1405//
f 2281// 1405// 2280//
f 2280// 1405// 1403//
f 2280// 1403// 1402//
f 1410// 1409// 2152//
f 2152// 1409// 2288//
f 2152// 2288// 2307//
f 2307// 2288// 2287//
f 2307// 2287// 2308//
f 2308// 2287// 2286//
f 2308// 2286// 2309//
f 2309// 2286// 2285//
f 2309// 2285// 2310//
f 2310// 2285// 2284//
f 2310// 2284// 2311//
f 2311// 2284// 2283//
f 2311// 2283// 2161//
f 2161// 2283// 2282//
f 2161// 2282// 2159//
f 2159// 2282// 2171//
f 2159// 2171// 1797//
f 1797// 2171// 1802//
f 1413// 1411// 2224//
f 2224// 1411// 2152//
f 2224// 2152// 2217//
f 2217// 2152// 2307//
f 2217// 2307// 2203//
f 2203// 2307// 2308//
f 2203// 2308// 2201//
f 2201// 2308// 2309//
f 2201// 2309// 2156//
f 2156// 2309// 2310//
f 2156// 2310// 2154//
f 2154// 2310// 2311//
f 2154// 2311// 2157//
f 2157// 2311// 2161//
f 2157// 2161// 1865//
f 1865// 2161// 2160//
f 1865// 2160// 1866//
f 1866// 2160// 1873//
f 1878// 2190// 2189//
f 2189// 2190// 2312//
f 2189// 2312// 2229//
f 2229// 2312// 2313//
f 2229// 2313// 2228//
f 2228// 2313// 2314//
f 2228// 2314// 2227//
f 2227// 2314// 2315//
f 2227// 2315// 2226//
f 2226// 2315// 2316//
f 2226// 2316// 2225//
f 2225// 2316// 2151//
f 2225// 2151// 2224//
f 2224// 2151// 1414//
f 2224// 1414// 1413//
f 1875// 2185// 2186//
f 2186// 2185// 2317//
f 2186// 2317// 2190//
f 2190// 2317// 2318//
f 2190// 2318// 2312//
f 2312// 2318// 2319//
f 2312// 2319// 2313//
f 2313// 2319// 2320//
f 2313// 2320// 2314//
f 2314// 2320// 2321//
f 2314// 2321// 2315//
f 2315// 2321// 2322//
f 2315// 2322// 2316//
f 2316// 2322// 2323//
f 2316// 2323// 2151//
f 2151// 2323// 1417//
f 2151// 1417// 1416//
f 2324// 1420// 1418//
f 1852// 2184// 2185//
f 2185// 2184// 2325//
f 2185// 2325// 2317//
f 2317// 2325// 2326//
f 2317// 2326// 2318//
f 2318// 2326// 2327//
f 2318// 2327// 2319//
f 2319// 2327// 2328//
f 2319// 2328// 2320//
f 2320// 2328// 2329//
f 2320// 2329// 2321//
f 2321// 2329// 2330//
f 2321// 2330// 2322//
f 2322// 2330// 2324//
f 2322// 2324// 2323//
f 2323// 2324// 1418//
f 2323// 1418// 1417//
f 1859// 2183// 2184//
f 2184// 2183// 2331//
f 2184// 2331// 2325//
f 2325// 2331// 2332//
f 2325// 2332// 2326//
f 2326// 2332// 2333//
f 2326// 2333// 2327//
f 2327// 2333// 2334//
f 2327// 2334// 2328//
f 2328// 2334// 2335//
f 2328// 2335// 2329//
f 2329// 2335// 2336//
f 2329// 2336// 2330//
f 2330// 2336// 2337//
f 2330// 2337// 2324//
f 2324// 2337// 1421//
f 2324// 1421// 1420//
f 2338// 1424// 1422//
f 1858// 2181// 2183//
f 2183// 2181// 2339//
f 2183// 2339// 2331//
f 2331// 2339// 2340//
f 2331// 2340// 2332//
f 2332// 2340// 2341//
f 2332// 2341// 2333//
f 2333// 2341// 2342//
f 2333// 2342// 2334//
f 2334// 2342// 2343//
f 2334// 2343// 2335//
f 2335// 2343// 2344//
f 2335// 2344// 2336//
f 2336// 2344// 2338//
f 2336// 2338// 2337//
f 2337// 2338// 1422//
f 2337// 1422// 1421//
f 1856// 2180// 2181//
f 2181// 2180// 2345//
f 2181// 2345// 2339//
f 2339// 2345// 2346//
f 2339// 2346// 2340//
f 2340// 2346// 2347//
f 2340// 2347// 2341//
f 2341// 2347// 2348//
f 2341// 2348// 2342//
f 2342// 2348// 2349//
f 2342// 2349// 2343//
f 2343// 2349// 2350//
f 2343// 2350// 2344//
f 2344// 2350// 2351//
f 2344// 2351// 2338//
f 2338// 2351// 1425//
f 2338// 1425// 1424//
f 1850// 2178// 2180//
f 2180// 2178// 2289//
f 2180// 2289// 2345//
f 2345// 2289// 2290//
f 2345// 2290// 2346//
f 2346// 2290// 2291//
f 2346// 2291// 2347//
f 2347// 2291// 2292//
f 2347// 2292// 2348//
f 2348// 2292// 2294//
f 2348// 2294// 2349//
f 2349// 2294// 2296//
f 2349// 2296// 2350//
f 2350// 2296// 2297//
f 2350// 2297// 2351//
f 2351// 2297// 1427//
f 2351// 1427// 1425//
f 1432// 1431// 2149//
f 2149// 1431// 1429//
f 2149// 1429// 2297//
f 2297// 1429// 1428//
f 2297// 1428// 1427//
f 1575// 1573// 2352//
f 1544// 1542// 2353//
f 2354// 2355// 2356//
f 2357// 2358// 2359//
f 2360// 2361// 2357//
f 2362// 2363// 2364//
f 2365// 2366// 2367//
f 2368// 2369// 2365//
f 1196// 1201// 2370//
f 1784// 2371// 2372//
f 2371// 1784// 1774//
f 1755// 1754// 2373//
f 1734// 1732// 2374//
f 1743// 1744// 2375//
f 1746// 1745// 2376//
f 2362// 1740// 2377//
f 2377// 1740// 1739//
f 2377// 1739// 1764//
f 1764// 1739// 2378//
f 1764// 2378// 2379//
f 1732// 1731// 2374//
f 2374// 1731// 2380//
f 2374// 2380// 2381//
f 1743// 2375// 1741//
f 1668// 1737// 2366//
f 1197// 1196// 1750//
f 1750// 1196// 2382//
f 1750// 2382// 1751//
f 1751// 2382// 2383//
f 1751// 2383// 1752//
f 1758// 2384// 2385//
f 1760// 1759// 2386//
f 2386// 1759// 1758//
f 2384// 2387// 2385//
f 2385// 2387// 1753//
f 2385// 1753// 1752//
f 2388// 1761// 1760//
f 1754// 1762// 2389//
f 2389// 1762// 1761//
f 2373// 1754// 2390//
f 2391// 1778// 1777//
f 2392// 2393// 1769//
f 1769// 2393// 1755//
f 1769// 1755// 1770//
f 1770// 1755// 2373//
f 1770// 2373// 1772//
f 1772// 2373// 2390//
f 1772// 2390// 1777//
f 1778// 2391// 1779//
f 1779// 2391// 2394//
f 1779// 2394// 1780//
f 1774// 1773// 2395//
f 2395// 1773// 1781//
f 2395// 1781// 1780//
f 2396// 1786// 1785//
f 2397// 1793// 1792//
f 1782// 1794// 2358//
f 2361// 1788// 2357//
f 2357// 1788// 1787//
f 2357// 1787// 2358//
f 2358// 1787// 1783//
f 2358// 1783// 1782//
f 1767// 1791// 2360//
f 2360// 1791// 1790//
f 2360// 1790// 2361//
f 2361// 1790// 1789//
f 2361// 1789// 1788//
f 1775// 2363// 1776//
f 1776// 2363// 2362//
f 1776// 2362// 1766//
f 1766// 2362// 2377//
f 1766// 2377// 1763//
f 1763// 2377// 1764//
f 2369// 1660// 2365//
f 2365// 1660// 1662//
f 2365// 1662// 2366//
f 2366// 1662// 1666//
f 2366// 1666// 1668//
f 2398// 2399// 2400//
f 1943// 2401// 1945//
f 1945// 2401// 2402//
f 1945// 2402// 1946//
f 1946// 2402// 2370//
f 1946// 2370// 1948//
f 1948// 2370// 1201//
f 1948// 1201// 1200//
f 2403// 2404// 2405//
f 2405// 2404// 2399//
f 2406// 2359// 2407//
f 2407// 2359// 2358//
f 2407// 2358// 2397//
f 2397// 2358// 1794//
f 2397// 1794// 1793//
f 2408// 2406// 2409//
f 2409// 2406// 2407//
f 2409// 2407// 2410//
f 2410// 2407// 2397//
f 2410// 2397// 2396//
f 2396// 2397// 1792//
f 2396// 1792// 1786//
f 1943// 1942// 2401//
f 2401// 1942// 1949//
f 2401// 1949// 2411//
f 2411// 1949// 1940//
f 2411// 1940// 2412//
f 2412// 1940// 1939//
f 2412// 1939// 2413//
f 2413// 1939// 1950//
f 2414// 2408// 2415//
f 2415// 2408// 2409//
f 2415// 2409// 2416//
f 2416// 2409// 2410//
f 2416// 2410// 2417//
f 2417// 2410// 2396//
f 2417// 2396// 2372//
f 2372// 2396// 1785//
f 2372// 1785// 1784//
f 2355// 2418// 2419//
f 2419// 2418// 2420//
f 2419// 2420// 2421//
f 1775// 1768// 2363//
f 2363// 1768// 1767//
f 2363// 1767// 2364//
f 2364// 1767// 2360//
f 2364// 2360// 2422//
f 2422// 2360// 2357//
f 2422// 2357// 2423//
f 2423// 2357// 2359//
f 2423// 2359// 2424//
f 2424// 2359// 2406//
f 2424// 2406// 2425//
f 2425// 2406// 2408//
f 2425// 2408// 2426//
f 2426// 2408// 2414//
f 2426// 2414// 2427//
f 2428// 2354// 2429//
f 2429// 2354// 2356//
f 2429// 2356// 2430//
f 2431// 2432// 2433//
f 2433// 2432// 2434//
f 2433// 2434// 2435//
f 2435// 2434// 2419//
f 2435// 2419// 2436//
f 2436// 2419// 2421//
f 2436// 2421// 2437//
f 1529// 1528// 2438//
f 2438// 1528// 2439//
f 2438// 2439// 2440//
f 2440// 2439// 2441//
f 2440// 2441// 2442//
f 2442// 2441// 2443//
f 2442// 2443// 2444//
f 2444// 2443// 2445//
f 2444// 2445// 2446//
f 2446// 2445// 2447//
f 2446// 2447// 2405//
f 2405// 2447// 2448//
f 2405// 2448// 2403//
f 2449// 2450// 2451//
f 2451// 2450// 2452//
f 2451// 2452// 2453//
f 2453// 2452// 2454//
f 2453// 2454// 2455//
f 2455// 2454// 2456//
f 2455// 2456// 2457//
f 2457// 2456// 2458//
f 2457// 2458// 2459//
f 2459// 2458// 2460//
f 2459// 2460// 2461//
f 2461// 2460// 2398//
f 2461// 2398// 2462//
f 2462// 2398// 2400//
f 2462// 2400// 2463//
f 1539// 1538// 2464//
f 2464// 1538// 2449//
f 2464// 2449// 2465//
f 2465// 2449// 2451//
f 2465// 2451// 2466//
f 2466// 2451// 2453//
f 2466// 2453// 2467//
f 2467// 2453// 2455//
f 2467// 2455// 2468//
f 2468// 2455// 2457//
f 2468// 2457// 2469//
f 2469// 2457// 2459//
f 2469// 2459// 2470//
f 2470// 2459// 2461//
f 2470// 2461// 2367//
f 2367// 2461// 2462//
f 2367// 2462// 2365//
f 2365// 2462// 2463//
f 2365// 2463// 2368//
f 1744// 1747// 2375//
f 2375// 1747// 2471//
f 2375// 2471// 2472//
f 2472// 2471// 2473//
f 2472// 2473// 2474//
f 2474// 2473// 2475//
f 2474// 2475// 2476//
f 2476// 2475// 2477//
f 2476// 2477// 2478//
f 2478// 2477// 2479//
f 2478// 2479// 2480//
f 2480// 2479// 2481//
f 2480// 2481// 2482//
f 2482// 2481// 2483//
f 2482// 2483// 2484//
f 2484// 2483// 2485//
f 1196// 2370// 2382//
f 2382// 2370// 2402//
f 2382// 2402// 2383//
f 2383// 2402// 2401//
f 2383// 2401// 2486//
f 2486// 2401// 2411//
f 2486// 2411// 2487//
f 2487// 2411// 2412//
f 2487// 2412// 2488//
f 2488// 2412// 2413//
f 2488// 2413// 2489//
f 2489// 2413// 2490//
f 2489// 2490// 2491//
f 2491// 2490// 2492//
f 2491// 2492// 2493//
f 2493// 2492// 2494//
f 2493// 2494// 2495//
f 1950// 2109// 2413//
f 2413// 2109// 1954//
f 2413// 1954// 2490//
f 2490// 1954// 1952//
f 2490// 1952// 2492//
f 2492// 1952// 1951//
f 2492// 1951// 2494//
f 2494// 1951// 1937//
f 2494// 1937// 1936//
f 1509// 2428// 1511//
f 1511// 2428// 2429//
f 1511// 2429// 1513//
f 1513// 2429// 2430//
f 1513// 2430// 1516//
f 1516// 2430// 1518//
f 2355// 2419// 2356//
f 2356// 2419// 2434//
f 2356// 2434// 2430//
f 2430// 2434// 2432//
f 2430// 2432// 1518//
f 1526// 1523// 2431//
f 2431// 1523// 1522//
f 2431// 1522// 2432//
f 2432// 1522// 1519//
f 2432// 1519// 1518//
f 1528// 1526// 2439//
f 2439// 1526// 2431//
f 2439// 2431// 2441//
f 2441// 2431// 2433//
f 2441// 2433// 2443//
f 2443// 2433// 2435//
f 2443// 2435// 2445//
f 2445// 2435// 2436//
f 2445// 2436// 2447//
f 2447// 2436// 2437//
f 2447// 2437// 2448//
f 2399// 2398// 2405//
f 2405// 2398// 2460//
f 2405// 2460// 2446//
f 2446// 2460// 2458//
f 2446// 2458// 2444//
f 2444// 2458// 2456//
f 2444// 2456// 2442//
f 2442// 2456// 2454//
f 2442// 2454// 2440//
f 2440// 2454// 2452//
f 2440// 2452// 2438//
f 2438// 2452// 2450//
f 2438// 2450// 1529//
f 1538// 1535// 2449//
f 2449// 1535// 1534//
f 2449// 1534// 2450//
f 2450// 1534// 1532//
f 2450// 1532// 1529//
f 1542// 1539// 2353//
f 2353// 1539// 2464//
f 2353// 2464// 2496//
f 2496// 2464// 2465//
f 2496// 2465// 2497//
f 2497// 2465// 2466//
f 2497// 2466// 2498//
f 2498// 2466// 2467//
f 2498// 2467// 2499//
f 2499// 2467// 2468//
f 2499// 2468// 2500//
f 2500// 2468// 2469//
f 2500// 2469// 2501//
f 2501// 2469// 2470//
f 2501// 2470// 2374//
f 2374// 2470// 2367//
f 2374// 2367// 1734//
f 1734// 2367// 2366//
f 1734// 2366// 1735//
f 1735// 2366// 1737//
f 2381// 1741// 2374//
f 2374// 1741// 2375//
f 2374// 2375// 2501//
f 2501// 2375// 2472//
f 2501// 2472// 2500//
f 2500// 2472// 2474//
f 2500// 2474// 2499//
f 2499// 2474// 2476//
f 2499// 2476// 2498//
f 2498// 2476// 2478//
f 2498// 2478// 2497//
f 2497// 2478// 2480//
f 2497// 2480// 2496//
f 2496// 2480// 2482//
f 2496// 2482// 2353//
f 2353// 2482// 2484//
f 2353// 2484// 1544//
f 1553// 1551// 2502//
f 2502// 1551// 2485//
f 2502// 2485// 2503//
f 2503// 2485// 2483//
f 2503// 2483// 2504//
f 2504// 2483// 2481//
f 2504// 2481// 2505//
f 2505// 2481// 2479//
f 2505// 2479// 2506//
f 2506// 2479// 2477//
f 2506// 2477// 2507//
f 2507// 2477// 2475//
f 2507// 2475// 2508//
f 2508// 2475// 2473//
f 2508// 2473// 2376//
f 2376// 2473// 2471//
f 2376// 2471// 1746//
f 1746// 2471// 1747//
f 1551// 1549// 2485//
f 2485// 1549// 1548//
f 2485// 1548// 2484//
f 2484// 1548// 1545//
f 2484// 1545// 1544//
f 1555// 1553// 2427//
f 2427// 1553// 2502//
f 2427// 2502// 2426//
f 2426// 2502// 2503//
f 2426// 2503// 2425//
f 2425// 2503// 2504//
f 2425// 2504// 2424//
f 2424// 2504// 2505//
f 2424// 2505// 2423//
f 2423// 2505// 2506//
f 2423// 2506// 2422//
f 2422// 2506// 2507//
f 2422// 2507// 2364//
f 2364// 2507// 2508//
f 2364// 2508// 2362//
f 2362// 2508// 2376//
f 2362// 2376// 1740//
f 1740// 2376// 1745//
f 1774// 2395// 2371//
f 2371// 2395// 2509//
f 2371// 2509// 2372//
f 2372// 2509// 2510//
f 2372// 2510// 2417//
f 2417// 2510// 2511//
f 2417// 2511// 2416//
f 2416// 2511// 2512//
f 2416// 2512// 2415//
f 2415// 2512// 2513//
f 2415// 2513// 2414//
f 2414// 2513// 2514//
f 2414// 2514// 2427//
f 2427// 2514// 1557//
f 2427// 1557// 1555//
f 2515// 1561// 1559//
f 1780// 2394// 2395//
f 2395// 2394// 2516//
f 2395// 2516// 2509//
f 2509// 2516// 2517//
f 2509// 2517// 2510//
f 2510// 2517// 2518//
f 2510// 2518// 2511//
f 2511// 2518// 2519//
f 2511// 2519// 2512//
f 2512// 2519// 2520//
f 2512// 2520// 2513//
f 2513// 2520// 2515//
f 2513// 2515// 2514//
f 2514// 2515// 1559//
f 2514// 1559// 1557//
f 1777// 2390// 2391//
f 2391// 2390// 2521//
f 2391// 2521// 2394//
f 2394// 2521// 2522//
f 2394// 2522// 2516//
f 2516// 2522// 2523//
f 2516// 2523// 2517//
f 2517// 2523// 2524//
f 2517// 2524// 2518//
f 2518// 2524// 2525//
f 2518// 2525// 2519//
f 2519// 2525// 2526//
f 2519// 2526// 2520//
f 2520// 2526// 2527//
f 2520// 2527// 2515//
f 2515// 2527// 1563//
f 2515// 1563// 1561//
f 2528// 1567// 1565//
f 1754// 2389// 2390//
f 2390// 2389// 2529//
f 2390// 2529// 2521//
f 2521// 2529// 2530//
f 2521// 2530// 2522//
f 2522// 2530// 2531//
f 2522// 2531// 2523//
f 2523// 2531// 2532//
f 2523// 2532// 2524//
f 2524// 2532// 2533//
f 2524// 2533// 2525//
f 2525// 2533// 2534//
f 2525// 2534// 2526//
f 2526// 2534// 2528//
f 2526// 2528// 2527//
f 2527// 2528// 1565//
f 2527// 1565// 1563//
f 2535// 1571// 1569//
f 1761// 2388// 2389//
f 2389// 2388// 2536//
f 2389// 2536// 2529//
f 2529// 2536// 2537//
f 2529// 2537// 2530//
f 2530// 2537// 2538//
f 2530// 2538// 2531//
f 2531// 2538// 2539//
f 2531// 2539// 2532//
f 2532// 2539// 2540//
f 2532// 2540// 2533//
f 2533// 2540// 2541//
f 2533// 2541// 2534//
f 2534// 2541// 2535//
f 2534// 2535// 2528//
f 2528// 2535// 1569//
f 2528// 1569// 1567//
f 1760// 2386// 2388//
f 2388// 2386// 2542//
f 2388// 2542// 2536//
f 2536// 2542// 2543//
f 2536// 2543// 2537//
f 2537// 2543// 2544//
f 2537// 2544// 2538//
f 2538// 2544// 2545//
f 2538// 2545// 2539//
f 2539// 2545// 2546//
f 2539// 2546// 2540//
f 2540// 2546// 2547//
f 2540// 2547// 2541//
f 2541// 2547// 2352//
f 2541// 2352// 2535//
f 2535// 2352// 1573//
f 2535// 1573// 1571//
f 1758// 2385// 2386//
f 2386// 2385// 2548//
f 2386// 2548// 2542//
f 2542// 2548// 2549//
f 2542// 2549// 2543//
f 2543// 2549// 2550//
f 2543// 2550// 2544//
f 2544// 2550// 2551//
f 2544// 2551// 2545//
f 2545// 2551// 2552//
f 2545// 2552// 2546//
f 2546// 2552// 2553//
f 2546// 2553// 2547//
f 2547// 2553// 2554//
f 2547// 2554// 2352//
f 2352// 2554// 1577//
f 2352// 1577// 1575//
f 2495// 1581// 1579//
f 1752// 2383// 2385//
f 2385// 2383// 2486//
f 2385// 2486// 2548//
f 2548// 2486// 2487//
f 2548// 2487// 2549//
f 2549// 2487// 2488//
f 2549// 2488// 2550//
f 2550// 2488// 2489//
f 2550// 2489// 2551//
f 2551// 2489// 2491//
f 2551// 2491// 2552//
f 2552// 2491// 2493//
f 2552// 2493// 2553//
f 2553// 2493// 2495//
f 2553// 2495// 2554//
f 2554// 2495// 1579//
f 2554// 1579// 1577//
f 1581// 2495// 1583//
f 1583// 2495// 2494//
f 1583// 2494// 1585//
f 1585// 2494// 1936//
f 1585// 1936// 1587//
f 1508// 1506// 2555//
f 1500// 1498// 2556//
f 1492// 1490// 2557//
f 1486// 1484// 2558//
f 1474// 1472// 2559//
f 1465// 1463// 2560//
f 1457// 1455// 2561//
f 1439// 1451// 2562//
f 2150// 2302// 2563//
f 2301// 2300// 2564//
f 2565// 2198// 1926//
f 1926// 2198// 2199//
f 1926// 2199// 1177//
f 2206// 2194// 2566//
f 2566// 2194// 2196//
f 2213// 2211// 2567//
f 2567// 2211// 2209//
f 2567// 2209// 2207//
f 2299// 2298// 2568//
f 2298// 2213// 2568//
f 2568// 2213// 2567//
f 2568// 2567// 2569//
f 2300// 2299// 2564//
f 2564// 2299// 2568//
f 2564// 2568// 2570//
f 2570// 2568// 2569//
f 2570// 2569// 2571//
f 2302// 2301// 2563//
f 2563// 2301// 2564//
f 2563// 2564// 2572//
f 2572// 2564// 2570//
f 2572// 2570// 2573//
f 2573// 2570// 2571//
f 2573// 2571// 2574//
f 1432// 2150// 1434//
f 1434// 2150// 2563//
f 1434// 2563// 1435//
f 1435// 2563// 2572//
f 1435// 2572// 1436//
f 1436// 2572// 2573//
f 1436// 2573// 1441//
f 1441// 2573// 2574//
f 1441// 2574// 1442//
f 1442// 2574// 1444//
f 1446// 1444// 2575//
f 2575// 1444// 2574//
f 2575// 2574// 2576//
f 2576// 2574// 2571//
f 2576// 2571// 2577//
f 2577// 2571// 2569//
f 2577// 2569// 2578//
f 2578// 2569// 2567//
f 2578// 2567// 2566//
f 2566// 2567// 2207//
f 2566// 2207// 2206//
f 1448// 1446// 2579//
f 2579// 1446// 2575//
f 2579// 2575// 2580//
f 2580// 2575// 2576//
f 2580// 2576// 2581//
f 2581// 2576// 2577//
f 2581// 2577// 2582//
f 2582// 2577// 2578//
f 2582// 2578// 2583//
f 2583// 2578// 2566//
f 2583// 2566// 2565//
f 2565// 2566// 2196//
f 2565// 2196// 2198//
f 1450// 1448// 2584//
f 2584// 1448// 2579//
f 2584// 2579// 2585//
f 2585// 2579// 2580//
f 2585// 2580// 2586//
f 2586// 2580// 2581//
f 2586// 2581// 2587//
f 2587// 2581// 2582//
f 2587// 2582// 2588//
f 2588// 2582// 2583//
f 2588// 2583// 2589//
f 2589// 2583// 2565//
f 2589// 2565// 1925//
f 1925// 2565// 1926//
f 1451// 1450// 2562//
f 2562// 1450// 2584//
f 2562// 2584// 2590//
f 2590// 2584// 2585//
f 2590// 2585// 2591//
f 2591// 2585// 2586//
f 2591// 2586// 2592//
f 2592// 2586// 2587//
f 2592// 2587// 2593//
f 2593// 2587// 2588//
f 2593// 2588// 2594//
f 2594// 2588// 2589//
f 2594// 2589// 1924//
f 1924// 2589// 1925//
f 1452// 1439// 2595//
f 2595// 1439// 2562//
f 2595// 2562// 2596//
f 2596// 2562// 2590//
f 2596// 2590// 2597//
f 2597// 2590// 2591//
f 2597// 2591// 2598//
f 2598// 2591// 2592//
f 2598// 2592// 2599//
f 2599// 2592// 2593//
f 2599// 2593// 2600//
f 2600// 2593// 2594//
f 2600// 2594// 1923//
f 1923// 2594// 1924//
f 1453// 1452// 2601//
f 2601// 1452// 2595//
f 2601// 2595// 2602//
f 2602// 2595// 2596//
f 2602// 2596// 2603//
f 2603// 2596// 2597//
f 2603// 2597// 2604//
f 2604// 2597// 2598//
f 2604// 2598// 2605//
f 2605// 2598// 2599//
f 2605// 2599// 2606//
f 2606// 2599// 2600//
f 2606// 2600// 1922//
f 1922// 2600// 1923//
f 1455// 1453// 2561//
f 2561// 1453// 2601//
f 2561// 2601// 2607//
f 2607// 2601// 2602//
f 2607// 2602// 2608//
f 2608// 2602// 2603//
f 2608// 2603// 2609//
f 2609// 2603// 2604//
f 2609// 2604// 2610//
f 2610// 2604// 2605//
f 2610// 2605// 2611//
f 2611// 2605// 2606//
f 2611// 2606// 1921//
f 1921// 2606// 1922//
f 1459// 1457// 2612//
f 2612// 1457// 2561//
f 2612// 2561// 2613//
f 2613// 2561// 2607//
f 2613// 2607// 2614//
f 2614// 2607// 2608//
f 2614// 2608// 2615//
f 2615// 2608// 2609//
f 2615// 2609// 2616//
f 2616// 2609// 2610//
f 2616// 2610// 2617//
f 2617// 2610// 2611//
f 2617// 2611// 1920//
f 1920// 2611// 1921//
f 1461// 1459// 2618//
f 2618// 1459// 2612//
f 2618// 2612// 2619//
f 2619// 2612// 2613//
f 2619// 2613// 2620//
f 2620// 2613// 2614//
f 2620// 2614// 2621//
f 2621// 2614// 2615//
f 2621// 2615// 2622//
f 2622// 2615// 2616//
f 2622// 2616// 2623//
f 2623// 2616// 2617//
f 2623// 2617// 1919//
f 1919// 2617// 1920//
f 1463// 1461// 2560//
f 2560// 1461// 2618//
f 2560// 2618// 2624//
f 2624// 2618// 2619//
f 2624// 2619// 2625//
f 2625// 2619// 2620//
f 2625// 2620// 2626//
f 2626// 2620// 2621//
f 2626// 2621// 2627//
f 2627// 2621// 2622//
f 2627// 2622// 2628//
f 2628// 2622// 2623//
f 2628// 2623// 1918//
f 1918// 2623// 1919//
f 1467// 1465// 2629//
f 2629// 1465// 2560//
f 2629// 2560// 2630//
f 2630// 2560// 2624//
f 2630// 2624// 2631//
f 2631// 2624// 2625//
f 2631// 2625// 2632//
f 2632// 2625// 2626//
f 2632// 2626// 2633//
f 2633// 2626// 2627//
f 2633// 2627// 2634//
f 2634// 2627// 2628//
f 2634// 2628// 1917//
f 1917// 2628// 1918//
f 1469// 1467// 2635//
f 2635// 1467// 2629//
f 2635// 2629// 2636//
f 2636// 2629// 2630//
f 2636// 2630// 2637//
f 2637// 2630// 2631//
f 2637// 2631// 2638//
f 2638// 2631// 2632//
f 2638// 2632// 2639//
f 2639// 2632// 2633//
f 2639// 2633// 2640//
f 2640// 2633// 2634//
f 2640// 2634// 1916//
f 1916// 2634// 1917//
f 1471// 1469// 2641//
f 2641// 1469// 2635//
f 2641// 2635// 2642//
f 2642// 2635// 2636//
f 2642// 2636// 2643//
f 2643// 2636// 2637//
f 2643// 2637// 2644//
f 2644// 2637// 2638//
f 2644// 2638// 2645//
f 2645// 2638// 2639//
f 2645// 2639// 2646//
f 2646// 2639// 2640//
f 2646// 2640// 1915//
f 1915// 2640// 1916//
f 1472// 1471// 2559//
f 2559// 1471// 2641//
f 2559// 2641// 2647//
f 2647// 2641// 2642//
f 2647// 2642// 2648//
f 2648// 2642// 2643//
f 2648// 2643// 2649//
f 2649// 2643// 2644//
f 2649// 2644// 2650//
f 2650// 2644// 2645//
f 2650// 2645// 2651//
f 2651// 2645// 2646//
f 2651// 2646// 1914//
f 1914// 2646// 1915//
f 1476// 1474// 2652//
f 2652// 1474// 2559//
f 2652// 2559// 2653//
f 2653// 2559// 2647//
f 2653// 2647// 2654//
f 2654// 2647// 2648//
f 2654// 2648// 2655//
f 2655// 2648// 2649//
f 2655// 2649// 2656//
f 2656// 2649// 2650//
f 2656// 2650// 2657//
f 2657// 2650// 2651//
f 2657// 2651// 1913//
f 1913// 2651// 1914//
f 1478// 1476// 2658//
f 2658// 1476// 2652//
f 2658// 2652// 2659//
f 2659// 2652// 2653//
f 2659// 2653// 2660//
f 2660// 2653// 2654//
f 2660// 2654// 2661//
f 2661// 2654// 2655//
f 2661// 2655// 2662//
f 2662// 2655// 2656//
f 2662// 2656// 2663//
f 2663// 2656// 2657//
f 2663// 2657// 1912//
f 1912// 2657// 1913//
f 1483// 1478// 2664//
f 2664// 1478// 2658//
f 2664// 2658// 2665//
f 2665// 2658// 2659//
f 2665// 2659// 2666//
f 2666// 2659// 2660//
f 2666// 2660// 2667//
f 2667// 2660// 2661//
f 2667// 2661// 2668//
f 2668// 2661// 2662//
f 2668// 2662// 2669//
f 2669// 2662// 2663//
f 2669// 2663// 1911//
f 1911// 2663// 1912//
f 1484// 1483// 2558//
f 2558// 1483// 2664//
f 2558// 2664// 2670//
f 2670// 2664// 2665//
f 2670// 2665// 2671//
f 2671// 2665// 2666//
f 2671// 2666// 2672//
f 2672// 2666// 2667//
f 2672// 2667// 2673//
f 2673// 2667// 2668//
f 2673// 2668// 2674//
f 2674// 2668// 2669//
f 2674// 2669// 1909//
f 1909// 2669// 1911//
f 1482// 1486// 2675//
f 2675// 1486// 2558//
f 2675// 2558// 2676//
f 2676// 2558// 2670//
f 2676// 2670// 2677//
f 2677// 2670// 2671//
f 2677// 2671// 2678//
f 2678// 2671// 2672//
f 2678// 2672// 2679//
f 2679// 2672// 2673//
f 2679// 2673// 2680//
f 2680// 2673// 2674//
f 2680// 2674// 1908//
f 1908// 2674// 1909//
f 1489// 1482// 2681//
f 2681// 1482// 2675//
f 2681// 2675// 2682//
f 2682// 2675// 2676//
f 2682// 2676// 2683//
f 2683// 2676// 2677//
f 2683// 2677// 2684//
f 2684// 2677// 2678//
f 2684// 2678// 2685//
f 2685// 2678// 2679//
f 2685// 2679// 2686//
f 2686// 2679// 2680//
f 2686// 2680// 1907//
f 1907// 2680// 1908//
f 1490// 1489// 2557//
f 2557// 1489// 2681//
f 2557// 2681// 2687//
f 2687// 2681// 2682//
f 2687// 2682// 2688//
f 2688// 2682// 2683//
f 2688// 2683// 2689//
f 2689// 2683// 2684//
f 2689// 2684// 2690//
f 2690// 2684// 2685//
f 2690// 2685// 2691//
f 2691// 2685// 2686//
f 2691// 2686// 1906//
f 1906// 2686// 1907//
f 1494// 1492// 2692//
f 2692// 1492// 2557//
f 2692// 2557// 2693//
f 2693// 2557// 2687//
f 2693// 2687// 2694//
f 2694// 2687// 2688//
f 2694// 2688// 2695//
f 2695// 2688// 2689//
f 2695// 2689// 2696//
f 2696// 2689// 2690//
f 2696// 2690// 2697//
f 2697// 2690// 2691//
f 2697// 2691// 1905//
f 1905// 2691// 1906//
f 1496// 1494// 2698//
f 2698// 1494// 2692//
f 2698// 2692// 2699//
f 2699// 2692// 2693//
f 2699// 2693// 2700//
f 2700// 2693// 2694//
f 2700// 2694// 2701//
f 2701// 2694// 2695//
f 2701// 2695// 2702//
f 2702// 2695// 2696//
f 2702// 2696// 2703//
f 2703// 2696// 2697//
f 2703// 2697// 1904//
f 1904// 2697// 1905//
f 1498// 1496// 2556//
f 2556// 1496// 2698//
f 2556// 2698// 2704//
f 2704// 2698// 2699//
f 2704// 2699// 2705//
f 2705// 2699// 2700//
f 2705// 2700// 2706//
f 2706// 2700// 2701//
f 2706// 2701// 2707//
f 2707// 2701// 2702//
f 2707// 2702// 2708//
f 2708// 2702// 2703//
f 2708// 2703// 1903//
f 1903// 2703// 1904//
f 1501// 1500// 2709//
f 2709// 1500// 2556//
f 2709// 2556// 2710//
f 2710// 2556// 2704//
f 2710// 2704// 2711//
f 2711// 2704// 2705//
f 2711// 2705// 2712//
f 2712// 2705// 2706//
f 2712// 2706// 2713//
f 2713// 2706// 2707//
f 2713// 2707// 2714//
f 2714// 2707// 2708//
f 2714// 2708// 1902//
f 1902// 2708// 1903//
f 1503// 1501// 2715//
f 2715// 1501// 2709//
f 2715// 2709// 2716//
f 2716// 2709// 2710//
f 2716// 2710// 2717//
f 2717// 2710// 2711//
f 2717// 2711// 2718//
f 2718// 2711// 2712//
f 2718// 2712// 2719//
f 2719// 2712// 2713//
f 2719// 2713// 2720//
f 2720// 2713// 2714//
f 2720// 2714// 1901//
f 1901// 2714// 1902//
f 1505// 1503// 2721//
f 2721// 1503// 2715//
f 2721// 2715// 2722//
f 2722// 2715// 2716//
f 2722// 2716// 2723//
f 2723// 2716// 2717//
f 2723// 2717// 2724//
f 2724// 2717// 2718//
f 2724// 2718// 2725//
f 2725// 2718// 2719//
f 2725// 2719// 2726//
f 2726// 2719// 2720//
f 2726// 2720// 1900//
f 1900// 2720// 1901//
f 2727// 1895// 1894//
f 1506// 1505// 2555//
f 2555// 1505// 2721//
f 2555// 2721// 2728//
f 2728// 2721// 2722//
f 2728// 2722// 2729//
f 2729// 2722// 2723//
f 2729// 2723// 2730//
f 2730// 2723// 2724//
f 2730// 2724// 2731//
f 2731// 2724// 2725//
f 2731// 2725// 2732//
f 2732// 2725// 2726//
f 2732// 2726// 1899//
f 1899// 2726// 1900//
f 1660// 2369// 1894//
f 1894// 2369// 2733//
f 1894// 2733// 2727//
f 2727// 2733// 2734//
f 2369// 2368// 2733//
f 2733// 2368// 2463//
f 2733// 2463// 2734//
f 2734// 2463// 2400//
f 2734// 2400// 2399//
f 1896// 1895// 2735//
f 2735// 1895// 2727//
f 2735// 2727// 2736//
f 2736// 2727// 2734//
f 2736// 2734// 2737//
f 2737// 2734// 2399//
f 2399// 2404// 2737//
f 2737// 2404// 2403//
f 2737// 2403// 2448//
f 1897// 1896// 2738//
f 2738// 1896// 2735//
f 2738// 2735// 2739//
f 2739// 2735// 2736//
f 2739// 2736// 2740//
f 2740// 2736// 2737//
f 2740// 2737// 2741//
f 2741// 2737// 2448//
f 2448// 2437// 2741//
f 2741// 2437// 2421//
f 2741// 2421// 2420//
f 1898// 1897// 2742//
f 2742// 1897// 2738//
f 2742// 2738// 2743//
f 2743// 2738// 2739//
f 2743// 2739// 2744//
f 2744// 2739// 2740//
f 2744// 2740// 2745//
f 2745// 2740// 2741//
f 2745// 2741// 2746//
f 2746// 2741// 2420//
f 2746// 2420// 2418//
f 1899// 1898// 2732//
f 2732// 1898// 2742//
f 2732// 2742// 2731//
f 2731// 2742// 2743//
f 2731// 2743// 2730//
f 2730// 2743// 2744//
f 2730// 2744// 2729//
f 2729// 2744// 2745//
f 2729// 2745// 2728//
f 2728// 2745// 2746//
f 2728// 2746// 2555//
f 2555// 2746// 2418//
f 2555// 2418// 2355//
f 1509// 1508// 2428//
f 2428// 1508// 2555//
f 2428// 2555// 2354//
f 2354// 2555// 2355//
f 2747// 2748// 2749//
f 2750// 2751// 2752//
f 2753// 2754// 2755//
f 2756// 2757// 2758//
f 2759// 2760// 2761//
f 2762// 980// 2763//
f 2763// 980// 1443//
f 2764// 2765// 2763//
f 2763// 2765// 2766//
f 2763// 2766// 2762//
f 2767// 2768// 2769//
f 2769// 2768// 2770//
f 2759// 2761// 2771//
f 1212// 601// 2753//
f 1443// 1445// 2763//
f 2763// 1445// 1447//
f 2763// 1447// 2772//
f 2772// 1447// 1449//
f 2772// 1449// 2773//
f 2773// 1449// 1440//
f 2773// 1440// 2774//
f 2774// 1440// 1438//
f 2774// 1438// 2775//
f 1438// 1437// 2775//
f 2775// 1437// 1454//
f 2775// 1454// 2776//
f 2776// 1454// 1456//
f 2776// 1456// 2777//
f 1456// 1458// 2777//
f 2777// 1458// 1460//
f 2777// 1460// 2778//
f 2778// 1460// 1462//
f 2778// 1462// 2779//
f 2779// 1462// 1464//
f 2779// 1464// 2780//
f 1464// 1466// 2780//
f 2780// 1466// 1468//
f 2780// 1468// 2781//
f 2781// 1468// 1470//
f 2781// 1470// 2782//
f 2782// 1470// 1473//
f 2782// 1473// 2783//
f 1473// 1475// 2783//
f 2783// 1475// 1477//
f 2783// 1477// 2784//
f 2784// 1477// 1479//
f 2784// 1479// 2785//
f 2785// 1479// 1485//
f 2785// 1485// 2786//
f 1485// 1487// 2786//
f 2786// 1487// 1488//
f 2786// 1488// 2787//
f 2787// 1488// 1481//
f 2787// 1481// 2788//
f 2788// 1481// 1480//
f 2788// 1480// 2789//
f 2789// 1480// 1491//
f 2789// 1491// 2790//
f 2791// 2792// 2793//
f 2793// 2792// 2794//
f 2793// 2794// 2790//
f 2790// 2794// 2795//
f 2790// 2795// 2789//
f 2789// 2795// 2796//
f 2789// 2796// 2788//
f 2788// 2796// 2797//
f 2788// 2797// 2787//
f 2787// 2797// 2798//
f 2787// 2798// 2786//
f 2786// 2798// 2799//
f 2786// 2799// 2785//
f 2785// 2799// 2800//
f 2785// 2800// 2784//
f 2784// 2800// 2801//
f 2784// 2801// 2783//
f 2783// 2801// 2802//
f 2783// 2802// 2782//
f 2782// 2802// 2803//
f 2782// 2803// 2781//
f 2781// 2803// 2804//
f 2781// 2804// 2780//
f 2780// 2804// 2805//
f 2780// 2805// 2779//
f 2779// 2805// 2806//
f 2779// 2806// 2778//
f 2778// 2806// 2807//
f 2778// 2807// 2777//
f 2777// 2807// 2808//
f 2777// 2808// 2776//
f 2776// 2808// 2809//
f 2776// 2809// 2775//
f 2775// 2809// 2810//
f 2775// 2810// 2774//
f 2774// 2810// 2811//
f 2774// 2811// 2773//
f 2773// 2811// 2812//
f 2773// 2812// 2772//
f 2772// 2812// 2813//
f 2772// 2813// 2763//
f 2763// 2813// 2814//
f 2763// 2814// 2764//
f 2764// 2814// 2815//
f 2816// 2817// 2818//
f 2818// 2817// 2819//
f 2818// 2819// 2820//
f 2820// 2819// 2821//
f 2820// 2821// 2822//
f 2822// 2821// 2823//
f 2822// 2823// 2824//
f 2824// 2823// 2825//
f 2824// 2825// 2826//
f 2826// 2825// 2827//
f 2826// 2827// 2828//
f 2828// 2827// 2829//
f 2828// 2829// 2830//
f 2830// 2829// 2831//
f 2830// 2831// 2832//
f 2832// 2831// 2833//
f 2832// 2833// 2834//
f 2834// 2833// 2835//
f 2834// 2835// 2836//
f 2836// 2835// 2837//
f 2836// 2837// 2838//
f 2838// 2837// 2839//
f 2838// 2839// 2840//
f 2840// 2839// 2841//
f 2840// 2841// 2842//
f 2842// 2841// 2843//
f 2842// 2843// 2844//
f 2844// 2843// 2845//
f 2844// 2845// 2846//
f 2846// 2845// 2847//
f 2846// 2847// 2848//
f 2848// 2847// 2849//
f 2848// 2849// 2850//
f 2850// 2849// 2851//
f 2850// 2851// 2852//
f 2852// 2851// 2853//
f 2852// 2853// 2854//
f 2854// 2853// 2855//
f 2854// 2855// 2856//
f 2856// 2855// 2857//
f 2856// 2857// 2758//
f 2758// 2857// 2755//
f 2758// 2755// 2756//
f 2756// 2755// 2754//
f 1502// 2858// 1499//
f 1499// 2858// 2791//
f 1499// 2791// 1497//
f 1497// 2791// 2793//
f 1497// 2793// 1495//
f 1495// 2793// 2790//
f 1495// 2790// 1493//
f 1493// 2790// 1491//
f 2858// 2859// 2791//
f 2791// 2859// 2860//
f 2791// 2860// 2792//
f 2792// 2860// 2861//
f 2792// 2861// 2862//
f 2862// 2750// 2792//
f 2792// 2750// 2752//
f 2792// 2752// 2794//
f 2794// 2752// 2863//
f 2794// 2863// 2795//
f 2795// 2863// 2864//
f 2795// 2864// 2796//
f 2796// 2864// 2865//
f 2796// 2865// 2797//
f 2797// 2865// 2866//
f 2797// 2866// 2798//
f 2798// 2866// 2867//
f 2798// 2867// 2799//
f 2799// 2867// 2868//
f 2799// 2868// 2800//
f 2800// 2868// 2869//
f 2800// 2869// 2801//
f 2801// 2869// 2870//
f 2801// 2870// 2802//
f 2802// 2870// 2871//
f 2802// 2871// 2803//
f 2803// 2871// 2872//
f 2803// 2872// 2804//
f 2804// 2872// 2873//
f 2804// 2873// 2805//
f 2805// 2873// 2874//
f 2805// 2874// 2806//
f 2806// 2874// 2875//
f 2806// 2875// 2807//
f 2807// 2875// 2876//
f 2807// 2876// 2808//
f 2808// 2876// 2877//
f 2808// 2877// 2809//
f 2809// 2877// 2878//
f 2809// 2878// 2810//
f 2810// 2878// 2879//
f 2810// 2879// 2811//
f 2811// 2879// 2880//
f 2811// 2880// 2812//
f 2812// 2880// 2881//
f 2812// 2881// 2813//
f 2813// 2881// 2882//
f 2813// 2882// 2814//
f 2814// 2882// 2769//
f 2814// 2769// 2815//
f 2815// 2769// 2770//
f 2751// 2747// 2752//
f 2752// 2747// 2749//
f 2752// 2749// 2863//
f 2863// 2749// 2883//
f 2863// 2883// 2864//
f 2864// 2883// 2884//
f 2864// 2884// 2865//
f 2865// 2884// 2885//
f 2865// 2885// 2866//
f 2866// 2885// 2886//
f 2866// 2886// 2867//
f 2867// 2886// 2887//
f 2867// 2887// 2868//
f 2868// 2887// 2888//
f 2868// 2888// 2869//
f 2869// 2888// 2889//
f 2869// 2889// 2870//
f 2870// 2889// 2890//
f 2870// 2890// 2871//
f 2871// 2890// 2891//
f 2871// 2891// 2872//
f 2872// 2891// 2892//
f 2872// 2892// 2873//
f 2873// 2892// 2893//
f 2873// 2893// 2874//
f 2874// 2893// 2894//
f 2874// 2894// 2875//
f 2875// 2894// 2895//
f 2875// 2895// 2876//
f 2876// 2895// 2896//
f 2876// 2896// 2877//
f 2877// 2896// 2897//
f 2877// 2897// 2878//
f 2878// 2897// 2898//
f 2878// 2898// 2879//
f 2879// 2898// 2899//
f 2879// 2899// 2880//
f 2880// 2899// 2900//
f 2880// 2900// 2881//
f 2881// 2900// 2901//
f 2881// 2901// 2882//
f 2882// 2901// 2902//
f 2882// 2902// 2769//
f 2769// 2902// 2761//
f 2769// 2761// 2767//
f 2767// 2761// 2760//
f 2903// 2904// 2816//
f 2748// 2903// 2749//
f 2749// 2903// 2816//
f 2749// 2816// 2883//
f 2883// 2816// 2818//
f 2883// 2818// 2884//
f 2884// 2818// 2820//
f 2884// 2820// 2885//
f 2885// 2820// 2822//
f 2885// 2822// 2886//
f 2886// 2822// 2824//
f 2886// 2824// 2887//
f 2887// 2824// 2826//
f 2887// 2826// 2888//
f 2888// 2826// 2828//
f 2888// 2828// 2889//
f 2889// 2828// 2830//
f 2889// 2830// 2890//
f 2890// 2830// 2832//
f 2890// 2832// 2891//
f 2891// 2832// 2834//
f 2891// 2834// 2892//
f 2892// 2834// 2836//
f 2892// 2836// 2893//
f 2893// 2836// 2838//
f 2893// 2838// 2894//
f 2894// 2838// 2840//
f 2894// 2840// 2895//
f 2895// 2840// 2842//
f 2895// 2842// 2896//
f 2896// 2842// 2844//
f 2896// 2844// 2897//
f 2897// 2844// 2846//
f 2897// 2846// 2898//
f 2898// 2846// 2848//
f 2898// 2848// 2899//
f 2899// 2848// 2850//
f 2899// 2850// 2900//
f 2900// 2850// 2852//
f 2900// 2852// 2901//
f 2901// 2852// 2854//
f 2901// 2854// 2902//
f 2902// 2854// 2856//
f 2902// 2856// 2761//
f 2761// 2856// 2758//
f 2761// 2758// 2771//
f 2771// 2758// 2757//
f 2904// 2905// 2816//
f 2816// 2905// 2906//
f 2816// 2906// 2817//
f 2817// 2906// 2907//
f 2817// 2907// 2908//
f 2753// 2755// 1212//
f 1212// 2755// 2857//
f 1212// 2857// 1213//
f 1213// 2857// 2855//
f 1213// 2855// 1214//
f 1214// 2855// 2853//
f 1214// 2853// 1218//
f 1218// 2853// 2851//
f 1218// 2851// 1219//
f 1219// 2851// 2849//
f 1219// 2849// 1220//
f 1220// 2849// 2847//
f 1220// 2847// 1224//
f 1224// 2847// 2845//
f 1224// 2845// 1225//
f 1225// 2845// 2843//
f 1225// 2843// 1226//
f 1226// 2843// 2841//
f 1226// 2841// 1227//
f 1227// 2841// 2839//
f 1227// 2839// 1228//
f 1228// 2839// 2837//
f 1228// 2837// 1229//
f 1229// 2837// 2835//
f 1229// 2835// 1208//
f 1208// 2835// 2833//
f 1208// 2833// 1209//
f 1209// 2833// 2831//
f 1209// 2831// 1211//
f 1211// 2831// 2829//
f 1211// 2829// 1215//
f 1215// 2829// 2827//
f 1215// 2827// 1216//
f 1216// 2827// 2825//
f 1216// 2825// 1217//
f 1217// 2825// 2823//
f 1217// 2823// 1221//
f 1221// 2823// 2821//
f 1221// 2821// 1222//
f 1222// 2821// 2819//
f 1222// 2819// 1223//
f 1223// 2819// 2817//
f 1223// 2817// 1230//
f 1230// 2817// 2908//
f 1230// 2908// 1168//
f 2909// 2858// 1502//
f 1527// 1530// 2910//
f 1570// 1572// 2911//
f 2912// 2913// 2914//
f 2915// 2916// 2917//
f 1165// 1167// 2918//
f 1162// 1165// 2919//
f 1653// 1654// 2920//
f 1260// 1278// 2921//
f 1286// 1285// 2922//
f 1326// 1325// 2923//
f 1341// 1340// 2924//
f 1329// 1328// 2925//
f 1336// 2926// 2915//
f 2926// 1336// 1335//
f 1335// 1333// 2926//
f 2926// 1333// 2927//
f 2926// 2927// 2928//
f 1329// 2925// 1337//
f 1352// 1344// 2929//
f 2929// 1344// 2930//
f 2929// 2930// 2920//
f 1344// 1343// 2930//
f 2930// 1343// 2931//
f 2930// 2931// 2932//
f 1341// 2924// 2933//
f 1654// 1348// 2920//
f 2920// 1348// 1354//
f 2920// 1354// 2929//
f 2929// 1354// 1353//
f 2929// 1353// 1352//
f 1308// 1310// 2934//
f 2934// 1310// 2935//
f 2936// 2935// 2937//
f 2937// 2938// 2936//
f 2936// 2938// 1318//
f 2936// 1318// 2923//
f 2923// 1318// 1320//
f 2923// 1320// 1326//
f 1312// 1311// 2939//
f 2939// 1311// 1306//
f 2939// 1306// 1308//
f 1316// 1314// 2940//
f 2940// 1314// 1312//
f 1304// 1317// 2941//
f 2941// 1317// 1316//
f 2941// 1316// 2942//
f 1262// 2943// 2941//
f 2941// 2943// 2944//
f 2941// 2944// 1304//
f 1268// 1265// 2945//
f 2945// 1265// 1263//
f 1271// 1270// 2946//
f 2946// 1270// 1269//
f 1281// 1280// 2947//
f 2947// 1280// 1279//
f 2913// 1282// 1287//
f 2912// 1284// 2913//
f 2913// 1284// 1283//
f 2913// 1283// 1282//
f 1277// 1276// 2948//
f 2948// 1276// 1275//
f 2948// 1275// 2912//
f 2912// 1275// 1274//
f 2912// 1274// 1284//
f 1266// 2916// 1267//
f 1267// 2916// 2915//
f 1267// 2915// 1257//
f 1257// 2915// 2926//
f 1257// 2926// 1258//
f 1258// 2926// 2928//
f 2949// 2950// 2951//
f 2951// 2950// 1233//
f 2952// 2953// 2954//
f 2905// 2955// 2906//
f 2906// 2955// 2956//
f 2906// 2956// 2907//
f 2907// 2956// 2918//
f 2907// 2918// 2908//
f 2908// 2918// 1167//
f 2908// 1167// 1168//
f 2957// 2958// 2959//
f 2959// 2958// 2953//
f 2960// 2914// 2961//
f 2961// 2914// 2913//
f 2961// 2913// 2922//
f 2922// 2913// 1287//
f 2922// 1287// 1286//
f 2962// 2960// 2963//
f 2963// 2960// 2961//
f 2963// 2961// 2964//
f 2964// 2961// 2922//
f 2964// 2922// 2947//
f 2947// 2922// 1285//
f 2947// 1285// 1281//
f 2905// 2904// 2955//
f 2955// 2904// 2903//
f 2955// 2903// 2965//
f 2965// 2903// 2748//
f 2965// 2748// 2966//
f 2966// 2748// 2747//
f 2966// 2747// 2967//
f 2967// 2747// 2751//
f 2968// 2969// 2970//
f 2970// 2969// 2971//
f 2970// 2971// 2972//
f 2973// 2962// 2974//
f 2974// 2962// 2963//
f 2974// 2963// 2975//
f 2975// 2963// 2964//
f 2975// 2964// 2976//
f 2976// 2964// 2947//
f 2976// 2947// 2977//
f 2977// 2947// 1279//
f 2977// 1279// 2978//
f 2978// 1279// 1273//
f 2978// 1273// 1272//
f 2979// 2980// 2969//
f 2969// 2980// 2981//
f 2969// 2981// 2971//
f 2982// 2979// 2983//
f 2983// 2979// 2969//
f 2983// 2969// 2984//
f 2984// 2969// 2968//
f 2984// 2968// 2985//
f 2986// 2973// 2987//
f 2987// 2973// 2974//
f 2987// 2974// 2988//
f 2988// 2974// 2975//
f 2988// 2975// 2989//
f 2989// 2975// 2976//
f 2989// 2976// 2990//
f 2990// 2976// 2977//
f 2990// 2977// 2991//
f 2991// 2977// 2978//
f 2991// 2978// 2946//
f 2946// 2978// 1272//
f 2946// 1272// 1271//
f 2992// 2982// 2993//
f 2993// 2982// 2983//
f 2993// 2983// 2994//
f 2994// 2983// 2984//
f 2994// 2984// 2995//
f 2995// 2984// 2985//
f 2995// 2985// 2996//
f 1574// 1576// 2997//
f 2997// 1576// 2996//
f 2997// 2996// 2998//
f 2998// 2996// 2985//
f 2998// 2985// 2999//
f 2999// 2985// 2968//
f 2999// 2968// 3000//
f 3000// 2968// 2970//
f 3000// 2970// 3001//
f 3001// 2970// 2972//
f 3001// 2972// 3002//
f 3003// 3004// 3005//
f 3005// 3004// 3006//
f 3005// 3006// 3007//
f 3007// 3006// 3008//
f 3007// 3008// 3009//
f 3009// 3008// 3010//
f 3009// 3010// 3011//
f 3011// 3010// 3012//
f 3011// 3012// 3013//
f 3013// 3012// 3014//
f 3013// 3014// 3015//
f 3015// 3014// 2952//
f 3015// 2952// 3016//
f 3016// 2952// 2954//
f 3016// 2954// 3017//
f 1652// 1653// 3018//
f 3018// 1653// 2920//
f 3018// 2920// 3019//
f 3019// 2920// 2930//
f 3019// 2930// 3020//
f 3020// 2930// 3021//
f 3020// 3021// 3022//
f 3022// 3021// 3023//
f 3022// 3023// 3024//
f 3024// 3023// 3025//
f 3024// 3025// 3026//
f 3026// 3025// 3027//
f 3026// 3027// 3028//
f 3028// 3027// 3029//
f 3028// 3029// 3030//
f 3030// 3029// 3031//
f 3030// 3031// 3032//
f 3032// 3031// 3033//
f 2932// 2933// 2930//
f 2930// 2933// 2924//
f 2930// 2924// 3021//
f 3021// 2924// 3034//
f 3021// 3034// 3023//
f 3023// 3034// 3035//
f 3023// 3035// 3025//
f 3025// 3035// 3036//
f 3025// 3036// 3027//
f 3027// 3036// 3037//
f 3027// 3037// 3029//
f 3029// 3037// 3038//
f 3029// 3038// 3031//
f 3031// 3038// 3039//
f 3031// 3039// 3033//
f 3033// 3039// 3040//
f 1340// 1338// 2924//
f 2924// 1338// 3041//
f 2924// 3041// 3034//
f 3034// 3041// 3042//
f 3034// 3042// 3035//
f 3035// 3042// 3043//
f 3035// 3043// 3036//
f 3036// 3043// 3044//
f 3036// 3044// 3037//
f 3037// 3044// 3045//
f 3037// 3045// 3038//
f 3038// 3045// 3046//
f 3038// 3046// 3039//
f 3039// 3046// 3047//
f 3039// 3047// 3040//
f 3040// 3047// 3048//
f 3040// 3048// 1550//
f 1550// 3048// 1547//
f 1328// 1336// 2925//
f 2925// 1336// 2915//
f 2925// 2915// 3049//
f 3049// 2915// 2917//
f 3049// 2917// 3050//
f 3050// 2917// 3051//
f 3050// 3051// 3052//
f 3052// 3051// 3053//
f 3052// 3053// 3054//
f 3054// 3053// 3055//
f 3054// 3055// 3056//
f 3056// 3055// 3057//
f 3056// 3057// 3058//
f 3058// 3057// 3059//
f 3058// 3059// 3060//
f 3060// 3059// 3061//
f 1266// 1261// 2916//
f 2916// 1261// 1260//
f 2916// 1260// 2917//
f 2917// 1260// 2921//
f 2917// 2921// 3051//
f 3051// 2921// 3062//
f 3051// 3062// 3053//
f 3053// 3062// 3063//
f 3053// 3063// 3055//
f 3055// 3063// 3064//
f 3055// 3064// 3057//
f 3057// 3064// 3065//
f 3057// 3065// 3059//
f 3059// 3065// 3066//
f 3059// 3066// 3061//
f 3061// 3066// 3067//
f 3061// 3067// 1540//
f 1540// 3067// 1537//
f 1165// 2918// 2919//
f 2919// 2918// 2956//
f 2919// 2956// 3068//
f 3068// 2956// 2955//
f 3068// 2955// 3069//
f 3069// 2955// 2965//
f 3069// 2965// 3070//
f 3070// 2965// 2966//
f 3070// 2966// 3071//
f 3071// 2966// 2967//
f 3071// 2967// 3072//
f 3072// 2967// 3073//
f 3072// 3073// 3074//
f 3074// 3073// 3075//
f 3074// 3075// 3076//
f 3076// 3075// 2909//
f 3076// 2909// 3077//
f 2751// 2750// 2967//
f 2967// 2750// 2862//
f 2967// 2862// 3073//
f 3073// 2862// 2861//
f 3073// 2861// 3075//
f 3075// 2861// 2860//
f 3075// 2860// 2909//
f 2909// 2860// 2859//
f 2909// 2859// 2858//
f 2995// 1584// 2994//
f 2994// 1584// 1586//
f 2994// 1586// 2993//
f 2993// 1586// 1588//
f 2993// 1588// 2992//
f 2992// 1588// 1590//
f 2992// 1590// 1594//
f 1576// 1578// 2996//
f 2996// 1578// 1580//
f 2996// 1580// 2995//
f 2995// 1580// 1582//
f 2995// 1582// 1584//
f 1572// 1574// 2911//
f 2911// 1574// 2997//
f 2911// 2997// 3078//
f 3078// 2997// 2998//
f 3078// 2998// 3079//
f 3079// 2998// 2999//
f 3079// 2999// 3080//
f 3080// 2999// 3000//
f 3080// 3000// 3081//
f 3081// 3000// 3001//
f 3081// 3001// 2959//
f 2959// 3001// 3002//
f 2959// 3002// 2957//
f 2953// 2952// 2959//
f 2959// 2952// 3014//
f 2959// 3014// 3081//
f 3081// 3014// 3012//
f 3081// 3012// 3080//
f 3080// 3012// 3010//
f 3080// 3010// 3079//
f 3079// 3010// 3008//
f 3079// 3008// 3078//
f 3078// 3008// 3006//
f 3078// 3006// 2911//
f 2911// 3006// 3004//
f 2911// 3004// 1570//
f 1560// 1562// 3082//
f 3082// 1562// 3003//
f 3082// 3003// 3083//
f 3083// 3003// 3005//
f 3083// 3005// 3084//
f 3084// 3005// 3007//
f 3084// 3007// 3085//
f 3085// 3007// 3009//
f 3085// 3009// 3086//
f 3086// 3009// 3011//
f 3086// 3011// 3087//
f 3087// 3011// 3013//
f 3087// 3013// 3088//
f 3088// 3013// 3015//
f 3088// 3015// 3089//
f 3089// 3015// 3016//
f 3089// 3016// 2951//
f 2951// 3016// 3017//
f 2951// 3017// 2949//
f 1562// 1564// 3003//
f 3003// 1564// 1566//
f 3003// 1566// 3004//
f 3004// 1566// 1568//
f 3004// 1568// 1570//
f 1233// 1652// 2951//
f 2951// 1652// 3018//
f 2951// 3018// 3089//
f 3089// 3018// 3019//
f 3089// 3019// 3088//
f 3088// 3019// 3020//
f 3088// 3020// 3087//
f 3087// 3020// 3022//
f 3087// 3022// 3086//
f 3086// 3022// 3024//
f 3086// 3024// 3085//
f 3085// 3024// 3026//
f 3085// 3026// 3084//
f 3084// 3026// 3028//
f 3084// 3028// 3083//
f 3083// 3028// 3030//
f 3083// 3030// 3082//
f 3082// 3030// 3032//
f 3082// 3032// 1560//
f 1550// 1552// 3040//
f 3040// 1552// 1554//
f 3040// 1554// 3033//
f 3033// 1554// 1556//
f 3033// 1556// 3032//
f 3032// 1556// 1558//
f 3032// 1558// 1560//
f 1338// 1337// 3041//
f 3041// 1337// 2925//
f 3041// 2925// 3042//
f 3042// 2925// 3049//
f 3042// 3049// 3043//
f 3043// 3049// 3050//
f 3043// 3050// 3044//
f 3044// 3050// 3052//
f 3044// 3052// 3045//
f 3045// 3052// 3054//
f 3045// 3054// 3046//
f 3046// 3054// 3056//
f 3046// 3056// 3047//
f 3047// 3056// 3058//
f 3047// 3058// 3048//
f 3048// 3058// 3060//
f 3048// 3060// 1547//
f 1540// 1541// 3061//
f 3061// 1541// 1543//
f 3061// 1543// 3060//
f 3060// 1543// 1546//
f 3060// 1546// 1547//
f 1536// 1537// 2986//
f 2986// 1537// 3067//
f 2986// 3067// 2973//
f 2973// 3067// 3066//
f 2973// 3066// 2962//
f 2962// 3066// 3065//
f 2962// 3065// 2960//
f 2960// 3065// 3064//
f 2960// 3064// 2914//
f 2914// 3064// 3063//
f 2914// 3063// 2912//
f 2912// 3063// 3062//
f 2912// 3062// 2948//
f 2948// 3062// 2921//
f 2948// 2921// 1277//
f 1277// 2921// 1278//
f 3090// 1531// 1533//
f 1268// 2945// 1269//
f 1269// 2945// 3091//
f 1269// 3091// 2946//
f 2946// 3091// 3092//
f 2946// 3092// 2991//
f 2991// 3092// 3093//
f 2991// 3093// 2990//
f 2990// 3093// 3094//
f 2990// 3094// 2989//
f 2989// 3094// 3095//
f 2989// 3095// 2988//
f 2988// 3095// 3096//
f 2988// 3096// 2987//
f 2987// 3096// 3090//
f 2987// 3090// 2986//
f 2986// 3090// 1533//
f 2986// 1533// 1536//
f 1262// 2941// 1263//
f 1263// 2941// 2942//
f 1263// 2942// 2945//
f 2945// 2942// 3097//
f 2945// 3097// 3091//
f 3091// 3097// 3098//
f 3091// 3098// 3092//
f 3092// 3098// 3099//
f 3092// 3099// 3093//
f 3093// 3099// 3100//
f 3093// 3100// 3094//
f 3094// 3100// 3101//
f 3094// 3101// 3095//
f 3095// 3101// 3102//
f 3095// 3102// 3096//
f 3096// 3102// 2910//
f 3096// 2910// 3090//
f 3090// 2910// 1530//
f 3090// 1530// 1531//
f 1316// 2940// 2942//
f 2942// 2940// 3103//
f 2942// 3103// 3097//
f 3097// 3103// 3104//
f 3097// 3104// 3098//
f 3098// 3104// 3105//
f 3098// 3105// 3099//
f 3099// 3105// 3106//
f 3099// 3106// 3100//
f 3100// 3106// 3107//
f 3100// 3107// 3101//
f 3101// 3107// 3108//
f 3101// 3108// 3102//
f 3102// 3108// 3109//
f 3102// 3109// 2910//
f 2910// 3109// 1525//
f 2910// 1525// 1527//
f 1312// 2939// 2940//
f 2940// 2939// 3110//
f 2940// 3110// 3103//
f 3103// 3110// 3111//
f 3103// 3111// 3104//
f 3104// 3111// 3112//
f 3104// 3112// 3105//
f 3105// 3112// 3113//
f 3105// 3113// 3106//
f 3106// 3113// 3114//
f 3106// 3114// 3107//
f 3107// 3114// 3115//
f 3107// 3115// 3108//
f 3108// 3115// 3116//
f 3108// 3116// 3109//
f 3109// 3116// 1524//
f 3109// 1524// 1525//
f 3117// 1520// 1521//
f 1308// 2934// 2939//
f 2939// 2934// 3118//
f 2939// 3118// 3110//
f 3110// 3118// 3119//
f 3110// 3119// 3111//
f 3111// 3119// 3120//
f 3111// 3120// 3112//
f 3112// 3120// 3121//
f 3112// 3121// 3113//
f 3113// 3121// 3122//
f 3113// 3122// 3114//
f 3114// 3122// 3123//
f 3114// 3123// 3115//
f 3115// 3123// 3117//
f 3115// 3117// 3116//
f 3116// 3117// 1521//
f 3116// 1521// 1524//
f 3124// 1515// 1517//
f 2935// 2936// 2934//
f 2934// 2936// 3125//
f 2934// 3125// 3118//
f 3118// 3125// 3126//
f 3118// 3126// 3119//
f 3119// 3126// 3127//
f 3119// 3127// 3120//
f 3120// 3127// 3128//
f 3120// 3128// 3121//
f 3121// 3128// 3129//
f 3121// 3129// 3122//
f 3122// 3129// 3130//
f 3122// 3130// 3123//
f 3123// 3130// 3124//
f 3123// 3124// 3117//
f 3117// 3124// 1517//
f 3117// 1517// 1520//
f 1163// 1162// 1325//
f 1325// 1162// 3131//
f 1325// 3131// 2923//
f 2923// 3131// 3132//
f 2923// 3132// 2936//
f 2936// 3132// 3133//
f 2936// 3133// 3125//
f 3125// 3133// 3134//
f 3125// 3134// 3126//
f 3126// 3134// 3135//
f 3126// 3135// 3127//
f 3127// 3135// 3136//
f 3127// 3136// 3128//
f 3128// 3136// 3137//
f 3128// 3137// 3129//
f 3129// 3137// 3138//
f 3129// 3138// 3130//
f 3130// 3138// 3139//
f 3130// 3139// 3124//
f 3124// 3139// 1514//
f 3124// 1514// 1515//
f 1162// 2919// 3131//
f 3131// 2919// 3068//
f 3131// 3068// 3132//
f 3132// 3068// 3069//
f 3132// 3069// 3133//
f 3133// 3069// 3070//
f 3133// 3070// 3134//
f 3134// 3070// 3071//
f 3134// 3071// 3135//
f 3135// 3071// 3072//
f 3135// 3072// 3136//
f 3136// 3072// 3074//
f 3136// 3074// 3137//
f 3137// 3074// 3076//
f 3137// 3076// 3138//
f 3138// 3076// 3077//
f 3138// 3077// 3139//
f 3139// 3077// 1512//
f 3139// 1512// 1514//
f 1502// 1504// 2909//
f 2909// 1504// 1507//
f 2909// 1507// 3077//
f 3077// 1507// 1510//
f 3077// 1510// 1512//
f 3140// 3141// 3142//
f 3143// 3144// 3145//
f 2950// 2949// 3146//
f 3017// 2954// 3147//
f 2958// 2957// 3148//
f 2992// 1594// 1596//
f 2980// 2979// 3149//
f 3149// 2979// 2982//
f 3149// 2982// 2992//
f 3002// 2972// 3150//
f 3150// 2972// 2971//
f 2958// 3148// 2953//
f 1234// 1233// 2950//
f 2992// 1596// 3149//
f 3149// 1596// 1598//
f 3149// 1598// 3151//
f 3151// 1598// 1600//
f 3151// 1600// 3152//
f 1600// 1602// 3152//
f 3152// 1602// 1604//
f 3152// 1604// 3153//
f 3153// 1604// 1612//
f 3153// 1612// 3154//
f 3154// 1612// 1614//
f 3154// 1614// 3155//
f 1614// 1616// 3155//
f 3155// 1616// 1605//
f 3155// 1605// 3156//
f 3156// 1605// 1607//
f 3156// 1607// 3157//
f 3157// 1607// 1609//
f 3157// 1609// 3158//
f 1609// 1619// 3158//
f 3158// 1619// 1621//
f 3158// 1621// 3159//
f 3159// 1621// 1623//
f 3159// 1623// 3160//
f 3160// 1623// 1625//
f 3160// 1625// 3161//
f 1625// 1627// 3161//
f 3161// 1627// 1629//
f 3161// 1629// 3162//
f 3162// 1629// 1640//
f 3162// 1640// 3163//
f 3163// 1640// 1638//
f 3163// 1638// 3164//
f 1638// 1636// 3164//
f 3164// 1636// 1634//
f 3164// 1634// 3165//
f 3165// 1634// 1632//
f 3165// 1632// 3166//
f 3166// 1632// 1631//
f 3166// 1631// 3167//
f 3167// 1631// 1369//
f 3167// 1369// 3168//
f 3169// 3170// 3171//
f 3171// 3170// 3172//
f 3171// 3172// 3168//
f 3168// 3172// 3173//
f 3168// 3173// 3167//
f 3167// 3173// 3174//
f 3167// 3174// 3166//
f 3166// 3174// 3175//
f 3166// 3175// 3165//
f 3165// 3175// 3176//
f 3165// 3176// 3164//
f 3164// 3176// 3177//
f 3164// 3177// 3163//
f 3163// 3177// 3178//
f 3163// 3178// 3162//
f 3162// 3178// 3179//
f 3162// 3179// 3161//
f 3161// 3179// 3180//
f 3161// 3180// 3160//
f 3160// 3180// 3181//
f 3160// 3181// 3159//
f 3159// 3181// 3182//
f 3159// 3182// 3158//
f 3158// 3182// 3183//
f 3158// 3183// 3157//
f 3157// 3183// 3184//
f 3157// 3184// 3156//
f 3156// 3184// 3185//
f 3156// 3185// 3155//
f 3155// 3185// 3186//
f 3155// 3186// 3154//
f 3154// 3186// 3187//
f 3154// 3187// 3153//
f 3153// 3187// 3188//
f 3153// 3188// 3152//
f 3152// 3188// 3189//
f 3152// 3189// 3151//
f 3151// 3189// 3190//
f 3151// 3190// 3149//
f 3149// 3190// 3191//
f 3149// 3191// 2980//
f 2980// 3191// 2981//
f 1369// 1368// 3168//
f 3168// 1368// 1645//
f 3168// 1645// 3171//
f 3171// 1645// 1647//
f 3171// 1647// 3169//
f 3169// 1647// 1649//
f 3169// 1649// 1371//
f 3192// 3193// 3194//
f 3194// 3193// 3195//
f 3194// 3195// 3196//
f 3196// 3195// 3197//
f 3196// 3197// 3198//
f 3198// 3197// 3199//
f 3198// 3199// 3200//
f 3200// 3199// 3201//
f 3200// 3201// 3202//
f 3202// 3201// 3203//
f 3202// 3203// 3204//
f 3204// 3203// 3205//
f 3204// 3205// 3206//
f 3206// 3205// 3207//
f 3206// 3207// 3208//
f 3208// 3207// 3209//
f 3208// 3209// 3210//
f 3210// 3209// 3211//
f 3210// 3211// 3212//
f 3212// 3211// 3213//
f 3212// 3213// 3214//
f 3214// 3213// 3215//
f 3214// 3215// 3216//
f 3216// 3215// 3217//
f 3216// 3217// 3218//
f 3218// 3217// 3219//
f 3218// 3219// 3220//
f 3220// 3219// 3221//
f 3220// 3221// 3222//
f 3222// 3221// 3223//
f 3222// 3223// 3224//
f 3224// 3223// 3225//
f 3224// 3225// 3226//
f 3226// 3225// 3227//
f 3226// 3227// 3228//
f 3228// 3227// 3229//
f 3228// 3229// 3230//
f 3230// 3229// 3231//
f 3230// 3231// 3232//
f 3232// 3231// 3233//
f 3232// 3233// 3147//
f 3147// 3233// 3146//
f 3147// 3146// 3017//
f 3017// 3146// 2949//
f 953// 3234// 1371//
f 1371// 3234// 3235//
f 1371// 3235// 3169//
f 3169// 3235// 3236//
f 3169// 3236// 3170//
f 3234// 3237// 3235//
f 3235// 3237// 3238//
f 3235// 3238// 3236//
f 3236// 3238// 3239//
f 3236// 3239// 3240//
f 3240// 3143// 3236//
f 3236// 3143// 3145//
f 3236// 3145// 3170//
f 3170// 3145// 3241//
f 3170// 3241// 3172//
f 3172// 3241// 3242//
f 3172// 3242// 3173//
f 3173// 3242// 3243//
f 3173// 3243// 3174//
f 3174// 3243// 3244//
f 3174// 3244// 3175//
f 3175// 3244// 3245//
f 3175// 3245// 3176//
f 3176// 3245// 3246//
f 3176// 3246// 3177//
f 3177// 3246// 3247//
f 3177// 3247// 3178//
f 3178// 3247// 3248//
f 3178// 3248// 3179//
f 3179// 3248// 3249//
f 3179// 3249// 3180//
f 3180// 3249// 3250//
f 3180// 3250// 3181//
f 3181// 3250// 3251//
f 3181// 3251// 3182//
f 3182// 3251// 3252//
f 3182// 3252// 3183//
f 3183// 3252// 3253//
f 3183// 3253// 3184//
f 3184// 3253// 3254//
f 3184// 3254// 3185//
f 3185// 3254// 3255//
f 3185// 3255// 3186//
f 3186// 3255// 3256//
f 3186// 3256// 3187//
f 3187// 3256// 3257//
f 3187// 3257// 3188//
f 3188// 3257// 3258//
f 3188// 3258// 3189//
f 3189// 3258// 3259//
f 3189// 3259// 3190//
f 3190// 3259// 3260//
f 3190// 3260// 3191//
f 3191// 3260// 3150//
f 3191// 3150// 2981//
f 2981// 3150// 2971//
f 3144// 3140// 3145//
f 3145// 3140// 3142//
f 3145// 3142// 3241//
f 3241// 3142// 3261//
f 3241// 3261// 3242//
f 3242// 3261// 3262//
f 3242// 3262// 3243//
f 3243// 3262// 3263//
f 3243// 3263// 3244//
f 3244// 3263// 3264//
f 3244// 3264// 3245//
f 3245// 3264// 3265//
f 3245// 3265// 3246//
f 3246// 3265// 3266//
f 3246// 3266// 3247//
f 3247// 3266// 3267//
f 3247// 3267// 3248//
f 3248// 3267// 3268//
f 3248// 3268// 3249//
f 3249// 3268// 3269//
f 3249// 3269// 3250//
f 3250// 3269// 3270//
f 3250// 3270// 3251//
f 3251// 3270// 3271//
f 3251// 3271// 3252//
f 3252// 3271// 3272//
f 3252// 3272// 3253//
f 3253// 3272// 3273//
f 3253// 3273// 3254//
f 3254// 3273// 3274//
f 3254// 3274// 3255//
f 3255// 3274// 3275//
f 3255// 3275// 3256//
f 3256// 3275// 3276//
f 3256// 3276// 3257//
f 3257// 3276// 3277//
f 3257// 3277// 3258//
f 3258// 3277// 3278//
f 3258// 3278// 3259//
f 3259// 3278// 3279//
f 3259// 3279// 3260//
f 3260// 3279// 3280//
f 3260// 3280// 3150//
f 3150// 3280// 3148//
f 3150// 3148// 3002//
f 3002// 3148// 2957//
f 3281// 3282// 3192//
f 3141// 3281// 3142//
f 3142// 3281// 3192//
f 3142// 3192// 3261//
f 3261// 3192// 3194//
f 3261// 3194// 3262//
f 3262// 3194// 3196//
f 3262// 3196// 3263//
f 3263// 3196// 3198//
f 3263// 3198// 3264//
f 3264// 3198// 3200//
f 3264// 3200// 3265//
f 3265// 3200// 3202//
f 3265// 3202// 3266//
f 3266// 3202// 3204//
f 3266// 3204// 3267//
f 3267// 3204// 3206//
f 3267// 3206// 3268//
f 3268// 3206// 3208//
f 3268// 3208// 3269//
f 3269// 3208// 3210//
f 3269// 3210// 3270//
f 3270// 3210// 3212//
f 3270// 3212// 3271//
f 3271// 3212// 3214//
f 3271// 3214// 3272//
f 3272// 3214// 3216//
f 3272// 3216// 3273//
f 3273// 3216// 3218//
f 3273// 3218// 3274//
f 3274// 3218// 3220//
f 3274// 3220// 3275//
f 3275// 3220// 3222//
f 3275// 3222// 3276//
f 3276// 3222// 3224//
f 3276// 3224// 3277//
f 3277// 3224// 3226//
f 3277// 3226// 3278//
f 3278// 3226// 3228//
f 3278// 3228// 3279//
f 3279// 3228// 3230//
f 3279// 3230// 3280//
f 3280// 3230// 3232//
f 3280// 3232// 3148//
f 3148// 3232// 3147//
f 3148// 3147// 2953//
f 2953// 3147// 2954//
f 3282// 3283// 3192//
f 3192// 3283// 3284//
f 3192// 3284// 3193//
f 3193// 3284// 3285//
f 3193// 3285// 3286//
f 2950// 3146// 1234//
f 1234// 3146// 3233//
f 1234// 3233// 1235//
f 1235// 3233// 3231//
f 1235// 3231// 1236//
f 1236// 3231// 3229//
f 1236// 3229// 1237//
f 1237// 3229// 3227//
f 1237// 3227// 1238//
f 1238// 3227// 3225//
f 1238// 3225// 1239//
f 1239// 3225// 3223//
f 1239// 3223// 1240//
f 1240// 3223// 3221//
f 1240// 3221// 1241//
f 1241// 3221// 3219//
f 1241// 3219// 1242//
f 1242// 3219// 3217//
f 1242// 3217// 1246//
f 1246// 3217// 3215//
f 1246// 3215// 1245//
f 1245// 3215// 3213//
f 1245// 3213// 1243//
f 1243// 3213// 3211//
f 1243// 3211// 1247//
f 1247// 3211// 3209//
f 1247// 3209// 1248//
f 1248// 3209// 3207//
f 1248// 3207// 1249//
f 1249// 3207// 3205//
f 1249// 3205// 1250//
f 1250// 3205// 3203//
f 1250// 3203// 1251//
f 1251// 3203// 3201//
f 1251// 3201// 1252//
f 1252// 3201// 3199//
f 1252// 3199// 1253//
f 1253// 3199// 3197//
f 1253// 3197// 1254//
f 1254// 3197// 3195//
f 1254// 3195// 1255//
f 1255// 3195// 3193//
f 1255// 3193// 1256//
f 1256// 3193// 3286//
f 1256// 3286// 594//
usemtl 1
f 415// 503// 3287//
f 415// 3287// 3288//
f 3288// 3287// 3289//
f 3288// 3289// 3290//
f 3290// 3289// 1360//
f 3290// 1360// 766//
f 715// 1291// 3291//
f 715// 3291// 3292//
f 3292// 3291// 3293//
f 3292// 3293// 3294//
f 3294// 3293// 85//
f 3294// 85// 44//
f 3295// 1296// 724//
f 3296// 3297// 3298//
f 3298// 3297// 732//
f 3298// 732// 1063//
f 3296// 3299// 3297//
f 3297// 3299// 3300//
f 3297// 3300// 3301//
f 3301// 3300// 3302//
f 3301// 3302// 3303//
f 3303// 3302// 3304//
f 3303// 3304// 3305//
f 3305// 3306// 3303//
f 3303// 3306// 3307//
f 3303// 3307// 724//
f 724// 3307// 3308//
f 724// 3308// 3295//
f 1155// 1207// 3309//
f 1155// 3309// 1158//
f 1158// 3309// 3310//
f 1158// 3310// 1159//
f 1159// 3310// 3311//
f 1159// 3311// 1160//
f 1160// 3311// 3312//
f 1160// 3312// 1161//
f 1161// 3312// 3313//
f 1161// 3313// 1156//
f 1156// 3313// 1299//
f 1156// 1299// 1157//
f 1164// 1322// 3314//
f 1164// 3314// 1169//
f 1169// 3314// 3315//
f 1169// 3315// 1170//
f 1170// 3315// 3316//
f 1170// 3316// 1171//
f 1171// 3316// 3317//
f 1171// 3317// 1172//
f 1172// 3317// 3318//
f 1172// 3318// 1173//
f 1173// 3318// 1210//
f 1173// 1210// 1166//
f 1310// 1309// 3319//
f 3320// 3321// 2935//
f 1310// 3319// 2935//
f 2935// 3319// 3322//
f 2935// 3322// 3320//
f 3321// 3323// 2935//
f 2935// 3323// 3324//
f 2935// 3324// 2937//
f 2937// 3324// 3325//
f 2937// 3325// 2938//
f 2938// 3325// 3326//
f 1319// 1318// 3327//
f 3327// 1318// 2938//
f 3327// 2938// 3328//
f 3328// 2938// 3326//
f 1262// 1264// 3329//
f 1262// 3329// 2943//
f 2943// 3329// 3330//
f 2943// 3330// 2944//
f 2944// 3330// 1302//
f 2944// 1302// 1304//
f 1333// 1331// 3331//
f 1333// 3331// 2927//
f 2927// 3331// 3332//
f 2927// 3332// 2928//
f 2928// 3332// 1259//
f 2928// 1259// 1258//
f 3333// 1339// 1341//
f 3334// 2931// 3335//
f 3335// 2931// 1343//
f 3335// 1343// 1345//
f 3334// 3336// 2931//
f 2931// 3336// 3337//
f 2931// 3337// 2932//
f 2932// 3337// 3338//
f 2932// 3338// 2933//
f 2933// 3338// 3339//
f 2933// 3339// 3340//
f 3340// 3341// 2933//
f 2933// 3341// 3342//
f 2933// 3342// 1341//
f 1341// 3342// 3343//
f 1341// 3343// 3333//
f 1148// 1357// 3344//
f 1148// 3344// 1149//
f 1149// 3344// 3345//
f 1149// 3345// 1150//
f 1150// 3345// 3346//
f 1150// 3346// 1151//
f 1151// 3346// 3347//
f 1151// 3347// 1154//
f 1154// 3347// 3348//
f 1154// 3348// 1153//
f 1153// 3348// 1244//
f 1153// 1244// 1152//
f 745// 1367// 3349//
f 3350// 3351// 3352//
f 745// 3349// 3352//
f 3352// 3349// 3353//
f 3352// 3353// 3350//
f 3351// 3354// 3352//
f 3352// 3354// 3355//
f 3352// 3355// 3356//
f 3356// 3355// 3357//
f 3356// 3357// 3358//
f 3358// 3357// 3359//
f 1355// 751// 3360//
f 3360// 751// 3358//
f 3360// 3358// 3361//
f 3361// 3358// 3359//
f 1232// 1231// 3362//
f 1232// 3362// 1657//
f 1657// 3362// 3363//
f 1657// 3363// 1655//
f 1655// 3363// 3364//
f 1655// 3364// 1656//
f 1656// 3364// 3365//
f 1656// 3365// 1658//
f 1658// 3365// 3366//
f 1658// 3366// 1659//
f 1659// 3366// 1351//
f 1659// 1351// 1350//
f 1805// 1807// 3367//
f 1805// 3367// 2175//
f 2175// 3367// 3368//
f 2175// 3368// 2176//
f 2176// 3368// 1799//
f 2176// 1799// 1798//
f 1810// 1194// 1192//
f 1810// 1192// 3369//
f 3369// 1192// 1191//
f 3369// 1191// 3370//
f 3370// 1191// 1190//
f 3370// 1190// 3371//
f 3371// 1190// 1189//
f 3371// 1189// 3372//
f 3372// 1189// 1188//
f 3372// 1188// 3373//
f 3373// 1188// 1187//
f 3373// 1187// 1812//
f 1758// 1757// 3374//
f 1758// 3374// 2384//
f 2384// 3374// 3375//
f 2384// 3375// 2387//
f 2387// 3375// 1749//
f 2387// 1749// 1753//
f 1769// 1771// 3376//
f 1769// 3376// 2392//
f 2392// 3376// 3377//
f 2392// 3377// 2393//
f 2393// 3377// 1756//
f 2393// 1756// 1755//
f 1739// 1738// 3378//
f 1739// 3378// 2378//
f 2378// 3378// 3379//
f 2378// 3379// 2379//
f 2379// 3379// 1765//
f 2379// 1765// 1764//
f 1731// 1733// 3380//
f 1731// 3380// 2380//
f 2380// 3380// 3381//
f 2380// 3381// 2381//
f 2381// 3381// 1742//
f 2381// 1742// 1741//
f 1736// 1667// 1665//
f 1736// 1665// 3382//
f 3382// 1665// 1670//
f 3382// 1670// 3383//
f 3383// 1670// 1669//
f 3383// 1669// 3384//
f 3384// 1669// 1664//
f 3384// 1664// 3385//
f 3385// 1664// 1663//
f 3385// 1663// 3386//
f 3386// 1663// 1661//
f 3386// 1661// 1893//
f 1910// 1179// 1180//
f 1910// 1180// 3387//
f 3387// 1180// 1184//
f 3387// 1184// 3388//
f 3388// 1184// 1183//
f 3388// 1183// 3389//
f 3389// 1183// 1182//
f 3389// 1182// 3390//
f 3390// 1182// 1181//
f 3390// 1181// 3391//
f 3391// 1181// 1176//
f 3391// 1176// 1846//
f 1856// 1855// 3392//
f 1856// 3392// 2179//
f 2179// 3392// 3393//
f 2179// 3393// 2182//
f 2182// 3393// 1847//
f 2182// 1847// 1851//
f 1867// 1869// 3394//
f 1867// 3394// 2187//
f 2187// 3394// 3395//
f 2187// 3395// 2188//
f 2188// 3395// 1854//
f 2188// 1854// 1853//
f 1796// 1795// 3396//
f 1796// 3396// 2173//
f 2173// 3396// 3397//
f 2173// 3397// 2174//
f 2174// 3397// 1863//
f 2174// 1863// 1862//
f 1821// 1199// 1205//
f 1821// 1205// 3398//
f 3398// 1205// 1204//
f 3398// 1204// 3399//
f 3399// 1204// 1203//
f 3399// 1203// 3400//
f 3400// 1203// 1202//
f 3400// 1202// 3401//
f 3401// 1202// 1206//
f 3401// 1206// 3402//
f 3402// 1206// 1198//
f 3402// 1198// 1748//
f 1303// 1302// 3403//
f 3403// 1302// 3404//
f 1322// 1323// 3405//
f 3405// 1323// 3406//
f 3404// 1302// 3407//
f 3407// 1302// 3330//
f 3407// 3330// 3408//
f 3408// 3330// 3409//
f 3409// 3330// 3329//
f 3409// 3329// 3410//
f 1144// 1146// 3411//
f 3410// 3329// 3411//
f 3411// 3329// 1264//
f 3411// 1264// 1144//
f 3412// 1210// 3318//
f 3412// 3318// 3413//
f 3413// 3318// 3317//
f 3413// 3317// 3414//
f 3414// 3317// 3316//
f 3414// 3316// 3415//
f 3415// 3316// 3315//
f 3415// 3315// 3416//
f 3416// 3315// 3314//
f 3416// 3314// 3417//
f 3417// 3314// 1322//
f 3417// 1322// 3405//
f 1259// 1142// 1264//
f 1264// 1142// 1144//
f 1207// 1210// 3418//
f 3418// 1210// 3412//
f 1140// 1142// 3419//
f 3419// 1142// 1259//
f 3419// 1259// 3420//
f 3420// 1259// 3332//
f 3420// 3332// 3421//
f 3421// 3332// 3331//
f 3421// 3331// 3422//
f 3422// 3331// 3423//
f 3423// 3331// 1331//
f 3423// 1331// 3424//
f 1074// 1299// 3313//
f 1074// 3313// 3425//
f 3425// 3313// 3312//
f 3425// 3312// 3426//
f 3426// 3312// 3311//
f 3426// 3311// 3427//
f 3427// 3311// 3310//
f 3427// 3310// 3428//
f 3428// 3310// 3309//
f 3428// 3309// 3429//
f 3429// 3309// 1207//
f 3429// 1207// 3418//
f 1331// 1330// 3424//
f 3424// 1330// 3430//
f 1298// 1299// 1076//
f 1076// 1299// 1074//
f 1349// 1351// 3431//
f 3431// 1351// 3432//
f 1291// 1290// 3433//
f 3433// 1290// 3434//
f 3432// 1351// 3366//
f 3432// 3366// 3435//
f 3435// 3366// 3365//
f 3435// 3365// 3436//
f 3436// 3365// 3364//
f 3436// 3364// 3437//
f 3437// 3364// 3363//
f 3437// 3363// 3438//
f 3438// 3363// 3362//
f 3438// 3362// 3439//
f 3439// 3362// 1231//
f 3439// 1231// 3440//
f 1147// 1145// 3441//
f 3441// 1145// 85//
f 3441// 85// 3442//
f 3442// 85// 3293//
f 3442// 3293// 3443//
f 3443// 3293// 3291//
f 3443// 3291// 3444//
f 3444// 3291// 3445//
f 3445// 3291// 1291//
f 3445// 1291// 3433//
f 1231// 1244// 3440//
f 3440// 1244// 3446//
f 1143// 503// 1145//
f 1145// 503// 85//
f 3446// 1244// 3348//
f 3446// 3348// 3447//
f 3447// 3348// 3347//
f 3447// 3347// 3448//
f 3448// 3347// 3346//
f 3448// 3346// 3449//
f 3449// 3346// 3345//
f 3449// 3345// 3450//
f 3450// 3345// 3344//
f 3450// 3344// 3451//
f 3451// 3344// 1357//
f 3451// 1357// 986//
f 3452// 1360// 3453//
f 3453// 1360// 3289//
f 3453// 3289// 3454//
f 3454// 3289// 3455//
f 3455// 3289// 3287//
f 3455// 3287// 3456//
f 1143// 1141// 3457//
f 3456// 3287// 3457//
f 3457// 3287// 503//
f 3457// 503// 1143//
f 1357// 1358// 986//
f 986// 1358// 985//
f 1361// 1360// 3458//
f 3458// 1360// 3452//
f 1733// 1688// 3380//
f 3380// 1688// 1679//
f 3380// 1679// 3381//
f 3381// 1679// 1699//
f 3381// 1699// 1742//
f 1742// 1699// 1677//
f 1736// 1689// 1733//
f 1733// 1689// 1688//
f 1676// 1738// 1677//
f 1677// 1738// 1742//
f 1689// 1736// 3382//
f 1689// 3382// 1727//
f 1727// 3382// 3383//
f 1727// 3383// 1719//
f 1719// 3383// 3384//
f 1719// 3384// 1720//
f 1720// 3384// 3385//
f 1720// 3385// 1721//
f 1721// 3385// 3386//
f 1721// 3386// 1728//
f 1728// 3386// 1893//
f 1728// 1893// 1712//
f 1694// 1765// 3379//
f 1694// 3379// 1717//
f 1717// 3379// 3378//
f 1717// 3378// 1718//
f 1718// 3378// 1738//
f 1718// 1738// 1676//
f 1910// 1713// 1893//
f 1893// 1713// 1712//
f 1693// 1771// 1694//
f 1694// 1771// 1765//
f 1713// 1910// 3387//
f 1713// 3387// 1729//
f 1729// 3387// 3388//
f 1729// 3388// 1722//
f 1722// 3388// 3389//
f 1722// 3389// 1723//
f 1723// 3389// 3390//
f 1723// 3390// 1724//
f 1724// 3390// 3391//
f 1724// 3391// 1730//
f 1730// 3391// 1846//
f 1730// 1846// 1714//
f 1686// 1756// 3377//
f 1686// 3377// 1715//
f 1715// 3377// 3376//
f 1715// 3376// 1716//
f 1716// 3376// 1771//
f 1716// 1771// 1693//
f 1847// 1687// 1846//
f 1846// 1687// 1714//
f 1685// 1757// 1686//
f 1686// 1757// 1756//
f 1855// 1695// 3392//
f 3392// 1695// 1681//
f 3392// 1681// 3393//
f 3393// 1681// 1680//
f 3393// 1680// 1847//
f 1847// 1680// 1687//
f 1757// 1685// 3374//
f 3374// 1685// 1673//
f 3374// 1673// 3375//
f 3375// 1673// 1675//
f 3375// 1675// 1749//
f 1749// 1675// 1682//
f 1854// 1696// 1855//
f 1855// 1696// 1695//
f 1705// 1748// 1682//
f 1682// 1748// 1749//
f 1696// 1854// 3395//
f 1696// 3395// 1697//
f 1697// 3395// 3394//
f 1697// 3394// 1700//
f 1700// 3394// 1869//
f 1700// 1869// 1678//
f 1706// 1821// 3398//
f 1706// 3398// 1726//
f 1726// 3398// 3399//
f 1726// 3399// 1709//
f 1709// 3399// 3400//
f 1709// 3400// 1710//
f 1710// 3400// 3401//
f 1710// 3401// 1711//
f 1711// 3401// 3402//
f 1711// 3402// 1704//
f 1704// 3402// 1748//
f 1704// 1748// 1705//
f 1863// 1698// 1869//
f 1869// 1698// 1678//
f 1707// 1812// 1706//
f 1706// 1812// 1821//
f 1698// 1863// 3397//
f 1698// 3397// 1690//
f 1690// 3397// 3396//
f 1690// 3396// 1691//
f 1691// 3396// 1795//
f 1691// 1795// 1692//
f 1684// 1810// 3369//
f 1684// 3369// 1725//
f 1725// 3369// 3370//
f 1725// 3370// 1701//
f 1701// 3370// 3371//
f 1701// 3371// 1702//
f 1702// 3371// 3372//
f 1702// 3372// 1703//
f 1703// 3372// 3373//
f 1703// 3373// 1708//
f 1708// 3373// 1812//
f 1708// 1812// 1707//
f 1799// 1671// 1795//
f 1795// 1671// 1692//
f 1683// 1807// 1684//
f 1684// 1807// 1810//
f 1807// 1683// 3367//
f 3367// 1683// 1674//
f 3367// 1674// 3368//
f 3368// 1674// 1672//
f 3368// 1672// 1799//
f 1799// 1672// 1671//
f 1064// 1298// 1065//
f 1065// 1298// 1076//
f 3308// 1118// 1120//
f 3308// 1120// 3295//
f 3295// 1120// 1131//
f 3295// 1131// 1296//
f 3308// 3307// 1118//
f 1118// 3307// 3306//
f 1118// 3306// 3459//
f 3459// 3306// 3305//
f 3459// 3305// 1116//
f 1116// 3305// 1114//
f 1114// 3305// 3304//
f 1114// 3304// 3460//
f 3460// 3304// 3302//
f 3460// 3302// 1111//
f 1111// 3302// 1109//
f 1109// 3302// 3300//
f 1109// 3300// 3461//
f 3300// 3299// 3461//
f 3461// 3299// 3296//
f 3461// 3296// 1108//
f 1108// 3296// 3298//
f 1108// 3298// 3462//
f 3462// 3298// 1063//
f 3462// 1063// 1062//
f 1297// 3463// 1293//
f 1293// 3463// 3464//
f 1293// 3464// 1292//
f 1296// 1131// 1288//
f 1288// 1131// 1130//
f 1288// 1130// 1297//
f 1297// 1130// 3465//
f 1297// 3465// 3463//
f 1290// 1292// 3434//
f 3434// 1292// 3464//
f 1323// 1324// 3406//
f 3406// 1324// 3466//
f 3466// 1324// 3467//
f 3467// 1324// 1321//
f 3467// 1321// 3468//
f 3468// 1321// 1319//
f 3468// 1319// 3469//
f 3469// 1319// 3327//
f 3323// 3321// 3470//
f 3470// 3471// 3323//
f 3323// 3471// 3472//
f 3323// 3472// 3324//
f 3324// 3472// 3473//
f 3324// 3473// 3325//
f 3325// 3473// 3474//
f 3325// 3474// 3326//
f 3326// 3474// 3475//
f 3326// 3475// 3328//
f 3328// 3475// 3476//
f 3328// 3476// 3327//
f 3327// 3476// 3477//
f 3327// 3477// 3469//
f 3478// 3479// 3321//
f 3321// 3479// 3480//
f 3321// 3480// 3470//
f 3321// 3320// 3478//
f 3478// 3320// 3322//
f 3478// 3322// 3481//
f 3481// 3322// 3319//
f 3481// 3319// 3482//
f 3482// 3319// 1309//
f 3482// 1309// 3483//
f 3483// 1309// 3484//
f 3484// 1309// 1307//
f 3484// 1307// 3485//
f 3485// 1307// 1313//
f 3485// 1313// 3486//
f 3486// 1313// 1315//
f 3486// 1315// 3487//
f 3487// 1315// 1305//
f 1305// 1303// 3487//
f 3487// 1303// 3403//
f 1330// 1332// 3430//
f 3430// 1332// 3488//
f 3488// 1332// 3489//
f 3489// 1332// 1334//
f 3489// 1334// 3490//
f 3490// 1334// 1342//
f 3490// 1342// 3491//
f 3491// 1342// 1327//
f 3491// 1327// 3492//
f 3492// 1327// 1339//
f 3492// 1339// 3493//
f 3493// 1339// 3494//
f 3494// 1339// 3333//
f 3494// 3333// 3495//
f 3495// 3333// 3343//
f 3495// 3343// 3496//
f 3496// 3343// 3342//
f 3496// 3342// 3497//
f 3497// 3342// 3341//
f 3497// 3341// 3498//
f 3498// 3341// 3340//
f 3498// 3340// 3339//
f 3499// 3500// 3337//
f 3337// 3500// 3338//
f 3500// 3501// 3338//
f 3338// 3501// 3502//
f 3338// 3502// 3339//
f 3339// 3502// 3503//
f 3339// 3503// 3498//
f 3335// 1345// 3504//
f 3337// 3336// 3499//
f 3499// 3336// 3334//
f 3499// 3334// 3505//
f 3505// 3334// 3335//
f 3505// 3335// 3506//
f 3506// 3335// 3504//
f 1347// 3507// 1346//
f 1346// 3507// 3508//
f 1346// 3508// 1345//
f 1345// 3508// 3509//
f 1345// 3509// 3504//
f 1347// 1349// 3507//
f 3507// 1349// 3431//
f 1358// 1359// 985//
f 985// 1359// 1005//
f 1005// 1359// 3510//
f 3510// 1359// 1356//
f 3510// 1356// 996//
f 996// 1356// 1355//
f 996// 1355// 1052//
f 1052// 1355// 3360//
f 1042// 3511// 3351//
f 3351// 3511// 1044//
f 3351// 1044// 3354//
f 3354// 1044// 3512//
f 3354// 3512// 3355//
f 3355// 3512// 1045//
f 3355// 1045// 3357//
f 3357// 1045// 1048//
f 3357// 1048// 3359//
f 3359// 1048// 3513//
f 3359// 3513// 3361//
f 3361// 3513// 1050//
f 3361// 1050// 3360//
f 3360// 1050// 3514//
f 3360// 3514// 1052//
f 1028// 3349// 1032//
f 1032// 3349// 1367//
f 1032// 1367// 1031//
f 3351// 3350// 1042//
f 1042// 3350// 3353//
f 1042// 3353// 3515//
f 3515// 3353// 3349//
f 3515// 3349// 1027//
f 1027// 3349// 1028//
f 1031// 1367// 1029//
f 1029// 1367// 1364//
f 1029// 1364// 3516//
f 3516// 1364// 1365//
f 3516// 1365// 3517//
f 3517// 1365// 1366//
f 3517// 1366// 3518//
f 3518// 1366// 1362//
f 3518// 1362// 3519//
f 1362// 1361// 3519//
f 3519// 1361// 3458//
usemtl 3
f 3424// 3520// 3521//
f 3522// 3419// 3523//
f 3523// 3419// 3420//
f 3523// 3420// 3524//
f 3524// 3420// 3421//
f 3524// 3421// 3525//
f 3525// 3421// 3422//
f 3525// 3422// 3521//
f 3521// 3422// 3423//
f 3521// 3423// 3424//
f 1140// 3526// 1141//
f 1141// 3526// 3527//
f 1141// 3527// 3457//
f 3457// 3527// 3528//
f 3457// 3528// 3529//
f 3530// 3531// 3532//
f 3532// 3531// 3533//
f 3534// 1140// 3522//
f 3522// 1140// 3419//
f 3529// 3535// 3457//
f 3457// 3535// 3536//
f 3457// 3536// 3537//
f 3531// 3538// 3539//
f 3539// 3538// 3457//
f 3539// 3457// 3540//
f 3540// 3457// 3537//
f 3531// 3539// 3533//
f 3533// 3539// 3541//
f 3533// 3541// 3542//
f 1140// 3543// 3544//
f 3544// 3545// 1140//
f 1140// 3545// 3546//
f 1140// 3546// 3547//
f 3534// 3548// 1140//
f 1140// 3548// 3549//
f 1140// 3549// 3550//
f 3550// 3551// 1140//
f 1140// 3551// 3552//
f 1140// 3552// 3543//
f 3547// 3553// 1140//
f 1140// 3553// 3554//
f 1140// 3554// 3526//
f 3457// 3538// 3456//
f 3456// 3538// 3555//
f 3456// 3555// 3455//
f 3455// 3555// 3556//
f 3455// 3556// 3454//
f 3454// 3556// 3557//
f 3454// 3557// 3453//
f 3557// 3558// 3453//
f 3453// 3558// 3559//
f 3453// 3559// 3452//
f 3452// 3559// 3458//
f 3458// 3559// 1030//
f 3458// 1030// 3519//
f 1030// 1029// 3516//
f 3516// 3517// 1030//
f 1030// 3517// 3518//
f 1030// 3518// 3519//
f 986// 984// 3560//
f 986// 3560// 3451//
f 3451// 3560// 3561//
f 3451// 3561// 3450//
f 3450// 3561// 3562//
f 3450// 3562// 3449//
f 3449// 3562// 3563//
f 3449// 3563// 3448//
f 3448// 3563// 3564//
f 3448// 3564// 3447//
f 3447// 3564// 3565//
f 3447// 3565// 3446//
f 3566// 3440// 3565//
f 3565// 3440// 3446//
f 3440// 3566// 3567//
f 3440// 3567// 3439//
f 3439// 3567// 3568//
f 3439// 3568// 3438//
f 3438// 3568// 3569//
f 3438// 3569// 3437//
f 3437// 3569// 3570//
f 3437// 3570// 3436//
f 3436// 3570// 3571//
f 3436// 3571// 3435//
f 3435// 3571// 3572//
f 3435// 3572// 3432//
f 3432// 3572// 3431//
f 3431// 3572// 3573//
f 3509// 3508// 3573//
f 3573// 3508// 3507//
f 3573// 3507// 3431//
f 3501// 3573// 3574//
f 3501// 3500// 3573//
f 3573// 3500// 3499//
f 3573// 3499// 3505//
f 3505// 3506// 3573//
f 3573// 3506// 3504//
f 3573// 3504// 3509//
f 3498// 3574// 3497//
f 3497// 3574// 3496//
f 3498// 3503// 3574//
f 3574// 3503// 3502//
f 3574// 3502// 3501//
f 3575// 3576// 3492//
f 3492// 3493// 3575//
f 3575// 3493// 3494//
f 3575// 3494// 3574//
f 3574// 3494// 3495//
f 3574// 3495// 3496//
f 3520// 3424// 3430//
f 3520// 3430// 3576//
f 3576// 3430// 3488//
f 3576// 3488// 3489//
f 3489// 3490// 3576//
f 3576// 3490// 3491//
f 3576// 3491// 3492//
f 3577// 3578// 3579//
f 3579// 3578// 3580//
f 3579// 3580// 3581//
f 3581// 3582// 3579//
f 3579// 3582// 3583//
f 3579// 3583// 3584//
f 3585// 3586// 3526//
f 3526// 3586// 3587//
f 3585// 3526// 3579//
f 3579// 3526// 3588//
f 3579// 3588// 3577//
f 3589// 3590// 3584//
f 3587// 3591// 3526//
f 3526// 3591// 3592//
f 3526// 3592// 3527//
f 3584// 3583// 3589//
f 3589// 3583// 3593//
f 3589// 3593// 3594//
f 3595// 3596// 3590//
f 3590// 3596// 3597//
f 3590// 3597// 3598//
f 3598// 3599// 3590//
f 3590// 3599// 3600//
f 3590// 3600// 3584//
f 3594// 3601// 3589//
f 3589// 3601// 3602//
f 3589// 3602// 3603//
f 3603// 3602// 3604//
f 3467// 3468// 3605//
f 3606// 3405// 3406//
f 3606// 3406// 3605//
f 3605// 3406// 3466//
f 3605// 3466// 3467//
f 3607// 3433// 1129//
f 1129// 3433// 3434//
f 1129// 3434// 3464//
f 3464// 3463// 1129//
f 1129// 3463// 3465//
f 1129// 3465// 1130//
f 3433// 3607// 3608//
f 3609// 3441// 3610//
f 3610// 3441// 3442//
f 3610// 3442// 3611//
f 3611// 3442// 3443//
f 3611// 3443// 3612//
f 3612// 3443// 3444//
f 3612// 3444// 3608//
f 3608// 3444// 3445//
f 3608// 3445// 3433//
f 1147// 3613// 1146//
f 1146// 3613// 3614//
f 1146// 3614// 3411//
f 3411// 3614// 3615//
f 3411// 3615// 3616//
f 3617// 3618// 3619//
f 3619// 3618// 3620//
f 3621// 3622// 3411//
f 3411// 3622// 3620//
f 3411// 3620// 3623//
f 3623// 3620// 3618//
f 3624// 1147// 3609//
f 3609// 1147// 3441//
f 3616// 3625// 3411//
f 3411// 3625// 3626//
f 3411// 3626// 3627//
f 3627// 3628// 3411//
f 3411// 3628// 3629//
f 3411// 3629// 3621//
f 1147// 3630// 3631//
f 3631// 3632// 1147//
f 1147// 3632// 3633//
f 1147// 3633// 3634//
f 3624// 3635// 1147//
f 1147// 3635// 3636//
f 1147// 3636// 3637//
f 3637// 3638// 1147//
f 1147// 3638// 3639//
f 1147// 3639// 3630//
f 3634// 3640// 1147//
f 1147// 3640// 3641//
f 1147// 3641// 3613//
f 3411// 3623// 3410//
f 3410// 3623// 3642//
f 3410// 3642// 3409//
f 3409// 3642// 3643//
f 3409// 3643// 3408//
f 3408// 3643// 3644//
f 3408// 3644// 3407//
f 3644// 3645// 3407//
f 3407// 3645// 3646//
f 3407// 3646// 3404//
f 3647// 3484// 3485//
f 3404// 3646// 3403//
f 3403// 3646// 3647//
f 3485// 3486// 3647//
f 3647// 3486// 3487//
f 3647// 3487// 3403//
f 3478// 3481// 3648//
f 3484// 3647// 3483//
f 3483// 3647// 3648//
f 3483// 3648// 3482//
f 3482// 3648// 3481//
f 3649// 3472// 3471//
f 3471// 3470// 3649//
f 3649// 3470// 3480//
f 3649// 3480// 3648//
f 3648// 3480// 3479//
f 3648// 3479// 3478//
f 3468// 3469// 3605//
f 3605// 3469// 3477//
f 3605// 3477// 3476//
f 3476// 3475// 3605//
f 3605// 3475// 3474//
f 3605// 3474// 3649//
f 3649// 3474// 3473//
f 3649// 3473// 3472//
f 3405// 3606// 3650//
f 3405// 3650// 3417//
f 3417// 3650// 3651//
f 3417// 3651// 3416//
f 3416// 3651// 3652//
f 3416// 3652// 3415//
f 3415// 3652// 3653//
f 3415// 3653// 3414//
f 3414// 3653// 3654//
f 3414// 3654// 3413//
f 3413// 3654// 3655//
f 3413// 3655// 3412//
f 3656// 3418// 3655//
f 3655// 3418// 3412//
f 3418// 3656// 3657//
f 3418// 3657// 3429//
f 3429// 3657// 3658//
f 3429// 3658// 3428//
f 3428// 3658// 3659//
f 3428// 3659// 3427//
f 3427// 3659// 3660//
f 3427// 3660// 3426//
f 3426// 3660// 3661//
f 3426// 3661// 3425//
f 3425// 3661// 1075//
f 3425// 1075// 1074//
f 3662// 3663// 3664//
f 3665// 3666// 3667//
f 3668// 3669// 3613//
f 3613// 3669// 3670//
f 3665// 3667// 3671//
f 3670// 3672// 3613//
f 3613// 3672// 3673//
f 3613// 3673// 3614//
f 3668// 3613// 3667//
f 3667// 3613// 3674//
f 3667// 3674// 3671//
f 3675// 3676// 3677//
f 3664// 3663// 3677//
f 3666// 3678// 3667//
f 3667// 3678// 3679//
f 3667// 3679// 3663//
f 3663// 3679// 3680//
f 3663// 3680// 3677//
f 3677// 3680// 3681//
f 3677// 3681// 3675//
f 3676// 3682// 3677//
f 3677// 3682// 3683//
f 3677// 3683// 3684//
f 3685// 3664// 3686//
f 3686// 3664// 3687//
f 3685// 3688// 3664//
f 3664// 3688// 3689//
f 3664// 3689// 3662//
f 3643// 3642// 3690//
f 3645// 3644// 3691//
f 3673// 3692// 3614//
f 3614// 3692// 3615//
f 3615// 3692// 3616//
f 3616// 3692// 3693//
f 3616// 3693// 3625//
f 3694// 3628// 3695//
f 3695// 3628// 3627//
f 3695// 3627// 3693//
f 3693// 3627// 3626//
f 3693// 3626// 3625//
f 3620// 3622// 3696//
f 3696// 3622// 3621//
f 3696// 3621// 3694//
f 3694// 3621// 3629//
f 3694// 3629// 3628//
f 3620// 3696// 3619//
f 3619// 3696// 3690//
f 3619// 3690// 3617//
f 3617// 3690// 3618//
f 3618// 3690// 3642//
f 3618// 3642// 3623//
f 3646// 3645// 3697//
f 3697// 3645// 3691//
f 3697// 3691// 3698//
f 3698// 3691// 3699//
f 3698// 3699// 3700//
f 3700// 3699// 3701//
f 3700// 3701// 3702//
f 3702// 3701// 3703//
f 3702// 3703// 3704//
f 3704// 3703// 3705//
f 3704// 3705// 3706//
f 3706// 3705// 3707//
f 3706// 3707// 3670//
f 3670// 3707// 3672//
f 3644// 3643// 3691//
f 3691// 3643// 3690//
f 3691// 3690// 3699//
f 3699// 3690// 3696//
f 3699// 3696// 3701//
f 3701// 3696// 3694//
f 3701// 3694// 3703//
f 3703// 3694// 3695//
f 3703// 3695// 3705//
f 3705// 3695// 3693//
f 3705// 3693// 3707//
f 3707// 3693// 3692//
f 3707// 3692// 3672//
f 3672// 3692// 3673//
f 3670// 3669// 3708//
f 3670// 3708// 3706//
f 3706// 3708// 3709//
f 3706// 3709// 3704//
f 3704// 3709// 3710//
f 3704// 3710// 3702//
f 3702// 3710// 3711//
f 3702// 3711// 3700//
f 3700// 3711// 3712//
f 3700// 3712// 3698//
f 3698// 3712// 3713//
f 3698// 3713// 3697//
f 3697// 3713// 3647//
f 3697// 3647// 3646//
f 3669// 3668// 3708//
f 3708// 3668// 3714//
f 3708// 3714// 3709//
f 3709// 3714// 3715//
f 3709// 3715// 3710//
f 3710// 3715// 3716//
f 3710// 3716// 3711//
f 3711// 3716// 3717//
f 3711// 3717// 3712//
f 3712// 3717// 3718//
f 3712// 3718// 3713//
f 3713// 3718// 3719//
f 3713// 3719// 3647//
f 3647// 3719// 3648//
f 3668// 3667// 3714//
f 3714// 3667// 3720//
f 3714// 3720// 3715//
f 3715// 3720// 3721//
f 3715// 3721// 3716//
f 3716// 3721// 3722//
f 3716// 3722// 3717//
f 3717// 3722// 3723//
f 3717// 3723// 3718//
f 3718// 3723// 3724//
f 3718// 3724// 3719//
f 3719// 3724// 3725//
f 3719// 3725// 3648//
f 3648// 3725// 3649//
f 3667// 3663// 3720//
f 3720// 3663// 3726//
f 3720// 3726// 3721//
f 3721// 3726// 3727//
f 3721// 3727// 3722//
f 3722// 3727// 3728//
f 3722// 3728// 3723//
f 3723// 3728// 3729//
f 3723// 3729// 3724//
f 3724// 3729// 3730//
f 3724// 3730// 3725//
f 3725// 3730// 3731//
f 3725// 3731// 3649//
f 3649// 3731// 3605//
f 3663// 3662// 3732//
f 3663// 3732// 3726//
f 3726// 3732// 3733//
f 3726// 3733// 3727//
f 3727// 3733// 3734//
f 3727// 3734// 3728//
f 3728// 3734// 3735//
f 3728// 3735// 3729//
f 3729// 3735// 3736//
f 3729// 3736// 3730//
f 3730// 3736// 3737//
f 3730// 3737// 3731//
f 3731// 3737// 3606//
f 3731// 3606// 3605//
f 3655// 3654// 3738//
f 3738// 3654// 3739//
f 3738// 3739// 3740//
f 3740// 3739// 3741//
f 3740// 3741// 3742//
f 3742// 3741// 3743//
f 3742// 3743// 3744//
f 3744// 3743// 3745//
f 3744// 3745// 3746//
f 3746// 3745// 3747//
f 3746// 3747// 3748//
f 3748// 3747// 3749//
f 3748// 3749// 3664//
f 3664// 3749// 3687//
f 3654// 3653// 3739//
f 3739// 3653// 3750//
f 3739// 3750// 3741//
f 3741// 3750// 3751//
f 3741// 3751// 3743//
f 3743// 3751// 3752//
f 3743// 3752// 3745//
f 3745// 3752// 3753//
f 3745// 3753// 3747//
f 3747// 3753// 3754//
f 3747// 3754// 3749//
f 3749// 3754// 3755//
f 3749// 3755// 3687//
f 3687// 3755// 3686//
f 3653// 3652// 3750//
f 3750// 3652// 3756//
f 3750// 3756// 3751//
f 3751// 3756// 3757//
f 3751// 3757// 3752//
f 3752// 3757// 3758//
f 3752// 3758// 3753//
f 3753// 3758// 3759//
f 3753// 3759// 3754//
f 3754// 3759// 3760//
f 3754// 3760// 3755//
f 3755// 3760// 3761//
f 3755// 3761// 3686//
f 3686// 3761// 3685//
f 3652// 3651// 3756//
f 3756// 3651// 3762//
f 3756// 3762// 3757//
f 3757// 3762// 3763//
f 3757// 3763// 3758//
f 3758// 3763// 3764//
f 3758// 3764// 3759//
f 3759// 3764// 3765//
f 3759// 3765// 3760//
f 3760// 3765// 3766//
f 3760// 3766// 3761//
f 3761// 3766// 3767//
f 3761// 3767// 3685//
f 3685// 3767// 3688//
f 3651// 3650// 3762//
f 3762// 3650// 3768//
f 3762// 3768// 3763//
f 3763// 3768// 3769//
f 3763// 3769// 3764//
f 3764// 3769// 3770//
f 3764// 3770// 3765//
f 3765// 3770// 3771//
f 3765// 3771// 3766//
f 3766// 3771// 3772//
f 3766// 3772// 3767//
f 3767// 3772// 3773//
f 3767// 3773// 3688//
f 3688// 3773// 3689//
f 3650// 3606// 3768//
f 3768// 3606// 3737//
f 3768// 3737// 3769//
f 3769// 3737// 3736//
f 3769// 3736// 3770//
f 3770// 3736// 3735//
f 3770// 3735// 3771//
f 3771// 3735// 3734//
f 3771// 3734// 3772//
f 3772// 3734// 3733//
f 3772// 3733// 3773//
f 3773// 3733// 3732//
f 3773// 3732// 3689//
f 3689// 3732// 3662//
f 3664// 3677// 3774//
f 3664// 3774// 3748//
f 3748// 3774// 3775//
f 3748// 3775// 3746//
f 3746// 3775// 3776//
f 3746// 3776// 3744//
f 3744// 3776// 3777//
f 3744// 3777// 3742//
f 3742// 3777// 3778//
f 3742// 3778// 3740//
f 3740// 3778// 3779//
f 3740// 3779// 3738//
f 3738// 3779// 3656//
f 3738// 3656// 3655//
f 1075// 3661// 3780//
f 3780// 3661// 3781//
f 3780// 3781// 3782//
f 3782// 3781// 3783//
f 3782// 3783// 3784//
f 3784// 3783// 3785//
f 3784// 3785// 3786//
f 3786// 3785// 3787//
f 3786// 3787// 3788//
f 3788// 3787// 3789//
f 3788// 3789// 3790//
f 3790// 3789// 3791//
f 3790// 3791// 3681//
f 3681// 3791// 3675//
f 3661// 3660// 3781//
f 3781// 3660// 3792//
f 3781// 3792// 3783//
f 3783// 3792// 3793//
f 3783// 3793// 3785//
f 3785// 3793// 3794//
f 3785// 3794// 3787//
f 3787// 3794// 3795//
f 3787// 3795// 3789//
f 3789// 3795// 3796//
f 3789// 3796// 3791//
f 3791// 3796// 3797//
f 3791// 3797// 3675//
f 3675// 3797// 3676//
f 3660// 3659// 3792//
f 3792// 3659// 3798//
f 3792// 3798// 3793//
f 3793// 3798// 3799//
f 3793// 3799// 3794//
f 3794// 3799// 3800//
f 3794// 3800// 3795//
f 3795// 3800// 3801//
f 3795// 3801// 3796//
f 3796// 3801// 3802//
f 3796// 3802// 3797//
f 3797// 3802// 3803//
f 3797// 3803// 3676//
f 3676// 3803// 3682//
f 3659// 3658// 3798//
f 3798// 3658// 3804//
f 3798// 3804// 3799//
f 3799// 3804// 3805//
f 3799// 3805// 3800//
f 3800// 3805// 3806//
f 3800// 3806// 3801//
f 3801// 3806// 3807//
f 3801// 3807// 3802//
f 3802// 3807// 3808//
f 3802// 3808// 3803//
f 3803// 3808// 3809//
f 3803// 3809// 3682//
f 3682// 3809// 3683//
f 3658// 3657// 3804//
f 3804// 3657// 3810//
f 3804// 3810// 3805//
f 3805// 3810// 3811//
f 3805// 3811// 3806//
f 3806// 3811// 3812//
f 3806// 3812// 3807//
f 3807// 3812// 3813//
f 3807// 3813// 3808//
f 3808// 3813// 3814//
f 3808// 3814// 3809//
f 3809// 3814// 3815//
f 3809// 3815// 3683//
f 3683// 3815// 3684//
f 3657// 3656// 3810//
f 3810// 3656// 3779//
f 3810// 3779// 3811//
f 3811// 3779// 3778//
f 3811// 3778// 3812//
f 3812// 3778// 3777//
f 3812// 3777// 3813//
f 3813// 3777// 3776//
f 3813// 3776// 3814//
f 3814// 3776// 3775//
f 3814// 3775// 3815//
f 3815// 3775// 3774//
f 3815// 3774// 3684//
f 3684// 3774// 3677//
f 3681// 3680// 3816//
f 3681// 3816// 3790//
f 3790// 3816// 3817//
f 3790// 3817// 3788//
f 3788// 3817// 3818//
f 3788// 3818// 3786//
f 3786// 3818// 3819//
f 3786// 3819// 3784//
f 3784// 3819// 3820//
f 3784// 3820// 3782//
f 3782// 3820// 3821//
f 3782// 3821// 3780//
f 3780// 3821// 1077//
f 3780// 1077// 1075//
f 3680// 3679// 3816//
f 3816// 3679// 3822//
f 3816// 3822// 3817//
f 3817// 3822// 3823//
f 3817// 3823// 3818//
f 3818// 3823// 3824//
f 3818// 3824// 3819//
f 3819// 3824// 3825//
f 3819// 3825// 3820//
f 3820// 3825// 3826//
f 3820// 3826// 3821//
f 3821// 3826// 3827//
f 3821// 3827// 1077//
f 1077// 3827// 1134//
f 3679// 3678// 3822//
f 3822// 3678// 3828//
f 3822// 3828// 3823//
f 3823// 3828// 3829//
f 3823// 3829// 3824//
f 3824// 3829// 3830//
f 3824// 3830// 3825//
f 3825// 3830// 3831//
f 3825// 3831// 3826//
f 3826// 3831// 3832//
f 3826// 3832// 3827//
f 3827// 3832// 3833//
f 3827// 3833// 1134//
f 1134// 3833// 1125//
f 3678// 3666// 3828//
f 3828// 3666// 3834//
f 3828// 3834// 3829//
f 3829// 3834// 3835//
f 3829// 3835// 3830//
f 3830// 3835// 3836//
f 3830// 3836// 3831//
f 3831// 3836// 3837//
f 3831// 3837// 3832//
f 3832// 3837// 3838//
f 3832// 3838// 3833//
f 3833// 3838// 3839//
f 3833// 3839// 1125//
f 1125// 3839// 1129//
f 3666// 3665// 3840//
f 3666// 3840// 3834//
f 3834// 3840// 3841//
f 3834// 3841// 3835//
f 3835// 3841// 3842//
f 3835// 3842// 3836//
f 3836// 3842// 3843//
f 3836// 3843// 3837//
f 3837// 3843// 3844//
f 3837// 3844// 3838//
f 3838// 3844// 3845//
f 3838// 3845// 3839//
f 3839// 3845// 3607//
f 3839// 3607// 1129//
f 3608// 3607// 3845//
f 3611// 3612// 3846//
f 3634// 3633// 3847//
f 3635// 3624// 3848//
f 3848// 3624// 3609//
f 3848// 3609// 3610//
f 3631// 3630// 3849//
f 3849// 3630// 3639//
f 3849// 3639// 3850//
f 3850// 3639// 3638//
f 3850// 3638// 3851//
f 3851// 3638// 3637//
f 3851// 3637// 3848//
f 3848// 3637// 3636//
f 3848// 3636// 3635//
f 3847// 3633// 3849//
f 3849// 3633// 3632//
f 3849// 3632// 3631//
f 3634// 3847// 3640//
f 3640// 3847// 3852//
f 3640// 3852// 3641//
f 3641// 3852// 3674//
f 3641// 3674// 3613//
f 3610// 3611// 3848//
f 3848// 3611// 3846//
f 3848// 3846// 3851//
f 3851// 3846// 3853//
f 3851// 3853// 3850//
f 3850// 3853// 3854//
f 3850// 3854// 3849//
f 3849// 3854// 3855//
f 3849// 3855// 3847//
f 3847// 3855// 3856//
f 3847// 3856// 3852//
f 3852// 3856// 3857//
f 3852// 3857// 3674//
f 3674// 3857// 3671//
f 3612// 3608// 3846//
f 3846// 3608// 3845//
f 3846// 3845// 3853//
f 3853// 3845// 3844//
f 3853// 3844// 3854//
f 3854// 3844// 3843//
f 3854// 3843// 3855//
f 3855// 3843// 3842//
f 3855// 3842// 3856//
f 3856// 3842// 3841//
f 3856// 3841// 3857//
f 3857// 3841// 3840//
f 3857// 3840// 3671//
f 3671// 3840// 3665//
f 3556// 3555// 3858//
f 3558// 3557// 3859//
f 3592// 3860// 3527//
f 3527// 3860// 3528//
f 3528// 3860// 3529//
f 3529// 3860// 3861//
f 3529// 3861// 3535//
f 3862// 3540// 3863//
f 3863// 3540// 3537//
f 3863// 3537// 3861//
f 3861// 3537// 3536//
f 3861// 3536// 3535//
f 3533// 3542// 3864//
f 3864// 3542// 3541//
f 3864// 3541// 3862//
f 3862// 3541// 3539//
f 3862// 3539// 3540//
f 3533// 3864// 3532//
f 3532// 3864// 3858//
f 3532// 3858// 3530//
f 3530// 3858// 3531//
f 3531// 3858// 3555//
f 3531// 3555// 3538//
f 3559// 3558// 3865//
f 3865// 3558// 3859//
f 3865// 3859// 3866//
f 3866// 3859// 3867//
f 3866// 3867// 3868//
f 3868// 3867// 3869//
f 3868// 3869// 3870//
f 3870// 3869// 3871//
f 3870// 3871// 3872//
f 3872// 3871// 3873//
f 3872// 3873// 3874//
f 3874// 3873// 3875//
f 3874// 3875// 3587//
f 3587// 3875// 3591//
f 3557// 3556// 3859//
f 3859// 3556// 3858//
f 3859// 3858// 3867//
f 3867// 3858// 3864//
f 3867// 3864// 3869//
f 3869// 3864// 3862//
f 3869// 3862// 3871//
f 3871// 3862// 3863//
f 3871// 3863// 3873//
f 3873// 3863// 3861//
f 3873// 3861// 3875//
f 3875// 3861// 3860//
f 3875// 3860// 3591//
f 3591// 3860// 3592//
f 3587// 3586// 3876//
f 3587// 3876// 3874//
f 3874// 3876// 3877//
f 3874// 3877// 3872//
f 3872// 3877// 3878//
f 3872// 3878// 3870//
f 3870// 3878// 3879//
f 3870// 3879// 3868//
f 3868// 3879// 3880//
f 3868// 3880// 3866//
f 3866// 3880// 3881//
f 3866// 3881// 3865//
f 3865// 3881// 1030//
f 3865// 1030// 3559//
f 3586// 3585// 3876//
f 3876// 3585// 3882//
f 3876// 3882// 3877//
f 3877// 3882// 3883//
f 3877// 3883// 3878//
f 3878// 3883// 3884//
f 3878// 3884// 3879//
f 3879// 3884// 3885//
f 3879// 3885// 3880//
f 3880// 3885// 3886//
f 3880// 3886// 3881//
f 3881// 3886// 3887//
f 3881// 3887// 1030//
f 1030// 3887// 1026//
f 3585// 3579// 3882//
f 3882// 3579// 3888//
f 3882// 3888// 3883//
f 3883// 3888// 3889//
f 3883// 3889// 3884//
f 3884// 3889// 3890//
f 3884// 3890// 3885//
f 3885// 3890// 3891//
f 3885// 3891// 3886//
f 3886// 3891// 3892//
f 3886// 3892// 3887//
f 3887// 3892// 3893//
f 3887// 3893// 1026//
f 1026// 3893// 1053//
f 3579// 3584// 3888//
f 3888// 3584// 3894//
f 3888// 3894// 3889//
f 3889// 3894// 3895//
f 3889// 3895// 3890//
f 3890// 3895// 3896//
f 3890// 3896// 3891//
f 3891// 3896// 3897//
f 3891// 3897// 3892//
f 3892// 3897// 3898//
f 3892// 3898// 3893//
f 3893// 3898// 3899//
f 3893// 3899// 1053//
f 1053// 3899// 983//
f 3584// 3600// 3900//
f 3584// 3900// 3894//
f 3894// 3900// 3901//
f 3894// 3901// 3895//
f 3895// 3901// 3902//
f 3895// 3902// 3896//
f 3896// 3902// 3903//
f 3896// 3903// 3897//
f 3897// 3903// 3904//
f 3897// 3904// 3898//
f 3898// 3904// 3905//
f 3898// 3905// 3899//
f 3899// 3905// 984//
f 3899// 984// 983//
f 3565// 3564// 3906//
f 3906// 3564// 3907//
f 3906// 3907// 3908//
f 3908// 3907// 3909//
f 3908// 3909// 3910//
f 3910// 3909// 3911//
f 3910// 3911// 3912//
f 3912// 3911// 3913//
f 3912// 3913// 3914//
f 3914// 3913// 3915//
f 3914// 3915// 3916//
f 3916// 3915// 3917//
f 3916// 3917// 3590//
f 3590// 3917// 3595//
f 3564// 3563// 3907//
f 3907// 3563// 3918//
f 3907// 3918// 3909//
f 3909// 3918// 3919//
f 3909// 3919// 3911//
f 3911// 3919// 3920//
f 3911// 3920// 3913//
f 3913// 3920// 3921//
f 3913// 3921// 3915//
f 3915// 3921// 3922//
f 3915// 3922// 3917//
f 3917// 3922// 3923//
f 3917// 3923// 3595//
f 3595// 3923// 3596//
f 3563// 3562// 3918//
f 3918// 3562// 3924//
f 3918// 3924// 3919//
f 3919// 3924// 3925//
f 3919// 3925// 3920//
f 3920// 3925// 3926//
f 3920// 3926// 3921//
f 3921// 3926// 3927//
f 3921// 3927// 3922//
f 3922// 3927// 3928//
f 3922// 3928// 3923//
f 3923// 3928// 3929//
f 3923// 3929// 3596//
f 3596// 3929// 3597//
f 3562// 3561// 3924//
f 3924// 3561// 3930//
f 3924// 3930// 3925//
f 3925// 3930// 3931//
f 3925// 3931// 3926//
f 3926// 3931// 3932//
f 3926// 3932// 3927//
f 3927// 3932// 3933//
f 3927// 3933// 3928//
f 3928// 3933// 3934//
f 3928// 3934// 3929//
f 3929// 3934// 3935//
f 3929// 3935// 3597//
f 3597// 3935// 3598//
f 3561// 3560// 3930//
f 3930// 3560// 3936//
f 3930// 3936// 3931//
f 3931// 3936// 3937//
f 3931// 3937// 3932//
f 3932// 3937// 3938//
f 3932// 3938// 3933//
f 3933// 3938// 3939//
f 3933// 3939// 3934//
f 3934// 3939// 3940//
f 3934// 3940// 3935//
f 3935// 3940// 3941//
f 3935// 3941// 3598//
f 3598// 3941// 3599//
f 3560// 984// 3936//
f 3936// 984// 3905//
f 3936// 3905// 3937//
f 3937// 3905// 3904//
f 3937// 3904// 3938//
f 3938// 3904// 3903//
f 3938// 3903// 3939//
f 3939// 3903// 3902//
f 3939// 3902// 3940//
f 3940// 3902// 3901//
f 3940// 3901// 3941//
f 3941// 3901// 3900//
f 3941// 3900// 3599//
f 3599// 3900// 3600//
f 3590// 3589// 3942//
f 3590// 3942// 3916//
f 3916// 3942// 3943//
f 3916// 3943// 3914//
f 3914// 3943// 3944//
f 3914// 3944// 3912//
f 3912// 3944// 3945//
f 3912// 3945// 3910//
f 3910// 3945// 3946//
f 3910// 3946// 3908//
f 3908// 3946// 3947//
f 3908// 3947// 3906//
f 3906// 3947// 3566//
f 3906// 3566// 3565//
f 3572// 3571// 3948//
f 3948// 3571// 3949//
f 3948// 3949// 3950//
f 3950// 3949// 3951//
f 3950// 3951// 3952//
f 3952// 3951// 3953//
f 3952// 3953// 3954//
f 3954// 3953// 3955//
f 3954// 3955// 3956//
f 3956// 3955// 3957//
f 3956// 3957// 3958//
f 3958// 3957// 3959//
f 3958// 3959// 3593//
f 3593// 3959// 3594//
f 3571// 3570// 3949//
f 3949// 3570// 3960//
f 3949// 3960// 3951//
f 3951// 3960// 3961//
f 3951// 3961// 3953//
f 3953// 3961// 3962//
f 3953// 3962// 3955//
f 3955// 3962// 3963//
f 3955// 3963// 3957//
f 3957// 3963// 3964//
f 3957// 3964// 3959//
f 3959// 3964// 3965//
f 3959// 3965// 3594//
f 3594// 3965// 3601//
f 3570// 3569// 3960//
f 3960// 3569// 3966//
f 3960// 3966// 3961//
f 3961// 3966// 3967//
f 3961// 3967// 3962//
f 3962// 3967// 3968//
f 3962// 3968// 3963//
f 3963// 3968// 3969//
f 3963// 3969// 3964//
f 3964// 3969// 3970//
f 3964// 3970// 3965//
f 3965// 3970// 3971//
f 3965// 3971// 3601//
f 3601// 3971// 3602//
f 3569// 3568// 3966//
f 3966// 3568// 3972//
f 3966// 3972// 3967//
f 3967// 3972// 3973//
f 3967// 3973// 3968//
f 3968// 3973// 3974//
f 3968// 3974// 3969//
f 3969// 3974// 3975//
f 3969// 3975// 3970//
f 3970// 3975// 3976//
f 3970// 3976// 3971//
f 3971// 3976// 3977//
f 3971// 3977// 3602//
f 3602// 3977// 3604//
f 3568// 3567// 3972//
f 3972// 3567// 3978//
f 3972// 3978// 3973//
f 3973// 3978// 3979//
f 3973// 3979// 3974//
f 3974// 3979// 3980//
f 3974// 3980// 3975//
f 3975// 3980// 3981//
f 3975// 3981// 3976//
f 3976// 3981// 3982//
f 3976// 3982// 3977//
f 3977// 3982// 3983//
f 3977// 3983// 3604//
f 3604// 3983// 3603//
f 3567// 3566// 3978//
f 3978// 3566// 3947//
f 3978// 3947// 3979//
f 3979// 3947// 3946//
f 3979// 3946// 3980//
f 3980// 3946// 3945//
f 3980// 3945// 3981//
f 3981// 3945// 3944//
f 3981// 3944// 3982//
f 3982// 3944// 3943//
f 3982// 3943// 3983//
f 3983// 3943// 3942//
f 3983// 3942// 3603//
f 3603// 3942// 3589//
f 3593// 3583// 3984//
f 3593// 3984// 3958//
f 3958// 3984// 3985//
f 3958// 3985// 3956//
f 3956// 3985// 3986//
f 3956// 3986// 3954//
f 3954// 3986// 3987//
f 3954// 3987// 3952//
f 3952// 3987// 3988//
f 3952// 3988// 3950//
f 3950// 3988// 3989//
f 3950// 3989// 3948//
f 3948// 3989// 3573//
f 3948// 3573// 3572//
f 3583// 3582// 3984//
f 3984// 3582// 3990//
f 3984// 3990// 3985//
f 3985// 3990// 3991//
f 3985// 3991// 3986//
f 3986// 3991// 3992//
f 3986// 3992// 3987//
f 3987// 3992// 3993//
f 3987// 3993// 3988//
f 3988// 3993// 3994//
f 3988// 3994// 3989//
f 3989// 3994// 3995//
f 3989// 3995// 3573//
f 3573// 3995// 3574//
f 3582// 3581// 3990//
f 3990// 3581// 3996//
f 3990// 3996// 3991//
f 3991// 3996// 3997//
f 3991// 3997// 3992//
f 3992// 3997// 3998//
f 3992// 3998// 3993//
f 3993// 3998// 3999//
f 3993// 3999// 3994//
f 3994// 3999// 4000//
f 3994// 4000// 3995//
f 3995// 4000// 4001//
f 3995// 4001// 3574//
f 3574// 4001// 3575//
f 3581// 3580// 3996//
f 3996// 3580// 4002//
f 3996// 4002// 3997//
f 3997// 4002// 4003//
f 3997// 4003// 3998//
f 3998// 4003// 4004//
f 3998// 4004// 3999//
f 3999// 4004// 4005//
f 3999// 4005// 4000//
f 4000// 4005// 4006//
f 4000// 4006// 4001//
f 4001// 4006// 4007//
f 4001// 4007// 3575//
f 3575// 4007// 3576//
f 3580// 3578// 4008//
f 3580// 4008// 4002//
f 4002// 4008// 4009//
f 4002// 4009// 4003//
f 4003// 4009// 4010//
f 4003// 4010// 4004//
f 4004// 4010// 4011//
f 4004// 4011// 4005//
f 4005// 4011// 4012//
f 4005// 4012// 4006//
f 4006// 4012// 4013//
f 4006// 4013// 4007//
f 4007// 4013// 3520//
f 4007// 3520// 3576//
f 3521// 3520// 4013//
f 3524// 3525// 4014//
f 3547// 3546// 4015//
f 3548// 3534// 4016//
f 4016// 3534// 3522//
f 4016// 3522// 3523//
f 3544// 3543// 4017//
f 4017// 3543// 3552//
f 4017// 3552// 4018//
f 4018// 3552// 3551//
f 4018// 3551// 4019//
f 4019// 3551// 3550//
f 4019// 3550// 4016//
f 4016// 3550// 3549//
f 4016// 3549// 3548//
f 4015// 3546// 4017//
f 4017// 3546// 3545//
f 4017// 3545// 3544//
f 3547// 4015// 3553//
f 3553// 4015// 4020//
f 3553// 4020// 3554//
f 3554// 4020// 3588//
f 3554// 3588// 3526//
f 3523// 3524// 4016//
f 4016// 3524// 4014//
f 4016// 4014// 4019//
f 4019// 4014// 4021//
f 4019// 4021// 4018//
f 4018// 4021// 4022//
f 4018// 4022// 4017//
f 4017// 4022// 4023//
f 4017// 4023// 4015//
f 4015// 4023// 4024//
f 4015// 4024// 4020//
f 4020// 4024// 4025//
f 4020// 4025// 3588//
f 3588// 4025// 3577//
f 3525// 3521// 4014//
f 4014// 3521// 4013//
f 4014// 4013// 4021//
f 4021// 4013// 4012//
f 4021// 4012// 4022//
f 4022// 4012// 4011//
f 4022// 4011// 4023//
f 4023// 4011// 4010//
f 4023// 4010// 4024//
f 4024// 4010// 4009//
f 4024// 4009// 4025//
f 4025// 4009// 4008//
f 4025// 4008// 3577//
f 3577// 4008// 3578//
usemtl 4
f 668// 4026// 663//
f 663// 4026// 4027//
f 663// 4027// 660//
f 670// 669// 4027//
f 4027// 669// 661//
f 4027// 661// 660//
f 4028// 672// 4029//
f 4029// 672// 670//
f 4029// 670// 4030//
f 4030// 670// 4027//
f 712// 713// 4028//
f 4028// 713// 673//
f 4028// 673// 672//
f 4031// 710// 4032//
f 4032// 710// 712//
f 4032// 712// 4033//
f 4033// 712// 4028//
f 702// 700// 4031//
f 4031// 700// 699//
f 4031// 699// 710//
f 707// 705// 4034//
f 4034// 705// 704//
f 4034// 704// 4035//
f 4035// 704// 703//
f 4035// 703// 4036//
f 4036// 703// 702//
f 4036// 702// 4037//
f 4037// 702// 4031//
f 683// 682// 4038//
f 4038// 682// 709//
f 4038// 709// 4034//
f 4034// 709// 708//
f 4034// 708// 707//
f 683// 4038// 685//
f 685// 4038// 4039//
f 685// 4039// 686//
f 686// 4039// 4040//
f 686// 4040// 687//
f 691// 690// 4041//
f 4041// 690// 689//
f 4041// 689// 4040//
f 4040// 689// 688//
f 4040// 688// 687//
f 691// 4041// 693//
f 693// 4041// 4042//
f 693// 4042// 694//
f 694// 4042// 4043//
f 694// 4043// 695//
f 695// 4043// 4044//
f 695// 4044// 696//
f 696// 4044// 698//
f 698// 4044// 4045//
f 698// 4045// 674//
f 674// 4045// 675//
f 675// 4045// 4046//
f 675// 4046// 677//
f 677// 4046// 4047//
f 677// 4047// 678//
f 678// 4047// 4048//
f 678// 4048// 679//
f 679// 4048// 680//
f 680// 4048// 4049//
f 680// 4049// 681//
f 668// 667// 4026//
f 4026// 667// 665//
f 4026// 665// 4049//
f 4049// 665// 664//
f 4049// 664// 681//
f 4050// 4051// 4052//
f 4052// 4051// 4053//
f 4052// 4053// 4054//
f 4054// 4053// 4055//
f 4054// 4055// 4056//
f 4056// 4055// 4057//
f 4056// 4057// 4058//
f 4058// 4057// 4059//
f 4058// 4059// 4060//
f 4060// 4059// 4061//
f 4060// 4061// 4062//
f 4062// 4061// 4063//
f 4062// 4063// 4064//
f 4064// 4063// 4065//
f 4064// 4065// 4066//
f 4066// 4065// 4067//
f 4066// 4067// 4068//
f 4068// 4067// 4069//
f 4068// 4069// 4070//
f 4070// 4069// 4071//
f 4070// 4071// 4072//
f 4072// 4071// 4073//
f 4072// 4073// 4074//
f 4074// 4073// 4075//
f 4074// 4075// 4076//
f 4076// 4075// 4077//
f 4076// 4077// 4078//
f 4078// 4077// 4079//
f 4078// 4079// 4080//
f 4080// 4079// 4081//
f 4080// 4081// 4082//
f 4082// 4081// 4083//
f 4082// 4083// 4084//
f 4084// 4083// 4085//
f 4084// 4085// 4086//
f 4086// 4085// 4087//
f 4086// 4087// 4088//
f 4088// 4087// 4089//
f 4088// 4089// 4090//
f 4090// 4089// 4091//
f 4090// 4091// 4092//
f 4092// 4091// 4093//
f 4092// 4093// 4094//
f 4094// 4093// 4095//
f 4094// 4095// 4096//
f 4096// 4095// 4097//
f 4096// 4097// 4050//
f 4050// 4097// 4051//
f 4051// 4098// 4053//
f 4053// 4098// 4099//
f 4053// 4099// 4055//
f 4055// 4099// 4100//
f 4055// 4100// 4057//
f 4057// 4100// 4101//
f 4057// 4101// 4059//
f 4059// 4101// 4102//
f 4059// 4102// 4061//
f 4061// 4102// 4103//
f 4061// 4103// 4063//
f 4063// 4103// 4104//
f 4063// 4104// 4065//
f 4065// 4104// 4105//
f 4065// 4105// 4067//
f 4067// 4105// 4106//
f 4067// 4106// 4069//
f 4069// 4106// 4107//
f 4069// 4107// 4071//
f 4071// 4107// 4108//
f 4071// 4108// 4073//
f 4073// 4108// 4109//
f 4073// 4109// 4075//
f 4075// 4109// 4110//
f 4075// 4110// 4077//
f 4077// 4110// 4111//
f 4077// 4111// 4079//
f 4079// 4111// 4112//
f 4079// 4112// 4081//
f 4081// 4112// 4113//
f 4081// 4113// 4083//
f 4083// 4113// 4114//
f 4083// 4114// 4085//
f 4085// 4114// 4115//
f 4085// 4115// 4087//
f 4087// 4115// 4116//
f 4087// 4116// 4089//
f 4089// 4116// 4117//
f 4089// 4117// 4091//
f 4091// 4117// 4118//
f 4091// 4118// 4093//
f 4093// 4118// 4119//
f 4093// 4119// 4095//
f 4095// 4119// 4120//
f 4095// 4120// 4097//
f 4097// 4120// 4121//
f 4097// 4121// 4051//
f 4051// 4121// 4098//
f 4098// 4122// 4099//
f 4099// 4122// 4123//
f 4099// 4123// 4100//
f 4100// 4123// 4124//
f 4100// 4124// 4101//
f 4101// 4124// 4125//
f 4101// 4125// 4102//
f 4102// 4125// 4126//
f 4102// 4126// 4103//
f 4103// 4126// 4127//
f 4103// 4127// 4104//
f 4104// 4127// 4128//
f 4104// 4128// 4105//
f 4105// 4128// 4129//
f 4105// 4129// 4106//
f 4106// 4129// 4130//
f 4106// 4130// 4107//
f 4107// 4130// 4131//
f 4107// 4131// 4108//
f 4108// 4131// 4132//
f 4108// 4132// 4109//
f 4109// 4132// 4133//
f 4109// 4133// 4110//
f 4110// 4133// 4134//
f 4110// 4134// 4111//
f 4111// 4134// 4135//
f 4111// 4135// 4112//
f 4112// 4135// 4136//
f 4112// 4136// 4113//
f 4113// 4136// 4137//
f 4113// 4137// 4114//
f 4114// 4137// 4138//
f 4114// 4138// 4115//
f 4115// 4138// 4139//
f 4115// 4139// 4116//
f 4116// 4139// 4140//
f 4116// 4140// 4117//
f 4117// 4140// 4141//
f 4117// 4141// 4118//
f 4118// 4141// 4142//
f 4118// 4142// 4119//
f 4119// 4142// 4143//
f 4119// 4143// 4120//
f 4120// 4143// 4144//
f 4120// 4144// 4121//
f 4121// 4144// 4145//
f 4121// 4145// 4098//
f 4098// 4145// 4122//
f 4122// 4146// 4123//
f 4123// 4146// 4147//
f 4123// 4147// 4124//
f 4124// 4147// 4148//
f 4124// 4148// 4125//
f 4125// 4148// 4149//
f 4125// 4149// 4126//
f 4126// 4149// 4150//
f 4126// 4150// 4127//
f 4127// 4150// 4151//
f 4127// 4151// 4128//
f 4128// 4151// 4152//
f 4128// 4152// 4129//
f 4129// 4152// 4153//
f 4129// 4153// 4130//
f 4130// 4153// 4154//
f 4130// 4154// 4131//
f 4131// 4154// 4155//
f 4131// 4155// 4132//
f 4132// 4155// 4156//
f 4132// 4156// 4133//
f 4133// 4156// 4157//
f 4133// 4157// 4134//
f 4134// 4157// 4158//
f 4134// 4158// 4135//
f 4135// 4158// 4159//
f 4135// 4159// 4136//
f 4136// 4159// 4160//
f 4136// 4160// 4137//
f 4137// 4160// 4161//
f 4137// 4161// 4138//
f 4138// 4161// 4162//
f 4138// 4162// 4139//
f 4139// 4162// 4163//
f 4139// 4163// 4140//
f 4140// 4163// 4164//
f 4140// 4164// 4141//
f 4141// 4164// 4165//
f 4141// 4165// 4142//
f 4142// 4165// 4166//
f 4142// 4166// 4143//
f 4143// 4166// 4167//
f 4143// 4167// 4144//
f 4144// 4167// 4168//
f 4144// 4168// 4145//
f 4145// 4168// 4169//
f 4145// 4169// 4122//
f 4122// 4169// 4146//
f 4146// 4170// 4147//
f 4147// 4170// 4171//
f 4147// 4171// 4148//
f 4148// 4171// 4172//
f 4148// 4172// 4149//
f 4149// 4172// 4173//
f 4149// 4173// 4150//
f 4150// 4173// 4174//
f 4150// 4174// 4151//
f 4151// 4174// 4175//
f 4151// 4175// 4152//
f 4152// 4175// 4176//
f 4152// 4176// 4153//
f 4153// 4176// 4177//
f 4153// 4177// 4154//
f 4154// 4177// 4178//
f 4154// 4178// 4155//
f 4155// 4178// 4179//
f 4155// 4179// 4156//
f 4156// 4179// 4180//
f 4156// 4180// 4157//
f 4157// 4180// 4181//
f 4157// 4181// 4158//
f 4158// 4181// 4182//
f 4158// 4182// 4159//
f 4159// 4182// 4183//
f 4159// 4183// 4160//
f 4160// 4183// 4184//
f 4160// 4184// 4161//
f 4161// 4184// 4185//
f 4161// 4185// 4162//
f 4162// 4185// 4186//
f 4162// 4186// 4163//
f 4163// 4186// 4187//
f 4163// 4187// 4164//
f 4164// 4187// 4188//
f 4164// 4188// 4165//
f 4165// 4188// 4189//
f 4165// 4189// 4166//
f 4166// 4189// 4190//
f 4166// 4190// 4167//
f 4167// 4190// 4191//
f 4167// 4191// 4168//
f 4168// 4191// 4192//
f 4168// 4192// 4169//
f 4169// 4192// 4193//
f 4169// 4193// 4146//
f 4146// 4193// 4170//
f 4170// 4041// 4171//
f 4171// 4041// 4040//
f 4171// 4040// 4172//
f 4172// 4040// 4039//
f 4172// 4039// 4173//
f 4173// 4039// 4038//
f 4173// 4038// 4174//
f 4174// 4038// 4034//
f 4174// 4034// 4175//
f 4175// 4034// 4035//
f 4175// 4035// 4176//
f 4176// 4035// 4036//
f 4176// 4036// 4177//
f 4177// 4036// 4037//
f 4177// 4037// 4178//
f 4178// 4037// 4031//
f 4178// 4031// 4179//
f 4179// 4031// 4032//
f 4179// 4032// 4180//
f 4180// 4032// 4033//
f 4180// 4033// 4181//
f 4181// 4033// 4028//
f 4181// 4028// 4182//
f 4182// 4028// 4029//
f 4182// 4029// 4183//
f 4183// 4029// 4030//
f 4183// 4030// 4184//
f 4184// 4030// 4027//
f 4184// 4027// 4185//
f 4185// 4027// 4026//
f 4185// 4026// 4186//
f 4186// 4026// 4049//
f 4186// 4049// 4187//
f 4187// 4049// 4048//
f 4187// 4048// 4188//
f 4188// 4048// 4047//
f 4188// 4047// 4189//
f 4189// 4047// 4046//
f 4189// 4046// 4190//
f 4190// 4046// 4045//
f 4190// 4045// 4191//
f 4191// 4045// 4044//
f 4191// 4044// 4192//
f 4192// 4044// 4043//
f 4192// 4043// 4193//
f 4193// 4043// 4042//
f 4193// 4042// 4170//
f 4170// 4042// 4041//
f 4194// 4064// 4195//
f 4195// 4064// 4066//
f 4195// 4066// 4196//
f 4196// 4066// 4068//
f 4196// 4068// 4197//
f 4197// 4068// 4070//
f 4197// 4070// 4198//
f 4198// 4070// 4072//
f 4198// 4072// 4199//
f 4199// 4072// 4074//
f 4199// 4074// 4200//
f 4200// 4074// 4076//
f 4200// 4076// 4201//
f 4201// 4076// 4078//
f 4201// 4078// 4202//
f 4202// 4078// 4080//
f 4202// 4080// 4203//
f 4203// 4080// 4082//
f 4203// 4082// 4204//
f 4204// 4082// 4084//
f 4204// 4084// 4205//
f 4205// 4084// 4086//
f 4205// 4086// 4206//
f 4206// 4086// 4088//
f 4206// 4088// 4207//
f 4207// 4088// 4090//
f 4207// 4090// 4208//
f 4208// 4090// 4092//
f 4208// 4092// 4209//
f 4209// 4092// 4094//
f 4209// 4094// 4210//
f 4210// 4094// 4096//
f 4210// 4096// 4211//
f 4211// 4096// 4050//
f 4211// 4050// 4212//
f 4212// 4050// 4052//
f 4212// 4052// 4213//
f 4213// 4052// 4054//
f 4213// 4054// 4214//
f 4214// 4054// 4056//
f 4214// 4056// 4215//
f 4215// 4056// 4058//
f 4215// 4058// 4216//
f 4216// 4058// 4060//
f 4216// 4060// 4217//
f 4217// 4060// 4062//
f 4217// 4062// 4194//
f 4194// 4062// 4064//
f 1090// 4218// 4219//
f 4220// 4213// 4221//
f 4221// 4213// 4214//
f 4221// 4214// 4222//
f 4222// 4214// 4215//
f 4222// 4215// 4223//
f 4223// 4215// 4216//
f 4223// 4216// 4224//
f 4224// 4216// 4217//
f 4224// 4217// 4225//
f 4225// 4217// 4194//
f 4225// 4194// 4226//
f 4226// 4194// 4195//
f 4226// 4195// 4227//
f 4227// 4195// 4196//
f 4227// 4196// 4228//
f 4228// 4196// 4197//
f 4228// 4197// 4229//
f 4229// 4197// 4198//
f 4229// 4198// 4230//
f 4230// 4198// 4199//
f 4230// 4199// 4231//
f 4231// 4199// 4200//
f 4231// 4200// 4232//
f 4232// 4200// 4201//
f 4232// 4201// 4233//
f 4233// 4201// 4202//
f 4233// 4202// 4234//
f 4234// 4202// 4203//
f 4234// 4203// 4235//
f 4235// 4203// 4204//
f 4235// 4204// 4236//
f 4236// 4204// 4205//
f 4236// 4205// 4237//
f 4237// 4205// 4206//
f 4237// 4206// 4238//
f 4238// 4206// 4207//
f 4238// 4207// 4239//
f 4239// 4207// 4208//
f 4239// 4208// 4240//
f 4240// 4208// 4209//
f 4240// 4209// 4241//
f 4241// 4209// 4210//
f 4241// 4210// 4242//
f 4242// 4210// 4211//
f 4242// 4211// 4243//
f 4243// 4211// 4212//
f 4243// 4212// 4220//
f 4220// 4212// 4213//
f 1105// 4244// 1107//
f 1107// 4244// 4245//
f 1107// 4245// 1110//
f 1110// 4245// 1112//
f 1112// 4245// 4246//
f 1112// 4246// 1113//
f 1113// 4246// 1115//
f 1115// 4246// 4247//
f 1115// 4247// 1117//
f 4248// 1119// 4249//
f 4249// 1119// 1121//
f 4249// 1121// 1122//
f 4250// 1127// 4248//
f 4248// 1127// 1126//
f 4248// 1126// 1119//
f 4251// 1123// 4250//
f 4250// 1123// 1128//
f 4250// 1128// 1127//
f 4252// 1135// 4251//
f 4251// 1135// 1124//
f 4251// 1124// 1123//
f 4253// 1137// 4252//
f 4252// 1137// 1136//
f 4252// 1136// 1135//
f 4254// 1133// 4253//
f 4253// 1133// 1132//
f 4253// 1132// 1137//
f 1090// 1089// 4218//
f 4218// 1089// 1138//
f 4218// 1138// 4254//
f 4254// 1138// 1139//
f 4254// 1139// 1133//
f 4255// 1085// 4219//
f 4219// 1085// 1091//
f 4219// 1091// 1090//
f 4256// 1082// 4255//
f 4255// 1082// 1088//
f 1088// 1087// 4255//
f 4255// 1087// 1086//
f 4255// 1086// 1085//
f 4257// 1081// 4256//
f 4256// 1081// 1080//
f 4256// 1080// 1082//
f 4258// 1095// 4257//
f 4257// 1095// 1094//
f 4257// 1094// 1081//
f 4259// 1097// 4258//
f 4258// 1097// 1096//
f 4258// 1096// 1095//
f 1104// 1103// 4260//
f 4260// 1103// 1099//
f 4260// 1099// 4259//
f 4259// 1099// 1098//
f 4259// 1098// 1097//
f 4261// 1101// 4260//
f 4260// 1101// 1100//
f 4260// 1100// 1104//
f 4262// 1093// 4263//
f 4263// 1093// 1092//
f 4263// 1092// 4261//
f 4261// 1092// 1102//
f 4261// 1102// 1101//
f 1083// 1079// 4262//
f 4262// 1079// 1078//
f 4262// 1078// 1093//
f 4264// 4265// 1069//
f 1069// 1068// 4264//
f 4264// 1068// 1066//
f 4264// 1066// 1073//
f 1105// 1106// 4244//
f 4244// 1106// 1072//
f 4244// 1072// 4266//
f 4266// 1072// 1071//
f 4266// 1071// 4265//
f 4265// 1071// 1070//
f 4265// 1070// 1069//
f 1122// 1117// 4249//
f 4249// 1117// 4247//
f 4249// 4247// 4248//
f 4248// 4247// 4267//
f 4248// 4267// 4250//
f 4250// 4267// 4268//
f 4250// 4268// 4251//
f 4251// 4268// 4269//
f 4251// 4269// 4252//
f 4252// 4269// 4270//
f 4252// 4270// 4253//
f 4253// 4270// 4271//
f 4253// 4271// 4254//
f 4254// 4271// 4272//
f 4254// 4272// 4218//
f 4218// 4272// 4273//
f 4218// 4273// 4219//
f 4219// 4273// 4274//
f 4219// 4274// 4255//
f 4255// 4274// 4275//
f 4255// 4275// 4256//
f 4256// 4275// 4276//
f 4256// 4276// 4257//
f 4257// 4276// 4277//
f 4257// 4277// 4258//
f 4258// 4277// 4278//
f 4258// 4278// 4259//
f 4259// 4278// 4279//
f 4259// 4279// 4260//
f 4260// 4279// 4280//
f 4260// 4280// 4261//
f 4261// 4280// 4281//
f 4261// 4281// 4263//
f 4263// 4281// 4282//
f 4263// 4282// 4262//
f 4262// 4282// 4283//
f 4262// 4283// 1083//
f 1083// 4283// 4264//
f 1083// 4264// 1084//
f 1084// 4264// 1073//
f 4266// 4284// 4244//
f 4244// 4284// 4285//
f 4244// 4285// 4245//
f 4245// 4285// 4286//
f 4245// 4286// 4246//
f 4246// 4286// 4287//
f 4246// 4287// 4247//
f 4247// 4287// 4288//
f 4247// 4288// 4267//
f 4267// 4288// 4289//
f 4267// 4289// 4268//
f 4268// 4289// 4290//
f 4268// 4290// 4269//
f 4269// 4290// 4291//
f 4269// 4291// 4270//
f 4270// 4291// 4292//
f 4270// 4292// 4271//
f 4271// 4292// 4293//
f 4271// 4293// 4272//
f 4272// 4293// 4294//
f 4272// 4294// 4273//
f 4273// 4294// 4295//
f 4273// 4295// 4274//
f 4274// 4295// 4296//
f 4274// 4296// 4275//
f 4275// 4296// 4297//
f 4275// 4297// 4276//
f 4276// 4297// 4298//
f 4276// 4298// 4277//
f 4277// 4298// 4299//
f 4277// 4299// 4278//
f 4278// 4299// 4300//
f 4278// 4300// 4279//
f 4279// 4300// 4301//
f 4279// 4301// 4280//
f 4280// 4301// 4302//
f 4280// 4302// 4281//
f 4281// 4302// 4303//
f 4281// 4303// 4282//
f 4282// 4303// 4304//
f 4282// 4304// 4283//
f 4283// 4304// 4305//
f 4283// 4305// 4264//
f 4264// 4305// 4306//
f 4264// 4306// 4265//
f 4265// 4306// 4307//
f 4265// 4307// 4266//
f 4266// 4307// 4284//
f 4284// 4308// 4285//
f 4285// 4308// 4309//
f 4285// 4309// 4286//
f 4286// 4309// 4310//
f 4286// 4310// 4287//
f 4287// 4310// 4311//
f 4287// 4311// 4288//
f 4288// 4311// 4312//
f 4288// 4312// 4289//
f 4289// 4312// 4313//
f 4289// 4313// 4290//
f 4290// 4313// 4314//
f 4290// 4314// 4291//
f 4291// 4314// 4315//
f 4291// 4315// 4292//
f 4292// 4315// 4316//
f 4292// 4316// 4293//
f 4293// 4316// 4317//
f 4293// 4317// 4294//
f 4294// 4317// 4318//
f 4294// 4318// 4295//
f 4295// 4318// 4319//
f 4295// 4319// 4296//
f 4296// 4319// 4320//
f 4296// 4320// 4297//
f 4297// 4320// 4321//
f 4297// 4321// 4298//
f 4298// 4321// 4322//
f 4298// 4322// 4299//
f 4299// 4322// 4323//
f 4299// 4323// 4300//
f 4300// 4323// 4324//
f 4300// 4324// 4301//
f 4301// 4324// 4325//
f 4301// 4325// 4302//
f 4302// 4325// 4326//
f 4302// 4326// 4303//
f 4303// 4326// 4327//
f 4303// 4327// 4304//
f 4304// 4327// 4328//
f 4304// 4328// 4305//
f 4305// 4328// 4329//
f 4305// 4329// 4306//
f 4306// 4329// 4330//
f 4306// 4330// 4307//
f 4307// 4330// 4331//
f 4307// 4331// 4284//
f 4284// 4331// 4308//
f 4308// 4243// 4309//
f 4309// 4243// 4220//
f 4309// 4220// 4310//
f 4310// 4220// 4221//
f 4310// 4221// 4311//
f 4311// 4221// 4222//
f 4311// 4222// 4312//
f 4312// 4222// 4223//
f 4312// 4223// 4313//
f 4313// 4223// 4224//
f 4313// 4224// 4314//
f 4314// 4224// 4225//
f 4314// 4225// 4315//
f 4315// 4225// 4226//
f 4315// 4226// 4316//
f 4316// 4226// 4227//
f 4316// 4227// 4317//
f 4317// 4227// 4228//
f 4317// 4228// 4318//
f 4318// 4228// 4229//
f 4318// 4229// 4319//
f 4319// 4229// 4230//
f 4319// 4230// 4320//
f 4320// 4230// 4231//
f 4320// 4231// 4321//
f 4321// 4231// 4232//
f 4321// 4232// 4322//
f 4322// 4232// 4233//
f 4322// 4233// 4323//
f 4323// 4233// 4234//
f 4323// 4234// 4324//
f 4324// 4234// 4235//
f 4324// 4235// 4325//
f 4325// 4235// 4236//
f 4325// 4236// 4326//
f 4326// 4236// 4237//
f 4326// 4237// 4327//
f 4327// 4237// 4238//
f 4327// 4238// 4328//
f 4328// 4238// 4239//
f 4328// 4239// 4329//
f 4329// 4239// 4240//
f 4329// 4240// 4330//
f 4330// 4240// 4241//
f 4330// 4241// 4331//
f 4331// 4241// 4242//
f 4331// 4242// 4308//
f 4308// 4242// 4243//
f 618// 616// 4332//
f 4332// 616// 4333//
f 4333// 616// 615//
f 4333// 615// 614//
f 4334// 653// 4332//
f 4332// 653// 619//
f 4332// 619// 618//
f 657// 656// 4334//
f 4334// 656// 654//
f 4334// 654// 653//
f 4335// 659// 4336//
f 4336// 659// 658//
f 4336// 658// 4337//
f 4337// 658// 657//
f 4337// 657// 4338//
f 4338// 657// 4334//
f 642// 640// 4335//
f 640// 638// 4335//
f 4335// 638// 637//
f 4335// 637// 659//
f 4335// 4339// 642//
f 642// 4339// 4340//
f 642// 4340// 643//
f 643// 4340// 4341//
f 643// 4341// 644//
f 633// 4342// 634//
f 634// 4342// 4343//
f 634// 4343// 650//
f 633// 636// 4342//
f 4342// 636// 646//
f 4342// 646// 4341//
f 4341// 646// 645//
f 4341// 645// 644//
f 650// 4343// 651//
f 651// 4343// 4344//
f 651// 4344// 652//
f 652// 4344// 647//
f 647// 4344// 4345//
f 647// 4345// 648//
f 4346// 626// 4345//
f 4345// 626// 649//
f 4345// 649// 648//
f 4347// 631// 4348//
f 4348// 631// 629//
f 4348// 629// 4349//
f 4349// 629// 628//
f 4349// 628// 4346//
f 4346// 628// 627//
f 4346// 627// 626//
f 4350// 623// 4351//
f 4351// 623// 621//
f 4351// 621// 4352//
f 4352// 621// 620//
f 4352// 620// 4347//
f 4347// 620// 632//
f 4347// 632// 631//
f 4353// 608// 4354//
f 4354// 608// 610//
f 4354// 610// 4355//
f 4355// 610// 611//
f 4355// 611// 4350//
f 4350// 611// 624//
f 4350// 624// 623//
f 614// 613// 4333//
f 4333// 613// 612//
f 4333// 612// 4353//
f 4353// 612// 606//
f 4353// 606// 608//
f 4356// 4357// 4358//
f 4358// 4357// 4359//
f 4358// 4359// 4360//
f 4360// 4359// 4361//
f 4360// 4361// 4362//
f 4362// 4361// 4363//
f 4362// 4363// 4364//
f 4364// 4363// 4365//
f 4364// 4365// 4366//
f 4366// 4365// 4367//
f 4366// 4367// 4368//
f 4368// 4367// 4369//
f 4368// 4369// 4370//
f 4370// 4369// 4371//
f 4370// 4371// 4372//
f 4372// 4371// 4373//
f 4372// 4373// 4374//
f 4374// 4373// 4375//
f 4374// 4375// 4376//
f 4376// 4375// 4377//
f 4376// 4377// 4378//
f 4378// 4377// 4379//
f 4378// 4379// 4380//
f 4380// 4379// 4381//
f 4380// 4381// 4382//
f 4382// 4381// 4383//
f 4382// 4383// 4384//
f 4384// 4383// 4385//
f 4384// 4385// 4386//
f 4386// 4385// 4387//
f 4386// 4387// 4388//
f 4388// 4387// 4389//
f 4388// 4389// 4390//
f 4390// 4389// 4391//
f 4390// 4391// 4392//
f 4392// 4391// 4393//
f 4392// 4393// 4394//
f 4394// 4393// 4395//
f 4394// 4395// 4396//
f 4396// 4395// 4397//
f 4396// 4397// 4398//
f 4398// 4397// 4399//
f 4398// 4399// 4400//
f 4400// 4399// 4401//
f 4400// 4401// 4402//
f 4402// 4401// 4403//
f 4402// 4403// 4356//
f 4356// 4403// 4357//
f 4357// 4404// 4359//
f 4359// 4404// 4405//
f 4359// 4405// 4361//
f 4361// 4405// 4406//
f 4361// 4406// 4363//
f 4363// 4406// 4407//
f 4363// 4407// 4365//
f 4365// 4407// 4408//
f 4365// 4408// 4367//
f 4367// 4408// 4409//
f 4367// 4409// 4369//
f 4369// 4409// 4410//
f 4369// 4410// 4371//
f 4371// 4410// 4411//
f 4371// 4411// 4373//
f 4373// 4411// 4412//
f 4373// 4412// 4375//
f 4375// 4412// 4413//
f 4375// 4413// 4377//
f 4377// 4413// 4414//
f 4377// 4414// 4379//
f 4379// 4414// 4415//
f 4379// 4415// 4381//
f 4381// 4415// 4416//
f 4381// 4416// 4383//
f 4383// 4416// 4417//
f 4383// 4417// 4385//
f 4385// 4417// 4418//
f 4385// 4418// 4387//
f 4387// 4418// 4419//
f 4387// 4419// 4389//
f 4389// 4419// 4420//
f 4389// 4420// 4391//
f 4391// 4420// 4421//
f 4391// 4421// 4393//
f 4393// 4421// 4422//
f 4393// 4422// 4395//
f 4395// 4422// 4423//
f 4395// 4423// 4397//
f 4397// 4423// 4424//
f 4397// 4424// 4399//
f 4399// 4424// 4425//
f 4399// 4425// 4401//
f 4401// 4425// 4426//
f 4401// 4426// 4403//
f 4403// 4426// 4427//
f 4403// 4427// 4357//
f 4357// 4427// 4404//
f 4404// 4428// 4405//
f 4405// 4428// 4429//
f 4405// 4429// 4406//
f 4406// 4429// 4430//
f 4406// 4430// 4407//
f 4407// 4430// 4431//
f 4407// 4431// 4408//
f 4408// 4431// 4432//
f 4408// 4432// 4409//
f 4409// 4432// 4433//
f 4409// 4433// 4410//
f 4410// 4433// 4434//
f 4410// 4434// 4411//
f 4411// 4434// 4435//
f 4411// 4435// 4412//
f 4412// 4435// 4436//
f 4412// 4436// 4413//
f 4413// 4436// 4437//
f 4413// 4437// 4414//
f 4414// 4437// 4438//
f 4414// 4438// 4415//
f 4415// 4438// 4439//
f 4415// 4439// 4416//
f 4416// 4439// 4440//
f 4416// 4440// 4417//
f 4417// 4440// 4441//
f 4417// 4441// 4418//
f 4418// 4441// 4442//
f 4418// 4442// 4419//
f 4419// 4442// 4443//
f 4419// 4443// 4420//
f 4420// 4443// 4444//
f 4420// 4444// 4421//
f 4421// 4444// 4445//
f 4421// 4445// 4422//
f 4422// 4445// 4446//
f 4422// 4446// 4423//
f 4423// 4446// 4447//
f 4423// 4447// 4424//
f 4424// 4447// 4448//
f 4424// 4448// 4425//
f 4425// 4448// 4449//
f 4425// 4449// 4426//
f 4426// 4449// 4450//
f 4426// 4450// 4427//
f 4427// 4450// 4451//
f 4427// 4451// 4404//
f 4404// 4451// 4428//
f 4428// 4452// 4429//
f 4429// 4452// 4453//
f 4429// 4453// 4430//
f 4430// 4453// 4454//
f 4430// 4454// 4431//
f 4431// 4454// 4455//
f 4431// 4455// 4432//
f 4432// 4455// 4456//
f 4432// 4456// 4433//
f 4433// 4456// 4457//
f 4433// 4457// 4434//
f 4434// 4457// 4458//
f 4434// 4458// 4435//
f 4435// 4458// 4459//
f 4435// 4459// 4436//
f 4436// 4459// 4460//
f 4436// 4460// 4437//
f 4437// 4460// 4461//
f 4437// 4461// 4438//
f 4438// 4461// 4462//
f 4438// 4462// 4439//
f 4439// 4462// 4463//
f 4439// 4463// 4440//
f 4440// 4463// 4464//
f 4440// 4464// 4441//
f 4441// 4464// 4465//
f 4441// 4465// 4442//
f 4442// 4465// 4466//
f 4442// 4466// 4443//
f 4443// 4466// 4467//
f 4443// 4467// 4444//
f 4444// 4467// 4468//
f 4444// 4468// 4445//
f 4445// 4468// 4469//
f 4445// 4469// 4446//
f 4446// 4469// 4470//
f 4446// 4470// 4447//
f 4447// 4470// 4471//
f 4447// 4471// 4448//
f 4448// 4471// 4472//
f 4448// 4472// 4449//
f 4449// 4472// 4473//
f 4449// 4473// 4450//
f 4450// 4473// 4474//
f 4450// 4474// 4451//
f 4451// 4474// 4475//
f 4451// 4475// 4428//
f 4428// 4475// 4452//
f 4452// 4476// 4453//
f 4453// 4476// 4477//
f 4453// 4477// 4454//
f 4454// 4477// 4478//
f 4454// 4478// 4455//
f 4455// 4478// 4479//
f 4455// 4479// 4456//
f 4456// 4479// 4480//
f 4456// 4480// 4457//
f 4457// 4480// 4481//
f 4457// 4481// 4458//
f 4458// 4481// 4482//
f 4458// 4482// 4459//
f 4459// 4482// 4483//
f 4459// 4483// 4460//
f 4460// 4483// 4484//
f 4460// 4484// 4461//
f 4461// 4484// 4485//
f 4461// 4485// 4462//
f 4462// 4485// 4486//
f 4462// 4486// 4463//
f 4463// 4486// 4487//
f 4463// 4487// 4464//
f 4464// 4487// 4488//
f 4464// 4488// 4465//
f 4465// 4488// 4489//
f 4465// 4489// 4466//
f 4466// 4489// 4490//
f 4466// 4490// 4467//
f 4467// 4490// 4491//
f 4467// 4491// 4468//
f 4468// 4491// 4492//
f 4468// 4492// 4469//
f 4469// 4492// 4493//
f 4469// 4493// 4470//
f 4470// 4493// 4494//
f 4470// 4494// 4471//
f 4471// 4494// 4495//
f 4471// 4495// 4472//
f 4472// 4495// 4496//
f 4472// 4496// 4473//
f 4473// 4496// 4497//
f 4473// 4497// 4474//
f 4474// 4497// 4498//
f 4474// 4498// 4475//
f 4475// 4498// 4499//
f 4475// 4499// 4452//
f 4452// 4499// 4476//
f 4476// 4342// 4477//
f 4477// 4342// 4341//
f 4477// 4341// 4478//
f 4478// 4341// 4340//
f 4478// 4340// 4479//
f 4479// 4340// 4339//
f 4479// 4339// 4480//
f 4480// 4339// 4335//
f 4480// 4335// 4481//
f 4481// 4335// 4336//
f 4481// 4336// 4482//
f 4482// 4336// 4337//
f 4482// 4337// 4483//
f 4483// 4337// 4338//
f 4483// 4338// 4484//
f 4484// 4338// 4334//
f 4484// 4334// 4485//
f 4485// 4334// 4332//
f 4485// 4332// 4486//
f 4486// 4332// 4333//
f 4486// 4333// 4487//
f 4487// 4333// 4353//
f 4487// 4353// 4488//
f 4488// 4353// 4354//
f 4488// 4354// 4489//
f 4489// 4354// 4355//
f 4489// 4355// 4490//
f 4490// 4355// 4350//
f 4490// 4350// 4491//
f 4491// 4350// 4351//
f 4491// 4351// 4492//
f 4492// 4351// 4352//
f 4492// 4352// 4493//
f 4493// 4352// 4347//
f 4493// 4347// 4494//
f 4494// 4347// 4348//
f 4494// 4348// 4495//
f 4495// 4348// 4349//
f 4495// 4349// 4496//
f 4496// 4349// 4346//
f 4496// 4346// 4497//
f 4497// 4346// 4345//
f 4497// 4345// 4498//
f 4498// 4345// 4344//
f 4498// 4344// 4499//
f 4499// 4344// 4343//
f 4499// 4343// 4476//
f 4476// 4343// 4342//
f 4500// 4370// 4501//
f 4501// 4370// 4372//
f 4501// 4372// 4502//
f 4502// 4372// 4374//
f 4502// 4374// 4503//
f 4503// 4374// 4376//
f 4503// 4376// 4504//
f 4504// 4376// 4378//
f 4504// 4378// 4505//
f 4505// 4378// 4380//
f 4505// 4380// 4506//
f 4506// 4380// 4382//
f 4506// 4382// 4507//
f 4507// 4382// 4384//
f 4507// 4384// 4508//
f 4508// 4384// 4386//
f 4508// 4386// 4509//
f 4509// 4386// 4388//
f 4509// 4388// 4510//
f 4510// 4388// 4390//
f 4510// 4390// 4511//
f 4511// 4390// 4392//
f 4511// 4392// 4512//
f 4512// 4392// 4394//
f 4512// 4394// 4513//
f 4513// 4394// 4396//
f 4513// 4396// 4514//
f 4514// 4396// 4398//
f 4514// 4398// 4515//
f 4515// 4398// 4400//
f 4515// 4400// 4516//
f 4516// 4400// 4402//
f 4516// 4402// 4517//
f 4517// 4402// 4356//
f 4517// 4356// 4518//
f 4518// 4356// 4358//
f 4518// 4358// 4519//
f 4519// 4358// 4360//
f 4519// 4360// 4520//
f 4520// 4360// 4362//
f 4520// 4362// 4521//
f 4521// 4362// 4364//
f 4521// 4364// 4522//
f 4522// 4364// 4366//
f 4522// 4366// 4523//
f 4523// 4366// 4368//
f 4523// 4368// 4500//
f 4500// 4368// 4370//
f 1020// 1014// 4524//
f 1043// 1041// 4525//
f 1037// 1033// 4526//
f 982// 4527// 1054//
f 1054// 4527// 4528//
f 1057// 1056// 4528//
f 4528// 1056// 1055//
f 4528// 1055// 1054//
f 1057// 4528// 1058//
f 1058// 4528// 4529//
f 1058// 4529// 1059//
f 1059// 4529// 4530//
f 1059// 4530// 1060//
f 4526// 1033// 4531//
f 1033// 1034// 4531//
f 4531// 1034// 1035//
f 4531// 1035// 4530//
f 4530// 1035// 1036//
f 4530// 1036// 1060//
f 4525// 1041// 4532//
f 1041// 1040// 4532//
f 4532// 1040// 1039//
f 4532// 1039// 4526//
f 4526// 1039// 1038//
f 4526// 1038// 1037//
f 1043// 4525// 1046//
f 1046// 4525// 4533//
f 1046// 4533// 1047//
f 1047// 4533// 4534//
f 1047// 4534// 1049//
f 999// 998// 4535//
f 4535// 998// 997//
f 4535// 997// 4534//
f 4534// 997// 1051//
f 4534// 1051// 1049//
f 4536// 1013// 4537//
f 4537// 1013// 1012//
f 4537// 1012// 1002//
f 1020// 4524// 1021//
f 1021// 4524// 4538//
f 1021// 4538// 1022//
f 4539// 1023// 1004//
f 4539// 1004// 4538//
f 4538// 1004// 1003//
f 4538// 1003// 1022//
f 1023// 4539// 1024//
f 1024// 4539// 4540//
f 1024// 4540// 1025//
f 4541// 1008// 4542//
f 4542// 1008// 1007//
f 4542// 1007// 4540//
f 4540// 1007// 1006//
f 4540// 1006// 1025//
f 992// 991// 4543//
f 4543// 991// 1016//
f 4543// 1016// 4541//
f 4541// 1016// 1015//
f 4541// 1015// 1008//
f 992// 4543// 993//
f 993// 4543// 4544//
f 993// 4544// 987//
f 4545// 990// 4546//
f 4546// 990// 989//
f 4546// 989// 4544//
f 4544// 989// 988//
f 4544// 988// 987//
f 1009// 1019// 4547//
f 4547// 1019// 1018//
f 4547// 1018// 4545//
f 4545// 1018// 1017//
f 4545// 1017// 990//
f 1009// 4547// 994//
f 994// 4547// 4548//
f 994// 4548// 995//
f 982// 981// 4527//
f 4527// 981// 1011//
f 4527// 1011// 4548//
f 4548// 1011// 1010//
f 4548// 1010// 995//
f 1014// 1013// 4524//
f 4524// 1013// 4536//
f 4524// 4536// 4538//
f 4538// 4536// 4549//
f 4538// 4549// 4539//
f 4539// 4549// 4550//
f 4539// 4550// 4540//
f 4540// 4550// 4551//
f 4540// 4551// 4542//
f 4542// 4551// 4552//
f 4542// 4552// 4541//
f 4541// 4552// 4553//
f 4541// 4553// 4543//
f 4543// 4553// 4554//
f 4543// 4554// 4544//
f 4544// 4554// 4555//
f 4544// 4555// 4546//
f 4546// 4555// 4556//
f 4546// 4556// 4545//
f 4545// 4556// 4557//
f 4545// 4557// 4547//
f 4547// 4557// 4558//
f 4547// 4558// 4548//
f 4548// 4558// 4559//
f 4548// 4559// 4527//
f 4527// 4559// 4560//
f 4527// 4560// 4528//
f 4528// 4560// 4561//
f 4528// 4561// 4529//
f 4529// 4561// 4562//
f 4529// 4562// 4530//
f 4530// 4562// 4563//
f 4530// 4563// 4531//
f 4531// 4563// 4564//
f 4531// 4564// 4526//
f 4526// 4564// 4565//
f 4526// 4565// 4532//
f 4532// 4565// 4566//
f 4532// 4566// 4525//
f 4525// 4566// 4567//
f 4525// 4567// 4533//
f 4533// 4567// 4568//
f 4533// 4568// 4534//
f 4534// 4568// 4569//
f 4534// 4569// 4535//
f 4535// 4569// 4570//
f 4535// 4570// 999//
f 999// 4570// 4537//
f 999// 4537// 1000//
f 1000// 4537// 1002//
f 4537// 4571// 4536//
f 4536// 4571// 4572//
f 4536// 4572// 4549//
f 4549// 4572// 4573//
f 4549// 4573// 4550//
f 4550// 4573// 4574//
f 4550// 4574// 4551//
f 4551// 4574// 4575//
f 4551// 4575// 4552//
f 4552// 4575// 4576//
f 4552// 4576// 4553//
f 4553// 4576// 4577//
f 4553// 4577// 4554//
f 4554// 4577// 4578//
f 4554// 4578// 4555//
f 4555// 4578// 4579//
f 4555// 4579// 4556//
f 4556// 4579// 4580//
f 4556// 4580// 4557//
f 4557// 4580// 4581//
f 4557// 4581// 4558//
f 4558// 4581// 4582//
f 4558// 4582// 4559//
f 4559// 4582// 4583//
f 4559// 4583// 4560//
f 4560// 4583// 4584//
f 4560// 4584// 4561//
f 4561// 4584// 4585//
f 4561// 4585// 4562//
f 4562// 4585// 4586//
f 4562// 4586// 4563//
f 4563// 4586// 4587//
f 4563// 4587// 4564//
f 4564// 4587// 4588//
f 4564// 4588// 4565//
f 4565// 4588// 4589//
f 4565// 4589// 4566//
f 4566// 4589// 4590//
f 4566// 4590// 4567//
f 4567// 4590// 4591//
f 4567// 4591// 4568//
f 4568// 4591// 4592//
f 4568// 4592// 4569//
f 4569// 4592// 4593//
f 4569// 4593// 4570//
f 4570// 4593// 4594//
f 4570// 4594// 4537//
f 4537// 4594// 4571//
f 4571// 4595// 4572//
f 4572// 4595// 4596//
f 4572// 4596// 4573//
f 4573// 4596// 4597//
f 4573// 4597// 4574//
f 4574// 4597// 4598//
f 4574// 4598// 4575//
f 4575// 4598// 4599//
f 4575// 4599// 4576//
f 4576// 4599// 4600//
f 4576// 4600// 4577//
f 4577// 4600// 4601//
f 4577// 4601// 4578//
f 4578// 4601// 4602//
f 4578// 4602// 4579//
f 4579// 4602// 4603//
f 4579// 4603// 4580//
f 4580// 4603// 4604//
f 4580// 4604// 4581//
f 4581// 4604// 4605//
f 4581// 4605// 4582//
f 4582// 4605// 4606//
f 4582// 4606// 4583//
f 4583// 4606// 4607//
f 4583// 4607// 4584//
f 4584// 4607// 4608//
f 4584// 4608// 4585//
f 4585// 4608// 4609//
f 4585// 4609// 4586//
f 4586// 4609// 4610//
f 4586// 4610// 4587//
f 4587// 4610// 4611//
f 4587// 4611// 4588//
f 4588// 4611// 4612//
f 4588// 4612// 4589//
f 4589// 4612// 4613//
f 4589// 4613// 4590//
f 4590// 4613// 4614//
f 4590// 4614// 4591//
f 4591// 4614// 4615//
f 4591// 4615// 4592//
f 4592// 4615// 4616//
f 4592// 4616// 4593//
f 4593// 4616// 4617//
f 4593// 4617// 4594//
f 4594// 4617// 4618//
f 4594// 4618// 4571//
f 4571// 4618// 4595//
f 4595// 4619// 4596//
f 4596// 4619// 4620//
f 4596// 4620// 4597//
f 4597// 4620// 4621//
f 4597// 4621// 4598//
f 4598// 4621// 4622//
f 4598// 4622// 4599//
f 4599// 4622// 4623//
f 4599// 4623// 4600//
f 4600// 4623// 4624//
f 4600// 4624// 4601//
f 4601// 4624// 4625//
f 4601// 4625// 4602//
f 4602// 4625// 4626//
f 4602// 4626// 4603//
f 4603// 4626// 4627//
f 4603// 4627// 4604//
f 4604// 4627// 4628//
f 4604// 4628// 4605//
f 4605// 4628// 4629//
f 4605// 4629// 4606//
f 4606// 4629// 4630//
f 4606// 4630// 4607//
f 4607// 4630// 4631//
f 4607// 4631// 4608//
f 4608// 4631// 4632//
f 4608// 4632// 4609//
f 4609// 4632// 4633//
f 4609// 4633// 4610//
f 4610// 4633// 4634//
f 4610// 4634// 4611//
f 4611// 4634// 4635//
f 4611// 4635// 4612//
f 4612// 4635// 4636//
f 4612// 4636// 4613//
f 4613// 4636// 4637//
f 4613// 4637// 4614//
f 4614// 4637// 4638//
f 4614// 4638// 4615//
f 4615// 4638// 4639//
f 4615// 4639// 4616//
f 4616// 4639// 4640//
f 4616// 4640// 4617//
f 4617// 4640// 4641//
f 4617// 4641// 4618//
f 4618// 4641// 4642//
f 4618// 4642// 4595//
f 4595// 4642// 4619//
f 4619// 4518// 4620//
f 4620// 4518// 4519//
f 4620// 4519// 4621//
f 4621// 4519// 4520//
f 4621// 4520// 4622//
f 4622// 4520// 4521//
f 4622// 4521// 4623//
f 4623// 4521// 4522//
f 4623// 4522// 4624//
f 4624// 4522// 4523//
f 4624// 4523// 4625//
f 4625// 4523// 4500//
f 4625// 4500// 4626//
f 4626// 4500// 4501//
f 4626// 4501// 4627//
f 4627// 4501// 4502//
f 4627// 4502// 4628//
f 4628// 4502// 4503//
f 4628// 4503// 4629//
f 4629// 4503// 4504//
f 4629// 4504// 4630//
f 4630// 4504// 4505//
f 4630// 4505// 4631//
f 4631// 4505// 4506//
f 4631// 4506// 4632//
f 4632// 4506// 4507//
f 4632// 4507// 4633//
f 4633// 4507// 4508//
f 4633// 4508// 4634//
f 4634// 4508// 4509//
f 4634// 4509// 4635//
f 4635// 4509// 4510//
f 4635// 4510// 4636//
f 4636// 4510// 4511//
f 4636// 4511// 4637//
f 4637// 4511// 4512//
f 4637// 4512// 4638//
f 4638// 4512// 4513//
f 4638// 4513// 4639//
f 4639// 4513// 4514//
f 4639// 4514// 4640//
f 4640// 4514// 4515//
f 4640// 4515// 4641//
f 4641// 4515// 4516//
f 4641// 4516// 4642//
f 4642// 4516// 4517//
f 4642// 4517// 4619//
f 4619// 4517// 4518//
usemtl 5
f 4643// 4644// 382//
f 382// 4644// 384//
f 4645// 4643// 381//
f 381// 4643// 382//
f 19// 4646// 20//
f 20// 4646// 4645//
f 20// 4645// 381//
f 4647// 4646// 387//
f 387// 4646// 19//
f 385// 4648// 388//
f 388// 4648// 4647//
f 388// 4647// 387//
f 4644// 4648// 384//
f 384// 4648// 385//
f 4646// 4647// 4645//
f 4645// 4647// 4648//
f 4645// 4648// 4643//
f 4643// 4648// 4644//
f 461// 4649// 4650//
f 4651// 457// 5//
f 4651// 5// 4652//
f 5// 4// 4652//
f 4652// 4// 463//
f 4652// 463// 4650//
f 4650// 463// 462//
f 4650// 462// 461//
f 4653// 4649// 428//
f 428// 4649// 461//
f 4654// 4653// 426//
f 426// 4653// 428//
f 426// 425// 4654//
f 4654// 425// 420//
f 4654// 420// 4655//
f 4655// 420// 419//
f 4655// 419// 4656//
f 4656// 419// 441//
f 4656// 441// 4657//
f 4657// 441// 440//
f 4657// 440// 4658//
f 4658// 440// 438//
f 4658// 438// 4659//
f 4659// 438// 437//
f 4659// 437// 4660//
f 4660// 437// 436//
f 4660// 436// 4661//
f 4661// 436// 424//
f 4661// 424// 4662//
f 4662// 424// 423//
f 4662// 423// 4663//
f 4663// 423// 435//
f 4663// 435// 4664//
f 4664// 435// 434//
f 4664// 434// 4665//
f 4665// 434// 422//
f 4665// 422// 4666//
f 4666// 422// 421//
f 4666// 421// 4667//
f 4667// 421// 431//
f 4667// 431// 4668//
f 4668// 431// 433//
f 4668// 433// 4669//
f 4669// 433// 432//
f 4669// 432// 4670//
f 4670// 432// 430//
f 4670// 430// 4671//
f 4671// 430// 429//
f 4671// 429// 4672//
f 417// 4673// 4674//
f 4672// 429// 439//
f 4672// 439// 4675//
f 4675// 439// 418//
f 4675// 418// 4674//
f 4674// 418// 427//
f 4674// 427// 417//
f 4676// 4673// 416//
f 416// 4673// 417//
f 15// 4677// 13//
f 13// 4677// 4676//
f 13// 4676// 416//
f 15// 442// 4677//
f 4677// 442// 592//
f 4677// 592// 4678//
f 4679// 4678// 11//
f 11// 4678// 592//
f 11// 10// 4679//
f 4679// 10// 443//
f 4679// 443// 4680//
f 4680// 443// 446//
f 4680// 446// 4681//
f 4681// 446// 445//
f 4681// 445// 4682//
f 4682// 445// 444//
f 4682// 444// 4683//
f 4683// 444// 448//
f 4683// 448// 4684//
f 448// 447// 4684//
f 4684// 447// 451//
f 4684// 451// 4685//
f 4685// 451// 450//
f 4685// 450// 4686//
f 4686// 450// 449//
f 4686// 449// 4687//
f 4687// 449// 8//
f 4687// 8// 4688//
f 8// 7// 4688//
f 4688// 7// 456//
f 4688// 456// 4689//
f 4689// 456// 455//
f 4689// 455// 4690//
f 457// 4651// 459//
f 459// 4651// 4691//
f 459// 4691// 454//
f 454// 4691// 4692//
f 454// 4692// 452//
f 452// 4692// 4693//
f 452// 4693// 453//
f 453// 4693// 4690//
f 453// 4690// 455//
f 4665// 4666// 4683//
f 4669// 4670// 4679//
f 4683// 4666// 4682//
f 4679// 4670// 4678//
f 4679// 4680// 4669//
f 4669// 4680// 4681//
f 4669// 4681// 4668//
f 4668// 4681// 4682//
f 4668// 4682// 4667//
f 4667// 4682// 4666//
f 4670// 4671// 4678//
f 4678// 4671// 4672//
f 4678// 4672// 4677//
f 4677// 4672// 4675//
f 4677// 4675// 4676//
f 4676// 4675// 4674//
f 4676// 4674// 4673//
f 4686// 4664// 4685//
f 4685// 4664// 4665//
f 4685// 4665// 4684//
f 4684// 4665// 4683//
f 4649// 4653// 4650//
f 4650// 4653// 4654//
f 4650// 4654// 4652//
f 4652// 4654// 4655//
f 4652// 4655// 4651//
f 4651// 4655// 4656//
f 4651// 4656// 4691//
f 4691// 4656// 4657//
f 4691// 4657// 4692//
f 4692// 4657// 4658//
f 4692// 4658// 4693//
f 4693// 4658// 4659//
f 4693// 4659// 4690//
f 4690// 4659// 4660//
f 4690// 4660// 4689//
f 4689// 4660// 4661//
f 4689// 4661// 4688//
f 4688// 4661// 4687//
f 4687// 4661// 4662//
f 4687// 4662// 4686//
f 4686// 4662// 4663//
f 4686// 4663// 4664//
f 4694// 4695// 378//
f 378// 4695// 379//
f 368// 4696// 367//
f 367// 4696// 4694//
f 367// 4694// 378//
f 4697// 4696// 366//
f 366// 4696// 368//
f 363// 4698// 365//
f 365// 4698// 4697//
f 365// 4697// 366//
f 4699// 4698// 361//
f 361// 4698// 363//
f 371// 4700// 360//
f 360// 4700// 4699//
f 360// 4699// 361//
f 4701// 4700// 370//
f 370// 4700// 371//
f 362// 4702// 369//
f 369// 4702// 4701//
f 369// 4701// 370//
f 4703// 4702// 357//
f 357// 4702// 362//
f 376// 4704// 377//
f 377// 4704// 4703//
f 377// 4703// 357//
f 4705// 4704// 372//
f 372// 4704// 376//
f 379// 4695// 380//
f 380// 4695// 4705//
f 380// 4705// 372//
f 4705// 4695// 4694//
f 4694// 4696// 4705//
f 4705// 4696// 4697//
f 4705// 4697// 4704//
f 4702// 4703// 4701//
f 4701// 4703// 4704//
f 4701// 4704// 4700//
f 4700// 4704// 4697//
f 4700// 4697// 4699//
f 4699// 4697// 4698//
f 4706// 4707// 4708//
f 4708// 4707// 4709//
f 4708// 4709// 4710//
f 4710// 4709// 4711//
f 4710// 4711// 4712//
f 4712// 4711// 4713//
f 4712// 4713// 4714//
f 4714// 4713// 4715//
f 4714// 4715// 4716//
f 4716// 4715// 4717//
f 4716// 4717// 4718//
f 4718// 4717// 4719//
f 4718// 4719// 4720//
f 4720// 4719// 4721//
f 4720// 4721// 4722//
f 4722// 4721// 4723//
f 4722// 4723// 4724//
f 4724// 4723// 4725//
f 4724// 4725// 4726//
f 4726// 4725// 4727//
f 4726// 4727// 4728//
f 4728// 4727// 4729//
f 4728// 4729// 4730//
f 4730// 4729// 4731//
f 4730// 4731// 4732//
f 4732// 4731// 4733//
f 4732// 4733// 4734//
f 4734// 4733// 4735//
f 4734// 4735// 4736//
f 4736// 4735// 4737//
f 4736// 4737// 4738//
f 4738// 4737// 4739//
f 4738// 4739// 4740//
f 4740// 4739// 4706//
f 4740// 4706// 4708//
f 4714// 4716// 522//
f 522// 4716// 527//
f 4714// 522// 521//
f 4714// 521// 4712//
f 4712// 521// 538//
f 4712// 538// 4710//
f 4710// 538// 537//
f 4710// 537// 4708//
f 4708// 537// 534//
f 4708// 534// 4740//
f 4740// 534// 533//
f 4740// 533// 4738//
f 4738// 533// 532//
f 4738// 532// 4736//
f 4736// 532// 531//
f 4736// 531// 4734//
f 4734// 531// 530//
f 4734// 530// 4732//
f 4732// 530// 529//
f 4732// 529// 4730//
f 4730// 529// 536//
f 4730// 536// 4728//
f 4728// 536// 535//
f 4728// 535// 4726//
f 4726// 535// 526//
f 4726// 526// 4724//
f 4724// 526// 525//
f 4724// 525// 4722//
f 4722// 525// 523//
f 4722// 523// 4720//
f 4718// 4720// 528//
f 528// 4720// 523//
f 4716// 4718// 527//
f 527// 4718// 528//
f 4721// 4719// 4741//
f 4741// 4719// 4742//
f 4719// 4717// 4742//
f 4742// 4717// 4743//
f 4717// 4715// 4743//
f 4743// 4715// 4744//
f 4707// 4745// 4746//
f 4707// 4746// 4709//
f 4709// 4746// 4747//
f 4709// 4747// 4711//
f 4711// 4747// 4748//
f 4711// 4748// 4713//
f 4713// 4748// 4744//
f 4713// 4744// 4715//
f 4735// 4749// 4750//
f 4735// 4750// 4737//
f 4737// 4750// 4751//
f 4737// 4751// 4739//
f 4739// 4751// 4752//
f 4739// 4752// 4706//
f 4706// 4752// 4745//
f 4706// 4745// 4707//
f 4727// 4753// 4754//
f 4727// 4754// 4729//
f 4729// 4754// 4755//
f 4729// 4755// 4731//
f 4731// 4755// 4756//
f 4731// 4756// 4733//
f 4733// 4756// 4749//
f 4733// 4749// 4735//
f 4721// 4741// 4757//
f 4721// 4757// 4723//
f 4723// 4757// 4758//
f 4723// 4758// 4725//
f 4725// 4758// 4753//
f 4725// 4753// 4727//
usemtl 1
f 4742// 4743// 4741//
f 4741// 4743// 4744//
f 4744// 4748// 4741//
f 4741// 4748// 4747//
f 4741// 4747// 4746//
f 4749// 4753// 4758//
f 4746// 4745// 4741//
f 4741// 4745// 4752//
f 4741// 4752// 4751//
f 4753// 4749// 4754//
f 4754// 4749// 4756//
f 4754// 4756// 4755//
f 4751// 4750// 4741//
f 4741// 4750// 4749//
f 4741// 4749// 4757//
f 4757// 4749// 4758//
usemtl 5
f 4759// 4760// 4761//
f 4762// 4763// 4764//
f 4760// 4765// 4761//
f 4761// 4765// 4766//
f 4761// 4766// 4767//
f 4767// 4766// 4768//
f 4767// 4768// 4769//
f 4769// 4770// 4767//
f 4767// 4770// 4771//
f 4767// 4771// 4772//
f 4773// 4772// 4774//
f 4774// 4772// 4771//
f 4774// 4771// 4764//
f 4764// 4771// 4759//
f 4764// 4759// 4762//
f 4762// 4759// 4761//
f 22// 4767// 23//
f 23// 4767// 4772//
f 23// 4772// 355//
f 4761// 4767// 340//
f 340// 4767// 22//
f 342// 344// 4762//
f 342// 4762// 343//
f 343// 4762// 4761//
f 343// 4761// 340//
f 4763// 4762// 346//
f 346// 4762// 344//
f 351// 4764// 348//
f 348// 4764// 4763//
f 348// 4763// 346//
f 352// 4774// 350//
f 350// 4774// 4764//
f 350// 4764// 351//
f 354// 4773// 353//
f 353// 4773// 4774//
f 353// 4774// 352//
f 4772// 4773// 355//
f 355// 4773// 354//
f 4759// 4771// 4775//
f 4775// 4771// 4776//
f 4771// 4770// 4776//
f 4776// 4770// 4777//
f 4768// 4778// 4779//
f 4768// 4779// 4769//
f 4769// 4779// 4777//
f 4769// 4777// 4770//
f 4768// 4766// 4778//
f 4778// 4766// 4780//
f 4760// 4781// 4782//
f 4760// 4782// 4765//
f 4765// 4782// 4780//
f 4765// 4780// 4766//
f 4760// 4759// 4781//
f 4781// 4759// 4775//
usemtl 1
f 4778// 4780// 4779//
f 4779// 4780// 4782//
f 4779// 4782// 4777//
f 4777// 4782// 4781//
f 4777// 4781// 4776//
f 4776// 4781// 4775//
usemtl 5
f 4783// 4784// 464//
f 464// 4784// 465//
f 4785// 4783// 472//
f 472// 4783// 464//
f 4786// 4785// 471//
f 471// 4785// 472//
f 4787// 4786// 473//
f 473// 4786// 471//
f 4788// 4787// 474//
f 474// 4787// 473//
f 4789// 4788// 475//
f 475// 4788// 474//
f 4790// 4789// 476//
f 476// 4789// 475//
f 4791// 4790// 468//
f 468// 4790// 476//
f 4791// 468// 469//
f 4791// 469// 4792//
f 4792// 469// 478//
f 4792// 478// 477//
f 4793// 4792// 481//
f 481// 4792// 477//
f 470// 4794// 483//
f 483// 4794// 4793//
f 483// 4793// 482//
f 482// 4793// 481//
f 4784// 4794// 465//
f 465// 4794// 470//
f 4794// 4784// 4783//
f 4783// 4785// 4794//
f 4794// 4785// 4786//
f 4794// 4786// 4793//
f 4791// 4792// 4790//
f 4790// 4792// 4793//
f 4790// 4793// 4789//
f 4789// 4793// 4786//
f 4789// 4786// 4788//
f 4788// 4786// 4787//
f 4795// 4796// 4797//
f 4797// 4796// 4798//
f 4799// 4800// 4801//
f 4802// 4803// 4804//
f 4804// 4803// 4805//
f 4806// 4807// 4798//
f 4798// 4807// 4808//
f 4808// 4809// 4798//
f 4798// 4809// 4810//
f 4798// 4810// 4797//
f 4797// 4810// 4811//
f 4797// 4811// 4802//
f 4802// 4811// 4812//
f 4802// 4812// 4803//
f 4801// 4806// 4799//
f 4799// 4806// 4798//
f 4799// 4798// 4813//
f 4813// 4798// 4814//
f 4813// 4814// 4815//
f 4815// 4814// 4816//
f 4815// 4816// 4817//
f 4817// 4816// 4818//
f 4817// 4818// 4819//
f 4819// 4818// 4820//
f 4819// 4820// 4821//
f 4821// 4820// 4822//
f 4821// 4822// 4823//
f 4823// 4822// 4824//
f 4823// 4824// 4825//
f 4825// 4824// 4826//
f 4825// 4826// 4827//
f 4827// 4826// 4828//
f 4827// 4828// 4829//
f 4829// 4828// 4830//
f 4829// 4830// 4831//
f 4831// 4830// 4832//
f 4833// 4834// 4835//
f 4835// 4834// 4836//
f 4835// 4836// 4837//
f 4837// 4836// 4838//
f 4837// 4838// 4839//
f 4839// 4838// 4840//
f 4839// 4840// 4841//
f 4841// 4840// 4842//
f 4841// 4842// 4843//
f 4843// 4842// 4844//
f 4843// 4844// 4805//
f 4805// 4844// 4845//
f 4805// 4845// 4804//
f 4799// 4846// 4800//
f 4800// 4846// 4847//
f 4800// 4847// 4848//
f 4848// 4847// 4849//
f 4848// 4849// 4850//
f 4850// 4849// 4851//
f 4850// 4851// 4852//
f 4852// 4851// 4853//
f 4852// 4853// 4854//
f 4854// 4853// 4855//
f 4854// 4855// 4856//
f 4856// 4855// 4857//
f 4856// 4857// 4858//
f 4858// 4857// 4859//
f 4858// 4859// 4860//
f 4860// 4859// 4861//
f 4860// 4861// 4833//
f 4833// 4861// 4862//
f 4833// 4862// 4834//
f 4826// 566// 565//
f 4826// 565// 4828//
f 4828// 565// 563//
f 4828// 563// 4830//
f 4830// 563// 562//
f 4830// 562// 4832//
f 4831// 4832// 544//
f 544// 4832// 562//
f 4831// 544// 557//
f 4831// 557// 4829//
f 4829// 557// 561//
f 4829// 561// 4827//
f 4827// 561// 560//
f 4827// 560// 4825//
f 4825// 560// 559//
f 4825// 559// 4823//
f 4823// 559// 587//
f 4823// 587// 4821//
f 4821// 587// 586//
f 4821// 586// 4819//
f 4819// 586// 582//
f 4819// 582// 4817//
f 4817// 582// 581//
f 4817// 581// 4815//
f 4815// 581// 580//
f 4815// 580// 4813//
f 4813// 580// 579//
f 4813// 579// 4799//
f 4846// 4799// 558//
f 558// 4799// 579//
f 4846// 558// 556//
f 4846// 556// 4847//
f 4847// 556// 555//
f 4847// 555// 4849//
f 4849// 555// 543//
f 4849// 543// 4851//
f 4851// 543// 542//
f 4851// 542// 4853//
f 4853// 542// 573//
f 4853// 573// 4855//
f 4855// 573// 572//
f 4855// 572// 4857//
f 4857// 572// 571//
f 4857// 571// 4859//
f 4859// 571// 570//
f 4859// 570// 4861//
f 4861// 570// 567//
f 4861// 567// 4862//
f 4862// 567// 568//
f 4862// 568// 4834//
f 4834// 568// 569//
f 4834// 569// 4836//
f 4836// 569// 578//
f 4836// 578// 4838//
f 4838// 578// 577//
f 4838// 577// 4840//
f 4840// 577// 576//
f 4840// 576// 4842//
f 4842// 576// 585//
f 4842// 585// 4844//
f 4844// 585// 584//
f 4844// 584// 4845//
f 4845// 584// 583//
f 4845// 583// 4804//
f 4804// 583// 575//
f 4804// 575// 4802//
f 4797// 4802// 574//
f 574// 4802// 575//
f 4795// 4797// 545//
f 545// 4797// 574//
f 4796// 4795// 547//
f 547// 4795// 545//
f 4798// 4796// 554//
f 554// 4796// 547//
f 4798// 554// 553//
f 4798// 553// 4814//
f 4814// 553// 552//
f 4814// 552// 4816//
f 4816// 552// 551//
f 4816// 551// 4818//
f 4818// 551// 550//
f 4818// 550// 4820//
f 4820// 550// 549//
f 4820// 549// 4822//
f 4822// 549// 548//
f 4822// 548// 4824//
f 4824// 548// 566//
f 4824// 566// 4826//
f 4848// 4863// 4864//
f 4848// 4864// 4800//
f 4800// 4864// 4865//
f 4800// 4865// 4801//
f 4801// 4865// 4866//
f 4801// 4866// 4806//
f 4856// 4867// 4868//
f 4856// 4868// 4854//
f 4854// 4868// 4869//
f 4854// 4869// 4852//
f 4852// 4869// 4870//
f 4852// 4870// 4850//
f 4850// 4870// 4863//
f 4850// 4863// 4848//
f 4835// 4871// 4872//
f 4835// 4872// 4833//
f 4833// 4872// 4873//
f 4833// 4873// 4860//
f 4860// 4873// 4874//
f 4860// 4874// 4858//
f 4858// 4874// 4867//
f 4858// 4867// 4856//
f 4841// 4875// 4876//
f 4841// 4876// 4839//
f 4839// 4876// 4877//
f 4839// 4877// 4837//
f 4837// 4877// 4871//
f 4837// 4871// 4835//
f 4812// 4878// 4879//
f 4812// 4879// 4803//
f 4803// 4879// 4880//
f 4803// 4880// 4805//
f 4805// 4880// 4881//
f 4805// 4881// 4843//
f 4843// 4881// 4875//
f 4843// 4875// 4841//
f 4808// 4882// 4883//
f 4808// 4883// 4809//
f 4809// 4883// 4884//
f 4809// 4884// 4810//
f 4810// 4884// 4885//
f 4810// 4885// 4811//
f 4811// 4885// 4878//
f 4811// 4878// 4812//
f 4808// 4807// 4882//
f 4882// 4807// 4886//
f 4807// 4806// 4886//
f 4886// 4806// 4866//
usemtl 1
f 4883// 4882// 4863//
f 4882// 4886// 4866//
f 4866// 4865// 4882//
f 4882// 4865// 4864//
f 4882// 4864// 4863//
f 4883// 4863// 4884//
f 4884// 4863// 4870//
f 4884// 4870// 4885//
f 4872// 4871// 4879//
f 4872// 4879// 4873//
f 4880// 4879// 4881//
f 4881// 4879// 4875//
f 4870// 4869// 4885//
f 4885// 4869// 4868//
f 4885// 4868// 4878//
f 4878// 4868// 4867//
f 4878// 4867// 4879//
f 4879// 4867// 4874//
f 4879// 4874// 4873//
f 4871// 4877// 4879//
f 4879// 4877// 4876//
f 4879// 4876// 4875//
usemtl 5
f 264// 4887// 4888//
f 4889// 324// 321//
f 4889// 321// 4890//
f 4890// 321// 273//
f 4890// 273// 4888//
f 4888// 273// 275//
f 4888// 275// 264//
f 4891// 4887// 263//
f 263// 4887// 264//
f 302// 4892// 4893//
f 4891// 263// 268//
f 4891// 268// 4893//
f 4893// 268// 278//
f 4893// 278// 302//
f 4892// 302// 301//
f 4892// 301// 4894//
f 4894// 301// 300//
f 4894// 300// 4895//
f 4895// 300// 299//
f 4895// 299// 4896//
f 4896// 299// 298//
f 4896// 298// 4897//
f 4897// 298// 297//
f 4897// 297// 4898//
f 4898// 297// 295//
f 4898// 295// 4899//
f 4899// 295// 283//
f 4899// 283// 4900//
f 4900// 283// 282//
f 4900// 282// 4901//
f 4901// 282// 280//
f 4901// 280// 4902//
f 4902// 280// 279//
f 4902// 279// 4903//
f 4903// 279// 317//
f 4903// 317// 4904//
f 4904// 317// 316//
f 4904// 316// 4905//
f 4905// 316// 314//
f 4905// 314// 4906//
f 4906// 314// 312//
f 4906// 312// 4907//
f 4907// 312// 311//
f 4907// 311// 4908//
f 4908// 311// 310//
f 4908// 310// 4909//
f 4909// 310// 309//
f 4909// 309// 4910//
f 4910// 309// 308//
f 4910// 308// 4911//
f 4911// 308// 305//
f 4911// 305// 4912//
f 4912// 305// 320//
f 4912// 320// 4913//
f 4913// 320// 319//
f 4913// 319// 4914//
f 4914// 319// 318//
f 4914// 318// 4915//
f 4915// 318// 307//
f 4915// 307// 4916//
f 4916// 307// 306//
f 4916// 306// 4917//
f 4917// 306// 304//
f 4917// 304// 4918//
f 4918// 304// 303//
f 4918// 303// 4919//
f 4919// 303// 313//
f 4919// 313// 4920//
f 4920// 313// 315//
f 4920// 315// 4921//
f 4921// 315// 281//
f 4921// 281// 4922//
f 4923// 4922// 294//
f 294// 4922// 281//
f 4923// 294// 293//
f 4923// 293// 4924//
f 4924// 293// 291//
f 4924// 291// 4925//
f 4925// 291// 290//
f 4925// 290// 4926//
f 4926// 290// 285//
f 4926// 285// 4927//
f 4927// 285// 284//
f 4927// 284// 4928//
f 4929// 4928// 289//
f 289// 4928// 284//
f 289// 288// 4929//
f 4929// 288// 287//
f 4929// 287// 4930//
f 4930// 287// 270//
f 4930// 270// 4931//
f 4931// 270// 269//
f 4931// 269// 4932//
f 4932// 269// 271//
f 4932// 271// 4933//
f 4933// 271// 272//
f 4933// 272// 4934//
f 4934// 272// 277//
f 4934// 277// 4935//
f 322// 4936// 4937//
f 4935// 277// 276//
f 4935// 276// 4938//
f 4938// 276// 274//
f 4938// 274// 4937//
f 4937// 274// 323//
f 4937// 323// 322//
f 4936// 322// 326//
f 4936// 326// 4939//
f 4939// 326// 337//
f 4939// 337// 4940//
f 4940// 337// 336//
f 4940// 336// 4941//
f 4941// 336// 335//
f 4941// 335// 4942//
f 4942// 335// 329//
f 4942// 329// 4943//
f 4943// 329// 328//
f 4943// 328// 4944//
f 4944// 328// 334//
f 4944// 334// 4945//
f 4945// 334// 333//
f 4945// 333// 4946//
f 4946// 333// 332//
f 4946// 332// 4947//
f 4947// 332// 331//
f 4947// 331// 4948//
f 4948// 331// 330//
f 4948// 330// 4949//
f 4949// 330// 327//
f 4949// 327// 4950//
f 4950// 327// 325//
f 4950// 325// 4951//
f 4951// 325// 324//
f 4951// 324// 4889//
f 4915// 4916// 4927//
f 4927// 4916// 4926//
f 4939// 4906// 4936//
f 4936// 4906// 4907//
f 4895// 4896// 4947//
f 4947// 4896// 4897//
f 4947// 4897// 4946//
f 4946// 4897// 4898//
f 4946// 4898// 4945//
f 4945// 4898// 4899//
f 4945// 4899// 4944//
f 4944// 4899// 4900//
f 4944// 4900// 4943//
f 4943// 4900// 4901//
f 4943// 4901// 4942//
f 4942// 4901// 4902//
f 4942// 4902// 4941//
f 4941// 4902// 4903//
f 4941// 4903// 4940//
f 4940// 4903// 4904//
f 4940// 4904// 4939//
f 4939// 4904// 4905//
f 4939// 4905// 4906//
f 4892// 4889// 4893//
f 4893// 4889// 4890//
f 4893// 4890// 4891//
f 4891// 4890// 4888//
f 4891// 4888// 4887//
f 4916// 4917// 4926//
f 4926// 4917// 4918//
f 4926// 4918// 4925//
f 4925// 4918// 4919//
f 4925// 4919// 4924//
f 4924// 4919// 4920//
f 4924// 4920// 4923//
f 4923// 4920// 4921//
f 4923// 4921// 4922//
f 4947// 4948// 4895//
f 4895// 4948// 4949//
f 4895// 4949// 4894//
f 4894// 4949// 4950//
f 4894// 4950// 4892//
f 4892// 4950// 4951//
f 4892// 4951// 4889//
f 4927// 4928// 4915//
f 4915// 4928// 4929//
f 4915// 4929// 4914//
f 4914// 4929// 4930//
f 4914// 4930// 4913//
f 4913// 4930// 4931//
f 4913// 4931// 4912//
f 4912// 4931// 4932//
f 4912// 4932// 4911//
f 4911// 4932// 4933//
f 4911// 4933// 4910//
f 4910// 4933// 4934//
f 4910// 4934// 4909//
f 4909// 4934// 4935//
f 4909// 4935// 4908//
f 4908// 4935// 4938//
f 4908// 4938// 4907//
f 4907// 4938// 4937//
f 4907// 4937// 4936//
f 4952// 4953// 254//
f 254// 4953// 256//
f 4954// 4952// 249//
f 249// 4952// 254//
f 4954// 249// 252//
f 4954// 252// 4955//
f 4955// 252// 251//
f 4955// 251// 4956//
f 4957// 4956// 250//
f 250// 4956// 251//
f 4958// 4957// 248//
f 248// 4957// 250//
f 485// 4959// 247//
f 247// 4959// 4958//
f 247// 4958// 248//
f 4960// 4959// 484//
f 484// 4959// 485//
f 2// 4961// 3//
f 3// 4961// 4960//
f 3// 4960// 484//
f 4962// 4961// 1//
f 1// 4961// 2//
f 4962// 1// 500//
f 4962// 500// 4963//
f 500// 499// 4963//
f 4963// 499// 496//
f 4963// 496// 4964//
f 4964// 496// 495//
f 4964// 495// 4965//
f 4965// 495// 497//
f 4965// 497// 4966//
f 4966// 497// 498//
f 4966// 498// 4967//
f 4967// 498// 490//
f 4967// 490// 4968//
f 4968// 490// 489//
f 4968// 489// 4969//
f 4970// 4969// 493//
f 493// 4969// 489//
f 4970// 493// 494//
f 4970// 494// 4971//
f 4971// 494// 492//
f 4971// 492// 4972//
f 4972// 492// 491//
f 4972// 491// 4973//
f 4973// 491// 488//
f 4973// 488// 4974//
f 4974// 488// 262//
f 4974// 262// 4975//
f 262// 261// 4975//
f 4975// 261// 260//
f 4975// 260// 4976//
f 4976// 260// 259//
f 4976// 259// 4977//
f 4977// 259// 258//
f 4977// 258// 4978//
f 4953// 4978// 256//
f 256// 4978// 258//
f 4955// 4956// 4978//
f 4953// 4952// 4978//
f 4978// 4952// 4954//
f 4978// 4954// 4955//
f 4959// 4960// 4958//
f 4958// 4960// 4961//
f 4958// 4961// 4957//
f 4977// 4963// 4976//
f 4976// 4963// 4964//
f 4969// 4970// 4968//
f 4968// 4970// 4971//
f 4968// 4971// 4967//
f 4967// 4971// 4972//
f 4967// 4972// 4966//
f 4966// 4972// 4973//
f 4966// 4973// 4965//
f 4965// 4973// 4974//
f 4965// 4974// 4964//
f 4964// 4974// 4975//
f 4964// 4975// 4976//
f 4956// 4957// 4978//
f 4978// 4957// 4961//
f 4978// 4961// 4977//
f 4977// 4961// 4962//
f 4977// 4962// 4963//
f 4979// 4980// 234//
f 234// 4980// 233//
f 238// 4981// 235//
f 235// 4981// 4979//
f 235// 4979// 234//
f 4982// 4981// 237//
f 237// 4981// 238//
f 229// 4983// 236//
f 236// 4983// 4982//
f 236// 4982// 237//
f 4984// 4983// 230//
f 230// 4983// 229//
f 241// 4985// 231//
f 231// 4985// 4984//
f 231// 4984// 230//
f 4986// 4985// 240//
f 240// 4985// 241//
f 228// 4987// 239//
f 239// 4987// 4986//
f 239// 4986// 240//
f 242// 4988// 227//
f 227// 4988// 4987//
f 227// 4987// 228//
f 245// 4989// 246//
f 246// 4989// 4988//
f 246// 4988// 242//
f 257// 4990// 255//
f 255// 4990// 4989//
f 255// 4989// 245//
f 233// 4980// 486//
f 486// 4980// 4990//
f 486// 4990// 257//
f 4990// 4980// 4979//
f 4979// 4981// 4990//
f 4990// 4981// 4982//
f 4990// 4982// 4989//
f 4987// 4988// 4986//
f 4986// 4988// 4989//
f 4986// 4989// 4985//
f 4985// 4989// 4982//
f 4985// 4982// 4984//
f 4984// 4982// 4983//
f 4991// 4992// 4993//
f 4993// 4992// 4994//
f 4993// 4994// 4995//
f 4995// 4994// 4996//
f 4995// 4996// 4997//
f 4997// 4996// 4998//
f 4997// 4998// 4999//
f 4999// 4998// 5000//
f 4999// 5000// 5001//
f 5001// 5000// 5002//
f 5001// 5002// 5003//
f 5003// 5002// 5004//
f 5003// 5004// 5005//
f 5005// 5004// 5006//
f 5005// 5006// 5007//
f 5007// 5006// 5008//
f 5007// 5008// 5009//
f 5009// 5008// 5010//
f 5009// 5010// 5011//
f 5011// 5010// 5012//
f 5011// 5012// 5013//
f 5013// 5012// 5014//
f 5013// 5014// 5015//
f 5015// 5014// 5016//
f 5015// 5016// 5017//
f 5017// 5016// 5018//
f 5017// 5018// 5019//
f 5019// 5018// 5020//
f 5019// 5020// 5021//
f 5021// 5020// 5022//
f 5021// 5022// 5023//
f 5023// 5022// 5024//
f 5023// 5024// 5025//
f 5025// 5024// 4991//
f 5025// 4991// 4993//
f 4999// 5001// 219//
f 219// 5001// 220//
f 4999// 219// 208//
f 4999// 208// 4997//
f 4997// 208// 215//
f 4997// 215// 4995//
f 4995// 215// 214//
f 4995// 214// 4993//
f 4993// 214// 210//
f 4993// 210// 5025//
f 5025// 210// 209//
f 5025// 209// 5023//
f 5023// 209// 218//
f 5023// 218// 5021//
f 5021// 218// 217//
f 5021// 217// 5019//
f 5019// 217// 216//
f 5019// 216// 5017//
f 5017// 216// 213//
f 5017// 213// 5015//
f 5015// 213// 212//
f 5015// 212// 5013//
f 5013// 212// 211//
f 5013// 211// 5011//
f 225// 5005// 205//
f 205// 5005// 5007//
f 205// 5007// 204//
f 204// 5007// 5009//
f 204// 5009// 202//
f 202// 5009// 5011//
f 202// 5011// 211//
f 5003// 5005// 224//
f 224// 5005// 225//
f 220// 5001// 222//
f 222// 5001// 5003//
f 222// 5003// 224//
f 5006// 5004// 5026//
f 5026// 5004// 5027//
f 5004// 5002// 5027//
f 5027// 5002// 5028//
f 5002// 5000// 5028//
f 5028// 5000// 5029//
f 4992// 5030// 5031//
f 4992// 5031// 4994//
f 4994// 5031// 5032//
f 4994// 5032// 4996//
f 4996// 5032// 5033//
f 4996// 5033// 4998//
f 4998// 5033// 5029//
f 4998// 5029// 5000//
f 5020// 5034// 5035//
f 5020// 5035// 5022//
f 5022// 5035// 5036//
f 5022// 5036// 5024//
f 5024// 5036// 5037//
f 5024// 5037// 4991//
f 4991// 5037// 5030//
f 4991// 5030// 4992//
f 5012// 5038// 5039//
f 5012// 5039// 5014//
f 5014// 5039// 5040//
f 5014// 5040// 5016//
f 5016// 5040// 5041//
f 5016// 5041// 5018//
f 5018// 5041// 5034//
f 5018// 5034// 5020//
f 5006// 5026// 5042//
f 5006// 5042// 5008//
f 5008// 5042// 5043//
f 5008// 5043// 5010//
f 5010// 5043// 5038//
f 5010// 5038// 5012//
usemtl 1
f 5027// 5028// 5026//
f 5026// 5028// 5029//
f 5029// 5033// 5026//
f 5026// 5033// 5032//
f 5026// 5032// 5031//
f 5034// 5038// 5043//
f 5031// 5030// 5026//
f 5026// 5030// 5037//
f 5026// 5037// 5036//
f 5038// 5034// 5039//
f 5039// 5034// 5041//
f 5039// 5041// 5040//
f 5036// 5035// 5026//
f 5026// 5035// 5034//
f 5026// 5034// 5042//
f 5042// 5034// 5043//
usemtl 5
f 5044// 5045// 5046//
f 5047// 5048// 5049//
f 5045// 5050// 5046//
f 5046// 5050// 5051//
f 5046// 5051// 5052//
f 5052// 5051// 5053//
f 5052// 5053// 5054//
f 5054// 5055// 5052//
f 5052// 5055// 5056//
f 5052// 5056// 5057//
f 5058// 5057// 5059//
f 5059// 5057// 5056//
f 5059// 5056// 5049//
f 5049// 5056// 5044//
f 5049// 5044// 5047//
f 5047// 5044// 5046//
f 5052// 5057// 508//
f 508// 5057// 509//
f 5046// 5052// 507//
f 507// 5052// 508//
f 5047// 5046// 506//
f 506// 5046// 507//
f 5048// 5047// 505//
f 505// 5047// 506//
f 5049// 5048// 512//
f 512// 5048// 505//
f 5059// 5049// 511//
f 511// 5049// 512//
f 5058// 5059// 510//
f 510// 5059// 511//
f 5057// 5058// 509//
f 509// 5058// 510//
f 5044// 5056// 5060//
f 5060// 5056// 5061//
f 5056// 5055// 5061//
f 5061// 5055// 5062//
f 5053// 5063// 5064//
f 5053// 5064// 5054//
f 5054// 5064// 5062//
f 5054// 5062// 5055//
f 5053// 5051// 5063//
f 5063// 5051// 5065//
f 5045// 5066// 5067//
f 5045// 5067// 5050//
f 5050// 5067// 5065//
f 5050// 5065// 5051//
f 5045// 5044// 5066//
f 5066// 5044// 5060//
usemtl 1
f 5063// 5065// 5064//
f 5064// 5065// 5067//
f 5064// 5067// 5062//
f 5062// 5067// 5066//
f 5062// 5066// 5061//
f 5061// 5066// 5060//
usemtl 5
f 5068// 5069// 5070//
f 5071// 5072// 5073//
f 5074// 5075// 5071//
f 5076// 5077// 5078//
f 5079// 5080// 5081//
f 5082// 5083// 5070//
f 5070// 5083// 5084//
f 5070// 5084// 5068//
f 5078// 5077// 5085//
f 5075// 5086// 5071//
f 5071// 5086// 5087//
f 5071// 5087// 5088//
f 5089// 5090// 5091//
f 5091// 5090// 5092//
f 5091// 5092// 5093//
f 5093// 5092// 5094//
f 5093// 5094// 5095//
f 5095// 5094// 5096//
f 5095// 5096// 5097//
f 5097// 5096// 5070//
f 5097// 5070// 5098//
f 5098// 5070// 5099//
f 5100// 5101// 5089//
f 5089// 5101// 5102//
f 5089// 5102// 5090//
f 5103// 5104// 5105//
f 5105// 5104// 5106//
f 5105// 5106// 5107//
f 5107// 5106// 5108//
f 5107// 5108// 5109//
f 5109// 5108// 5110//
f 5079// 5081// 5111//
f 5111// 5081// 5112//
f 5111// 5112// 5113//
f 5113// 5112// 5114//
f 5113// 5114// 5115//
f 5077// 5116// 5085//
f 5085// 5116// 5117//
f 5085// 5117// 5118//
f 5118// 5117// 5119//
f 5118// 5119// 5079//
f 5079// 5119// 5120//
f 5079// 5120// 5080//
f 5087// 5121// 5088//
f 5088// 5121// 5122//
f 5088// 5122// 5123//
f 5123// 5122// 5124//
f 5123// 5124// 5125//
f 5126// 5127// 5128//
f 5128// 5127// 5129//
f 5128// 5129// 5130//
f 5130// 5129// 5131//
f 5130// 5131// 5132//
f 5132// 5131// 5133//
f 5132// 5133// 5134//
f 5134// 5133// 5135//
f 5134// 5135// 5136//
f 5074// 5071// 5137//
f 5137// 5071// 5073//
f 5137// 5073// 5089//
f 5089// 5073// 5138//
f 5089// 5138// 5100//
f 5108// 5139// 5110//
f 5110// 5139// 5140//
f 5110// 5140// 5141//
f 5141// 5140// 5142//
f 5141// 5142// 5143//
f 5143// 5142// 5144//
f 5143// 5144// 5145//
f 5145// 5144// 5146//
f 5145// 5146// 5147//
f 5147// 5146// 5148//
f 5147// 5148// 5149//
f 5149// 5148// 5150//
f 5149// 5150// 5126//
f 5126// 5150// 5151//
f 5126// 5151// 5127//
f 5152// 5153// 5154//
f 5154// 5153// 5155//
f 5154// 5155// 5105//
f 5105// 5155// 5156//
f 5105// 5156// 5103//
f 5157// 5158// 5159//
f 5159// 5158// 5160//
f 5159// 5160// 5161//
f 5161// 5160// 5162//
f 5161// 5162// 5163//
f 5163// 5162// 5164//
f 5163// 5164// 5165//
f 5165// 5164// 5166//
f 5165// 5166// 5082//
f 5082// 5166// 5167//
f 5082// 5167// 5083//
f 5099// 5070// 5168//
f 5168// 5070// 5069//
f 5168// 5069// 5169//
f 5115// 5114// 5170//
f 5170// 5114// 5171//
f 5170// 5171// 5172//
f 5172// 5171// 5173//
f 5172// 5173// 5174//
f 5174// 5173// 5175//
f 5174// 5175// 5176//
f 5176// 5175// 5177//
f 5176// 5177// 5152//
f 5152// 5177// 5178//
f 5152// 5178// 5153//
f 5078// 5179// 5076//
f 5076// 5179// 5180//
f 5076// 5180// 5181//
f 5181// 5180// 5182//
f 5181// 5182// 5183//
f 5183// 5182// 5184//
f 5183// 5184// 5157//
f 5157// 5184// 5185//
f 5157// 5185// 5158//
f 5125// 5124// 5186//
f 5186// 5124// 5187//
f 5186// 5187// 5188//
f 5188// 5187// 5189//
f 5188// 5189// 5190//
f 5190// 5189// 5191//
f 5190// 5191// 5192//
f 5192// 5191// 5193//
f 5192// 5193// 5194//
f 5194// 5193// 5195//
f 5194// 5195// 5196//
f 5196// 5195// 5197//
f 5196// 5197// 5198//
f 5198// 5197// 5199//
f 5198// 5199// 5200//
f 5200// 5199// 5201//
f 5200// 5201// 5202//
f 5202// 5201// 5203//
f 5202// 5203// 5069//
f 5069// 5203// 5204//
f 5069// 5204// 5169//
f 5205// 5206// 5207//
f 5135// 5208// 5136//
f 5136// 5208// 5205//
f 5136// 5205// 5209//
f 5209// 5205// 5207//
f 5210// 5211// 5205//
f 5205// 5211// 5212//
f 5205// 5212// 5206//
f 5213// 5214// 5215//
f 5214// 5216// 5215//
f 5215// 5216// 5217//
f 5215// 5217// 5218//
f 5210// 5205// 5215//
f 5215// 5205// 5219//
f 5215// 5219// 5213//
f 5145// 196// 195//
f 201// 5110// 5141//
f 5145// 195// 5143//
f 5143// 195// 26//
f 5143// 26// 5141//
f 5141// 26// 25//
f 5141// 25// 201//
f 201// 199// 5110//
f 5110// 199// 198//
f 5110// 198// 5109//
f 5109// 198// 39//
f 5109// 39// 5107//
f 5107// 39// 38//
f 5107// 38// 5105//
f 5105// 38// 37//
f 5105// 37// 5154//
f 5154// 37// 36//
f 5154// 36// 5152//
f 50// 5172// 5174//
f 5152// 36// 35//
f 5152// 35// 5176//
f 35// 40// 5176//
f 5176// 40// 42//
f 5176// 42// 5174//
f 5174// 42// 49//
f 5174// 49// 50//
f 60// 5113// 5115//
f 5172// 50// 52//
f 5172// 52// 5170//
f 5170// 52// 32//
f 5170// 32// 5115//
f 5115// 32// 31//
f 5115// 31// 60//
f 65// 5079// 5111//
f 5113// 60// 59//
f 5113// 59// 5111//
f 5111// 59// 63//
f 5111// 63// 65//
f 5079// 65// 64//
f 5079// 64// 5118//
f 5118// 64// 62//
f 5118// 62// 5085//
f 5085// 62// 61//
f 5085// 61// 5078//
f 5078// 61// 68//
f 5078// 68// 5179//
f 5179// 68// 67//
f 5179// 67// 5180//
f 5180// 67// 66//
f 5180// 66// 5182//
f 78// 5160// 5158//
f 5182// 66// 74//
f 5182// 74// 5184//
f 5184// 74// 73//
f 5184// 73// 5185//
f 73// 72// 5185//
f 5185// 72// 71//
f 5185// 71// 5158//
f 5158// 71// 79//
f 5158// 79// 78//
f 89// 5162// 76//
f 76// 5162// 5160//
f 76// 5160// 78//
f 89// 88// 5162//
f 5162// 88// 87//
f 5162// 87// 5164//
f 5164// 87// 84//
f 5164// 84// 5166//
f 5166// 84// 83//
f 5166// 83// 5167//
f 5167// 83// 106//
f 5167// 106// 5083//
f 5083// 106// 105//
f 5083// 105// 5084//
f 5084// 105// 100//
f 5084// 100// 5068//
f 5068// 100// 101//
f 5068// 101// 5069//
f 5069// 101// 102//
f 5069// 102// 5202//
f 5202// 102// 133//
f 5202// 133// 5200//
f 5200// 133// 132//
f 5200// 132// 5198//
f 5198// 132// 131//
f 5198// 131// 5196//
f 5196// 131// 121//
f 5196// 121// 5194//
f 5194// 121// 120//
f 5194// 120// 5192//
f 5192// 120// 119//
f 5192// 119// 5190//
f 5190// 119// 104//
f 5190// 104// 5188//
f 5188// 104// 103//
f 5188// 103// 5186//
f 5186// 103// 129//
f 5186// 129// 5125//
f 5125// 129// 130//
f 5125// 130// 5123//
f 5088// 5123// 116//
f 116// 5123// 130//
f 5071// 5088// 82//
f 82// 5088// 116//
f 145// 5072// 141//
f 141// 5072// 5071//
f 141// 5071// 110//
f 110// 5071// 82//
f 29// 153// 5073//
f 29// 5073// 30//
f 30// 5073// 5072//
f 30// 5072// 145//
f 158// 5102// 5101//
f 5073// 153// 152//
f 5073// 152// 5138//
f 5138// 152// 151//
f 5138// 151// 5100//
f 5100// 151// 28//
f 5100// 28// 5101//
f 5101// 28// 159//
f 5101// 159// 158//
f 5090// 5102// 157//
f 157// 5102// 158//
f 157// 155// 5090//
f 5090// 155// 154//
f 5090// 154// 5092//
f 5092// 154// 162//
f 5092// 162// 5094//
f 5094// 162// 161//
f 5094// 161// 5096//
f 5096// 161// 165//
f 5096// 165// 5070//
f 143// 5161// 156//
f 156// 5161// 5163//
f 156// 5163// 160//
f 160// 5163// 5165//
f 160// 5165// 163//
f 163// 5165// 5082//
f 163// 5082// 164//
f 164// 5082// 5070//
f 164// 5070// 165//
f 143// 144// 5161//
f 5161// 144// 146//
f 5161// 146// 5159//
f 5157// 5159// 147//
f 147// 5159// 146//
f 147// 168// 5157//
f 5157// 168// 167//
f 5157// 167// 5183//
f 5183// 167// 180//
f 5183// 180// 5181//
f 180// 194// 5181//
f 5181// 194// 193//
f 5181// 193// 5076//
f 5076// 193// 192//
f 5076// 192// 5077//
f 5077// 192// 186//
f 5077// 186// 5116//
f 5116// 186// 185//
f 5116// 185// 5117//
f 5117// 185// 184//
f 5117// 184// 5119//
f 5119// 184// 181//
f 5119// 181// 5120//
f 5120// 181// 176//
f 5120// 176// 5080//
f 5080// 176// 179//
f 5080// 179// 5081//
f 5081// 179// 187//
f 5081// 187// 5112//
f 5112// 187// 189//
f 5112// 189// 5114//
f 5114// 189// 191//
f 5114// 191// 5171//
f 5171// 191// 190//
f 5171// 190// 5173//
f 166// 5103// 182//
f 182// 5103// 5156//
f 182// 5156// 183//
f 183// 5156// 5155//
f 183// 5155// 174//
f 174// 5155// 5153//
f 174// 5153// 175//
f 175// 5153// 5178//
f 175// 5178// 177//
f 177// 5178// 5177//
f 177// 5177// 178//
f 178// 5177// 5175//
f 178// 5175// 188//
f 188// 5175// 5173//
f 188// 5173// 190//
f 5104// 5103// 169//
f 169// 5103// 166//
f 5104// 169// 173//
f 5104// 173// 5106//
f 5106// 173// 172//
f 5106// 172// 5108//
f 5108// 172// 171//
f 5108// 171// 5139//
f 5139// 171// 170//
f 5139// 170// 5140//
f 5140// 170// 150//
f 5140// 150// 5142//
f 150// 149// 5142//
f 5142// 149// 148//
f 5142// 148// 5144//
f 5144// 148// 142//
f 5144// 142// 5146//
f 142// 140// 5146//
f 5146// 140// 139//
f 5146// 139// 5148//
f 139// 109// 5148//
f 5148// 109// 108//
f 5148// 108// 5150//
f 5150// 108// 107//
f 5150// 107// 5151//
f 5151// 107// 138//
f 5151// 138// 5127//
f 5127// 138// 137//
f 5127// 137// 5129//
f 5129// 137// 136//
f 5129// 136// 5131//
f 5131// 136// 135//
f 5131// 135// 5133//
f 5135// 5133// 134//
f 134// 5133// 135//
f 5135// 134// 92//
f 5135// 92// 5208//
f 5208// 92// 91//
f 5208// 91// 5205//
f 5205// 91// 90//
f 5205// 90// 5219//
f 5219// 90// 81//
f 5219// 81// 5213//
f 5213// 81// 80//
f 5213// 80// 5214//
f 5214// 80// 86//
f 5214// 86// 5216//
f 5216// 86// 118//
f 5216// 118// 5217//
f 5217// 118// 117//
f 5217// 117// 5218//
f 5218// 117// 115//
f 5218// 115// 5215//
f 5215// 115// 114//
f 5215// 114// 5210//
f 5210// 114// 128//
f 5210// 128// 5211//
f 5211// 128// 127//
f 5211// 127// 5212//
f 5212// 127// 126//
f 5212// 126// 5206//
f 5206// 126// 125//
f 5206// 125// 5207//
f 5207// 125// 124//
f 5207// 124// 5209//
f 5209// 124// 123//
f 5209// 123// 5136//
f 5136// 123// 122//
f 5136// 122// 5134//
f 5132// 5134// 113//
f 113// 5134// 122//
f 5132// 113// 112//
f 5132// 112// 5130//
f 5130// 112// 111//
f 5130// 111// 5128//
f 5128// 111// 99//
f 5128// 99// 5126//
f 5126// 99// 98//
f 5126// 98// 5149//
f 5149// 98// 96//
f 5149// 96// 5147//
f 5147// 96// 94//
f 5147// 94// 5145//
f 5145// 94// 197//
f 5145// 197// 196//
f 5137// 5220// 5221//
f 5137// 5221// 5074//
f 5074// 5221// 5222//
f 5074// 5222// 5075//
f 5075// 5222// 5223//
f 5075// 5223// 5086//
f 5086// 5223// 5224//
f 5086// 5224// 5087//
f 5087// 5224// 5225//
f 5087// 5225// 5121//
f 5121// 5225// 5226//
f 5121// 5226// 5122//
f 5122// 5226// 5227//
f 5122// 5227// 5124//
f 5124// 5227// 5228//
f 5124// 5228// 5187//
f 5187// 5228// 5229//
f 5187// 5229// 5189//
f 5189// 5229// 5230//
f 5189// 5230// 5191//
f 5191// 5230// 5231//
f 5191// 5231// 5193//
f 5193// 5231// 5232//
f 5193// 5232// 5195//
f 5195// 5232// 5233//
f 5195// 5233// 5197//
f 5197// 5233// 5234//
f 5197// 5234// 5199//
f 5199// 5234// 5235//
f 5199// 5235// 5201//
f 5201// 5235// 5236//
f 5201// 5236// 5203//
f 5203// 5236// 5237//
f 5203// 5237// 5204//
f 5204// 5237// 5238//
f 5204// 5238// 5169//
f 5169// 5238// 5239//
f 5169// 5239// 5168//
f 5168// 5239// 5240//
f 5168// 5240// 5099//
f 5099// 5240// 5241//
f 5099// 5241// 5098//
f 5098// 5241// 5242//
f 5098// 5242// 5097//
f 5097// 5242// 5243//
f 5097// 5243// 5095//
f 5095// 5243// 5244//
f 5095// 5244// 5093//
f 5093// 5244// 5245//
f 5093// 5245// 5091//
f 5091// 5245// 5246//
f 5091// 5246// 5089//
f 5089// 5246// 5220//
f 5089// 5220// 5137//
usemtl 1
f 5234// 5244// 5243//
f 5232// 5231// 5221//
f 5220// 5246// 5234//
f 5234// 5246// 5245//
f 5234// 5245// 5244//
f 5239// 5238// 5243//
f 5243// 5238// 5237//
f 5220// 5234// 5221//
f 5221// 5234// 5233//
f 5221// 5233// 5232//
f 5242// 5241// 5243//
f 5243// 5241// 5240//
f 5243// 5240// 5239//
f 5237// 5236// 5243//
f 5243// 5236// 5235//
f 5243// 5235// 5234//
f 5231// 5230// 5221//
f 5221// 5230// 5229//
f 5221// 5229// 5228//
f 5228// 5227// 5221//
f 5221// 5227// 5226//
f 5221// 5226// 5225//
f 5225// 5224// 5221//
f 5221// 5224// 5223//
f 5221// 5223// 5222//
