v -0.209639 -1.55 0.0
v -1.7 -1.55 0.0
v -1.7 -0.258722 0.0
newmtl 1
Ka 0.25098039215686274 0.25098039215686274 0.25098039215686274
Kd 0.25098039215686274 0.25098039215686274 0.25098039215686274
Ks 0.12549019607843137 0.12549019607843137 0.12549019607843137
d 0.0
endmtl
v -0.209639 1.55 0.0
v -0.160858 -0.200795 0.0
v -0.209639 -0.258722 0.0
v -0.160858 -0.255673 0.0
v 0.107434 -0.255673 0.0
v 0.204995 -0.229759 0.0
v 0.204995 -0.174881 0.0
v 0.107434 0.244327 0.0
v 0.258293 -0.251642 0.0
v 0.308816 -0.258722 0.0
v 0.040361 0.189449 0.0
v 0.040361 0.024815 0.0
v -0.148663 0.189449 0.0
v -0.136468 0.024815 0.0
v 0.040361 -0.030063 0.0
v 0.040361 -0.200795 0.0
v -0.136468 -0.030063 0.0
v 0.875727 -0.255673 0.0
v 0.371975 -0.258722 0.0
v 0.619629 -0.255673 0.0
v 0.404189 -0.255382 0.0
v 0.452651 -0.238701 0.0
v -0.148663 0.244327 0.0
v 0.550451 0.112861 0.0
v 0.521096 0.159574 0.0
v 0.808654 0.244327 0.0
v 0.371322 0.190017 0.0
v 0.408746 0.176511 0.0
v 0.213956 -0.179844 0.0
v 0.443353 0.153359 0.0
v 0.473547 0.120026 0.0
v 0.509873 -0.011009 0.0
v 0.504811 -0.065136 0.0
v 0.491227 -0.108144 0.0
v 0.379966 -0.201661 0.0
v 0.33333 -0.206893 0.0
v 0.416398 -0.188249 0.0
v 0.447084 -0.167567 0.0
v 0.470547 -0.142814 0.0
v 0.266959 -0.199526 0.0
v 0.494161 0.081421 0.0
v 0.507488 0.027894 0.0
v 0.492871 -0.213018 0.0
v 0.530427 -0.173479 0.0
v 0.619629 -0.200795 0.0
v 0.557063 -0.125936 0.0
v 0.808654 -0.200795 0.0
v 0.572111 -0.073012 0.0
v 0.576947 -0.015105 0.0
v 0.569754 0.05598 0.0
v 0.475886 0.202961 0.0
v 0.428375 0.230236 0.0
v 0.372633 0.246367 0.0
v 0.322659 0.250424 0.0
v 0.262803 0.246294 0.0
v 0.204995 0.230607 0.0
v 0.204995 0.163534 0.0
v 0.261315 0.187651 0.0
v 0.322088 0.195546 0.0
v 0.3289 -0.261536 0.0
v 0.342571 -0.261771 0.0
v 0.875727 0.244327 0.0
v 1.7 1.55 0.0
v 1.7 -0.258722 0.0
v 1.7 -1.55 0.0
v -0.697444 -0.255673 0.0
v -0.635891 -0.118634 0.0
v -0.607218 -0.163356 0.0
v -1.148663 -0.255673 0.0
v -0.953541 0.244327 0.0
v -1.7 1.55 0.0
v -0.886468 0.244327 0.0
v -1.075493 -0.255673 0.0
v -0.566063 -0.202761 0.0
v -0.513856 -0.2331 0.0
v -0.456242 -0.250273 0.0
v -0.394376 -0.255673 -0.0
v -0.258419 -0.255673 0.0
v -0.258419 0.244327 0.0
v -0.399521 0.244327 0.0
v -0.585376 0.178978 0.0
v -0.620673 0.139764 0.0
v -0.643868 0.096741 0.0
v -0.471757 0.236605 0.0
v -0.530179 0.216102 0.0
v -0.58462 0.179643 0.0
v -0.770615 -0.255673 0.0
v -0.818347 -0.115429 0.0
v -1.024902 -0.115429 0.0
v -0.657257 0.047469 0.0
v -0.660858 6.15E-4 0.0
v -0.653842 -0.0663 0.0
v -1.7 1.6 0.05
v -1.7 1.6 0.75
v 1.7 1.6 0.05
v 1.7 1.6 0.75
v -1.7 -1.6 0.75
v -1.7 -1.6 0.05
v 1.7 -1.6 0.75
v 1.7 -1.6 0.05
v 1.7 1.55 0.8
v -1.7 1.55 0.8
v 1.7 -1.55 0.8
v -1.7 -1.55 0.8
v -1.7 1.562859 9.54E-4
v 1.7 1.562859 9.54E-4
v -1.7 1.575355 0.004438
v 1.7 1.575355 0.004438
v -1.7 1.583346 0.008941
v 1.7 1.583346 0.008941
v -1.7 1.589734 0.014954
v 1.7 1.589734 0.014954
v -1.7 1.594554 0.022443
v 1.7 1.594554 0.022443
v -1.7 1.598196 0.032807
v 1.7 1.598196 0.032807
v 1.7 -1.562859 9.54E-4
v -1.7 -1.562859 9.54E-4
v 1.7 -1.575355 0.004438
v -1.7 -1.575355 0.004438
v 1.7 -1.583346 0.008941
v -1.7 -1.583346 0.008941
v 1.7 -1.589734 0.014954
v -1.7 -1.589734 0.014954
v 1.7 -1.594554 0.022443
v -1.7 -1.594554 0.022443
v 1.7 -1.598196 0.032807
v -1.7 -1.598196 0.032807
v -1.7 -1.562859 0.799046
v 1.7 -1.562859 0.799046
v -1.7 -1.575355 0.795562
v 1.7 -1.575355 0.795562
v -1.7 -1.583346 0.791059
v 1.7 -1.583346 0.791059
v -1.7 -1.589734 0.785046
v 1.7 -1.589734 0.785046
v -1.7 -1.594554 0.777557
v 1.7 -1.594554 0.777557
v -1.7 -1.598196 0.767193
v 1.7 -1.598196 0.767193
v 1.7 1.562859 0.799046
v -1.7 1.562859 0.799046
v 1.7 1.575355 0.795562
v -1.7 1.575355 0.795562
v 1.7 1.583346 0.791059
v -1.7 1.583346 0.791059
v 1.7 1.589734 0.785046
v -1.7 1.589734 0.785046
v 1.7 1.594554 0.777557
v -1.7 1.594554 0.777557
v 1.7 1.598196 0.767193
v -1.7 1.598196 0.767193
v -2.9 1.61 0.05
v -2.9 1.61 0.75
v -1.7 1.61 0.05
newmtl 2
Ka 1.0 1.0 1.0
Kd 1.0 1.0 1.0
Ks 0.5019607843137255 0.5019607843137255 0.5019607843137255
d 0.0
endmtl
v -1.7 1.61 0.75
v -1.7 1.599117 0.010085
v -1.7 1.600301 0.011452
v -1.7 1.604439 0.019662
v -1.7 1.605682 0.022127
v -1.7 -1.596526 0.006608
v -1.7 -1.591828 0.00254
v -1.7 1.596526 0.793392
v -1.7 1.591828 0.79746
v -1.7 1.608496 0.034608
v -1.7 1.609403 0.03863
v -1.7 1.608385 0.765423
v -1.7 1.607844 0.770591
v -1.7 1.593392 0.003474
v -1.7 1.591925 0.002459
v -1.7 -1.588548 -3.01E-4
v -1.7 -1.582879 -0.003159
v -1.7 -1.602895 0.015812
v -1.7 -1.598981 0.010155
v -1.7 -1.600301 0.788548
v -1.7 -1.593392 0.796526
v -1.7 -1.599117 0.789915
v -1.7 1.604303 0.78032
v -1.7 1.602895 0.784188
v -1.7 1.598981 0.789845
v -1.7 -1.604439 0.780338
v -1.7 -1.605682 0.777873
v -1.7 -1.584188 0.802896
v -1.7 -1.591925 0.797541
v -1.7 1.588548 0.800301
v -1.7 1.582879 0.803159
v -1.7 1.584188 -0.002896
v -1.7 1.582987 -0.003333
v -1.7 -1.608385 0.034577
v -1.7 -1.607844 0.029409
v -1.7 -1.604303 0.01968
v -1.7 1.570591 -0.007844
v -1.7 1.55 -0.01
v -1.7 -1.608496 0.765392
v -1.7 -1.609403 0.76137
v -1.7 -1.61 0.75
v -1.7 -1.61 0.05
v -1.7 1.577873 0.805682
v -1.7 1.570479 0.807349
v -1.7 1.56137 0.809403
v -1.7 1.55 0.81
v -1.7 -1.55 0.81
v -1.7 -1.570591 0.807844
v -1.7 -1.582987 0.803333
v -1.7 -1.55 -0.01
v -1.7 -1.56137 -0.009403
v -1.7 -1.570479 -0.007349
v -1.7 -1.577873 -0.005682
v -2.9 -1.61 0.05
v -2.9 -1.61 0.75
v -3.21 -1.3 0.75
v -3.21 -1.3 0.05
v -3.208177 -1.31703 0.05
v -3.201178 -1.382415 0.75
v -3.199851 -1.394808 0.05
v -3.198572 -1.40675 0.75
v -3.198572 -1.40675 0.05
v -3.188526 -1.434892 0.75
v -3.182975 -1.450439 0.05
v -3.175577 -1.471162 0.75
v -3.175577 -1.471162 0.05
v -3.171601 -1.477261 0.75
v -3.164793 -1.487703 0.05
v -3.14887 -1.512128 0.75
v -3.145252 -1.517677 0.05
v -3.145252 -1.517677 0.75
v -3.141846 -1.520848 0.05
v -3.12015 -1.541042 0.75
v -3.111865 -1.548754 0.05
v -3.105053 -1.555094 0.75
v -3.105053 -1.555094 0.05
v -3.087779 -1.564721 0.75
v -3.076872 -1.5708 0.05
v -3.055019 -1.582979 0.75
v -3.055019 -1.582979 0.05
v -3.050889 -1.584113 0.75
v -3.035025 -1.588468 0.05
v -2.994509 -1.599592 0.75
v -2.982489 -1.602892 0.05
v -2.976938 -1.604416 0.75
v -2.976938 -1.604416 0.05
v -2.917127 -1.608757 0.75
v -3.21 1.3 0.05
v -3.21 1.3 0.75
v -2.91703 1.608177 0.05
v -2.982415 1.601177 0.75
v -2.994808 1.599851 0.05
v -3.00675 1.598572 0.75
v -3.00675 1.598572 0.05
v -3.034892 1.588526 0.75
v -3.05044 1.582975 0.05
v -3.071162 1.575577 0.75
v -3.071162 1.575577 0.05
v -3.077261 1.571601 0.75
v -3.087703 1.564794 0.05
v -3.112128 1.54887 0.75
v -3.117677 1.545252 0.05
v -3.117677 1.545252 0.75
v -3.120847 1.541846 0.05
v -3.141042 1.52015 0.75
v -3.148754 1.511865 0.05
v -3.155094 1.505053 0.75
v -3.155094 1.505053 0.05
v -3.164721 1.487779 0.75
v -3.1708 1.476872 0.05
v -3.182979 1.455019 0.75
v -3.182979 1.455019 0.05
v -3.184113 1.450888 0.75
v -3.188468 1.435025 0.05
v -3.199592 1.394509 0.75
v -3.202892 1.382489 0.05
v -3.204416 1.376937 0.75
v -3.204416 1.376937 0.05
v -3.208757 1.317127 0.75
v -2.972427 -1.543658 -0.01
v -3.006999 -1.536328 -0.01
v -3.016031 -1.532719 -0.01
v -3.103596 -1.473929 -0.01
v -3.113961 -1.457085 -0.01
v -3.123257 -1.44198 -0.01
v -3.128251 -1.428414 -0.01
v -3.049077 -1.518981 -0.01
v -3.075015 -1.501883 -0.01
v -3.138107 -1.401642 -0.01
v -3.141646 -1.382819 -0.01
v -3.147063 -1.354 -0.01
v -2.960868 -1.546109 -0.01
v -2.9 -1.55 -0.01
v -3.047034 -1.520328 -0.01
v -3.079025 -1.49924 -0.01
v -3.09652 -1.481218 -0.01
v -3.136328 1.406999 -0.01
v -3.132719 1.416031 -0.01
v -3.073929 1.503596 -0.01
v -3.057085 1.513961 -0.01
v -3.04198 1.523257 -0.01
v -3.028414 1.528251 -0.01
v -3.001642 1.538107 -0.01
v -2.982819 1.541646 -0.01
v -2.954 1.547063 -0.01
v -2.91539 1.549163 -0.01
v -2.9 1.55 -0.01
v -3.149163 -1.31539 -0.01
v -3.15 -1.3 -0.01
v -3.15 1.3 -0.01
v -3.146109 1.360868 -0.01
v -3.143658 1.372427 -0.01
v -3.101883 1.475015 -0.01
v -3.09924 1.479025 -0.01
v -3.081218 1.49652 -0.01
v -3.120328 1.447034 -0.01
v -3.118981 1.449077 -0.01
v -3.136328 -1.406999 0.81
v -3.132719 -1.416031 0.81
v -3.120328 -1.447034 0.81
v -3.118981 -1.449077 0.81
v -3.101883 -1.475015 0.81
v -2.972427 1.543658 0.81
v -3.006999 1.536328 0.81
v -3.016031 1.532719 0.81
v -3.123257 1.44198 0.81
v -3.128251 1.428414 0.81
v -3.09924 -1.479025 0.81
v -3.081218 -1.49652 0.81
v -3.073929 -1.503596 0.81
v -3.057085 -1.513961 0.81
v -3.04198 -1.523257 0.81
v -3.028414 -1.528251 0.81
v -3.001642 -1.538107 0.81
v -2.982819 -1.541646 0.81
v -2.954 -1.547063 0.81
v -2.91539 -1.549163 0.81
v -2.9 -1.55 0.81
v -3.138107 1.401642 0.81
v -3.141646 1.382819 0.81
v -3.147063 1.354 0.81
v -2.960868 1.546109 0.81
v -2.9 1.55 0.81
v -3.047034 1.520328 0.81
v -3.049077 1.518981 0.81
v -3.075015 1.501883 0.81
v -3.079025 1.49924 0.81
v -3.09652 1.481218 0.81
v -3.103596 1.473929 0.81
v -3.113961 1.457085 0.81
v -3.149163 1.31539 0.81
v -3.15 1.3 0.81
v -3.15 -1.3 0.81
v -3.146109 -1.360868 0.81
v -3.143658 -1.372427 0.81
v -2.9 -1.608954 0.035946
v -2.9 -1.608849 0.034528
v -2.9 -1.605867 0.023857
v -2.9 -1.604663 0.019549
v -2.9 -1.601299 0.013586
v -2.9 -1.599256 0.009964
v -2.9 -1.594776 0.005211
v -2.9 -1.592034 0.002302
v -2.9 -1.590942 0.001599
v -2.9 -1.586405 -0.001317
v -2.9 -1.58304 -0.003479
v -2.9 -1.576128 -0.005902
v -2.9 -1.570591 -0.007844
v -2.9 -1.564007 -0.008533
v -3.18376 -1.450681 0.035937
v -3.200293 -1.394766 0.035937
v -3.020835 -1.546804 -0.009062
v -3.084031 -1.513379 -0.009062
v -3.192337 -1.354103 0.005
v -3.18651 -1.391955 0.005
v -3.192942 -1.393267 0.013437
v -3.164007 -1.3 -0.008533
v -3.194776 -1.3 0.005211
v -3.194771 -1.316756 0.005
v -3.199256 -1.3 0.009964
v -3.201331 -1.31695 0.013437
v -3.206018 -1.317089 0.02375
v -3.204664 -1.3 0.019549
v -3.201299 -1.3 0.013586
v -3.192034 -1.3 0.002302
v -3.186404 -1.3 -0.001317
v -3.186336 -1.316506 -0.001562
v -3.183041 -1.3 -0.003479
v -3.176026 -1.316201 -0.00625
v -3.176128 -1.3 -0.005902
v -3.170591 -1.3 -0.007844
v -3.20883 -1.317172 0.035937
v -3.203532 -1.35529 0.02375
v -3.198867 -1.354795 0.013437
v -3.163841 -1.31584 -0.009062
v -3.156188 -1.385772 -0.009062
v -3.197536 -1.394204 0.02375
v -3.190684 -1.421911 0.02375
v -3.186183 -1.420599 0.013437
v -3.179883 -1.418761 0.005
v -3.141997 -1.43391 -0.009062
v -3.168133 -1.388208 -0.00625
v -3.153308 -1.438452 -0.00625
v -3.162878 -1.442296 -0.001562
v -3.171783 -1.416399 -0.001562
v -3.17824 -1.390269 -0.001562
v -3.18394 -1.353214 -0.001562
v -3.170709 -1.44544 0.005
v -3.162767 -1.463237 0.005
v -3.168654 -1.466138 0.013437
v -3.158804 -1.484149 0.013437
v -3.162817 -1.486571 0.02375
v -3.15185 -1.503088 0.02375
v -3.165225 -1.488023 0.035937
v -3.14149 -1.520607 0.035937
v -3.107625 -1.490982 -0.009062
v -3.116797 -1.499006 -0.00625
v -3.137133 -1.471074 -0.00625
v -3.126699 -1.464779 -0.009062
v -3.09797 -1.531034 -0.001562
v -3.111873 -1.519028 -0.001562
v -3.124558 -1.505795 -0.001562
v -3.135931 -1.491513 -0.001562
v -3.145962 -1.476401 -0.001562
v -3.082612 -1.54205 -0.001562
v -3.091581 -1.522942 -0.00625
v -3.087214 -1.549119 0.005
v -3.090793 -1.554618 0.013437
v -3.103196 -1.537654 0.005
v -3.107262 -1.542803 0.013437
v -3.117685 -1.525145 0.005
v -3.122205 -1.529902 0.013437
v -3.130908 -1.511349 0.005
v -3.135846 -1.515669 0.013437
v -3.142754 -1.496474 0.005
v -3.14806 -1.500332 0.013437
v -3.153186 -1.48076 0.005
v -3.09335 -1.558545 0.02375
v -3.110166 -1.546481 0.02375
v -3.125434 -1.5333 0.02375
v -3.139374 -1.518755 0.02375
v -3.073673 -1.564777 0.013437
v -3.070572 -1.558993 0.005
v -3.053408 -1.574495 0.013437
v -3.050829 -1.56846 0.005
v -3.032835 -1.582334 0.013437
v -3.030735 -1.576116 0.005
v -3.035235 -1.58944 0.035937
v -3.077217 -1.571387 0.035937
v -3.075888 -1.568908 0.02375
v -3.034335 -1.586775 0.02375
v -3.055251 -1.578805 0.02375
v -3.028035 -1.568122 -0.001562
v -3.066585 -1.551557 -0.001562
v -3.024735 -1.558351 -0.00625
v -3.061713 -1.542468 -0.00625
v -3.055954 -1.531727 -0.009062
v -2.982038 -1.599851 0.02375
v -2.982512 -1.602625 0.035937
v -3.006867 -1.589869 0.013437
v -2.940378 -1.600176 0.013437
v -2.980147 -1.588755 0.005
v -2.939887 -1.593628 0.005
v -2.940729 -1.604853 0.02375
v -2.974943 -1.558242 -0.009062
v -2.976993 -1.570263 -0.00625
v -3.208954 -1.3 0.035946
v -3.208849 -1.3 0.034528
v -3.205867 -1.3 0.023857
v -3.1768 -1.447886 0.013437
v -3.18115 -1.449633 0.02375
v -3.111908 -1.548688 0.035937
v -3.06869 -1.555481 0.001484
v -2.98125 -1.595228 0.013437
v -3.005303 -1.583495 0.005
v -3.02946 -1.572341 0.001484
v -2.978727 -1.580434 -0.001562
v -2.979476 -1.584826 0.001484
v -3.192034 1.3 0.002302
v -3.190942 1.3 0.001599
v -3.208954 1.3 0.035946
v -3.208849 1.3 0.034528
v -3.205867 1.3 0.023857
v -3.204664 1.3 0.019549
v -3.201299 1.3 0.013586
v -3.199256 1.3 0.009964
v -3.194776 1.3 0.005211
v -3.164007 1.3 -0.008533
v -3.170591 1.3 -0.007844
v -3.176128 1.3 -0.005902
v -3.183041 1.3 -0.003479
v -3.186404 1.3 -0.001317
v -3.050681 1.58376 0.035937
v -2.994766 1.600293 0.035937
v -3.146804 1.420835 -0.009062
v -3.113379 1.484031 -0.009062
v -2.954103 1.592337 0.005
v -2.991955 1.58651 0.005
v -2.993267 1.592942 0.013437
v -2.9 1.564007 -0.008533
v -2.9 1.594776 0.005211
v -2.916756 1.594771 0.005
v -2.9 1.599256 0.009964
v -2.91695 1.601331 0.013437
v -2.917089 1.606018 0.02375
v -2.9 1.604663 0.019549
v -2.9 1.601299 0.013586
v -2.9 1.592034 0.002302
v -2.9 1.586405 -0.001317
v -2.916506 1.586335 -0.001562
v -2.9 1.58304 -0.003479
v -2.916201 1.576026 -0.00625
v -2.9 1.576128 -0.005902
v -2.9 1.570591 -0.007844
v -2.917172 1.608829 0.035937
v -2.95529 1.603532 0.02375
v -2.954795 1.598867 0.013437
v -2.91584 1.563842 -0.009062
v -2.985772 1.556188 -0.009062
v -2.994204 1.597536 0.02375
v -3.021911 1.590684 0.02375
v -3.020599 1.586184 0.013437
v -3.018761 1.579883 0.005
v -3.033911 1.541997 -0.009062
v -2.988208 1.568133 -0.00625
v -3.038452 1.553308 -0.00625
v -3.042295 1.562878 -0.001562
v -3.016399 1.571783 -0.001562
v -2.990269 1.57824 -0.001562
v -2.953214 1.58394 -0.001562
v -3.04544 1.570709 0.005
v -3.063237 1.562767 0.005
v -3.066138 1.568654 0.013437
v -3.084149 1.558804 0.013437
v -3.086571 1.562817 0.02375
v -3.103088 1.55185 0.02375
v -3.088023 1.565225 0.035937
v -3.120606 1.54149 0.035937
v -3.090982 1.507625 -0.009062
v -3.099006 1.516797 -0.00625
v -3.071074 1.537133 -0.00625
v -3.064779 1.526699 -0.009062
v -3.131033 1.49797 -0.001562
v -3.119028 1.511873 -0.001562
v -3.105794 1.524558 -0.001562
v -3.091513 1.535931 -0.001562
v -3.076401 1.545962 -0.001562
v -3.14205 1.482612 -0.001562
v -3.122941 1.491581 -0.00625
v -3.149119 1.487214 0.005
v -3.154618 1.490793 0.013437
v -3.137654 1.503196 0.005
v -3.142803 1.507262 0.013437
v -3.125145 1.517685 0.005
v -3.129902 1.522205 0.013437
v -3.111349 1.530907 0.005
v -3.115669 1.535846 0.013437
v -3.096474 1.542754 0.005
v -3.100332 1.54806 0.013437
v -3.08076 1.553186 0.005
v -3.158545 1.49335 0.02375
v -3.146482 1.510166 0.02375
v -3.1333 1.525434 0.02375
v -3.118755 1.539374 0.02375
v -3.164777 1.473673 0.013437
v -3.158993 1.470572 0.005
v -3.174495 1.453408 0.013437
v -3.16846 1.450829 0.005
v -3.182334 1.432835 0.013437
v -3.176116 1.430735 0.005
v -3.18944 1.435235 0.035937
v -3.171386 1.477217 0.035937
v -3.168908 1.475888 0.02375
v -3.186775 1.434335 0.02375
v -3.178805 1.455251 0.02375
v -3.168122 1.428035 -0.001562
v -3.151557 1.466585 -0.001562
v -3.158351 1.424735 -0.00625
v -3.142468 1.461712 -0.00625
v -3.131727 1.455954 -0.009062
v -3.199851 1.382039 0.02375
v -3.202625 1.382512 0.035937
v -3.189868 1.406867 0.013437
v -3.200176 1.340378 0.013437
v -3.188755 1.380147 0.005
v -3.193628 1.339887 0.005
v -3.204853 1.340729 0.02375
v -3.158242 1.374943 -0.009062
v -3.170263 1.376993 -0.00625
v -2.9 1.608954 0.035946
v -2.9 1.608849 0.034528
v -2.9 1.605867 0.023857
v -3.047886 1.576799 0.013437
v -3.049633 1.58115 0.02375
v -3.148689 1.511908 0.035937
v -3.155481 1.468689 0.001484
v -3.195228 1.38125 0.013437
v -3.183495 1.405303 0.005
v -3.172341 1.42946 0.001484
v -3.180434 1.378727 -0.001562
v -3.184826 1.379476 0.001484
v -2.9 -1.608533 0.764007
v -2.9 -1.608385 0.765423
v -2.9 -1.607844 0.770591
v -2.9 -1.605902 0.776128
v -2.9 -1.604417 0.780365
v -2.9 -1.603479 0.78304
v -2.9 -1.601317 0.786404
v -2.9 -1.599063 0.789912
v -2.9 -1.597698 0.792034
v -2.9 -1.594789 0.794776
v -2.9 -1.591872 0.797526
v -2.9 -1.590036 0.799256
v -2.9 -1.586414 0.801299
v -2.9 -1.582922 0.803269
v -2.9 -1.580451 0.804663
v -2.9 -1.564054 0.808954
v -2.9 -1.565472 0.808849
v -2.9 -1.57048 0.807449
v -2.9 -1.576143 0.805867
v -3.088023 -1.565225 0.764063
v -3.050681 -1.58376 0.764063
v -2.917172 -1.608829 0.764063
v -2.916506 -1.586335 0.801562
v -3.164007 -1.3 0.808533
v -3.146804 -1.420835 0.809062
v -3.113379 -1.484031 0.809062
v -2.95529 -1.603532 0.77625
v -2.994204 -1.597536 0.77625
v -2.994766 -1.600293 0.764063
v -2.917089 -1.606018 0.77625
v -2.916201 -1.576026 0.80625
v -2.954795 -1.598867 0.786563
v -2.91695 -1.601331 0.786563
v -2.916756 -1.594771 0.795
v -2.91584 -1.563842 0.809062
v -2.985772 -1.556188 0.809062
v -2.991955 -1.58651 0.795
v -3.018761 -1.579883 0.795
v -3.020599 -1.586184 0.786563
v -3.047886 -1.576799 0.786563
v -3.049633 -1.58115 0.77625
v -2.954103 -1.592337 0.795
v -2.993267 -1.592942 0.786563
v -3.021911 -1.590684 0.77625
v -3.033911 -1.541997 0.809062
v -2.988208 -1.568133 0.80625
v -3.038452 -1.553308 0.80625
v -3.042295 -1.562878 0.801562
v -3.016399 -1.571783 0.801562
v -2.990269 -1.57824 0.801562
v -2.953214 -1.58394 0.801562
v -3.04544 -1.570709 0.795
v -3.063237 -1.562767 0.795
v -3.066138 -1.568654 0.786563
v -3.084149 -1.558804 0.786563
v -3.086571 -1.562817 0.77625
v -3.103088 -1.55185 0.77625
v -3.120606 -1.54149 0.764063
v -3.090982 -1.507625 0.809062
v -3.099006 -1.516797 0.80625
v -3.071074 -1.537133 0.80625
v -3.064779 -1.526699 0.809062
v -3.131033 -1.49797 0.801562
v -3.119028 -1.511873 0.801562
v -3.105794 -1.524558 0.801562
v -3.091513 -1.535931 0.801562
v -3.076401 -1.545962 0.801562
v -3.14205 -1.482612 0.801562
v -3.122941 -1.491581 0.80625
v -3.149119 -1.487214 0.795
v -3.154618 -1.490793 0.786563
v -3.137654 -1.503196 0.795
v -3.142803 -1.507262 0.786563
v -3.125145 -1.517685 0.795
v -3.129902 -1.522205 0.786563
v -3.111349 -1.530907 0.795
v -3.115669 -1.535846 0.786563
v -3.096474 -1.542754 0.795
v -3.100332 -1.54806 0.786563
v -3.08076 -1.553186 0.795
v -3.158545 -1.49335 0.77625
v -3.146482 -1.510166 0.77625
v -3.1333 -1.525434 0.77625
v -3.118755 -1.539374 0.77625
v -3.18944 -1.435235 0.764063
v -3.178805 -1.455251 0.77625
v -3.186775 -1.434335 0.77625
v -3.174495 -1.453408 0.786563
v -3.168122 -1.428035 0.801562
v -3.151557 -1.466585 0.801562
v -3.158351 -1.424735 0.80625
v -3.142468 -1.461712 0.80625
v -3.131727 -1.455954 0.809062
v -3.16846 -1.450829 0.795
v -3.176116 -1.430735 0.795
v -3.182334 -1.432835 0.786563
v -3.189868 -1.406867 0.786563
v -3.199851 -1.382039 0.77625
v -3.200176 -1.340378 0.786563
v -3.201299 -1.3 0.786414
v -3.204664 -1.3 0.780451
v -3.188755 -1.380147 0.795
v -3.193628 -1.339887 0.795
v -3.199256 -1.3 0.790036
v -3.205867 -1.3 0.776143
v -3.204853 -1.340729 0.77625
v -3.208849 -1.3 0.765472
v -3.208954 -1.3 0.764054
v -3.158242 -1.374943 0.809062
v -3.170591 -1.3 0.807844
v -3.170263 -1.376993 0.80625
v -3.148689 -1.511908 0.764063
v -3.171386 -1.477217 0.764063
v -3.155481 -1.468689 0.798516
v -3.158993 -1.470572 0.795
v -3.164777 -1.473673 0.786563
v -3.168908 -1.475888 0.77625
v -3.202625 -1.382512 0.764063
v -3.195228 -1.38125 0.786563
v -3.183495 -1.405303 0.795
v -3.172341 -1.42946 0.798516
v -3.180434 -1.378727 0.801562
v -3.184826 -1.379476 0.798516
v -3.176128 -1.3 0.805902
v -3.183041 -1.3 0.803479
v -3.186404 -1.3 0.801317
v -3.190942 -1.3 0.798401
v -3.192034 -1.3 0.797698
v -3.194776 -1.3 0.794789
v -3.208533 1.3 0.764007
v -3.208385 1.3 0.765423
v -3.207844 1.3 0.770591
v -3.203479 1.3 0.78304
v -3.204417 1.3 0.780365
v -3.205902 1.3 0.776128
v -3.197698 1.3 0.792034
v -3.199063 1.3 0.789912
v -3.201317 1.3 0.786404
v -3.182922 1.3 0.803269
v -3.186414 1.3 0.801299
v -3.190036 1.3 0.799256
v -3.191871 1.3 0.797526
v -3.194789 1.3 0.794776
v -3.164054 1.3 0.808954
v -3.165472 1.3 0.808849
v -3.17048 1.3 0.807449
v -3.176143 1.3 0.805867
v -3.180451 1.3 0.804663
v -3.165225 1.488023 0.764063
v -3.18376 1.450681 0.764063
v -3.20883 1.317172 0.764063
v -3.186336 1.316506 0.801562
v -2.9 1.564007 0.808533
v -3.020835 1.546804 0.809062
v -3.084031 1.513379 0.809062
v -3.203532 1.35529 0.77625
v -3.197536 1.394204 0.77625
v -3.200293 1.394766 0.764063
v -3.206018 1.317089 0.77625
v -3.176026 1.316201 0.80625
v -3.198867 1.354795 0.786563
v -3.201331 1.31695 0.786563
v -3.194771 1.316756 0.795
v -3.163841 1.31584 0.809062
v -3.156188 1.385772 0.809062
v -3.18651 1.391955 0.795
v -3.179883 1.418761 0.795
v -3.186183 1.420599 0.786563
v -3.1768 1.447886 0.786563
v -3.18115 1.449633 0.77625
v -3.192337 1.354103 0.795
v -3.192942 1.393267 0.786563
v -3.190684 1.421911 0.77625
v -3.141997 1.43391 0.809062
v -3.168133 1.388208 0.80625
v -3.153308 1.438452 0.80625
v -3.162878 1.442296 0.801562
v -3.171783 1.416399 0.801562
v -3.17824 1.390269 0.801562
v -3.18394 1.353214 0.801562
v -3.170709 1.44544 0.795
v -3.162767 1.463237 0.795
v -3.168654 1.466138 0.786563
v -3.158804 1.484149 0.786563
v -3.162817 1.486571 0.77625
v -3.15185 1.503088 0.77625
v -3.14149 1.520607 0.764063
v -3.107625 1.490982 0.809062
v -3.116797 1.499006 0.80625
v -3.137133 1.471074 0.80625
v -3.126699 1.464779 0.809062
v -3.09797 1.531034 0.801562
v -3.111873 1.519028 0.801562
v -3.124558 1.505795 0.801562
v -3.135931 1.491513 0.801562
v -3.145962 1.476401 0.801562
v -3.082612 1.54205 0.801562
v -3.091581 1.522942 0.80625
v -3.087214 1.549119 0.795
v -3.090793 1.554618 0.786563
v -3.103196 1.537654 0.795
v -3.107262 1.542803 0.786563
v -3.117685 1.525145 0.795
v -3.122205 1.529902 0.786563
v -3.130908 1.511349 0.795
v -3.135846 1.515669 0.786563
v -3.142754 1.496474 0.795
v -3.14806 1.500332 0.786563
v -3.153186 1.48076 0.795
v -3.09335 1.558545 0.77625
v -3.110166 1.546481 0.77625
v -3.125434 1.5333 0.77625
v -3.139374 1.518755 0.77625
v -3.035235 1.58944 0.764063
v -3.055251 1.578805 0.77625
v -3.034335 1.586775 0.77625
v -3.053408 1.574495 0.786563
v -3.028035 1.568122 0.801562
v -3.066585 1.551557 0.801562
v -3.024735 1.558351 0.80625
v -3.061713 1.542468 0.80625
v -3.055954 1.531727 0.809062
v -3.050829 1.56846 0.795
v -3.030735 1.576116 0.795
v -3.032835 1.582334 0.786563
v -3.006867 1.589869 0.786563
v -2.982038 1.599851 0.77625
v -2.940378 1.600176 0.786563
v -2.9 1.601299 0.786414
v -2.9 1.604663 0.780451
v -2.980147 1.588755 0.795
v -2.939887 1.593628 0.795
v -2.9 1.599256 0.790036
v -2.9 1.605867 0.776143
v -2.940729 1.604853 0.77625
v -2.9 1.608849 0.765472
v -2.9 1.608954 0.764054
v -2.974943 1.558242 0.809062
v -2.9 1.570591 0.807844
v -2.976993 1.570263 0.80625
v -3.111908 1.548688 0.764063
v -3.077217 1.571387 0.764063
v -3.06869 1.555481 0.798516
v -3.070572 1.558993 0.795
v -3.073673 1.564777 0.786563
v -3.075888 1.568908 0.77625
v -2.982512 1.602625 0.764063
v -2.98125 1.595228 0.786563
v -3.005303 1.583495 0.795
v -3.02946 1.572341 0.798516
v -2.978727 1.580434 0.801562
v -2.979476 1.584826 0.798516
v -2.9 1.576128 0.805902
v -2.9 1.58304 0.803479
v -2.9 1.586405 0.801317
v -2.9 1.590942 0.798401
v -2.9 1.592034 0.797698
v -2.9 1.594776 0.794789
v 1.7 1.61 0.05
v 1.7 1.61 0.75
v 2.9 1.61 0.05
v 2.9 1.61 0.75
v 2.91703 1.608177 0.75
v 2.982415 1.601177 0.05
v 2.994808 1.599851 0.75
v 3.00675 1.598572 0.05
v 3.00675 1.598572 0.75
v 3.034892 1.588526 0.05
v 3.05044 1.582975 0.75
v 3.071162 1.575577 0.05
v 3.071162 1.575577 0.75
v 3.077261 1.571601 0.05
v 3.087703 1.564794 0.75
v 3.112128 1.54887 0.05
v 3.117677 1.545252 0.75
v 3.117677 1.545252 0.05
v 3.120847 1.541846 0.75
v 3.141042 1.52015 0.05
v 3.148754 1.511865 0.75
v 3.155094 1.505053 0.05
v 3.155094 1.505053 0.75
v 3.164721 1.487779 0.05
v 3.1708 1.476872 0.75
v 3.182979 1.455019 0.05
v 3.182979 1.455019 0.75
v 3.184113 1.450888 0.05
v 3.188468 1.435025 0.75
v 3.199592 1.394509 0.05
v 3.202892 1.382489 0.75
v 3.204416 1.376937 0.05
v 3.204416 1.376937 0.75
v 3.208757 1.317127 0.05
v 3.21 1.3 0.75
v 3.21 1.3 0.05
v 3.21 -1.3 0.05
v 3.21 -1.3 0.75
v 3.208177 -1.31703 0.75
v 3.201178 -1.382415 0.05
v 3.199851 -1.394808 0.75
v 3.198572 -1.40675 0.05
v 3.198572 -1.40675 0.75
v 3.188526 -1.434892 0.05
v 3.182975 -1.450439 0.75
v 3.175577 -1.471162 0.05
v 3.175577 -1.471162 0.75
v 3.171601 -1.477261 0.05
v 3.164793 -1.487703 0.75
v 3.14887 -1.512128 0.05
v 3.145252 -1.517677 0.75
v 3.145252 -1.517677 0.05
v 3.141846 -1.520848 0.75
v 3.12015 -1.541042 0.05
v 3.111865 -1.548754 0.75
v 3.105053 -1.555094 0.05
v 3.105053 -1.555094 0.75
v 3.087779 -1.564721 0.05
v 3.076872 -1.5708 0.75
v 3.055019 -1.582979 0.05
v 3.055019 -1.582979 0.75
v 3.050889 -1.584113 0.05
v 3.035025 -1.588468 0.75
v 2.994509 -1.599592 0.05
v 2.982489 -1.602892 0.75
v 2.976938 -1.604416 0.05
v 2.976938 -1.604416 0.75
v 2.917127 -1.608757 0.05
v 2.9 -1.61 0.75
v 2.9 -1.61 0.05
v 1.7 -1.61 0.05
v 1.7 -1.61 0.75
v 1.7 -1.599117 0.010085
v 1.7 -1.600301 0.011452
v 1.7 1.596526 0.006608
v 1.7 1.591828 0.00254
v 1.7 1.593392 0.796526
v 1.7 -1.596526 0.793392
v 1.7 -1.591828 0.79746
v 1.7 -1.608385 0.765423
v 1.7 -1.607844 0.770591
v 1.7 1.602895 0.015812
v 1.7 1.598981 0.010155
v 1.7 1.599117 0.789915
v 1.7 1.600301 0.788548
v 1.7 -1.588548 0.800301
v 1.7 -1.582879 0.803159
v 1.7 -1.604303 0.78032
v 1.7 -1.602895 0.784188
v 1.7 -1.598981 0.789845
v 1.7 -1.604439 0.019662
v 1.7 -1.605682 0.022127
v 1.7 -1.593392 0.003474
v 1.7 -1.591925 0.002459
v 1.7 1.588548 -3.01E-4
v 1.7 1.582879 -0.003159
v 1.7 -1.608496 0.034608
v 1.7 -1.609403 0.03863
v 1.7 1.604439 0.780338
v 1.7 1.605682 0.777873
v 1.7 1.584188 0.802896
v 1.7 1.591925 0.797541
v 1.7 -1.584188 -0.002896
v 1.7 -1.582987 -0.003333
v 1.7 1.608385 0.034577
v 1.7 1.607844 0.029409
v 1.7 1.604303 0.01968
v 1.7 1.608496 0.765392
v 1.7 1.609403 0.76137
v 1.7 -1.570591 -0.007844
v 1.7 -1.55 -0.01
v 1.7 -1.577873 0.805682
v 1.7 -1.570479 0.807349
v 1.7 -1.56137 0.809403
v 1.7 -1.55 0.81
v 1.7 1.55 0.81
v 1.7 1.570591 0.807844
v 1.7 1.582987 0.803333
v 1.7 1.577873 -0.005682
v 1.7 1.570479 -0.007349
v 1.7 1.56137 -0.009403
v 1.7 1.55 -0.01
v 2.9 -1.55 -0.01
v 3.006999 1.536328 -0.01
v 3.016031 1.532719 -0.01
v 3.118981 -1.449077 -0.01
v 3.047034 1.520328 -0.01
v 3.049077 1.518981 -0.01
v 3.120328 -1.447034 -0.01
v 3.143658 -1.372427 -0.01
v 3.136328 -1.406999 -0.01
v 3.132719 -1.416031 -0.01
v 3.04198 -1.523257 -0.01
v 3.028414 -1.528251 -0.01
v 3.001642 -1.538107 -0.01
v 2.982819 -1.541646 -0.01
v 2.954 -1.547063 -0.01
v 2.91539 -1.549163 -0.01
v 2.9 1.55 -0.01
v 2.960868 1.546109 -0.01
v 2.972427 1.543658 -0.01
v 3.09652 1.481218 -0.01
v 3.103596 1.473929 -0.01
v 3.113961 1.457085 -0.01
v 3.147063 1.354 -0.01
v 3.149163 1.31539 -0.01
v 3.09924 -1.479025 -0.01
v 3.081218 -1.49652 -0.01
v 3.101883 -1.475015 -0.01
v 3.073929 -1.503596 -0.01
v 3.057085 -1.513961 -0.01
v 3.128251 1.428414 -0.01
v 3.138107 1.401642 -0.01
v 3.141646 1.382819 -0.01
v 3.079025 1.49924 -0.01
v 3.075015 1.501883 -0.01
v 3.123257 1.44198 -0.01
v 3.146109 -1.360868 -0.01
v 3.15 -1.3 -0.01
v 3.15 1.3 -0.01
v 3.006999 -1.536328 0.81
v 3.016031 -1.532719 0.81
v 3.118981 1.449077 0.81
v 3.113961 -1.457085 0.81
v 3.123257 -1.44198 0.81
v 3.128251 -1.428414 0.81
v 2.954 1.547063 0.81
v 2.91539 1.549163 0.81
v 2.9 1.55 0.81
v 3.143658 1.372427 0.81
v 3.136328 1.406999 0.81
v 3.132719 1.416031 0.81
v 3.09924 1.479025 0.81
v 3.081218 1.49652 0.81
v 3.073929 1.503596 0.81
v 3.057085 1.513961 0.81
v 3.04198 1.523257 0.81
v 3.028414 1.528251 0.81
v 3.001642 1.538107 0.81
v 2.982819 1.541646 0.81
v 2.9 -1.55 0.81
v 2.960868 -1.546109 0.81
v 2.972427 -1.543658 0.81
v 3.103596 -1.473929 0.81
v 3.09652 -1.481218 0.81
v 3.079025 -1.49924 0.81
v 3.049077 -1.518981 0.81
v 3.101883 1.475015 0.81
v 3.138107 -1.401642 0.81
v 3.075015 -1.501883 0.81
v 3.141646 -1.382819 0.81
v 3.147063 -1.354 0.81
v 3.149163 -1.31539 0.81
v 3.047034 -1.520328 0.81
v 3.120328 1.447034 0.81
v 3.146109 1.360868 0.81
v 3.15 1.3 0.81
v 3.15 -1.3 0.81
v 2.9 -1.608533 0.035993
v 2.9 -1.608385 0.034577
v 2.9 -1.607844 0.029409
v 2.9 -1.605902 0.023872
v 2.9 -1.604417 0.019635
v 2.9 -1.603479 0.01696
v 2.9 -1.601317 0.013596
v 2.9 -1.599063 0.010088
v 2.9 -1.597698 0.007966
v 2.9 -1.594789 0.005224
v 2.9 -1.591872 0.002474
v 2.9 -1.590036 7.44E-4
v 2.9 -1.586414 -0.001299
v 2.9 -1.582922 -0.003269
v 2.9 -1.580451 -0.004663
v 2.9 -1.564054 -0.008954
v 2.9 -1.565472 -0.008849
v 2.9 -1.57048 -0.007449
v 2.9 -1.576143 -0.005867
v 3.088023 -1.565225 0.035937
v 3.050681 -1.58376 0.035937
v 2.917172 -1.608829 0.035937
v 2.916506 -1.586335 -0.001562
v 3.164007 -1.3 -0.008533
v 3.146804 -1.420835 -0.009062
v 3.113379 -1.484031 -0.009062
v 2.95529 -1.603532 0.02375
v 2.994204 -1.597536 0.02375
v 2.994766 -1.600293 0.035937
v 2.917089 -1.606018 0.02375
v 2.916201 -1.576026 -0.00625
v 2.954795 -1.598867 0.013437
v 2.91695 -1.601331 0.013437
v 2.916756 -1.594771 0.005
v 2.91584 -1.563842 -0.009062
v 2.985772 -1.556188 -0.009062
v 2.991955 -1.58651 0.005
v 3.018761 -1.579883 0.005
v 3.020599 -1.586184 0.013437
v 3.047886 -1.576799 0.013437
v 3.049633 -1.58115 0.02375
v 2.954103 -1.592337 0.005
v 2.993267 -1.592942 0.013437
v 3.021911 -1.590684 0.02375
v 3.033911 -1.541997 -0.009062
v 2.988208 -1.568133 -0.00625
v 3.038452 -1.553308 -0.00625
v 3.042295 -1.562878 -0.001562
v 3.016399 -1.571783 -0.001562
v 2.990269 -1.57824 -0.001562
v 2.953214 -1.58394 -0.001562
v 3.04544 -1.570709 0.005
v 3.063237 -1.562767 0.005
v 3.066138 -1.568654 0.013437
v 3.084149 -1.558804 0.013437
v 3.086571 -1.562817 0.02375
v 3.103088 -1.55185 0.02375
v 3.120606 -1.54149 0.035937
v 3.090982 -1.507625 -0.009062
v 3.099006 -1.516797 -0.00625
v 3.071074 -1.537133 -0.00625
v 3.064779 -1.526699 -0.009062
v 3.131033 -1.49797 -0.001562
v 3.119028 -1.511873 -0.001562
v 3.105794 -1.524558 -0.001562
v 3.091513 -1.535931 -0.001562
v 3.076401 -1.545962 -0.001562
v 3.14205 -1.482612 -0.001562
v 3.122941 -1.491581 -0.00625
v 3.149119 -1.487214 0.005
v 3.154618 -1.490793 0.013437
v 3.137654 -1.503196 0.005
v 3.142803 -1.507262 0.013437
v 3.125145 -1.517685 0.005
v 3.129902 -1.522205 0.013437
v 3.111349 -1.530907 0.005
v 3.115669 -1.535846 0.013437
v 3.096474 -1.542754 0.005
v 3.100332 -1.54806 0.013437
v 3.08076 -1.553186 0.005
v 3.158545 -1.49335 0.02375
v 3.146482 -1.510166 0.02375
v 3.1333 -1.525434 0.02375
v 3.118755 -1.539374 0.02375
v 3.18944 -1.435235 0.035937
v 3.178805 -1.455251 0.02375
v 3.186775 -1.434335 0.02375
v 3.174495 -1.453408 0.013437
v 3.168122 -1.428035 -0.001562
v 3.151557 -1.466585 -0.001562
v 3.158351 -1.424735 -0.00625
v 3.142468 -1.461712 -0.00625
v 3.131727 -1.455954 -0.009062
v 3.16846 -1.450829 0.005
v 3.176116 -1.430735 0.005
v 3.182334 -1.432835 0.013437
v 3.189868 -1.406867 0.013437
v 3.199851 -1.382039 0.02375
v 3.200176 -1.340378 0.013437
v 3.201299 -1.3 0.013586
v 3.204664 -1.3 0.019549
v 3.188755 -1.380147 0.005
v 3.193628 -1.339887 0.005
v 3.199256 -1.3 0.009964
v 3.205867 -1.3 0.023857
v 3.204853 -1.340729 0.02375
v 3.208849 -1.3 0.034528
v 3.208954 -1.3 0.035946
v 3.158242 -1.374943 -0.009062
v 3.170591 -1.3 -0.007844
v 3.170263 -1.376993 -0.00625
v 3.148689 -1.511908 0.035937
v 3.171386 -1.477217 0.035937
v 3.155481 -1.468689 0.001484
v 3.158993 -1.470572 0.005
v 3.164777 -1.473673 0.013437
v 3.168908 -1.475888 0.02375
v 3.202625 -1.382512 0.035937
v 3.195228 -1.38125 0.013437
v 3.183495 -1.405303 0.005
v 3.172341 -1.42946 0.001484
v 3.180434 -1.378727 -0.001562
v 3.184826 -1.379476 0.001484
v 3.176128 -1.3 -0.005902
v 3.183041 -1.3 -0.003479
v 3.186404 -1.3 -0.001317
v 3.190942 -1.3 0.001599
v 3.192034 -1.3 0.002302
v 3.194776 -1.3 0.005211
v 3.208533 1.3 0.035993
v 3.208385 1.3 0.034577
v 3.207844 1.3 0.029409
v 3.203479 1.3 0.01696
v 3.204417 1.3 0.019635
v 3.205902 1.3 0.023872
v 3.197698 1.3 0.007966
v 3.199063 1.3 0.010088
v 3.201317 1.3 0.013596
v 3.182922 1.3 -0.003269
v 3.186414 1.3 -0.001299
v 3.190036 1.3 7.44E-4
v 3.191871 1.3 0.002474
v 3.194789 1.3 0.005224
v 3.164054 1.3 -0.008954
v 3.165472 1.3 -0.008849
v 3.17048 1.3 -0.007449
v 3.176143 1.3 -0.005867
v 3.180451 1.3 -0.004663
v 3.165225 1.488023 0.035937
v 3.18376 1.450681 0.035937
v 3.20883 1.317172 0.035937
v 3.186336 1.316506 -0.001562
v 2.9 1.564007 -0.008533
v 3.020835 1.546804 -0.009062
v 3.084031 1.513379 -0.009062
v 3.203532 1.35529 0.02375
v 3.197536 1.394204 0.02375
v 3.200293 1.394766 0.035937
v 3.206018 1.317089 0.02375
v 3.176026 1.316201 -0.00625
v 3.198867 1.354795 0.013437
v 3.201331 1.31695 0.013437
v 3.194771 1.316756 0.005
v 3.163841 1.31584 -0.009062
v 3.156188 1.385772 -0.009062
v 3.18651 1.391955 0.005
v 3.179883 1.418761 0.005
v 3.186183 1.420599 0.013437
v 3.1768 1.447886 0.013437
v 3.18115 1.449633 0.02375
v 3.192337 1.354103 0.005
v 3.192942 1.393267 0.013437
v 3.190684 1.421911 0.02375
v 3.141997 1.43391 -0.009062
v 3.168133 1.388208 -0.00625
v 3.153308 1.438452 -0.00625
v 3.162878 1.442296 -0.001562
v 3.171783 1.416399 -0.001562
v 3.17824 1.390269 -0.001562
v 3.18394 1.353214 -0.001562
v 3.170709 1.44544 0.005
v 3.162767 1.463237 0.005
v 3.168654 1.466138 0.013437
v 3.158804 1.484149 0.013437
v 3.162817 1.486571 0.02375
v 3.15185 1.503088 0.02375
v 3.14149 1.520607 0.035937
v 3.107625 1.490982 -0.009062
v 3.116797 1.499006 -0.00625
v 3.137133 1.471074 -0.00625
v 3.126699 1.464779 -0.009062
v 3.09797 1.531034 -0.001562
v 3.111873 1.519028 -0.001562
v 3.124558 1.505795 -0.001562
v 3.135931 1.491513 -0.001562
v 3.145962 1.476401 -0.001562
v 3.082612 1.54205 -0.001562
v 3.091581 1.522942 -0.00625
v 3.087214 1.549119 0.005
v 3.090793 1.554618 0.013437
v 3.103196 1.537654 0.005
v 3.107262 1.542803 0.013437
v 3.117685 1.525145 0.005
v 3.122205 1.529902 0.013437
v 3.130908 1.511349 0.005
v 3.135846 1.515669 0.013437
v 3.142754 1.496474 0.005
v 3.14806 1.500332 0.013437
v 3.153186 1.48076 0.005
v 3.09335 1.558545 0.02375
v 3.110166 1.546481 0.02375
v 3.125434 1.5333 0.02375
v 3.139374 1.518755 0.02375
v 3.035235 1.58944 0.035937
v 3.055251 1.578805 0.02375
v 3.034335 1.586775 0.02375
v 3.053408 1.574495 0.013437
v 3.028035 1.568122 -0.001562
v 3.066585 1.551557 -0.001562
v 3.024735 1.558351 -0.00625
v 3.061713 1.542468 -0.00625
v 3.055954 1.531727 -0.009062
v 3.050829 1.56846 0.005
v 3.030735 1.576116 0.005
v 3.032835 1.582334 0.013437
v 3.006867 1.589869 0.013437
v 2.982038 1.599851 0.02375
v 2.940378 1.600176 0.013437
v 2.9 1.601299 0.013586
v 2.9 1.604663 0.019549
v 2.980147 1.588755 0.005
v 2.939887 1.593628 0.005
v 2.9 1.599256 0.009964
v 2.9 1.605867 0.023857
v 2.940729 1.604853 0.02375
v 2.9 1.608849 0.034528
v 2.9 1.608954 0.035946
v 2.974943 1.558242 -0.009062
v 2.9 1.570591 -0.007844
v 2.976993 1.570263 -0.00625
v 3.111908 1.548688 0.035937
v 3.077217 1.571387 0.035937
v 3.06869 1.555481 0.001484
v 3.070572 1.558993 0.005
v 3.073673 1.564777 0.013437
v 3.075888 1.568908 0.02375
v 2.982512 1.602625 0.035937
v 2.98125 1.595228 0.013437
v 3.005303 1.583495 0.005
v 3.02946 1.572341 0.001484
v 2.978727 1.580434 -0.001562
v 2.979476 1.584826 0.001484
v 2.9 1.576128 -0.005902
v 2.9 1.58304 -0.003479
v 2.9 1.586405 -0.001317
v 2.9 1.590942 0.001599
v 2.9 1.592034 0.002302
v 2.9 1.594776 0.005211
v 2.9 -1.608954 0.764054
v 2.9 -1.608849 0.765472
v 2.9 -1.605867 0.776143
v 2.9 -1.604663 0.780451
v 2.9 -1.601299 0.786414
v 2.9 -1.599256 0.790036
v 2.9 -1.594776 0.794789
v 2.9 -1.592034 0.797698
v 2.9 -1.590942 0.798401
v 2.9 -1.586405 0.801317
v 2.9 -1.58304 0.803479
v 2.9 -1.576128 0.805902
v 2.9 -1.570591 0.807844
v 2.9 -1.564007 0.808533
v 3.18376 -1.450681 0.764063
v 3.200293 -1.394766 0.764063
v 3.020835 -1.546804 0.809062
v 3.084031 -1.513379 0.809062
v 3.192337 -1.354103 0.795
v 3.18651 -1.391955 0.795
v 3.192942 -1.393267 0.786563
v 3.164007 -1.3 0.808533
v 3.194776 -1.3 0.794789
v 3.194771 -1.316756 0.795
v 3.199256 -1.3 0.790036
v 3.201331 -1.31695 0.786563
v 3.206018 -1.317089 0.77625
v 3.204664 -1.3 0.780451
v 3.201299 -1.3 0.786414
v 3.192034 -1.3 0.797698
v 3.186404 -1.3 0.801317
v 3.186336 -1.316506 0.801562
v 3.183041 -1.3 0.803479
v 3.176026 -1.316201 0.80625
v 3.176128 -1.3 0.805902
v 3.170591 -1.3 0.807844
v 3.20883 -1.317172 0.764063
v 3.203532 -1.35529 0.77625
v 3.198867 -1.354795 0.786563
v 3.163841 -1.31584 0.809062
v 3.156188 -1.385772 0.809062
v 3.197536 -1.394204 0.77625
v 3.190684 -1.421911 0.77625
v 3.186183 -1.420599 0.786563
v 3.179883 -1.418761 0.795
v 3.141997 -1.43391 0.809062
v 3.168133 -1.388208 0.80625
v 3.153308 -1.438452 0.80625
v 3.162878 -1.442296 0.801562
v 3.171783 -1.416399 0.801562
v 3.17824 -1.390269 0.801562
v 3.18394 -1.353214 0.801562
v 3.170709 -1.44544 0.795
v 3.162767 -1.463237 0.795
v 3.168654 -1.466138 0.786563
v 3.158804 -1.484149 0.786563
v 3.162817 -1.486571 0.77625
v 3.15185 -1.503088 0.77625
v 3.165225 -1.488023 0.764063
v 3.14149 -1.520607 0.764063
v 3.107625 -1.490982 0.809062
v 3.116797 -1.499006 0.80625
v 3.137133 -1.471074 0.80625
v 3.126699 -1.464779 0.809062
v 3.09797 -1.531034 0.801562
v 3.111873 -1.519028 0.801562
v 3.124558 -1.505795 0.801562
v 3.135931 -1.491513 0.801562
v 3.145962 -1.476401 0.801562
v 3.082612 -1.54205 0.801562
v 3.091581 -1.522942 0.80625
v 3.087214 -1.549119 0.795
v 3.090793 -1.554618 0.786563
v 3.103196 -1.537654 0.795
v 3.107262 -1.542803 0.786563
v 3.117685 -1.525145 0.795
v 3.122205 -1.529902 0.786563
v 3.130908 -1.511349 0.795
v 3.135846 -1.515669 0.786563
v 3.142754 -1.496474 0.795
v 3.14806 -1.500332 0.786563
v 3.153186 -1.48076 0.795
v 3.09335 -1.558545 0.77625
v 3.110166 -1.546481 0.77625
v 3.125434 -1.5333 0.77625
v 3.139374 -1.518755 0.77625
v 3.073673 -1.564777 0.786563
v 3.070572 -1.558993 0.795
v 3.053408 -1.574495 0.786563
v 3.050829 -1.56846 0.795
v 3.032835 -1.582334 0.786563
v 3.030735 -1.576116 0.795
v 3.035235 -1.58944 0.764063
v 3.077217 -1.571387 0.764063
v 3.075888 -1.568908 0.77625
v 3.034335 -1.586775 0.77625
v 3.055251 -1.578805 0.77625
v 3.028035 -1.568122 0.801562
v 3.066585 -1.551557 0.801562
v 3.024735 -1.558351 0.80625
v 3.061713 -1.542468 0.80625
v 3.055954 -1.531727 0.809062
v 2.982038 -1.599851 0.77625
v 2.982512 -1.602625 0.764063
v 3.006867 -1.589869 0.786563
v 2.940378 -1.600176 0.786563
v 2.980147 -1.588755 0.795
v 2.939887 -1.593628 0.795
v 2.940729 -1.604853 0.77625
v 2.974943 -1.558242 0.809062
v 2.976993 -1.570263 0.80625
v 3.208954 -1.3 0.764054
v 3.208849 -1.3 0.765472
v 3.205867 -1.3 0.776143
v 3.1768 -1.447886 0.786563
v 3.18115 -1.449633 0.77625
v 3.111908 -1.548688 0.764063
v 3.06869 -1.555481 0.798516
v 2.98125 -1.595228 0.786563
v 3.005303 -1.583495 0.795
v 3.02946 -1.572341 0.798516
v 2.978727 -1.580434 0.801562
v 2.979476 -1.584826 0.798516
v 3.192034 1.3 0.797698
v 3.190942 1.3 0.798401
v 3.208954 1.3 0.764054
v 3.208849 1.3 0.765472
v 3.205867 1.3 0.776143
v 3.204664 1.3 0.780451
v 3.201299 1.3 0.786414
v 3.199256 1.3 0.790036
v 3.194776 1.3 0.794789
v 3.164007 1.3 0.808533
v 3.170591 1.3 0.807844
v 3.176128 1.3 0.805902
v 3.183041 1.3 0.803479
v 3.186404 1.3 0.801317
v 3.050681 1.58376 0.764063
v 2.994766 1.600293 0.764063
v 3.146804 1.420835 0.809062
v 3.113379 1.484031 0.809062
v 2.954103 1.592337 0.795
v 2.991955 1.58651 0.795
v 2.993267 1.592942 0.786563
v 2.9 1.564007 0.808533
v 2.9 1.594776 0.794789
v 2.916756 1.594771 0.795
v 2.9 1.599256 0.790036
v 2.91695 1.601331 0.786563
v 2.917089 1.606018 0.77625
v 2.9 1.604663 0.780451
v 2.9 1.601299 0.786414
v 2.9 1.592034 0.797698
v 2.9 1.586405 0.801317
v 2.916506 1.586335 0.801562
v 2.9 1.58304 0.803479
v 2.916201 1.576026 0.80625
v 2.9 1.576128 0.805902
v 2.9 1.570591 0.807844
v 2.917172 1.608829 0.764063
v 2.95529 1.603532 0.77625
v 2.954795 1.598867 0.786563
v 2.91584 1.563842 0.809062
v 2.985772 1.556188 0.809062
v 2.994204 1.597536 0.77625
v 3.021911 1.590684 0.77625
v 3.020599 1.586184 0.786563
v 3.018761 1.579883 0.795
v 3.033911 1.541997 0.809062
v 2.988208 1.568133 0.80625
v 3.038452 1.553308 0.80625
v 3.042295 1.562878 0.801562
v 3.016399 1.571783 0.801562
v 2.990269 1.57824 0.801562
v 2.953214 1.58394 0.801562
v 3.04544 1.570709 0.795
v 3.063237 1.562767 0.795
v 3.066138 1.568654 0.786563
v 3.084149 1.558804 0.786563
v 3.086571 1.562817 0.77625
v 3.103088 1.55185 0.77625
v 3.088023 1.565225 0.764063
v 3.120606 1.54149 0.764063
v 3.090982 1.507625 0.809062
v 3.099006 1.516797 0.80625
v 3.071074 1.537133 0.80625
v 3.064779 1.526699 0.809062
v 3.131033 1.49797 0.801562
v 3.119028 1.511873 0.801562
v 3.105794 1.524558 0.801562
v 3.091513 1.535931 0.801562
v 3.076401 1.545962 0.801562
v 3.14205 1.482612 0.801562
v 3.122941 1.491581 0.80625
v 3.149119 1.487214 0.795
v 3.154618 1.490793 0.786563
v 3.137654 1.503196 0.795
v 3.142803 1.507262 0.786563
v 3.125145 1.517685 0.795
v 3.129902 1.522205 0.786563
v 3.111349 1.530907 0.795
v 3.115669 1.535846 0.786563
v 3.096474 1.542754 0.795
v 3.100332 1.54806 0.786563
v 3.08076 1.553186 0.795
v 3.158545 1.49335 0.77625
v 3.146482 1.510166 0.77625
v 3.1333 1.525434 0.77625
v 3.118755 1.539374 0.77625
v 3.164777 1.473673 0.786563
v 3.158993 1.470572 0.795
v 3.174495 1.453408 0.786563
v 3.16846 1.450829 0.795
v 3.182334 1.432835 0.786563
v 3.176116 1.430735 0.795
v 3.18944 1.435235 0.764063
v 3.171386 1.477217 0.764063
v 3.168908 1.475888 0.77625
v 3.186775 1.434335 0.77625
v 3.178805 1.455251 0.77625
v 3.168122 1.428035 0.801562
v 3.151557 1.466585 0.801562
v 3.158351 1.424735 0.80625
v 3.142468 1.461712 0.80625
v 3.131727 1.455954 0.809062
v 3.199851 1.382039 0.77625
v 3.202625 1.382512 0.764063
v 3.189868 1.406867 0.786563
v 3.200176 1.340378 0.786563
v 3.188755 1.380147 0.795
v 3.193628 1.339887 0.795
v 3.204853 1.340729 0.77625
v 3.158242 1.374943 0.809062
v 3.170263 1.376993 0.80625
v 2.9 1.608954 0.764054
v 2.9 1.608849 0.765472
v 2.9 1.605867 0.776143
v 3.047886 1.576799 0.786563
v 3.049633 1.58115 0.77625
v 3.148689 1.511908 0.764063
v 3.155481 1.468689 0.798516
v 3.195228 1.38125 0.786563
v 3.183495 1.405303 0.795
v 3.172341 1.42946 0.798516
v 3.180434 1.378727 0.801562
v 3.184826 1.379476 0.798516
v -0.953541 0.244327 0.001
v -1.148663 -0.255673 0.001
newmtl 3
Ka 0.0 0.0 0.0
Kd 0.0 0.0 0.0
Ks 0.0 0.0 0.0
d 0.0
endmtl
v -1.075493 -0.255673 0.001
v -1.024902 -0.115429 0.001
v -0.818347 -0.115429 0.001
v -0.770615 -0.255673 0.001
v -0.697444 -0.255673 0.001
v -0.886468 0.244327 0.001
v -0.835211 -0.060551 0.001
v -1.002417 -0.060551 0.001
v -0.90981 0.14829 0.001
v -0.914622 0.165631 0.001
v -0.917813 0.183351 0.001
v -0.919433 0.183351 0.001
v -0.922696 0.165684 0.001
v -0.92715 0.14829 0.001
v -0.835211 -0.060551 0.0
v -1.002417 -0.060551 0.0
v -0.90981 0.14829 0.0
v -0.914622 0.165631 0.0
v -0.917813 0.183351 0.0
v -0.919433 0.183351 0.0
v -0.922696 0.165684 0.0
v -0.92715 0.14829 0.0
v -0.394376 -0.255673 0.001
v -0.258419 -0.255673 0.001
v -0.258419 0.244327 0.001
v -0.399521 0.244327 0.001
v -0.660858 6.15E-4 0.001
v -0.657257 0.047469 0.001
v -0.643868 0.096741 0.001
v -0.620673 0.139764 0.001
v -0.585376 0.178978 0.001
v -0.58462 0.179643 0.001
v -0.530179 0.216102 0.001
v -0.471757 0.236605 0.001
v -0.456242 -0.250273 0.001
v -0.513856 -0.2331 0.001
v -0.566063 -0.202761 0.001
v -0.607218 -0.163356 0.001
v -0.635891 -0.118634 0.001
v -0.653842 -0.0663 0.001
v -0.560495 0.119334 0.001
v -0.536209 0.145121 0.001
v -0.499686 0.168715 0.001
v -0.458415 0.183158 0.001
v -0.399235 0.189449 0.001
v -0.325493 0.189449 0.001
v -0.325493 -0.200795 0.001
v -0.396472 -0.200795 0.001
v -0.449222 -0.195885 0.001
v -0.491298 -0.182752 0.001
v -0.525397 -0.162503 0.001
v -0.553441 -0.134804 0.001
v -0.57453 -0.100331 0.001
v -0.589195 -0.053331 0.001
v -0.593785 -8.14E-4 0.001
v -0.589537 0.048948 0.001
v -0.577865 0.088495 0.001
v -0.399235 0.189449 0.0
v -0.325493 0.189449 0.0
v -0.458415 0.183158 0.0
v -0.499686 0.168715 0.0
v -0.536209 0.145121 0.0
v -0.560495 0.119334 0.0
v -0.577865 0.088495 0.0
v -0.589537 0.048948 0.0
v -0.593785 -8.14E-4 0.0
v -0.589195 -0.053331 0.0
v -0.57453 -0.100331 0.0
v -0.553441 -0.134804 0.0
v -0.525397 -0.162503 0.0
v -0.491298 -0.182752 0.0
v -0.449222 -0.195885 0.0
v -0.396472 -0.200795 0.0
v -0.325493 -0.200795 0.0
v -0.160858 -0.200795 0.001
v -0.160858 -0.255673 0.001
v 0.107434 -0.255673 0.001
v 0.107434 0.244327 0.001
v -0.148663 0.244327 0.001
v -0.148663 0.189449 0.001
v 0.040361 0.189449 0.001
v 0.040361 0.024815 0.001
v -0.136468 0.024815 0.001
v -0.136468 -0.030063 0.001
v 0.040361 -0.030063 0.001
v 0.040361 -0.200795 0.001
v 0.204995 -0.174881 0.001
v 0.204995 -0.229759 0.001
v 0.258293 -0.251642 0.001
v 0.342571 -0.261771 0.001
v 0.3289 -0.261536 0.001
v 0.404189 -0.255382 0.001
v 0.452651 -0.238701 0.001
v 0.492871 -0.213018 0.001
v 0.530427 -0.173479 0.001
v 0.557063 -0.125936 0.001
v 0.572111 -0.073012 0.001
v 0.576947 -0.015105 0.001
v 0.322659 0.250424 0.001
v 0.372633 0.246367 0.001
v 0.428375 0.230236 0.001
v 0.475886 0.202961 0.001
v 0.521096 0.159574 0.001
v 0.550451 0.112861 0.001
v 0.569754 0.05598 0.001
v 0.204995 0.230607 0.001
v 0.262803 0.246294 0.001
v 0.204995 0.163534 0.001
v 0.322088 0.195546 0.001
v 0.261315 0.187651 0.001
v 0.509873 -0.011009 0.001
v 0.507488 0.027894 0.001
v 0.494161 0.081421 0.001
v 0.473547 0.120026 0.001
v 0.443353 0.153359 0.001
v 0.408746 0.176511 0.001
v 0.371322 0.190017 0.001
v 0.33333 -0.206893 0.001
v 0.379966 -0.201661 0.001
v 0.416398 -0.188249 0.001
v 0.447084 -0.167567 0.001
v 0.470547 -0.142814 0.001
v 0.491227 -0.108144 0.001
v 0.504811 -0.065136 0.001
v 0.213956 -0.179844 0.001
v 0.266959 -0.199526 0.001
v 0.619629 -0.200795 0.001
v 0.619629 -0.255673 0.001
v 0.875727 -0.255673 0.001
v 0.875727 0.244327 0.001
v 0.808654 0.244327 0.001
v 0.808654 -0.200795 0.001
usemtl 1
f 1// 2// 3//
f 4// 5// 6//
f 6// 5// 7//
f 6// 7// 8//
f 9// 8// 10//
f 10// 8// 11//
f 9// 12// 8//
f 8// 12// 13//
f 8// 13// 6//
f 14// 15// 16//
f 16// 15// 17//
f 18// 19// 20//
f 20// 19// 5//
f 21// 22// 23//
f 23// 22// 24//
f 23// 24// 25//
f 11// 26// 4//
f 4// 26// 16//
f 4// 16// 5//
f 5// 16// 17//
f 5// 17// 20//
f 27// 28// 29//
f 30// 31// 32//
f 32// 31// 33//
f 32// 33// 34//
f 35// 36// 32//
f 32// 36// 37//
f 38// 39// 40//
f 40// 39// 41//
f 37// 42// 32//
f 32// 42// 41//
f 32// 41// 43//
f 43// 41// 39//
f 34// 44// 32//
f 32// 44// 45//
f 32// 45// 35//
f 25// 46// 23//
f 23// 46// 47//
f 23// 47// 48//
f 48// 47// 49//
f 48// 49// 50//
f 49// 51// 50//
f 50// 51// 52//
f 50// 52// 29//
f 29// 52// 53//
f 29// 53// 27//
f 54// 55// 4//
f 4// 55// 56//
f 4// 56// 57//
f 57// 58// 4//
f 4// 58// 59//
f 4// 59// 11//
f 11// 59// 60//
f 11// 60// 10//
f 10// 60// 61//
f 10// 61// 32//
f 32// 61// 62//
f 32// 62// 30//
f 63// 64// 1//
f 1// 64// 22//
f 28// 54// 29//
f 29// 54// 4//
f 29// 4// 65//
f 65// 4// 66//
f 65// 66// 21//
f 21// 66// 67//
f 21// 67// 22//
f 22// 67// 68//
f 22// 68// 1//
f 69// 70// 71//
f 72// 3// 73//
f 73// 3// 74//
f 73// 74// 75//
f 75// 74// 4//
f 72// 76// 3//
f 3// 76// 6//
f 3// 6// 1//
f 1// 6// 13//
f 1// 13// 63//
f 71// 77// 69//
f 69// 77// 78//
f 69// 78// 79//
f 80// 81// 6//
f 6// 81// 82//
f 6// 82// 4//
f 4// 82// 83//
f 84// 85// 75//
f 75// 85// 86//
f 83// 87// 4//
f 4// 87// 88//
f 4// 88// 75//
f 75// 88// 89//
f 75// 89// 84//
f 79// 80// 69//
f 69// 80// 6//
f 69// 6// 90//
f 90// 6// 76//
f 90// 76// 91//
f 91// 76// 92//
f 86// 93// 75//
f 75// 93// 94//
f 75// 94// 69//
f 69// 94// 95//
f 69// 95// 70//
f 96// 97// 98//
f 98// 97// 99//
f 100// 101// 102//
f 102// 101// 103//
f 104// 105// 106//
f 106// 105// 107//
f 4// 74// 108//
f 109// 66// 4//
f 4// 108// 109//
f 109// 108// 110//
f 109// 110// 111//
f 111// 110// 112//
f 111// 112// 113//
f 113// 112// 114//
f 113// 114// 115//
f 115// 114// 116//
f 115// 116// 117//
f 117// 116// 118//
f 117// 118// 119//
f 119// 118// 96//
f 119// 96// 98//
f 1// 68// 120//
f 121// 2// 1//
f 1// 120// 121//
f 121// 120// 122//
f 121// 122// 123//
f 123// 122// 124//
f 123// 124// 125//
f 125// 124// 126//
f 125// 126// 127//
f 127// 126// 128//
f 127// 128// 129//
f 129// 128// 130//
f 129// 130// 131//
f 131// 130// 103//
f 131// 103// 101//
f 106// 107// 132//
f 106// 132// 133//
f 133// 132// 134//
f 133// 134// 135//
f 135// 134// 136//
f 135// 136// 137//
f 137// 136// 138//
f 137// 138// 139//
f 139// 138// 140//
f 139// 140// 141//
f 141// 140// 142//
f 141// 142// 143//
f 143// 142// 100//
f 143// 100// 102//
f 105// 104// 144//
f 105// 144// 145//
f 145// 144// 146//
f 145// 146// 147//
f 147// 146// 148//
f 147// 148// 149//
f 149// 148// 150//
f 149// 150// 151//
f 151// 150// 152//
f 151// 152// 153//
f 153// 152// 154//
f 153// 154// 155//
f 155// 154// 99//
f 155// 99// 97//
usemtl 2
f 156// 157// 158//
f 158// 157// 159//
f 114// 160// 161//
f 114// 161// 116//
f 161// 162// 116//
f 116// 162// 163//
f 116// 163// 118//
f 164// 165// 127//
f 127// 165// 125//
f 166// 167// 151//
f 151// 167// 149//
f 163// 168// 118//
f 118// 168// 169//
f 118// 169// 96//
f 96// 169// 158//
f 96// 158// 97//
f 158// 159// 97//
f 97// 159// 170//
f 97// 170// 155//
f 155// 170// 171//
f 155// 171// 153//
f 160// 114// 172//
f 172// 114// 112//
f 172// 112// 173//
f 165// 174// 125//
f 125// 174// 175//
f 125// 175// 123//
f 129// 176// 127//
f 127// 176// 177//
f 127// 177// 164//
f 140// 138// 178//
f 136// 179// 138//
f 138// 179// 180//
f 138// 180// 178//
f 171// 181// 153//
f 153// 181// 182//
f 153// 182// 151//
f 151// 182// 183//
f 151// 183// 166//
f 178// 184// 140//
f 140// 184// 185//
f 140// 185// 142//
f 134// 186// 136//
f 136// 186// 187//
f 136// 187// 179//
f 167// 188// 149//
f 149// 188// 189//
f 149// 189// 147//
f 173// 112// 190//
f 190// 112// 110//
f 190// 110// 191//
f 101// 192// 131//
f 131// 192// 193//
f 131// 193// 129//
f 129// 193// 194//
f 129// 194// 176//
f 191// 110// 195//
f 195// 110// 108//
f 195// 108// 196//
f 185// 197// 142//
f 142// 197// 198//
f 142// 198// 100//
f 100// 198// 199//
f 100// 199// 101//
f 101// 199// 200//
f 101// 200// 192//
f 189// 201// 147//
f 147// 201// 202//
f 147// 202// 145//
f 145// 202// 203//
f 145// 203// 105//
f 105// 203// 204//
f 105// 204// 107//
f 107// 204// 205//
f 107// 205// 132//
f 132// 205// 206//
f 132// 206// 134//
f 134// 206// 207//
f 134// 207// 186//
f 108// 74// 196//
f 196// 74// 3//
f 196// 3// 208//
f 208// 3// 2//
f 208// 2// 209//
f 209// 2// 121//
f 209// 121// 210//
f 210// 121// 123//
f 210// 123// 211//
f 211// 123// 175//
f 200// 199// 212//
f 212// 199// 213//
f 214// 215// 216//
f 214// 216// 217//
f 217// 216// 218//
f 217// 218// 219//
f 219// 218// 220//
f 219// 220// 221//
f 221// 220// 222//
f 221// 222// 223//
f 223// 222// 224//
f 223// 224// 225//
f 225// 224// 226//
f 225// 226// 227//
f 227// 226// 228//
f 227// 228// 229//
f 229// 228// 230//
f 229// 230// 231//
f 231// 230// 232//
f 231// 232// 233//
f 233// 232// 234//
f 233// 234// 235//
f 235// 234// 236//
f 235// 236// 237//
f 237// 236// 238//
f 237// 238// 239//
f 239// 238// 240//
f 239// 240// 241//
f 241// 240// 242//
f 241// 242// 243//
f 243// 242// 244//
f 243// 244// 245//
f 245// 244// 212//
f 245// 212// 213//
f 215// 214// 246//
f 246// 214// 247//
f 157// 156// 248//
f 157// 248// 249//
f 249// 248// 250//
f 249// 250// 251//
f 251// 250// 252//
f 251// 252// 253//
f 253// 252// 254//
f 253// 254// 255//
f 255// 254// 256//
f 255// 256// 257//
f 257// 256// 258//
f 257// 258// 259//
f 259// 258// 260//
f 259// 260// 261//
f 261// 260// 262//
f 261// 262// 263//
f 263// 262// 264//
f 263// 264// 265//
f 265// 264// 266//
f 265// 266// 267//
f 267// 266// 268//
f 267// 268// 269//
f 269// 268// 270//
f 269// 270// 271//
f 271// 270// 272//
f 271// 272// 273//
f 273// 272// 274//
f 273// 274// 275//
f 275// 274// 276//
f 275// 276// 277//
f 277// 276// 246//
f 277// 246// 247//
f 278// 279// 280//
f 281// 282// 208//
f 208// 282// 283//
f 208// 283// 284//
f 208// 285// 286//
f 284// 287// 208//
f 208// 287// 288//
f 208// 288// 289//
f 290// 278// 291//
f 291// 278// 280//
f 291// 280// 208//
f 208// 280// 292//
f 208// 292// 285//
f 286// 293// 208//
f 208// 293// 294//
f 208// 294// 281//
f 295// 296// 208//
f 297// 298// 208//
f 208// 298// 299//
f 208// 299// 300//
f 300// 301// 208//
f 208// 301// 302//
f 208// 302// 303//
f 303// 304// 208//
f 208// 304// 305//
f 208// 305// 196//
f 289// 306// 208//
f 208// 306// 307//
f 208// 307// 308//
f 308// 309// 208//
f 208// 309// 310//
f 208// 310// 295//
f 311// 312// 208//
f 208// 312// 313//
f 208// 313// 297//
f 296// 314// 208//
f 208// 314// 315//
f 208// 315// 311//
f 316// 317// 204//
f 317// 318// 204//
f 204// 318// 319//
f 204// 319// 320//
f 321// 322// 323//
f 324// 325// 204//
f 320// 326// 204//
f 204// 326// 327//
f 204// 327// 328//
f 328// 329// 204//
f 204// 329// 330//
f 204// 330// 331//
f 331// 332// 204//
f 204// 332// 333//
f 204// 333// 334//
f 334// 335// 204//
f 204// 335// 336//
f 204// 336// 205//
f 325// 337// 204//
f 204// 337// 338//
f 204// 338// 339//
f 340// 321// 341//
f 341// 321// 323//
f 341// 323// 204//
f 204// 323// 342//
f 204// 342// 343//
f 343// 344// 204//
f 204// 344// 345//
f 204// 345// 346//
f 346// 347// 204//
f 204// 347// 348//
f 204// 348// 324//
f 339// 349// 204//
f 204// 349// 350//
f 204// 350// 351//
f 351// 352// 204//
f 204// 352// 353//
f 204// 353// 316//
f 200// 212// 354//
f 200// 354// 192//
f 192// 354// 355//
f 192// 355// 193//
f 193// 355// 356//
f 193// 356// 194//
f 194// 356// 357//
f 194// 357// 176//
f 176// 357// 358//
f 176// 358// 177//
f 177// 358// 359//
f 177// 359// 164//
f 164// 359// 360//
f 164// 360// 165//
f 165// 360// 361//
f 165// 361// 174//
f 361// 362// 174//
f 174// 362// 363//
f 174// 363// 175//
f 175// 363// 364//
f 175// 364// 211//
f 211// 364// 365//
f 211// 365// 210//
f 210// 365// 366//
f 210// 366// 209//
f 209// 366// 367//
f 209// 367// 208//
f 208// 367// 291//
f 224// 222// 368//
f 220// 218// 369//
f 369// 218// 216//
f 290// 291// 367//
f 292// 280// 370//
f 293// 286// 371//
f 372// 373// 374//
f 375// 307// 306//
f 376// 377// 378//
f 378// 377// 379//
f 380// 381// 379//
f 379// 381// 382//
f 379// 382// 378//
f 383// 384// 385//
f 385// 384// 386//
f 385// 386// 387//
f 387// 386// 388//
f 387// 388// 389//
f 390// 380// 391//
f 391// 380// 379//
f 391// 379// 392//
f 392// 379// 377//
f 392// 377// 372//
f 389// 375// 393//
f 393// 375// 306//
f 393// 306// 394//
f 394// 306// 289//
f 369// 395// 396//
f 396// 395// 374//
f 396// 374// 397//
f 397// 374// 373//
f 397// 373// 398//
f 284// 399// 287//
f 287// 399// 394//
f 287// 394// 288//
f 288// 394// 289//
f 400// 401// 402//
f 402// 403// 400//
f 400// 403// 404//
f 400// 404// 387//
f 387// 404// 405//
f 387// 405// 385//
f 389// 393// 387//
f 387// 393// 394//
f 387// 394// 400//
f 400// 394// 399//
f 400// 399// 401//
f 406// 407// 408//
f 408// 407// 409//
f 408// 409// 410//
f 410// 409// 411//
f 410// 411// 412//
f 412// 411// 413//
f 282// 281// 414//
f 415// 416// 414//
f 414// 416// 417//
f 414// 417// 282//
f 282// 417// 283//
f 293// 371// 294//
f 418// 419// 415//
f 415// 419// 420//
f 415// 420// 416//
f 416// 420// 421//
f 416// 421// 422//
f 423// 418// 424//
f 424// 418// 415//
f 424// 415// 371//
f 371// 415// 414//
f 371// 414// 294//
f 294// 414// 281//
f 425// 426// 427//
f 427// 426// 428//
f 427// 428// 429//
f 429// 428// 430//
f 429// 430// 431//
f 431// 430// 432//
f 431// 432// 433//
f 433// 432// 434//
f 433// 434// 435//
f 426// 436// 428//
f 428// 436// 437//
f 428// 437// 430//
f 430// 437// 438//
f 430// 438// 432//
f 432// 438// 439//
f 432// 439// 434//
f 440// 441// 442//
f 442// 441// 443//
f 442// 443// 444//
f 444// 443// 445//
f 446// 447// 448//
f 444// 449// 442//
f 442// 449// 450//
f 442// 450// 440//
f 451// 452// 453//
f 453// 452// 454//
f 453// 454// 370//
f 370// 454// 455//
f 370// 455// 292//
f 292// 455// 285//
f 456// 457// 446//
f 445// 458// 444//
f 444// 458// 456//
f 444// 456// 449//
f 449// 456// 446//
f 449// 446// 450//
f 450// 446// 448//
f 450// 448// 440//
f 459// 358// 357//
f 460// 461// 459//
f 459// 461// 359//
f 459// 359// 358//
f 357// 356// 462//
f 462// 356// 355//
f 462// 355// 354//
f 279// 278// 463//
f 463// 278// 290//
f 290// 367// 463//
f 463// 367// 366//
f 463// 366// 464//
f 215// 465// 390//
f 390// 465// 466//
f 390// 466// 380//
f 380// 466// 467//
f 380// 467// 381//
f 372// 374// 392//
f 392// 374// 395//
f 392// 395// 391//
f 391// 395// 369//
f 391// 369// 390//
f 390// 369// 216//
f 390// 216// 215//
f 398// 468// 397//
f 397// 468// 469//
f 397// 469// 396//
f 396// 469// 368//
f 396// 368// 369//
f 369// 368// 222//
f 369// 222// 220//
f 226// 224// 412//
f 412// 224// 368//
f 412// 368// 410//
f 410// 368// 469//
f 410// 469// 408//
f 408// 469// 468//
f 408// 468// 406//
f 406// 468// 398//
f 284// 283// 399//
f 399// 283// 417//
f 399// 417// 401//
f 401// 417// 416//
f 401// 416// 402//
f 402// 416// 422//
f 402// 422// 435//
f 226// 412// 228//
f 228// 412// 413//
f 228// 413// 230//
f 230// 413// 470//
f 230// 470// 232//
f 435// 422// 433//
f 433// 422// 421//
f 433// 421// 431//
f 431// 421// 420//
f 431// 420// 429//
f 429// 420// 419//
f 429// 419// 427//
f 427// 419// 418//
f 427// 418// 425//
f 425// 418// 423//
f 425// 423// 471//
f 244// 242// 457//
f 457// 242// 240//
f 457// 240// 446//
f 446// 240// 238//
f 446// 238// 447//
f 447// 238// 236//
f 447// 236// 470//
f 470// 236// 234//
f 470// 234// 232//
f 357// 462// 459//
f 459// 462// 472//
f 459// 472// 460//
f 460// 472// 473//
f 460// 473// 474//
f 280// 279// 370//
f 370// 279// 463//
f 370// 463// 453//
f 453// 463// 464//
f 453// 464// 451//
f 451// 464// 475//
f 451// 475// 476//
f 286// 285// 371//
f 371// 285// 455//
f 371// 455// 424//
f 424// 455// 454//
f 424// 454// 423//
f 423// 454// 452//
f 423// 452// 471//
f 471// 452// 451//
f 471// 451// 474//
f 474// 451// 476//
f 474// 476// 460//
f 212// 244// 354//
f 354// 244// 457//
f 354// 457// 462//
f 462// 457// 456//
f 462// 456// 472//
f 472// 456// 458//
f 472// 458// 473//
f 473// 458// 445//
f 473// 445// 474//
f 474// 445// 443//
f 474// 443// 471//
f 471// 443// 441//
f 471// 441// 425//
f 425// 441// 440//
f 425// 440// 426//
f 426// 440// 448//
f 426// 448// 436//
f 436// 448// 447//
f 436// 447// 437//
f 437// 447// 470//
f 437// 470// 438//
f 438// 470// 413//
f 438// 413// 439//
f 439// 413// 411//
f 439// 411// 434//
f 434// 411// 409//
f 434// 409// 435//
f 435// 409// 407//
f 435// 407// 402//
f 402// 407// 406//
f 402// 406// 403//
f 403// 406// 398//
f 403// 398// 404//
f 404// 398// 373//
f 404// 373// 405//
f 405// 373// 372//
f 405// 372// 385//
f 385// 372// 377//
f 385// 377// 383//
f 383// 377// 376//
f 366// 365// 464//
f 464// 365// 364//
f 464// 364// 475//
f 475// 364// 363//
f 475// 363// 476//
f 476// 363// 362//
f 476// 362// 460//
f 460// 362// 361//
f 460// 361// 461//
f 461// 361// 360//
f 461// 360// 359//
f 477// 478// 386//
f 215// 246// 465//
f 465// 246// 479//
f 465// 479// 466//
f 466// 479// 480//
f 466// 480// 467//
f 467// 480// 481//
f 467// 481// 381//
f 381// 481// 482//
f 381// 482// 382//
f 382// 482// 483//
f 382// 483// 378//
f 378// 483// 484//
f 378// 484// 376//
f 376// 484// 485//
f 376// 485// 383//
f 383// 485// 477//
f 383// 477// 384//
f 384// 477// 386//
f 308// 307// 486//
f 486// 307// 375//
f 486// 375// 487//
f 487// 375// 389//
f 487// 389// 488//
f 488// 389// 388//
f 488// 388// 489//
f 489// 388// 386//
f 489// 386// 490//
f 490// 386// 478//
f 256// 254// 491//
f 252// 250// 492//
f 492// 250// 248//
f 309// 308// 486//
f 314// 296// 493//
f 312// 311// 494//
f 495// 496// 497//
f 498// 305// 304//
f 499// 500// 501//
f 501// 500// 502//
f 503// 504// 502//
f 502// 504// 505//
f 502// 505// 501//
f 506// 507// 508//
f 508// 507// 509//
f 508// 509// 510//
f 510// 509// 511//
f 510// 511// 512//
f 513// 503// 514//
f 514// 503// 502//
f 514// 502// 515//
f 515// 502// 500//
f 515// 500// 495//
f 512// 498// 516//
f 516// 498// 304//
f 516// 304// 517//
f 517// 304// 303//
f 492// 518// 519//
f 519// 518// 497//
f 519// 497// 520//
f 520// 497// 496//
f 520// 496// 521//
f 300// 522// 301//
f 301// 522// 517//
f 301// 517// 302//
f 302// 517// 303//
f 523// 524// 525//
f 525// 526// 523//
f 523// 526// 527//
f 523// 527// 510//
f 510// 527// 528//
f 510// 528// 508//
f 512// 516// 510//
f 510// 516// 517//
f 510// 517// 523//
f 523// 517// 522//
f 523// 522// 524//
f 529// 530// 531//
f 531// 530// 532//
f 531// 532// 533//
f 533// 532// 534//
f 533// 534// 535//
f 535// 534// 536//
f 298// 297// 537//
f 538// 539// 537//
f 537// 539// 540//
f 537// 540// 298//
f 298// 540// 299//
f 312// 494// 313//
f 541// 542// 538//
f 538// 542// 543//
f 538// 543// 539//
f 539// 543// 544//
f 539// 544// 545//
f 546// 541// 547//
f 547// 541// 538//
f 547// 538// 494//
f 494// 538// 537//
f 494// 537// 313//
f 313// 537// 297//
f 548// 549// 550//
f 550// 549// 551//
f 550// 551// 552//
f 552// 551// 553//
f 552// 553// 554//
f 554// 553// 555//
f 554// 555// 556//
f 556// 555// 557//
f 556// 557// 558//
f 549// 559// 551//
f 551// 559// 560//
f 551// 560// 553//
f 553// 560// 561//
f 553// 561// 555//
f 555// 561// 562//
f 555// 562// 557//
f 563// 564// 565//
f 565// 564// 566//
f 565// 566// 567//
f 567// 566// 568//
f 569// 570// 571//
f 567// 572// 565//
f 565// 572// 573//
f 565// 573// 563//
f 574// 575// 576//
f 576// 575// 577//
f 576// 577// 493//
f 493// 577// 578//
f 493// 578// 314//
f 314// 578// 315//
f 579// 580// 569//
f 568// 581// 567//
f 567// 581// 579//
f 567// 579// 572//
f 572// 579// 569//
f 572// 569// 573//
f 573// 569// 571//
f 573// 571// 563//
f 582// 483// 482//
f 583// 584// 582//
f 582// 584// 484//
f 582// 484// 483//
f 482// 481// 585//
f 585// 481// 480//
f 585// 480// 479//
f 295// 310// 586//
f 586// 310// 309//
f 309// 486// 586//
f 586// 486// 487//
f 586// 487// 587//
f 156// 588// 513//
f 513// 588// 589//
f 513// 589// 503//
f 503// 589// 590//
f 503// 590// 504//
f 495// 497// 515//
f 515// 497// 518//
f 515// 518// 514//
f 514// 518// 492//
f 514// 492// 513//
f 513// 492// 248//
f 513// 248// 156//
f 521// 591// 520//
f 520// 591// 592//
f 520// 592// 519//
f 519// 592// 491//
f 519// 491// 492//
f 492// 491// 254//
f 492// 254// 252//
f 258// 256// 535//
f 535// 256// 491//
f 535// 491// 533//
f 533// 491// 592//
f 533// 592// 531//
f 531// 592// 591//
f 531// 591// 529//
f 529// 591// 521//
f 300// 299// 522//
f 522// 299// 540//
f 522// 540// 524//
f 524// 540// 539//
f 524// 539// 525//
f 525// 539// 545//
f 525// 545// 558//
f 258// 535// 260//
f 260// 535// 536//
f 260// 536// 262//
f 262// 536// 593//
f 262// 593// 264//
f 558// 545// 556//
f 556// 545// 544//
f 556// 544// 554//
f 554// 544// 543//
f 554// 543// 552//
f 552// 543// 542//
f 552// 542// 550//
f 550// 542// 541//
f 550// 541// 548//
f 548// 541// 546//
f 548// 546// 594//
f 276// 274// 580//
f 580// 274// 272//
f 580// 272// 569//
f 569// 272// 270//
f 569// 270// 570//
f 570// 270// 268//
f 570// 268// 593//
f 593// 268// 266//
f 593// 266// 264//
f 482// 585// 582//
f 582// 585// 595//
f 582// 595// 583//
f 583// 595// 596//
f 583// 596// 597//
f 296// 295// 493//
f 493// 295// 586//
f 493// 586// 576//
f 576// 586// 587//
f 576// 587// 574//
f 574// 587// 598//
f 574// 598// 599//
f 311// 315// 494//
f 494// 315// 578//
f 494// 578// 547//
f 547// 578// 577//
f 547// 577// 546//
f 546// 577// 575//
f 546// 575// 594//
f 594// 575// 574//
f 594// 574// 597//
f 597// 574// 599//
f 597// 599// 583//
f 246// 276// 479//
f 479// 276// 580//
f 479// 580// 585//
f 585// 580// 579//
f 585// 579// 595//
f 595// 579// 581//
f 595// 581// 596//
f 596// 581// 568//
f 596// 568// 597//
f 597// 568// 566//
f 597// 566// 594//
f 594// 566// 564//
f 594// 564// 548//
f 548// 564// 563//
f 548// 563// 549//
f 549// 563// 571//
f 549// 571// 559//
f 559// 571// 570//
f 559// 570// 560//
f 560// 570// 593//
f 560// 593// 561//
f 561// 593// 536//
f 561// 536// 562//
f 562// 536// 534//
f 562// 534// 557//
f 557// 534// 532//
f 557// 532// 558//
f 558// 532// 530//
f 558// 530// 525//
f 525// 530// 529//
f 525// 529// 526//
f 526// 529// 521//
f 526// 521// 527//
f 527// 521// 496//
f 527// 496// 528//
f 528// 496// 495//
f 528// 495// 508//
f 508// 495// 500//
f 508// 500// 506//
f 506// 500// 499//
f 487// 488// 587//
f 587// 488// 489//
f 587// 489// 598//
f 598// 489// 490//
f 598// 490// 599//
f 599// 490// 478//
f 599// 478// 583//
f 583// 478// 477//
f 583// 477// 584//
f 584// 477// 485//
f 584// 485// 484//
f 156// 158// 588//
f 588// 158// 169//
f 588// 169// 589//
f 589// 169// 168//
f 589// 168// 590//
f 590// 168// 163//
f 590// 163// 504//
f 504// 163// 162//
f 504// 162// 505//
f 505// 162// 501//
f 162// 161// 501//
f 501// 161// 160//
f 501// 160// 499//
f 499// 160// 172//
f 499// 172// 506//
f 506// 172// 173//
f 506// 173// 507//
f 507// 173// 190//
f 507// 190// 509//
f 509// 190// 191//
f 509// 191// 511//
f 511// 191// 512//
f 512// 191// 195//
f 512// 195// 498//
f 498// 195// 196//
f 498// 196// 305//
f 213// 199// 600//
f 600// 199// 198//
f 600// 198// 601//
f 601// 198// 197//
f 601// 197// 602//
f 602// 197// 185//
f 602// 185// 603//
f 603// 185// 604//
f 604// 185// 184//
f 604// 184// 605//
f 605// 184// 178//
f 605// 178// 606//
f 606// 178// 607//
f 607// 178// 180//
f 607// 180// 608//
f 608// 180// 179//
f 608// 179// 609//
f 609// 179// 610//
f 610// 179// 187//
f 610// 187// 611//
f 611// 187// 186//
f 611// 186// 612//
f 612// 186// 613//
f 613// 186// 207//
f 613// 207// 614//
f 205// 336// 206//
f 206// 336// 615//
f 615// 616// 206//
f 206// 616// 617//
f 206// 617// 207//
f 207// 617// 618//
f 207// 618// 614//
f 233// 235// 619//
f 237// 239// 620//
f 243// 245// 621//
f 611// 612// 622//
f 352// 351// 623//
f 318// 317// 624//
f 326// 320// 625//
f 626// 627// 628//
f 615// 336// 335//
f 601// 602// 621//
f 621// 602// 629//
f 602// 603// 629//
f 629// 603// 604//
f 629// 604// 605//
f 612// 613// 622//
f 622// 613// 614//
f 622// 614// 630//
f 614// 618// 630//
f 630// 618// 617//
f 630// 617// 616//
f 627// 626// 631//
f 631// 626// 632//
f 631// 632// 633//
f 616// 615// 634//
f 634// 615// 335//
f 634// 335// 635//
f 635// 335// 334//
f 636// 637// 638//
f 638// 637// 639//
f 638// 639// 640//
f 641// 636// 642//
f 642// 636// 638//
f 642// 638// 643//
f 643// 638// 640//
f 643// 640// 620//
f 331// 644// 332//
f 332// 644// 635//
f 332// 635// 333//
f 333// 635// 334//
f 645// 646// 647//
f 647// 648// 645//
f 645// 648// 649//
f 645// 649// 630//
f 630// 649// 650//
f 630// 650// 622//
f 616// 634// 630//
f 630// 634// 635//
f 630// 635// 645//
f 645// 635// 644//
f 645// 644// 646//
f 651// 652// 653//
f 653// 652// 654//
f 653// 654// 655//
f 655// 654// 656//
f 655// 656// 619//
f 619// 656// 657//
f 329// 328// 658//
f 659// 660// 658//
f 658// 660// 661//
f 658// 661// 329//
f 329// 661// 330//
f 326// 625// 327//
f 662// 663// 659//
f 659// 663// 664//
f 659// 664// 660//
f 660// 664// 665//
f 660// 665// 666//
f 667// 662// 668//
f 668// 662// 659//
f 668// 659// 625//
f 625// 659// 658//
f 625// 658// 327//
f 327// 658// 328//
f 669// 670// 671//
f 671// 670// 672//
f 671// 672// 673//
f 673// 672// 674//
f 673// 674// 675//
f 675// 674// 676//
f 675// 676// 677//
f 677// 676// 678//
f 677// 678// 679//
f 670// 680// 672//
f 672// 680// 681//
f 672// 681// 674//
f 674// 681// 682//
f 674// 682// 676//
f 676// 682// 683//
f 676// 683// 678//
f 684// 685// 686//
f 686// 685// 687//
f 688// 689// 690//
f 690// 689// 691//
f 690// 691// 624//
f 624// 691// 692//
f 624// 692// 318//
f 318// 692// 319//
f 693// 694// 695//
f 695// 694// 696//
f 695// 696// 697//
f 698// 699// 700//
f 701// 702// 698//
f 698// 702// 703//
f 698// 703// 699//
f 700// 704// 705//
f 705// 704// 706//
f 705// 706// 707//
f 316// 353// 708//
f 708// 353// 352//
f 352// 623// 708//
f 708// 623// 709//
f 708// 709// 710//
f 245// 213// 621//
f 621// 213// 600//
f 621// 600// 601//
f 606// 607// 632//
f 632// 607// 608//
f 632// 608// 633//
f 633// 608// 609//
f 633// 609// 610//
f 241// 243// 628//
f 628// 243// 621//
f 628// 621// 626//
f 626// 621// 629//
f 626// 629// 632//
f 632// 629// 605//
f 632// 605// 606//
f 239// 241// 620//
f 620// 241// 628//
f 620// 628// 643//
f 643// 628// 627//
f 643// 627// 642//
f 642// 627// 631//
f 642// 631// 641//
f 641// 631// 633//
f 235// 237// 619//
f 619// 237// 620//
f 619// 620// 655//
f 655// 620// 640//
f 655// 640// 653//
f 653// 640// 639//
f 653// 639// 651//
f 651// 639// 637//
f 331// 330// 644//
f 644// 330// 661//
f 644// 661// 646//
f 646// 661// 660//
f 646// 660// 647//
f 647// 660// 666//
f 647// 666// 679//
f 233// 619// 231//
f 231// 619// 657//
f 231// 657// 229//
f 229// 657// 711//
f 229// 711// 227//
f 227// 711// 712//
f 227// 712// 225//
f 679// 666// 677//
f 677// 666// 665//
f 677// 665// 675//
f 675// 665// 664//
f 675// 664// 673//
f 673// 664// 663//
f 673// 663// 671//
f 671// 663// 662//
f 671// 662// 669//
f 669// 662// 667//
f 669// 667// 713//
f 219// 221// 684//
f 684// 221// 223//
f 714// 687// 715//
f 715// 687// 685//
f 715// 685// 716//
f 716// 685// 684//
f 716// 684// 712//
f 712// 684// 223//
f 712// 223// 225//
f 217// 219// 717//
f 717// 219// 684//
f 717// 684// 697//
f 697// 684// 686//
f 697// 686// 695//
f 695// 686// 687//
f 695// 687// 693//
f 693// 687// 714//
f 700// 705// 698//
f 698// 705// 718//
f 698// 718// 701//
f 701// 718// 719//
f 701// 719// 720//
f 317// 316// 624//
f 624// 316// 708//
f 624// 708// 690//
f 690// 708// 710//
f 690// 710// 688//
f 688// 710// 721//
f 688// 721// 722//
f 320// 319// 625//
f 625// 319// 692//
f 625// 692// 668//
f 668// 692// 691//
f 668// 691// 667//
f 667// 691// 689//
f 667// 689// 713//
f 713// 689// 688//
f 713// 688// 720//
f 720// 688// 722//
f 720// 722// 701//
f 214// 217// 707//
f 707// 217// 717//
f 707// 717// 705//
f 705// 717// 697//
f 705// 697// 718//
f 718// 697// 696//
f 718// 696// 719//
f 719// 696// 694//
f 719// 694// 720//
f 720// 694// 693//
f 720// 693// 713//
f 713// 693// 714//
f 713// 714// 669//
f 669// 714// 715//
f 669// 715// 670//
f 670// 715// 716//
f 670// 716// 680//
f 680// 716// 712//
f 680// 712// 681//
f 681// 712// 711//
f 681// 711// 682//
f 682// 711// 657//
f 682// 657// 683//
f 683// 657// 656//
f 683// 656// 678//
f 678// 656// 654//
f 678// 654// 679//
f 679// 654// 652//
f 679// 652// 647//
f 647// 652// 651//
f 647// 651// 648//
f 648// 651// 637//
f 648// 637// 649//
f 649// 637// 636//
f 649// 636// 650//
f 650// 636// 641//
f 650// 641// 622//
f 622// 641// 633//
f 622// 633// 611//
f 611// 633// 610//
f 709// 723// 710//
f 710// 723// 724//
f 710// 724// 721//
f 721// 724// 725//
f 721// 725// 722//
f 722// 725// 726//
f 722// 726// 701//
f 701// 726// 727//
f 701// 727// 702//
f 702// 727// 728//
f 702// 728// 703//
f 247// 214// 729//
f 729// 214// 707//
f 729// 707// 730//
f 730// 707// 706//
f 730// 706// 731//
f 731// 706// 704//
f 699// 732// 700//
f 700// 732// 733//
f 700// 733// 704//
f 704// 733// 734//
f 704// 734// 731//
f 728// 735// 703//
f 703// 735// 736//
f 703// 736// 699//
f 699// 736// 737//
f 699// 737// 732//
f 724// 738// 725//
f 725// 738// 739//
f 725// 739// 726//
f 726// 739// 740//
f 726// 740// 727//
f 727// 740// 741//
f 727// 741// 728//
f 728// 741// 742//
f 728// 742// 735//
f 351// 350// 623//
f 623// 350// 743//
f 623// 743// 709//
f 743// 744// 709//
f 709// 744// 745//
f 709// 745// 723//
f 723// 745// 746//
f 723// 746// 724//
f 724// 746// 747//
f 724// 747// 738//
f 265// 267// 748//
f 269// 271// 749//
f 275// 277// 750//
f 740// 739// 751//
f 340// 341// 752//
f 342// 323// 753//
f 345// 344// 754//
f 755// 756// 757//
f 743// 350// 349//
f 730// 731// 750//
f 750// 731// 758//
f 731// 734// 758//
f 758// 734// 733//
f 758// 733// 732//
f 739// 738// 751//
f 751// 738// 747//
f 751// 747// 759//
f 747// 746// 759//
f 759// 746// 745//
f 759// 745// 744//
f 756// 755// 760//
f 760// 755// 761//
f 760// 761// 762//
f 744// 743// 763//
f 763// 743// 349//
f 763// 349// 764//
f 764// 349// 339//
f 765// 766// 767//
f 767// 766// 768//
f 767// 768// 769//
f 770// 765// 771//
f 771// 765// 767//
f 771// 767// 772//
f 772// 767// 769//
f 772// 769// 749//
f 325// 773// 337//
f 337// 773// 764//
f 337// 764// 338//
f 338// 764// 339//
f 774// 775// 776//
f 776// 777// 774//
f 774// 777// 778//
f 774// 778// 759//
f 759// 778// 779//
f 759// 779// 751//
f 744// 763// 759//
f 759// 763// 764//
f 759// 764// 774//
f 774// 764// 773//
f 774// 773// 775//
f 780// 781// 782//
f 782// 781// 783//
f 782// 783// 784//
f 784// 783// 785//
f 784// 785// 748//
f 748// 785// 786//
f 348// 347// 787//
f 788// 789// 787//
f 787// 789// 790//
f 787// 790// 348//
f 348// 790// 324//
f 345// 754// 346//
f 791// 792// 788//
f 788// 792// 793//
f 788// 793// 789//
f 789// 793// 794//
f 789// 794// 795//
f 796// 791// 797//
f 797// 791// 788//
f 797// 788// 754//
f 754// 788// 787//
f 754// 787// 346//
f 346// 787// 347//
f 798// 799// 800//
f 800// 799// 801//
f 800// 801// 802//
f 802// 801// 803//
f 802// 803// 804//
f 804// 803// 805//
f 804// 805// 806//
f 806// 805// 807//
f 806// 807// 808//
f 799// 809// 801//
f 801// 809// 810//
f 801// 810// 803//
f 803// 810// 811//
f 803// 811// 805//
f 805// 811// 812//
f 805// 812// 807//
f 813// 814// 815//
f 815// 814// 816//
f 817// 818// 819//
f 819// 818// 820//
f 819// 820// 753//
f 753// 820// 821//
f 753// 821// 342//
f 342// 821// 343//
f 822// 823// 824//
f 824// 823// 825//
f 824// 825// 826//
f 827// 828// 829//
f 830// 831// 827//
f 827// 831// 832//
f 827// 832// 828//
f 829// 833// 834//
f 834// 833// 835//
f 834// 835// 836//
f 322// 321// 837//
f 837// 321// 340//
f 340// 752// 837//
f 837// 752// 838//
f 837// 838// 839//
f 277// 247// 750//
f 750// 247// 729//
f 750// 729// 730//
f 737// 736// 761//
f 761// 736// 735//
f 761// 735// 762//
f 762// 735// 742//
f 762// 742// 741//
f 273// 275// 757//
f 757// 275// 750//
f 757// 750// 755//
f 755// 750// 758//
f 755// 758// 761//
f 761// 758// 732//
f 761// 732// 737//
f 271// 273// 749//
f 749// 273// 757//
f 749// 757// 772//
f 772// 757// 756//
f 772// 756// 771//
f 771// 756// 760//
f 771// 760// 770//
f 770// 760// 762//
f 267// 269// 748//
f 748// 269// 749//
f 748// 749// 784//
f 784// 749// 769//
f 784// 769// 782//
f 782// 769// 768//
f 782// 768// 780//
f 780// 768// 766//
f 325// 324// 773//
f 773// 324// 790//
f 773// 790// 775//
f 775// 790// 789//
f 775// 789// 776//
f 776// 789// 795//
f 776// 795// 808//
f 265// 748// 263//
f 263// 748// 786//
f 263// 786// 261//
f 261// 786// 840//
f 261// 840// 259//
f 259// 840// 841//
f 259// 841// 257//
f 808// 795// 806//
f 806// 795// 794//
f 806// 794// 804//
f 804// 794// 793//
f 804// 793// 802//
f 802// 793// 792//
f 802// 792// 800//
f 800// 792// 791//
f 800// 791// 798//
f 798// 791// 796//
f 798// 796// 842//
f 251// 253// 813//
f 813// 253// 255//
f 843// 816// 844//
f 844// 816// 814//
f 844// 814// 845//
f 845// 814// 813//
f 845// 813// 841//
f 841// 813// 255//
f 841// 255// 257//
f 249// 251// 846//
f 846// 251// 813//
f 846// 813// 826//
f 826// 813// 815//
f 826// 815// 824//
f 824// 815// 816//
f 824// 816// 822//
f 822// 816// 843//
f 829// 834// 827//
f 827// 834// 847//
f 827// 847// 830//
f 830// 847// 848//
f 830// 848// 849//
f 323// 322// 753//
f 753// 322// 837//
f 753// 837// 819//
f 819// 837// 839//
f 819// 839// 817//
f 817// 839// 850//
f 817// 850// 851//
f 344// 343// 754//
f 754// 343// 821//
f 754// 821// 797//
f 797// 821// 820//
f 797// 820// 796//
f 796// 820// 818//
f 796// 818// 842//
f 842// 818// 817//
f 842// 817// 849//
f 849// 817// 851//
f 849// 851// 830//
f 157// 249// 836//
f 836// 249// 846//
f 836// 846// 834//
f 834// 846// 826//
f 834// 826// 847//
f 847// 826// 825//
f 847// 825// 848//
f 848// 825// 823//
f 848// 823// 849//
f 849// 823// 822//
f 849// 822// 842//
f 842// 822// 843//
f 842// 843// 798//
f 798// 843// 844//
f 798// 844// 799//
f 799// 844// 845//
f 799// 845// 809//
f 809// 845// 841//
f 809// 841// 810//
f 810// 841// 840//
f 810// 840// 811//
f 811// 840// 786//
f 811// 786// 812//
f 812// 786// 785//
f 812// 785// 807//
f 807// 785// 783//
f 807// 783// 808//
f 808// 783// 781//
f 808// 781// 776//
f 776// 781// 780//
f 776// 780// 777//
f 777// 780// 766//
f 777// 766// 778//
f 778// 766// 765//
f 778// 765// 779//
f 779// 765// 770//
f 779// 770// 751//
f 751// 770// 762//
f 751// 762// 740//
f 740// 762// 741//
f 838// 852// 839//
f 839// 852// 853//
f 839// 853// 850//
f 850// 853// 854//
f 850// 854// 851//
f 851// 854// 855//
f 851// 855// 830//
f 830// 855// 856//
f 830// 856// 831//
f 831// 856// 857//
f 831// 857// 832//
f 159// 157// 836//
f 159// 836// 170//
f 170// 836// 835//
f 170// 835// 171//
f 171// 835// 833//
f 171// 833// 181//
f 181// 833// 829//
f 181// 829// 182//
f 182// 829// 828//
f 182// 828// 183//
f 183// 828// 832//
f 183// 832// 166//
f 166// 832// 857//
f 166// 857// 167//
f 167// 857// 856//
f 167// 856// 188//
f 856// 855// 188//
f 188// 855// 854//
f 188// 854// 189//
f 189// 854// 853//
f 189// 853// 201//
f 201// 853// 852//
f 201// 852// 202//
f 202// 852// 838//
f 202// 838// 203//
f 203// 838// 752//
f 203// 752// 204//
f 204// 752// 341//
f 858// 859// 860//
f 860// 859// 861//
f 860// 861// 862//
f 860// 862// 863//
f 863// 862// 864//
f 863// 864// 865//
f 865// 864// 866//
f 865// 866// 867//
f 867// 866// 868//
f 867// 868// 869//
f 869// 868// 870//
f 869// 870// 871//
f 871// 870// 872//
f 871// 872// 873//
f 873// 872// 874//
f 873// 874// 875//
f 875// 874// 876//
f 875// 876// 877//
f 877// 876// 878//
f 877// 878// 879//
f 879// 878// 880//
f 879// 880// 881//
f 881// 880// 882//
f 881// 882// 883//
f 883// 882// 884//
f 883// 884// 885//
f 885// 884// 886//
f 885// 886// 887//
f 887// 886// 888//
f 887// 888// 889//
f 889// 888// 890//
f 889// 890// 891//
f 891// 890// 892//
f 891// 892// 893//
f 893// 892// 894//
f 894// 892// 895//
f 894// 895// 896//
f 894// 896// 897//
f 897// 896// 898//
f 897// 898// 899//
f 899// 898// 900//
f 899// 900// 901//
f 901// 900// 902//
f 901// 902// 903//
f 903// 902// 904//
f 903// 904// 905//
f 905// 904// 906//
f 905// 906// 907//
f 907// 906// 908//
f 907// 908// 909//
f 909// 908// 910//
f 909// 910// 911//
f 911// 910// 912//
f 911// 912// 913//
f 913// 912// 914//
f 913// 914// 915//
f 915// 914// 916//
f 915// 916// 917//
f 917// 916// 918//
f 917// 918// 919//
f 919// 918// 920//
f 919// 920// 921//
f 921// 920// 922//
f 921// 922// 923//
f 923// 922// 924//
f 923// 924// 925//
f 925// 924// 926//
f 925// 926// 927//
f 927// 926// 928//
f 928// 926// 929//
f 126// 930// 931//
f 932// 933// 115//
f 115// 933// 113//
f 150// 148// 934//
f 935// 936// 139//
f 139// 936// 137//
f 102// 937// 143//
f 143// 937// 938//
f 143// 938// 141//
f 126// 931// 128//
f 117// 939// 115//
f 115// 939// 940//
f 115// 940// 932//
f 934// 941// 150//
f 150// 941// 942//
f 150// 942// 152//
f 936// 943// 137//
f 137// 943// 944//
f 137// 944// 135//
f 938// 945// 141//
f 141// 945// 946//
f 141// 946// 139//
f 139// 946// 947//
f 139// 947// 935//
f 931// 948// 128//
f 128// 948// 949//
f 128// 949// 130//
f 930// 126// 950//
f 950// 126// 124//
f 950// 124// 951//
f 933// 952// 113//
f 113// 952// 953//
f 113// 953// 111//
f 949// 954// 130//
f 130// 954// 955//
f 130// 955// 103//
f 103// 955// 928//
f 103// 928// 102//
f 102// 928// 929//
f 102// 929// 937//
f 942// 956// 152//
f 152// 956// 957//
f 152// 957// 154//
f 146// 958// 148//
f 148// 958// 959//
f 148// 959// 934//
f 951// 124// 960//
f 960// 124// 122//
f 960// 122// 961//
f 98// 962// 119//
f 119// 962// 963//
f 119// 963// 117//
f 117// 963// 964//
f 117// 964// 939//
f 957// 965// 154//
f 154// 965// 966//
f 154// 966// 99//
f 99// 966// 859//
f 99// 859// 98//
f 98// 859// 858//
f 98// 858// 962//
f 961// 122// 967//
f 967// 122// 120//
f 967// 120// 968//
f 944// 969// 135//
f 135// 969// 970//
f 135// 970// 133//
f 133// 970// 971//
f 133// 971// 106//
f 106// 971// 972//
f 106// 972// 104//
f 104// 972// 973//
f 104// 973// 144//
f 144// 973// 974//
f 144// 974// 146//
f 146// 974// 975//
f 146// 975// 958//
f 953// 976// 111//
f 111// 976// 977//
f 111// 977// 109//
f 109// 977// 978//
f 109// 978// 66//
f 66// 978// 979//
f 66// 979// 67//
f 67// 979// 968//
f 67// 968// 68//
f 68// 968// 120//
f 980// 968// 979//
f 981// 982// 983//
f 982// 984// 983//
f 983// 984// 985//
f 983// 985// 986//
f 987// 988// 985//
f 985// 988// 989//
f 985// 989// 986//
f 990// 991// 979//
f 979// 991// 992//
f 979// 992// 993//
f 993// 994// 979//
f 979// 994// 995//
f 979// 995// 980//
f 996// 997// 983//
f 983// 997// 998//
f 983// 998// 981//
f 999// 1000// 1001//
f 1002// 1003// 985//
f 1004// 1005// 979//
f 996// 983// 979//
f 979// 983// 1006//
f 979// 1006// 1004//
f 1005// 1007// 979//
f 979// 1007// 1008//
f 979// 1008// 990//
f 1009// 1010// 985//
f 985// 1010// 1011//
f 985// 1011// 1002//
f 1012// 999// 1013//
f 1013// 999// 1001//
f 1013// 1001// 985//
f 985// 1001// 1014//
f 985// 1014// 1009//
f 1015// 987// 1016//
f 1016// 987// 985//
f 1016// 985// 1017//
f 1017// 985// 1003//
f 1018// 1019// 1020//
f 1021// 1022// 1023//
f 1024// 1025// 972//
f 972// 1025// 1026//
f 972// 1026// 973//
f 1027// 1028// 1029//
f 1030// 1031// 972//
f 972// 1031// 1032//
f 1032// 1033// 972//
f 972// 1033// 1034//
f 972// 1034// 1035//
f 1035// 1036// 972//
f 972// 1036// 1037//
f 972// 1037// 1024//
f 1038// 1039// 1020//
f 1020// 1039// 1040//
f 1020// 1040// 1018//
f 1041// 1021// 1042//
f 1042// 1021// 1023//
f 1042// 1023// 1043//
f 1027// 1029// 1044//
f 1038// 1020// 972//
f 972// 1020// 1045//
f 972// 1045// 1030//
f 1046// 1044// 1023//
f 1023// 1044// 1047//
f 1023// 1047// 1043//
f 1046// 1048// 1044//
f 1044// 1048// 1049//
f 1044// 1049// 1050//
f 1019// 1051// 1020//
f 1020// 1051// 1044//
f 1020// 1044// 1052//
f 1052// 1044// 1029//
f 1053// 1027// 1054//
f 1054// 1027// 1044//
f 1054// 1044// 1055//
f 1055// 1044// 1050//
f 927// 928// 1056//
f 1056// 928// 955//
f 1056// 955// 1057//
f 1057// 955// 954//
f 1057// 954// 1058//
f 1058// 954// 949//
f 1058// 949// 1059//
f 1059// 949// 1060//
f 1060// 949// 948//
f 1060// 948// 1061//
f 1061// 948// 931//
f 1061// 931// 1062//
f 1062// 931// 1063//
f 1063// 931// 930//
f 1063// 930// 1064//
f 1064// 930// 950//
f 1064// 950// 1065//
f 1065// 950// 1066//
f 1066// 950// 951//
f 1066// 951// 1067//
f 1067// 951// 960//
f 1067// 960// 1068//
f 1068// 960// 1069//
f 1069// 960// 961//
f 1069// 961// 1070//
f 968// 980// 967//
f 967// 980// 1071//
f 1071// 1072// 967//
f 967// 1072// 1073//
f 967// 1073// 961//
f 961// 1073// 1074//
f 961// 1074// 1070//
f 913// 915// 1075//
f 917// 919// 1076//
f 923// 925// 1077//
f 1067// 1068// 1078//
f 1015// 1016// 1079//
f 986// 989// 1080//
f 1004// 1006// 1081//
f 1082// 1083// 1084//
f 1071// 980// 995//
f 1057// 1058// 1077//
f 1077// 1058// 1085//
f 1058// 1059// 1085//
f 1085// 1059// 1060//
f 1085// 1060// 1061//
f 1068// 1069// 1078//
f 1078// 1069// 1070//
f 1078// 1070// 1086//
f 1070// 1074// 1086//
f 1086// 1074// 1073//
f 1086// 1073// 1072//
f 1083// 1082// 1087//
f 1087// 1082// 1088//
f 1087// 1088// 1089//
f 1072// 1071// 1090//
f 1090// 1071// 995//
f 1090// 995// 1091//
f 1091// 995// 994//
f 1092// 1093// 1094//
f 1094// 1093// 1095//
f 1094// 1095// 1096//
f 1097// 1092// 1098//
f 1098// 1092// 1094//
f 1098// 1094// 1099//
f 1099// 1094// 1096//
f 1099// 1096// 1076//
f 991// 1100// 992//
f 992// 1100// 1091//
f 992// 1091// 993//
f 993// 1091// 994//
f 1101// 1102// 1103//
f 1103// 1104// 1101//
f 1101// 1104// 1105//
f 1101// 1105// 1086//
f 1086// 1105// 1106//
f 1086// 1106// 1078//
f 1072// 1090// 1086//
f 1086// 1090// 1091//
f 1086// 1091// 1101//
f 1101// 1091// 1100//
f 1101// 1100// 1102//
f 1107// 1108// 1109//
f 1109// 1108// 1110//
f 1109// 1110// 1111//
f 1111// 1110// 1112//
f 1111// 1112// 1075//
f 1075// 1112// 1113//
f 1008// 1007// 1114//
f 1115// 1116// 1114//
f 1114// 1116// 1117//
f 1114// 1117// 1008//
f 1008// 1117// 990//
f 1004// 1081// 1005//
f 1118// 1119// 1115//
f 1115// 1119// 1120//
f 1115// 1120// 1116//
f 1116// 1120// 1121//
f 1116// 1121// 1122//
f 1123// 1118// 1124//
f 1124// 1118// 1115//
f 1124// 1115// 1081//
f 1081// 1115// 1114//
f 1081// 1114// 1005//
f 1005// 1114// 1007//
f 1125// 1126// 1127//
f 1127// 1126// 1128//
f 1127// 1128// 1129//
f 1129// 1128// 1130//
f 1129// 1130// 1131//
f 1131// 1130// 1132//
f 1131// 1132// 1133//
f 1133// 1132// 1134//
f 1133// 1134// 1135//
f 1126// 1136// 1128//
f 1128// 1136// 1137//
f 1128// 1137// 1130//
f 1130// 1137// 1138//
f 1130// 1138// 1132//
f 1132// 1138// 1139//
f 1132// 1139// 1134//
f 1140// 1141// 1142//
f 1142// 1141// 1143//
f 1144// 1145// 1146//
f 1146// 1145// 1147//
f 1146// 1147// 1080//
f 1080// 1147// 1148//
f 1080// 1148// 986//
f 986// 1148// 983//
f 1149// 1150// 1151//
f 1151// 1150// 1152//
f 1151// 1152// 1153//
f 1154// 1155// 1156//
f 1157// 1158// 1154//
f 1154// 1158// 1159//
f 1154// 1159// 1155//
f 1156// 1160// 1161//
f 1161// 1160// 1162//
f 1161// 1162// 1163//
f 988// 987// 1164//
f 1164// 987// 1015//
f 1015// 1079// 1164//
f 1164// 1079// 1165//
f 1164// 1165// 1166//
f 925// 927// 1077//
f 1077// 927// 1056//
f 1077// 1056// 1057//
f 1062// 1063// 1088//
f 1088// 1063// 1064//
f 1088// 1064// 1089//
f 1089// 1064// 1065//
f 1089// 1065// 1066//
f 921// 923// 1084//
f 1084// 923// 1077//
f 1084// 1077// 1082//
f 1082// 1077// 1085//
f 1082// 1085// 1088//
f 1088// 1085// 1061//
f 1088// 1061// 1062//
f 919// 921// 1076//
f 1076// 921// 1084//
f 1076// 1084// 1099//
f 1099// 1084// 1083//
f 1099// 1083// 1098//
f 1098// 1083// 1087//
f 1098// 1087// 1097//
f 1097// 1087// 1089//
f 915// 917// 1075//
f 1075// 917// 1076//
f 1075// 1076// 1111//
f 1111// 1076// 1096//
f 1111// 1096// 1109//
f 1109// 1096// 1095//
f 1109// 1095// 1107//
f 1107// 1095// 1093//
f 991// 990// 1100//
f 1100// 990// 1117//
f 1100// 1117// 1102//
f 1102// 1117// 1116//
f 1102// 1116// 1103//
f 1103// 1116// 1122//
f 1103// 1122// 1135//
f 913// 1075// 911//
f 911// 1075// 1113//
f 911// 1113// 909//
f 909// 1113// 1167//
f 909// 1167// 907//
f 907// 1167// 1168//
f 907// 1168// 905//
f 1135// 1122// 1133//
f 1133// 1122// 1121//
f 1133// 1121// 1131//
f 1131// 1121// 1120//
f 1131// 1120// 1129//
f 1129// 1120// 1119//
f 1129// 1119// 1127//
f 1127// 1119// 1118//
f 1127// 1118// 1125//
f 1125// 1118// 1123//
f 1125// 1123// 1169//
f 899// 901// 1140//
f 1140// 901// 903//
f 1170// 1143// 1171//
f 1171// 1143// 1141//
f 1171// 1141// 1172//
f 1172// 1141// 1140//
f 1172// 1140// 1168//
f 1168// 1140// 903//
f 1168// 903// 905//
f 897// 899// 1173//
f 1173// 899// 1140//
f 1173// 1140// 1153//
f 1153// 1140// 1142//
f 1153// 1142// 1151//
f 1151// 1142// 1143//
f 1151// 1143// 1149//
f 1149// 1143// 1170//
f 1156// 1161// 1154//
f 1154// 1161// 1174//
f 1154// 1174// 1157//
f 1157// 1174// 1175//
f 1157// 1175// 1176//
f 989// 988// 1080//
f 1080// 988// 1164//
f 1080// 1164// 1146//
f 1146// 1164// 1166//
f 1146// 1166// 1144//
f 1144// 1166// 1177//
f 1144// 1177// 1178//
f 1006// 983// 1081//
f 1081// 983// 1148//
f 1081// 1148// 1124//
f 1124// 1148// 1147//
f 1124// 1147// 1123//
f 1123// 1147// 1145//
f 1123// 1145// 1169//
f 1169// 1145// 1144//
f 1169// 1144// 1176//
f 1176// 1144// 1178//
f 1176// 1178// 1157//
f 894// 897// 1163//
f 1163// 897// 1173//
f 1163// 1173// 1161//
f 1161// 1173// 1153//
f 1161// 1153// 1174//
f 1174// 1153// 1152//
f 1174// 1152// 1175//
f 1175// 1152// 1150//
f 1175// 1150// 1176//
f 1176// 1150// 1149//
f 1176// 1149// 1169//
f 1169// 1149// 1170//
f 1169// 1170// 1125//
f 1125// 1170// 1171//
f 1125// 1171// 1126//
f 1126// 1171// 1172//
f 1126// 1172// 1136//
f 1136// 1172// 1168//
f 1136// 1168// 1137//
f 1137// 1168// 1167//
f 1137// 1167// 1138//
f 1138// 1167// 1113//
f 1138// 1113// 1139//
f 1139// 1113// 1112//
f 1139// 1112// 1134//
f 1134// 1112// 1110//
f 1134// 1110// 1135//
f 1135// 1110// 1108//
f 1135// 1108// 1103//
f 1103// 1108// 1107//
f 1103// 1107// 1104//
f 1104// 1107// 1093//
f 1104// 1093// 1105//
f 1105// 1093// 1092//
f 1105// 1092// 1106//
f 1106// 1092// 1097//
f 1106// 1097// 1078//
f 1078// 1097// 1089//
f 1078// 1089// 1067//
f 1067// 1089// 1066//
f 1165// 1179// 1166//
f 1166// 1179// 1180//
f 1166// 1180// 1177//
f 1177// 1180// 1181//
f 1177// 1181// 1178//
f 1178// 1181// 1182//
f 1178// 1182// 1157//
f 1157// 1182// 1183//
f 1157// 1183// 1158//
f 1158// 1183// 1184//
f 1158// 1184// 1159//
f 893// 894// 1185//
f 1185// 894// 1163//
f 1185// 1163// 1186//
f 1186// 1163// 1162//
f 1186// 1162// 1187//
f 1187// 1162// 1160//
f 1155// 1188// 1156//
f 1156// 1188// 1189//
f 1156// 1189// 1160//
f 1160// 1189// 1190//
f 1160// 1190// 1187//
f 1184// 1191// 1159//
f 1159// 1191// 1192//
f 1159// 1192// 1155//
f 1155// 1192// 1193//
f 1155// 1193// 1188//
f 1180// 1194// 1181//
f 1181// 1194// 1195//
f 1181// 1195// 1182//
f 1182// 1195// 1196//
f 1182// 1196// 1183//
f 1183// 1196// 1197//
f 1183// 1197// 1184//
f 1184// 1197// 1198//
f 1184// 1198// 1191//
f 1016// 1017// 1079//
f 1079// 1017// 1199//
f 1079// 1199// 1165//
f 1199// 1200// 1165//
f 1165// 1200// 1201//
f 1165// 1201// 1179//
f 1179// 1201// 1202//
f 1179// 1202// 1180//
f 1180// 1202// 1203//
f 1180// 1203// 1194//
f 879// 881// 1204//
f 883// 885// 1205//
f 889// 891// 1206//
f 1196// 1195// 1207//
f 997// 996// 1208//
f 984// 982// 1209//
f 1012// 1013// 1210//
f 1211// 1212// 1213//
f 1199// 1017// 1003//
f 1186// 1187// 1206//
f 1206// 1187// 1214//
f 1187// 1190// 1214//
f 1214// 1190// 1189//
f 1214// 1189// 1188//
f 1195// 1194// 1207//
f 1207// 1194// 1203//
f 1207// 1203// 1215//
f 1203// 1202// 1215//
f 1215// 1202// 1201//
f 1215// 1201// 1200//
f 1212// 1211// 1216//
f 1216// 1211// 1217//
f 1216// 1217// 1218//
f 1200// 1199// 1219//
f 1219// 1199// 1003//
f 1219// 1003// 1220//
f 1220// 1003// 1002//
f 1221// 1222// 1223//
f 1223// 1222// 1224//
f 1223// 1224// 1225//
f 1226// 1221// 1227//
f 1227// 1221// 1223//
f 1227// 1223// 1228//
f 1228// 1223// 1225//
f 1228// 1225// 1205//
f 1009// 1229// 1010//
f 1010// 1229// 1220//
f 1010// 1220// 1011//
f 1011// 1220// 1002//
f 1230// 1231// 1232//
f 1232// 1233// 1230//
f 1230// 1233// 1234//
f 1230// 1234// 1215//
f 1215// 1234// 1235//
f 1215// 1235// 1207//
f 1200// 1219// 1215//
f 1215// 1219// 1220//
f 1215// 1220// 1230//
f 1230// 1220// 1229//
f 1230// 1229// 1231//
f 1236// 1237// 1238//
f 1238// 1237// 1239//
f 1238// 1239// 1240//
f 1240// 1239// 1241//
f 1240// 1241// 1204//
f 1204// 1241// 1242//
f 1001// 1000// 1243//
f 1244// 1245// 1243//
f 1243// 1245// 1246//
f 1243// 1246// 1001//
f 1001// 1246// 1014//
f 1012// 1210// 999//
f 1247// 1248// 1244//
f 1244// 1248// 1249//
f 1244// 1249// 1245//
f 1245// 1249// 1250//
f 1245// 1250// 1251//
f 1252// 1247// 1253//
f 1253// 1247// 1244//
f 1253// 1244// 1210//
f 1210// 1244// 1243//
f 1210// 1243// 999//
f 999// 1243// 1000//
f 1254// 1255// 1256//
f 1256// 1255// 1257//
f 1256// 1257// 1258//
f 1258// 1257// 1259//
f 1258// 1259// 1260//
f 1260// 1259// 1261//
f 1260// 1261// 1262//
f 1262// 1261// 1263//
f 1262// 1263// 1264//
f 1255// 1265// 1257//
f 1257// 1265// 1266//
f 1257// 1266// 1259//
f 1259// 1266// 1267//
f 1259// 1267// 1261//
f 1261// 1267// 1268//
f 1261// 1268// 1263//
f 1269// 1270// 1271//
f 1271// 1270// 1272//
f 1273// 1274// 1275//
f 1275// 1274// 1276//
f 1275// 1276// 1209//
f 1209// 1276// 1277//
f 1209// 1277// 984//
f 984// 1277// 985//
f 1278// 1279// 1280//
f 1280// 1279// 1281//
f 1280// 1281// 1282//
f 1283// 1284// 1285//
f 1286// 1287// 1283//
f 1283// 1287// 1288//
f 1283// 1288// 1284//
f 1285// 1289// 1290//
f 1290// 1289// 1291//
f 1290// 1291// 1292//
f 981// 998// 1293//
f 1293// 998// 997//
f 997// 1208// 1293//
f 1293// 1208// 1294//
f 1293// 1294// 1295//
f 891// 893// 1206//
f 1206// 893// 1185//
f 1206// 1185// 1186//
f 1193// 1192// 1217//
f 1217// 1192// 1191//
f 1217// 1191// 1218//
f 1218// 1191// 1198//
f 1218// 1198// 1197//
f 887// 889// 1213//
f 1213// 889// 1206//
f 1213// 1206// 1211//
f 1211// 1206// 1214//
f 1211// 1214// 1217//
f 1217// 1214// 1188//
f 1217// 1188// 1193//
f 885// 887// 1205//
f 1205// 887// 1213//
f 1205// 1213// 1228//
f 1228// 1213// 1212//
f 1228// 1212// 1227//
f 1227// 1212// 1216//
f 1227// 1216// 1226//
f 1226// 1216// 1218//
f 881// 883// 1204//
f 1204// 883// 1205//
f 1204// 1205// 1240//
f 1240// 1205// 1225//
f 1240// 1225// 1238//
f 1238// 1225// 1224//
f 1238// 1224// 1236//
f 1236// 1224// 1222//
f 1009// 1014// 1229//
f 1229// 1014// 1246//
f 1229// 1246// 1231//
f 1231// 1246// 1245//
f 1231// 1245// 1232//
f 1232// 1245// 1251//
f 1232// 1251// 1264//
f 879// 1204// 877//
f 877// 1204// 1242//
f 877// 1242// 875//
f 875// 1242// 1296//
f 875// 1296// 873//
f 873// 1296// 1297//
f 873// 1297// 871//
f 1264// 1251// 1262//
f 1262// 1251// 1250//
f 1262// 1250// 1260//
f 1260// 1250// 1249//
f 1260// 1249// 1258//
f 1258// 1249// 1248//
f 1258// 1248// 1256//
f 1256// 1248// 1247//
f 1256// 1247// 1254//
f 1254// 1247// 1252//
f 1254// 1252// 1298//
f 865// 867// 1269//
f 1269// 867// 869//
f 1299// 1272// 1300//
f 1300// 1272// 1270//
f 1300// 1270// 1301//
f 1301// 1270// 1269//
f 1301// 1269// 1297//
f 1297// 1269// 869//
f 1297// 869// 871//
f 863// 865// 1302//
f 1302// 865// 1269//
f 1302// 1269// 1282//
f 1282// 1269// 1271//
f 1282// 1271// 1280//
f 1280// 1271// 1272//
f 1280// 1272// 1278//
f 1278// 1272// 1299//
f 1285// 1290// 1283//
f 1283// 1290// 1303//
f 1283// 1303// 1286//
f 1286// 1303// 1304//
f 1286// 1304// 1305//
f 982// 981// 1209//
f 1209// 981// 1293//
f 1209// 1293// 1275//
f 1275// 1293// 1295//
f 1275// 1295// 1273//
f 1273// 1295// 1306//
f 1273// 1306// 1307//
f 1013// 985// 1210//
f 1210// 985// 1277//
f 1210// 1277// 1253//
f 1253// 1277// 1276//
f 1253// 1276// 1252//
f 1252// 1276// 1274//
f 1252// 1274// 1298//
f 1298// 1274// 1273//
f 1298// 1273// 1305//
f 1305// 1273// 1307//
f 1305// 1307// 1286//
f 860// 863// 1292//
f 1292// 863// 1302//
f 1292// 1302// 1290//
f 1290// 1302// 1282//
f 1290// 1282// 1303//
f 1303// 1282// 1281//
f 1303// 1281// 1304//
f 1304// 1281// 1279//
f 1304// 1279// 1305//
f 1305// 1279// 1278//
f 1305// 1278// 1298//
f 1298// 1278// 1299//
f 1298// 1299// 1254//
f 1254// 1299// 1300//
f 1254// 1300// 1255//
f 1255// 1300// 1301//
f 1255// 1301// 1265//
f 1265// 1301// 1297//
f 1265// 1297// 1266//
f 1266// 1297// 1296//
f 1266// 1296// 1267//
f 1267// 1296// 1242//
f 1267// 1242// 1268//
f 1268// 1242// 1241//
f 1268// 1241// 1263//
f 1263// 1241// 1239//
f 1263// 1239// 1264//
f 1264// 1239// 1237//
f 1264// 1237// 1232//
f 1232// 1237// 1236//
f 1232// 1236// 1233//
f 1233// 1236// 1222//
f 1233// 1222// 1234//
f 1234// 1222// 1221//
f 1234// 1221// 1235//
f 1235// 1221// 1226//
f 1235// 1226// 1207//
f 1207// 1226// 1218//
f 1207// 1218// 1196//
f 1196// 1218// 1197//
f 1294// 1308// 1295//
f 1295// 1308// 1309//
f 1295// 1309// 1306//
f 1306// 1309// 1310//
f 1306// 1310// 1307//
f 1307// 1310// 1311//
f 1307// 1311// 1286//
f 1286// 1311// 1312//
f 1286// 1312// 1287//
f 1287// 1312// 1313//
f 1287// 1313// 1288//
f 858// 860// 1292//
f 858// 1292// 962//
f 962// 1292// 1291//
f 962// 1291// 963//
f 963// 1291// 1289//
f 963// 1289// 964//
f 964// 1289// 1285//
f 964// 1285// 939//
f 939// 1285// 1284//
f 939// 1284// 940//
f 940// 1284// 1288//
f 940// 1288// 932//
f 932// 1288// 1313//
f 932// 1313// 933//
f 933// 1313// 1312//
f 933// 1312// 952//
f 996// 979// 1208//
f 1208// 979// 978//
f 1208// 978// 1294//
f 1294// 978// 977//
f 1294// 977// 1308//
f 1308// 977// 976//
f 1308// 976// 1309//
f 1309// 976// 953//
f 1309// 953// 1310//
f 1310// 953// 952//
f 1310// 952// 1311//
f 1311// 952// 1312//
f 929// 926// 1314//
f 929// 1314// 937//
f 937// 1314// 1315//
f 937// 1315// 938//
f 938// 1315// 1316//
f 938// 1316// 945//
f 945// 1316// 1317//
f 945// 1317// 946//
f 946// 1317// 1318//
f 946// 1318// 947//
f 947// 1318// 1319//
f 947// 1319// 935//
f 935// 1319// 1320//
f 935// 1320// 936//
f 936// 1320// 1321//
f 936// 1321// 943//
f 1321// 1322// 943//
f 943// 1322// 1323//
f 943// 1323// 944//
f 944// 1323// 1324//
f 944// 1324// 969//
f 969// 1324// 1325//
f 969// 1325// 970//
f 970// 1325// 1326//
f 970// 1326// 971//
f 971// 1326// 1327//
f 971// 1327// 972//
f 972// 1327// 1038//
f 904// 902// 1328//
f 900// 898// 1329//
f 1329// 898// 896//
f 1039// 1038// 1327//
f 1051// 1019// 1330//
f 1043// 1047// 1331//
f 1332// 1333// 1334//
f 1335// 1055// 1050//
f 1336// 1337// 1338//
f 1338// 1337// 1339//
f 1340// 1341// 1339//
f 1339// 1341// 1342//
f 1339// 1342// 1338//
f 1343// 1344// 1345//
f 1345// 1344// 1346//
f 1345// 1346// 1347//
f 1347// 1346// 1348//
f 1347// 1348// 1349//
f 1350// 1340// 1351//
f 1351// 1340// 1339//
f 1351// 1339// 1352//
f 1352// 1339// 1337//
f 1352// 1337// 1332//
f 1349// 1335// 1353//
f 1353// 1335// 1050//
f 1353// 1050// 1354//
f 1354// 1050// 1049//
f 1329// 1355// 1356//
f 1356// 1355// 1334//
f 1356// 1334// 1357//
f 1357// 1334// 1333//
f 1357// 1333// 1358//
f 1023// 1359// 1046//
f 1046// 1359// 1354//
f 1046// 1354// 1048//
f 1048// 1354// 1049//
f 1360// 1361// 1362//
f 1362// 1363// 1360//
f 1360// 1363// 1364//
f 1360// 1364// 1347//
f 1347// 1364// 1365//
f 1347// 1365// 1345//
f 1349// 1353// 1347//
f 1347// 1353// 1354//
f 1347// 1354// 1360//
f 1360// 1354// 1359//
f 1360// 1359// 1361//
f 1366// 1367// 1368//
f 1368// 1367// 1369//
f 1368// 1369// 1370//
f 1370// 1369// 1371//
f 1370// 1371// 1372//
f 1372// 1371// 1373//
f 1021// 1041// 1374//
f 1375// 1376// 1374//
f 1374// 1376// 1377//
f 1374// 1377// 1021//
f 1021// 1377// 1022//
f 1043// 1331// 1042//
f 1378// 1379// 1375//
f 1375// 1379// 1380//
f 1375// 1380// 1376//
f 1376// 1380// 1381//
f 1376// 1381// 1382//
f 1383// 1378// 1384//
f 1384// 1378// 1375//
f 1384// 1375// 1331//
f 1331// 1375// 1374//
f 1331// 1374// 1042//
f 1042// 1374// 1041//
f 1385// 1386// 1387//
f 1387// 1386// 1388//
f 1387// 1388// 1389//
f 1389// 1388// 1390//
f 1389// 1390// 1391//
f 1391// 1390// 1392//
f 1391// 1392// 1393//
f 1393// 1392// 1394//
f 1393// 1394// 1395//
f 1386// 1396// 1388//
f 1388// 1396// 1397//
f 1388// 1397// 1390//
f 1390// 1397// 1398//
f 1390// 1398// 1392//
f 1392// 1398// 1399//
f 1392// 1399// 1394//
f 1400// 1401// 1402//
f 1402// 1401// 1403//
f 1402// 1403// 1404//
f 1404// 1403// 1405//
f 1406// 1407// 1408//
f 1404// 1409// 1402//
f 1402// 1409// 1410//
f 1402// 1410// 1400//
f 1411// 1412// 1413//
f 1413// 1412// 1414//
f 1413// 1414// 1330//
f 1330// 1414// 1415//
f 1330// 1415// 1051//
f 1051// 1415// 1044//
f 1416// 1417// 1406//
f 1405// 1418// 1404//
f 1404// 1418// 1416//
f 1404// 1416// 1409//
f 1409// 1416// 1406//
f 1409// 1406// 1410//
f 1410// 1406// 1408//
f 1410// 1408// 1400//
f 1419// 1318// 1317//
f 1420// 1421// 1419//
f 1419// 1421// 1319//
f 1419// 1319// 1318//
f 1317// 1316// 1422//
f 1422// 1316// 1315//
f 1422// 1315// 1314//
f 1018// 1040// 1423//
f 1423// 1040// 1039//
f 1039// 1327// 1423//
f 1423// 1327// 1326//
f 1423// 1326// 1424//
f 895// 1425// 1350//
f 1350// 1425// 1426//
f 1350// 1426// 1340//
f 1340// 1426// 1427//
f 1340// 1427// 1341//
f 1332// 1334// 1352//
f 1352// 1334// 1355//
f 1352// 1355// 1351//
f 1351// 1355// 1329//
f 1351// 1329// 1350//
f 1350// 1329// 896//
f 1350// 896// 895//
f 1358// 1428// 1357//
f 1357// 1428// 1429//
f 1357// 1429// 1356//
f 1356// 1429// 1328//
f 1356// 1328// 1329//
f 1329// 1328// 902//
f 1329// 902// 900//
f 906// 904// 1372//
f 1372// 904// 1328//
f 1372// 1328// 1370//
f 1370// 1328// 1429//
f 1370// 1429// 1368//
f 1368// 1429// 1428//
f 1368// 1428// 1366//
f 1366// 1428// 1358//
f 1023// 1022// 1359//
f 1359// 1022// 1377//
f 1359// 1377// 1361//
f 1361// 1377// 1376//
f 1361// 1376// 1362//
f 1362// 1376// 1382//
f 1362// 1382// 1395//
f 906// 1372// 908//
f 908// 1372// 1373//
f 908// 1373// 910//
f 910// 1373// 1430//
f 910// 1430// 912//
f 1395// 1382// 1393//
f 1393// 1382// 1381//
f 1393// 1381// 1391//
f 1391// 1381// 1380//
f 1391// 1380// 1389//
f 1389// 1380// 1379//
f 1389// 1379// 1387//
f 1387// 1379// 1378//
f 1387// 1378// 1385//
f 1385// 1378// 1383//
f 1385// 1383// 1431//
f 924// 922// 1417//
f 1417// 922// 920//
f 1417// 920// 1406//
f 1406// 920// 918//
f 1406// 918// 1407//
f 1407// 918// 916//
f 1407// 916// 1430//
f 1430// 916// 914//
f 1430// 914// 912//
f 1317// 1422// 1419//
f 1419// 1422// 1432//
f 1419// 1432// 1420//
f 1420// 1432// 1433//
f 1420// 1433// 1434//
f 1019// 1018// 1330//
f 1330// 1018// 1423//
f 1330// 1423// 1413//
f 1413// 1423// 1424//
f 1413// 1424// 1411//
f 1411// 1424// 1435//
f 1411// 1435// 1436//
f 1047// 1044// 1331//
f 1331// 1044// 1415//
f 1331// 1415// 1384//
f 1384// 1415// 1414//
f 1384// 1414// 1383//
f 1383// 1414// 1412//
f 1383// 1412// 1431//
f 1431// 1412// 1411//
f 1431// 1411// 1434//
f 1434// 1411// 1436//
f 1434// 1436// 1420//
f 926// 924// 1314//
f 1314// 924// 1417//
f 1314// 1417// 1422//
f 1422// 1417// 1416//
f 1422// 1416// 1432//
f 1432// 1416// 1418//
f 1432// 1418// 1433//
f 1433// 1418// 1405//
f 1433// 1405// 1434//
f 1434// 1405// 1403//
f 1434// 1403// 1431//
f 1431// 1403// 1401//
f 1431// 1401// 1385//
f 1385// 1401// 1400//
f 1385// 1400// 1386//
f 1386// 1400// 1408//
f 1386// 1408// 1396//
f 1396// 1408// 1407//
f 1396// 1407// 1397//
f 1397// 1407// 1430//
f 1397// 1430// 1398//
f 1398// 1430// 1373//
f 1398// 1373// 1399//
f 1399// 1373// 1371//
f 1399// 1371// 1394//
f 1394// 1371// 1369//
f 1394// 1369// 1395//
f 1395// 1369// 1367//
f 1395// 1367// 1362//
f 1362// 1367// 1366//
f 1362// 1366// 1363//
f 1363// 1366// 1358//
f 1363// 1358// 1364//
f 1364// 1358// 1333//
f 1364// 1333// 1365//
f 1365// 1333// 1332//
f 1365// 1332// 1345//
f 1345// 1332// 1337//
f 1345// 1337// 1343//
f 1343// 1337// 1336//
f 1326// 1325// 1424//
f 1424// 1325// 1324//
f 1424// 1324// 1435//
f 1435// 1324// 1323//
f 1435// 1323// 1436//
f 1436// 1323// 1322//
f 1436// 1322// 1420//
f 1420// 1322// 1321//
f 1420// 1321// 1421//
f 1421// 1321// 1320//
f 1421// 1320// 1319//
f 1437// 1438// 1346//
f 895// 892// 1425//
f 1425// 892// 1439//
f 1425// 1439// 1426//
f 1426// 1439// 1440//
f 1426// 1440// 1427//
f 1427// 1440// 1441//
f 1427// 1441// 1341//
f 1341// 1441// 1442//
f 1341// 1442// 1342//
f 1342// 1442// 1443//
f 1342// 1443// 1338//
f 1338// 1443// 1444//
f 1338// 1444// 1336//
f 1336// 1444// 1445//
f 1336// 1445// 1343//
f 1343// 1445// 1437//
f 1343// 1437// 1344//
f 1344// 1437// 1346//
f 1054// 1055// 1446//
f 1446// 1055// 1335//
f 1446// 1335// 1447//
f 1447// 1335// 1349//
f 1447// 1349// 1448//
f 1448// 1349// 1348//
f 1448// 1348// 1449//
f 1449// 1348// 1346//
f 1449// 1346// 1450//
f 1450// 1346// 1438//
f 870// 868// 1451//
f 866// 864// 1452//
f 1452// 864// 862//
f 1053// 1054// 1446//
f 1052// 1029// 1453//
f 1030// 1045// 1454//
f 1455// 1456// 1457//
f 1458// 1026// 1025//
f 1459// 1460// 1461//
f 1461// 1460// 1462//
f 1463// 1464// 1462//
f 1462// 1464// 1465//
f 1462// 1465// 1461//
f 1466// 1467// 1468//
f 1468// 1467// 1469//
f 1468// 1469// 1470//
f 1470// 1469// 1471//
f 1470// 1471// 1472//
f 1473// 1463// 1474//
f 1474// 1463// 1462//
f 1474// 1462// 1475//
f 1475// 1462// 1460//
f 1475// 1460// 1455//
f 1472// 1458// 1476//
f 1476// 1458// 1025//
f 1476// 1025// 1477//
f 1477// 1025// 1024//
f 1452// 1478// 1479//
f 1479// 1478// 1457//
f 1479// 1457// 1480//
f 1480// 1457// 1456//
f 1480// 1456// 1481//
f 1035// 1482// 1036//
f 1036// 1482// 1477//
f 1036// 1477// 1037//
f 1037// 1477// 1024//
f 1483// 1484// 1485//
f 1485// 1486// 1483//
f 1483// 1486// 1487//
f 1483// 1487// 1470//
f 1470// 1487// 1488//
f 1470// 1488// 1468//
f 1472// 1476// 1470//
f 1470// 1476// 1477//
f 1470// 1477// 1483//
f 1483// 1477// 1482//
f 1483// 1482// 1484//
f 1489// 1490// 1491//
f 1491// 1490// 1492//
f 1491// 1492// 1493//
f 1493// 1492// 1494//
f 1493// 1494// 1495//
f 1495// 1494// 1496//
f 1033// 1032// 1497//
f 1498// 1499// 1497//
f 1497// 1499// 1500//
f 1497// 1500// 1033//
f 1033// 1500// 1034//
f 1030// 1454// 1031//
f 1501// 1502// 1498//
f 1498// 1502// 1503//
f 1498// 1503// 1499//
f 1499// 1503// 1504//
f 1499// 1504// 1505//
f 1506// 1501// 1507//
f 1507// 1501// 1498//
f 1507// 1498// 1454//
f 1454// 1498// 1497//
f 1454// 1497// 1031//
f 1031// 1497// 1032//
f 1508// 1509// 1510//
f 1510// 1509// 1511//
f 1510// 1511// 1512//
f 1512// 1511// 1513//
f 1512// 1513// 1514//
f 1514// 1513// 1515//
f 1514// 1515// 1516//
f 1516// 1515// 1517//
f 1516// 1517// 1518//
f 1509// 1519// 1511//
f 1511// 1519// 1520//
f 1511// 1520// 1513//
f 1513// 1520// 1521//
f 1513// 1521// 1515//
f 1515// 1521// 1522//
f 1515// 1522// 1517//
f 1523// 1524// 1525//
f 1525// 1524// 1526//
f 1525// 1526// 1527//
f 1527// 1526// 1528//
f 1529// 1530// 1531//
f 1527// 1532// 1525//
f 1525// 1532// 1533//
f 1525// 1533// 1523//
f 1534// 1535// 1536//
f 1536// 1535// 1537//
f 1536// 1537// 1453//
f 1453// 1537// 1538//
f 1453// 1538// 1052//
f 1052// 1538// 1020//
f 1539// 1540// 1529//
f 1528// 1541// 1527//
f 1527// 1541// 1539//
f 1527// 1539// 1532//
f 1532// 1539// 1529//
f 1532// 1529// 1533//
f 1533// 1529// 1531//
f 1533// 1531// 1523//
f 1542// 1443// 1442//
f 1543// 1544// 1542//
f 1542// 1544// 1444//
f 1542// 1444// 1443//
f 1442// 1441// 1545//
f 1545// 1441// 1440//
f 1545// 1440// 1439//
f 1028// 1027// 1546//
f 1546// 1027// 1053//
f 1053// 1446// 1546//
f 1546// 1446// 1447//
f 1546// 1447// 1547//
f 861// 1548// 1473//
f 1473// 1548// 1549//
f 1473// 1549// 1463//
f 1463// 1549// 1550//
f 1463// 1550// 1464//
f 1455// 1457// 1475//
f 1475// 1457// 1478//
f 1475// 1478// 1474//
f 1474// 1478// 1452//
f 1474// 1452// 1473//
f 1473// 1452// 862//
f 1473// 862// 861//
f 1481// 1551// 1480//
f 1480// 1551// 1552//
f 1480// 1552// 1479//
f 1479// 1552// 1451//
f 1479// 1451// 1452//
f 1452// 1451// 868//
f 1452// 868// 866//
f 872// 870// 1495//
f 1495// 870// 1451//
f 1495// 1451// 1493//
f 1493// 1451// 1552//
f 1493// 1552// 1491//
f 1491// 1552// 1551//
f 1491// 1551// 1489//
f 1489// 1551// 1481//
f 1035// 1034// 1482//
f 1482// 1034// 1500//
f 1482// 1500// 1484//
f 1484// 1500// 1499//
f 1484// 1499// 1485//
f 1485// 1499// 1505//
f 1485// 1505// 1518//
f 872// 1495// 874//
f 874// 1495// 1496//
f 874// 1496// 876//
f 876// 1496// 1553//
f 876// 1553// 878//
f 1518// 1505// 1516//
f 1516// 1505// 1504//
f 1516// 1504// 1514//
f 1514// 1504// 1503//
f 1514// 1503// 1512//
f 1512// 1503// 1502//
f 1512// 1502// 1510//
f 1510// 1502// 1501//
f 1510// 1501// 1508//
f 1508// 1501// 1506//
f 1508// 1506// 1554//
f 890// 888// 1540//
f 1540// 888// 886//
f 1540// 886// 1529//
f 1529// 886// 884//
f 1529// 884// 1530//
f 1530// 884// 882//
f 1530// 882// 1553//
f 1553// 882// 880//
f 1553// 880// 878//
f 1442// 1545// 1542//
f 1542// 1545// 1555//
f 1542// 1555// 1543//
f 1543// 1555// 1556//
f 1543// 1556// 1557//
f 1029// 1028// 1453//
f 1453// 1028// 1546//
f 1453// 1546// 1536//
f 1536// 1546// 1547//
f 1536// 1547// 1534//
f 1534// 1547// 1558//
f 1534// 1558// 1559//
f 1045// 1020// 1454//
f 1454// 1020// 1538//
f 1454// 1538// 1507//
f 1507// 1538// 1537//
f 1507// 1537// 1506//
f 1506// 1537// 1535//
f 1506// 1535// 1554//
f 1554// 1535// 1534//
f 1554// 1534// 1557//
f 1557// 1534// 1559//
f 1557// 1559// 1543//
f 892// 890// 1439//
f 1439// 890// 1540//
f 1439// 1540// 1545//
f 1545// 1540// 1539//
f 1545// 1539// 1555//
f 1555// 1539// 1541//
f 1555// 1541// 1556//
f 1556// 1541// 1528//
f 1556// 1528// 1557//
f 1557// 1528// 1526//
f 1557// 1526// 1554//
f 1554// 1526// 1524//
f 1554// 1524// 1508//
f 1508// 1524// 1523//
f 1508// 1523// 1509//
f 1509// 1523// 1531//
f 1509// 1531// 1519//
f 1519// 1531// 1530//
f 1519// 1530// 1520//
f 1520// 1530// 1553//
f 1520// 1553// 1521//
f 1521// 1553// 1496//
f 1521// 1496// 1522//
f 1522// 1496// 1494//
f 1522// 1494// 1517//
f 1517// 1494// 1492//
f 1517// 1492// 1518//
f 1518// 1492// 1490//
f 1518// 1490// 1485//
f 1485// 1490// 1489//
f 1485// 1489// 1486//
f 1486// 1489// 1481//
f 1486// 1481// 1487//
f 1487// 1481// 1456//
f 1487// 1456// 1488//
f 1488// 1456// 1455//
f 1488// 1455// 1468//
f 1468// 1455// 1460//
f 1468// 1460// 1466//
f 1466// 1460// 1459//
f 1447// 1448// 1547//
f 1547// 1448// 1449//
f 1547// 1449// 1558//
f 1558// 1449// 1450//
f 1558// 1450// 1559//
f 1559// 1450// 1438//
f 1559// 1438// 1543//
f 1543// 1438// 1437//
f 1543// 1437// 1544//
f 1544// 1437// 1445//
f 1544// 1445// 1444//
f 861// 859// 1548//
f 1548// 859// 966//
f 1548// 966// 1549//
f 1549// 966// 965//
f 1549// 965// 1550//
f 1550// 965// 957//
f 1550// 957// 1464//
f 1464// 957// 956//
f 1464// 956// 1465//
f 1465// 956// 942//
f 1465// 942// 1461//
f 1461// 942// 941//
f 1461// 941// 1459//
f 1459// 941// 934//
f 1459// 934// 1466//
f 1466// 934// 959//
f 1466// 959// 1467//
f 1467// 959// 1469//
f 959// 958// 1469//
f 1469// 958// 975//
f 1469// 975// 1471//
f 1471// 975// 1472//
f 1472// 975// 974//
f 1472// 974// 1458//
f 1458// 974// 973//
f 1458// 973// 1026//
usemtl 3
f 1560// 1561// 73//
f 73// 1561// 72//
f 1561// 1562// 72//
f 72// 1562// 76//
f 1562// 1563// 76//
f 76// 1563// 92//
f 1563// 1564// 92//
f 92// 1564// 91//
f 1564// 1565// 91//
f 91// 1565// 90//
f 1565// 1566// 90//
f 90// 1566// 69//
f 1566// 1567// 69//
f 69// 1567// 75//
f 1567// 1560// 75//
f 75// 1560// 73//
f 1568// 1564// 1569//
f 1569// 1564// 1563//
f 1570// 1567// 1568//
f 1568// 1567// 1566//
f 1568// 1566// 1564//
f 1564// 1566// 1565//
f 1570// 1571// 1567//
f 1567// 1571// 1572//
f 1567// 1572// 1560//
f 1560// 1572// 1573//
f 1560// 1573// 1574//
f 1574// 1575// 1560//
f 1560// 1575// 1569//
f 1560// 1569// 1561//
f 1561// 1569// 1563//
f 1561// 1563// 1562//
f 1568// 1569// 1576//
f 1576// 1569// 1577//
f 1570// 1568// 1578//
f 1578// 1568// 1576//
f 1570// 1578// 1579//
f 1570// 1579// 1571//
f 1571// 1579// 1580//
f 1571// 1580// 1572//
f 1573// 1572// 1581//
f 1581// 1572// 1580//
f 1573// 1581// 1582//
f 1573// 1582// 1574//
f 1574// 1582// 1583//
f 1574// 1583// 1575//
f 1569// 1575// 1577//
f 1577// 1575// 1583//
f 1584// 1585// 80//
f 80// 1585// 81//
f 1585// 1586// 81//
f 81// 1586// 82//
f 1586// 1587// 82//
f 82// 1587// 83//
f 1588// 94// 93//
f 1588// 93// 1589//
f 1589// 93// 86//
f 1589// 86// 1590//
f 1590// 86// 85//
f 1590// 85// 1591//
f 1591// 85// 84//
f 1591// 84// 1592//
f 1592// 84// 89//
f 1592// 89// 1593//
f 1593// 89// 88//
f 1593// 88// 1594//
f 1594// 88// 87//
f 1594// 87// 1595//
f 1595// 87// 83//
f 1595// 83// 1587//
f 1584// 80// 79//
f 1584// 79// 1596//
f 1596// 79// 78//
f 1596// 78// 1597//
f 1597// 78// 77//
f 1597// 77// 1598//
f 1598// 77// 71//
f 1598// 71// 1599//
f 1599// 71// 70//
f 1599// 70// 1600//
f 1600// 70// 95//
f 1600// 95// 1601//
f 1601// 95// 94//
f 1601// 94// 1588//
f 1590// 1591// 1602//
f 1602// 1591// 1592//
f 1602// 1592// 1603//
f 1603// 1592// 1593//
f 1603// 1593// 1604//
f 1604// 1593// 1594//
f 1604// 1594// 1605//
f 1605// 1594// 1595//
f 1605// 1595// 1606//
f 1606// 1595// 1587//
f 1606// 1587// 1607//
f 1607// 1587// 1586//
f 1607// 1586// 1608//
f 1608// 1586// 1585//
f 1608// 1585// 1609//
f 1609// 1585// 1584//
f 1609// 1584// 1610//
f 1610// 1584// 1596//
f 1610// 1596// 1611//
f 1611// 1596// 1597//
f 1611// 1597// 1612//
f 1612// 1597// 1598//
f 1612// 1598// 1613//
f 1613// 1598// 1599//
f 1613// 1599// 1614//
f 1614// 1599// 1600//
f 1614// 1600// 1615//
f 1615// 1600// 1601//
f 1615// 1601// 1616//
f 1616// 1601// 1588//
f 1616// 1588// 1617//
f 1617// 1588// 1589//
f 1617// 1589// 1618//
f 1618// 1589// 1590//
f 1618// 1590// 1602//
f 1606// 1607// 1619//
f 1619// 1607// 1620//
f 1606// 1619// 1621//
f 1606// 1621// 1605//
f 1605// 1621// 1622//
f 1605// 1622// 1604//
f 1604// 1622// 1623//
f 1604// 1623// 1603//
f 1603// 1623// 1624//
f 1603// 1624// 1602//
f 1602// 1624// 1625//
f 1602// 1625// 1618//
f 1618// 1625// 1626//
f 1618// 1626// 1617//
f 1617// 1626// 1627//
f 1617// 1627// 1616//
f 1616// 1627// 1628//
f 1616// 1628// 1615//
f 1615// 1628// 1629//
f 1615// 1629// 1614//
f 1614// 1629// 1630//
f 1614// 1630// 1613//
f 1613// 1630// 1631//
f 1613// 1631// 1612//
f 1612// 1631// 1632//
f 1612// 1632// 1611//
f 1611// 1632// 1633//
f 1611// 1633// 1610//
f 1610// 1633// 1634//
f 1610// 1634// 1609//
f 1608// 1609// 1635//
f 1635// 1609// 1634//
f 1607// 1608// 1620//
f 1620// 1608// 1635//
f 1636// 1637// 5//
f 5// 1637// 7//
f 1637// 1638// 7//
f 7// 1638// 8//
f 1638// 1639// 8//
f 8// 1639// 11//
f 1639// 1640// 11//
f 11// 1640// 26//
f 1640// 1641// 26//
f 26// 1641// 16//
f 1641// 1642// 16//
f 16// 1642// 14//
f 1642// 1643// 14//
f 14// 1643// 15//
f 1643// 1644// 15//
f 15// 1644// 17//
f 1644// 1645// 17//
f 17// 1645// 20//
f 1645// 1646// 20//
f 20// 1646// 18//
f 1646// 1647// 18//
f 18// 1647// 19//
f 1647// 1636// 19//
f 19// 1636// 5//
f 1638// 1637// 1636//
f 1636// 1647// 1638//
f 1638// 1647// 1646//
f 1638// 1646// 1639//
f 1641// 1640// 1642//
f 1642// 1640// 1639//
f 1642// 1639// 1643//
f 1643// 1639// 1646//
f 1643// 1646// 1644//
f 1644// 1646// 1645//
f 1648// 1649// 10//
f 10// 1649// 9//
f 9// 1649// 1650//
f 1651// 64// 63//
f 1651// 63// 1652//
f 1652// 63// 13//
f 1652// 13// 1650//
f 1650// 13// 12//
f 1650// 12// 9//
f 64// 1651// 22//
f 22// 1651// 1653//
f 22// 1653// 24//
f 24// 1653// 1654//
f 24// 1654// 25//
f 25// 1654// 1655//
f 25// 1655// 46//
f 46// 1655// 1656//
f 46// 1656// 47//
f 47// 1656// 1657//
f 47// 1657// 49//
f 49// 1657// 1658//
f 49// 1658// 51//
f 51// 1658// 1659//
f 51// 1659// 52//
f 1660// 57// 56//
f 1660// 56// 1661//
f 1661// 56// 55//
f 1661// 55// 1662//
f 1662// 55// 54//
f 1662// 54// 1663//
f 1663// 54// 28//
f 1663// 28// 1664//
f 1664// 28// 27//
f 1664// 27// 1665//
f 1665// 27// 53//
f 1665// 53// 1666//
f 1666// 53// 52//
f 1666// 52// 1659//
f 1667// 59// 58//
f 1667// 58// 1668//
f 1668// 58// 57//
f 1668// 57// 1660//
f 1667// 1669// 59//
f 59// 1669// 60//
f 1670// 62// 61//
f 1670// 61// 1671//
f 1671// 61// 60//
f 1671// 60// 1669//
f 1672// 35// 45//
f 1672// 45// 1673//
f 1673// 45// 44//
f 1673// 44// 1674//
f 1674// 44// 34//
f 1674// 34// 1675//
f 1675// 34// 33//
f 1675// 33// 1676//
f 1676// 33// 31//
f 1676// 31// 1677//
f 1677// 31// 30//
f 1677// 30// 1678//
f 1678// 30// 62//
f 1678// 62// 1670//
f 1679// 39// 38//
f 1679// 38// 1680//
f 1680// 38// 40//
f 1680// 40// 1681//
f 1681// 40// 41//
f 1681// 41// 1682//
f 1682// 41// 42//
f 1682// 42// 1683//
f 1683// 42// 37//
f 1683// 37// 1684//
f 1684// 37// 36//
f 1684// 36// 1685//
f 1685// 36// 35//
f 1685// 35// 1672//
f 1648// 10// 32//
f 1648// 32// 1686//
f 1686// 32// 43//
f 1686// 43// 1687//
f 1687// 43// 39//
f 1687// 39// 1679//
f 1680// 1651// 1679//
f 1679// 1651// 1652//
f 1679// 1652// 1687//
f 1687// 1652// 1650//
f 1687// 1650// 1686//
f 1686// 1650// 1649//
f 1686// 1649// 1648//
f 1669// 1667// 1671//
f 1671// 1667// 1668//
f 1671// 1668// 1670//
f 1670// 1668// 1660//
f 1670// 1660// 1678//
f 1678// 1660// 1661//
f 1678// 1661// 1677//
f 1677// 1661// 1662//
f 1677// 1662// 1676//
f 1676// 1662// 1663//
f 1676// 1663// 1675//
f 1675// 1663// 1664//
f 1675// 1664// 1674//
f 1674// 1664// 1665//
f 1674// 1665// 1673//
f 1673// 1665// 1666//
f 1673// 1666// 1672//
f 1672// 1666// 1659//
f 1672// 1659// 1685//
f 1685// 1659// 1658//
f 1685// 1658// 1684//
f 1684// 1658// 1657//
f 1684// 1657// 1683//
f 1683// 1657// 1656//
f 1683// 1656// 1682//
f 1682// 1656// 1655//
f 1682// 1655// 1681//
f 1681// 1655// 1654//
f 1681// 1654// 1680//
f 1680// 1654// 1653//
f 1680// 1653// 1651//
f 1688// 1689// 48//
f 48// 1689// 23//
f 1689// 1690// 23//
f 23// 1690// 21//
f 1690// 1691// 21//
f 21// 1691// 65//
f 1691// 1692// 65//
f 65// 1692// 29//
f 1692// 1693// 29//
f 29// 1693// 50//
f 1693// 1688// 50//
f 50// 1688// 48//
f 1692// 1691// 1693//
f 1693// 1691// 1690//
f 1693// 1690// 1688//
f 1688// 1690// 1689//
usemtl 1
f 1576// 1577// 1578//
f 1578// 1577// 1583//
f 1578// 1583// 1579//
f 1579// 1583// 1582//
f 1579// 1582// 1580//
f 1580// 1582// 1581//
f 1620// 1635// 1619//
f 1619// 1635// 1634//
f 1619// 1634// 1633//
f 1627// 1626// 1619//
f 1619// 1626// 1625//
f 1619// 1625// 1621//
f 1633// 1632// 1619//
f 1619// 1632// 1631//
f 1619// 1631// 1630//
f 1630// 1629// 1619//
f 1619// 1629// 1628//
f 1619// 1628// 1627//
f 1624// 1623// 1625//
f 1625// 1623// 1622//
f 1625// 1622// 1621//
